model,case_id,domain,endpoint,bug_type,family,test_kind,oracle_violation,predicted_violation,oracle_primary_dimension,predicted_primary_dimension,parse_ok,decision_correct,dimension_correct,strict_correct,elapsed_sec,oracle_risk
deepseek-coder:6.7b,business_licensing::GET__licenses_export::missing_audit_log::test_08_aggregation_boundary,business_licensing,GET /licenses/export,missing_audit_log,auditability,aggregation_boundary,1,0,audit_obligation,none,1,0,0,0,4.515,3.0
deepseek-coder:6.7b,citizen_services::GET__citizens_id::aggregation_leak::test_08_aggregation_boundary,citizen_services,GET /citizens/{id},aggregation_leak,property_auth,aggregation_boundary,1,1,aggregation_boundary,authentication,1,1,0,0,2.138,11.0
deepseek-coder:6.7b,citizen_services::GET__citizens_id::deprecated_exposed::test_09_deprecated_inventory,citizen_services,GET /citizens/{id},deprecated_exposed,inventory,deprecated_inventory,1,1,endpoint_inventory,object_scope,1,1,0,0,1.473,15.0
deepseek-coder:6.7b,citizen_services::GET__citizens_id::missing_field_filter::test_07_sensitive_field_probe,citizen_services,GET /citizens/{id},missing_field_filter,property_auth,sensitive_field_probe,1,1,field_minimization,authentication,1,1,0,0,1.233,11.0
deepseek-coder:6.7b,education::GET__classes_id_roster::missing_auth::test_06_unauthenticated,education,GET /classes/{id}/roster,missing_auth,function_auth,unauthenticated,1,1,authentication,authentication,1,1,1,1,2.299,59.0
deepseek-coder:6.7b,business_licensing::GET__inspections_id::aggregation_leak::test_08_aggregation_boundary,business_licensing,GET /inspections/{id},aggregation_leak,property_auth,aggregation_boundary,1,1,aggregation_boundary,authentication,1,1,0,0,4.684,6.0
deepseek-coder:6.7b,business_licensing::GET__inspections_id::deprecated_exposed::test_09_deprecated_inventory,business_licensing,GET /inspections/{id},deprecated_exposed,inventory,deprecated_inventory,1,1,endpoint_inventory,authentication,1,1,0,0,1.712,10.0
deepseek-coder:6.7b,business_licensing::GET__inspections_id::jurisdiction_bypass::test_03_wrong_jurisdiction,business_licensing,GET /inspections/{id},jurisdiction_bypass,object_auth,wrong_jurisdiction,1,1,jurisdiction_scope,authentication,1,1,0,0,2.38,37.0
deepseek-coder:6.7b,business_licensing::GET__inspections_id::missing_auth::test_06_unauthenticated,business_licensing,GET /inspections/{id},missing_auth,function_auth,unauthenticated,1,1,authentication,authentication,1,1,1,1,2.459,43.0
deepseek-coder:6.7b,business_licensing::GET__inspections_id::missing_object_check::test_03_wrong_jurisdiction,business_licensing,GET /inspections/{id},missing_object_check,object_auth,wrong_jurisdiction,1,1,object_scope,authentication,1,1,0,0,1.093,37.0
deepseek-coder:6.7b,business_licensing::GET__inspections_id::overbroad_role::test_02_wrong_role,business_licensing,GET /inspections/{id},overbroad_role,function_auth,wrong_role,1,1,function_authorization,authentication,1,1,0,0,3.05,43.0
deepseek-coder:6.7b,business_licensing::GET__inspections_id::purpose_bypass::test_04_wrong_purpose,business_licensing,GET /inspections/{id},purpose_bypass,purpose_scope,wrong_purpose,1,1,purpose_scope,function_authorization,1,1,0,0,2.427,37.0
deepseek-coder:6.7b,business_licensing::GET__licenses_export::aggregation_leak::test_08_aggregation_boundary,business_licensing,GET /licenses/export,aggregation_leak,property_auth,aggregation_boundary,1,1,aggregation_boundary,authentication,1,1,0,0,3.057,4.0
deepseek-coder:6.7b,business_licensing::GET__licenses_export::deprecated_exposed::test_09_deprecated_inventory,business_licensing,GET /licenses/export,deprecated_exposed,inventory,deprecated_inventory,1,1,endpoint_inventory,object_scope,1,1,0,0,3.054,8.0
deepseek-coder:6.7b,business_licensing::GET__licenses_export::jurisdiction_bypass::test_03_wrong_jurisdiction,business_licensing,GET /licenses/export,jurisdiction_bypass,object_auth,wrong_jurisdiction,1,0,jurisdiction_scope,none,1,0,0,0,2.12,40.0
deepseek-coder:6.7b,business_licensing::GET__licenses_export::missing_auth::test_06_unauthenticated,business_licensing,GET /licenses/export,missing_auth,function_auth,unauthenticated,1,1,authentication,authentication,1,1,1,1,2.013,44.0
deepseek-coder:6.7b,business_licensing::GET__licenses_export::missing_auth::test_07_sensitive_field_probe,business_licensing,GET /licenses/export,missing_auth,function_auth,sensitive_field_probe,0,0,none,none,1,1,1,1,1.453,0.0
deepseek-coder:6.7b,business_licensing::GET__licenses_export::missing_field_filter::test_05_self_access,business_licensing,GET /licenses/export,missing_field_filter,property_auth,self_access,1,1,field_minimization,object_scope,1,1,0,0,2.199,6.0
deepseek-coder:6.7b,business_licensing::GET__licenses_export::missing_object_check::test_03_wrong_jurisdiction,business_licensing,GET /licenses/export,missing_object_check,object_auth,wrong_jurisdiction,1,0,object_scope,none,1,0,0,0,0.79,40.0
deepseek-coder:6.7b,business_licensing::GET__licenses_export::overbroad_role::test_02_wrong_role,business_licensing,GET /licenses/export,overbroad_role,function_auth,wrong_role,1,1,function_authorization,function_authorization,1,1,1,1,2.775,44.0
deepseek-coder:6.7b,business_licensing::GET__licenses_export::purpose_bypass::test_04_wrong_purpose,business_licensing,GET /licenses/export,purpose_bypass,purpose_scope,wrong_purpose,1,1,purpose_scope,authentication,1,1,0,0,2.228,40.0
deepseek-coder:6.7b,business_licensing::GET__licenses_id::aggregation_leak::test_08_aggregation_boundary,business_licensing,GET /licenses/{id},aggregation_leak,property_auth,aggregation_boundary,1,1,aggregation_boundary,authentication,1,1,0,0,2.917,4.0
deepseek-coder:6.7b,business_licensing::GET__licenses_id::correct::test_06_unauthenticated,business_licensing,GET /licenses/{id},correct,clean,unauthenticated,0,1,none,authentication,1,0,0,0,2.273,0.0
deepseek-coder:6.7b,business_licensing::GET__licenses_id::deprecated_exposed::test_09_deprecated_inventory,business_licensing,GET /licenses/{id},deprecated_exposed,inventory,deprecated_inventory,1,1,endpoint_inventory,authentication,1,1,0,0,1.887,8.0
deepseek-coder:6.7b,business_licensing::GET__licenses_id::jurisdiction_bypass::test_03_wrong_jurisdiction,business_licensing,GET /licenses/{id},jurisdiction_bypass,object_auth,wrong_jurisdiction,1,1,jurisdiction_scope,authentication,1,1,0,0,2.194,38.0
deepseek-coder:6.7b,business_licensing::GET__licenses_id::missing_audit_log::test_06_unauthenticated,business_licensing,GET /licenses/{id},missing_audit_log,auditability,unauthenticated,1,1,audit_obligation,authentication,1,1,0,0,1.795,3.0
deepseek-coder:6.7b,business_licensing::GET__licenses_id::missing_auth::test_06_unauthenticated,business_licensing,GET /licenses/{id},missing_auth,function_auth,unauthenticated,1,1,authentication,authentication,1,1,1,1,2.201,42.0
deepseek-coder:6.7b,business_licensing::GET__licenses_id::missing_object_check::test_03_wrong_jurisdiction,business_licensing,GET /licenses/{id},missing_object_check,object_auth,wrong_jurisdiction,1,1,object_scope,authentication,1,1,0,0,1.075,38.0
deepseek-coder:6.7b,business_licensing::GET__licenses_id::overbroad_role::test_02_wrong_role,business_licensing,GET /licenses/{id},overbroad_role,function_auth,wrong_role,1,1,function_authorization,object_scope,1,1,0,0,4.064,42.0
deepseek-coder:6.7b,business_licensing::GET__licenses_id::purpose_bypass::test_04_wrong_purpose,business_licensing,GET /licenses/{id},purpose_bypass,purpose_scope,wrong_purpose,1,1,purpose_scope,object_scope,1,1,0,0,2.465,38.0
deepseek-coder:6.7b,citizen_services::GET__benefits_id::aggregation_leak::test_02_wrong_role,citizen_services,GET /benefits/{id},aggregation_leak,property_auth,wrong_role,0,1,none,object_scope,1,0,0,0,2.415,0.0
deepseek-coder:6.7b,citizen_services::GET__benefits_id::aggregation_leak::test_08_aggregation_boundary,citizen_services,GET /benefits/{id},aggregation_leak,property_auth,aggregation_boundary,1,1,aggregation_boundary,authentication,1,1,0,0,2.098,9.0
deepseek-coder:6.7b,citizen_services::GET__benefits_id::correct::test_09_deprecated_inventory,citizen_services,GET /benefits/{id},correct,clean,deprecated_inventory,0,1,none,object_scope,1,0,0,0,2.194,0.0
deepseek-coder:6.7b,citizen_services::GET__benefits_id::deprecated_exposed::test_09_deprecated_inventory,citizen_services,GET /benefits/{id},deprecated_exposed,inventory,deprecated_inventory,1,1,endpoint_inventory,authentication,1,1,0,0,1.991,13.0
deepseek-coder:6.7b,citizen_services::GET__benefits_id::jurisdiction_bypass::test_03_wrong_jurisdiction,citizen_services,GET /benefits/{id},jurisdiction_bypass,object_auth,wrong_jurisdiction,1,1,jurisdiction_scope,object_scope,1,1,0,0,2.54,48.0
deepseek-coder:6.7b,citizen_services::GET__benefits_id::missing_audit_log::test_09_deprecated_inventory,citizen_services,GET /benefits/{id},missing_audit_log,auditability,deprecated_inventory,1,0,audit_obligation,none,1,0,0,0,1.713,3.0
deepseek-coder:6.7b,citizen_services::GET__benefits_id::missing_auth::test_06_unauthenticated,citizen_services,GET /benefits/{id},missing_auth,function_auth,unauthenticated,1,1,authentication,authentication,1,1,1,1,2.289,57.0
deepseek-coder:6.7b,citizen_services::GET__benefits_id::missing_field_filter::test_07_sensitive_field_probe,citizen_services,GET /benefits/{id},missing_field_filter,property_auth,sensitive_field_probe,1,1,field_minimization,authentication,1,1,0,0,1.612,9.0
deepseek-coder:6.7b,citizen_services::GET__benefits_id::missing_field_filter::test_09_deprecated_inventory,citizen_services,GET /benefits/{id},missing_field_filter,property_auth,deprecated_inventory,1,1,field_minimization,authentication,1,1,0,0,0.903,9.0
deepseek-coder:6.7b,citizen_services::GET__benefits_id::missing_object_check::test_03_wrong_jurisdiction,citizen_services,GET /benefits/{id},missing_object_check,object_auth,wrong_jurisdiction,1,1,object_scope,object_scope,1,1,1,1,1.785,48.0
deepseek-coder:6.7b,citizen_services::GET__benefits_id::overbroad_role::test_02_wrong_role,citizen_services,GET /benefits/{id},overbroad_role,function_auth,wrong_role,1,1,function_authorization,object_scope,1,1,0,0,2.096,57.0
deepseek-coder:6.7b,citizen_services::GET__benefits_id::purpose_bypass::test_04_wrong_purpose,citizen_services,GET /benefits/{id},purpose_bypass,purpose_scope,wrong_purpose,1,1,purpose_scope,object_scope,1,1,0,0,2.195,48.0
deepseek-coder:6.7b,citizen_services::GET__citizens_export::aggregation_leak::test_08_aggregation_boundary,citizen_services,GET /citizens/export,aggregation_leak,property_auth,aggregation_boundary,1,1,aggregation_boundary,authentication,1,1,0,0,2.851,11.0
deepseek-coder:6.7b,citizen_services::GET__citizens_export::deprecated_exposed::test_09_deprecated_inventory,citizen_services,GET /citizens/export,deprecated_exposed,inventory,deprecated_inventory,1,1,endpoint_inventory,object_scope,1,1,0,0,2.055,15.0
deepseek-coder:6.7b,citizen_services::GET__citizens_export::jurisdiction_bypass::test_03_wrong_jurisdiction,citizen_services,GET /citizens/export,jurisdiction_bypass,object_auth,wrong_jurisdiction,1,1,jurisdiction_scope,object_scope,1,1,0,0,2.479,48.0
deepseek-coder:6.7b,citizen_services::GET__citizens_export::missing_audit_log::test_09_deprecated_inventory,citizen_services,GET /citizens/export,missing_audit_log,auditability,deprecated_inventory,1,0,audit_obligation,none,1,0,0,0,1.367,3.0
deepseek-coder:6.7b,citizen_services::GET__citizens_export::missing_auth::test_06_unauthenticated,citizen_services,GET /citizens/export,missing_auth,function_auth,unauthenticated,1,1,authentication,authentication,1,1,1,1,2.421,59.0
deepseek-coder:6.7b,citizen_services::GET__citizens_export::missing_field_filter::test_05_self_access,citizen_services,GET /citizens/export,missing_field_filter,property_auth,self_access,1,1,field_minimization,authentication,1,1,0,0,2.126,11.0
deepseek-coder:6.7b,citizen_services::GET__citizens_export::missing_field_filter::test_08_aggregation_boundary,citizen_services,GET /citizens/export,missing_field_filter,property_auth,aggregation_boundary,1,1,field_minimization,authentication,1,1,0,0,1.837,11.0
deepseek-coder:6.7b,citizen_services::GET__citizens_export::missing_object_check::test_03_wrong_jurisdiction,citizen_services,GET /citizens/export,missing_object_check,object_auth,wrong_jurisdiction,1,1,object_scope,object_scope,1,1,1,1,2.292,48.0
deepseek-coder:6.7b,citizen_services::GET__citizens_export::missing_object_check::test_05_self_access,citizen_services,GET /citizens/export,missing_object_check,object_auth,self_access,0,1,none,object_scope,1,0,0,0,1.734,0.0
deepseek-coder:6.7b,citizen_services::GET__citizens_export::overbroad_role::test_02_wrong_role,citizen_services,GET /citizens/export,overbroad_role,function_auth,wrong_role,1,1,function_authorization,object_scope,1,1,0,0,2.335,59.0
deepseek-coder:6.7b,citizen_services::GET__citizens_export::purpose_bypass::test_04_wrong_purpose,citizen_services,GET /citizens/export,purpose_bypass,purpose_scope,wrong_purpose,1,1,purpose_scope,object_scope,1,1,0,0,2.052,48.0
deepseek-coder:6.7b,citizen_services::GET__citizens_id::jurisdiction_bypass::test_03_wrong_jurisdiction,citizen_services,GET /citizens/{id},jurisdiction_bypass,object_auth,wrong_jurisdiction,1,1,jurisdiction_scope,object_scope,1,1,0,0,4.158,47.0
deepseek-coder:6.7b,citizen_services::GET__citizens_id::missing_auth::test_06_unauthenticated,citizen_services,GET /citizens/{id},missing_auth,function_auth,unauthenticated,1,1,authentication,authentication,1,1,1,1,2.496,58.0
deepseek-coder:6.7b,citizen_services::GET__citizens_id::missing_field_filter::test_09_deprecated_inventory,citizen_services,GET /citizens/{id},missing_field_filter,property_auth,deprecated_inventory,1,1,field_minimization,authentication,1,1,0,0,1.786,11.0
deepseek-coder:6.7b,citizen_services::GET__citizens_id::missing_object_check::test_03_wrong_jurisdiction,citizen_services,GET /citizens/{id},missing_object_check,object_auth,wrong_jurisdiction,1,1,object_scope,object_scope,1,1,1,1,3.44,47.0
deepseek-coder:6.7b,citizen_services::GET__citizens_id::overbroad_role::test_02_wrong_role,citizen_services,GET /citizens/{id},overbroad_role,function_auth,wrong_role,1,1,function_authorization,object_scope,1,1,0,0,2.551,58.0
deepseek-coder:6.7b,citizen_services::GET__citizens_id::purpose_bypass::test_04_wrong_purpose,citizen_services,GET /citizens/{id},purpose_bypass,purpose_scope,wrong_purpose,1,1,purpose_scope,authentication,1,1,0,0,1.789,47.0
deepseek-coder:6.7b,citizen_services::GET__citizens_id::purpose_bypass::test_06_unauthenticated,citizen_services,GET /citizens/{id},purpose_bypass,purpose_scope,unauthenticated,0,1,none,authentication,1,0,0,0,1.87,0.0
deepseek-coder:6.7b,education::GET__classes_id_roster::aggregation_leak::test_03_wrong_jurisdiction,education,GET /classes/{id}/roster,aggregation_leak,property_auth,wrong_jurisdiction,0,1,none,authentication,1,0,0,0,2.534,0.0
deepseek-coder:6.7b,education::GET__classes_id_roster::aggregation_leak::test_08_aggregation_boundary,education,GET /classes/{id}/roster,aggregation_leak,property_auth,aggregation_boundary,1,1,aggregation_boundary,authentication,1,1,0,0,1.916,17.0
deepseek-coder:6.7b,education::GET__classes_id_roster::deprecated_exposed::test_09_deprecated_inventory,education,GET /classes/{id}/roster,deprecated_exposed,inventory,deprecated_inventory,1,1,endpoint_inventory,authentication,1,1,0,0,1.763,21.0
deepseek-coder:6.7b,education::GET__classes_id_roster::jurisdiction_bypass::test_03_wrong_jurisdiction,education,GET /classes/{id}/roster,jurisdiction_bypass,object_auth,wrong_jurisdiction,1,1,jurisdiction_scope,authentication,1,1,0,0,1.898,42.0
deepseek-coder:6.7b,education::GET__classes_id_roster::jurisdiction_bypass::test_04_wrong_purpose,education,GET /classes/{id}/roster,jurisdiction_bypass,object_auth,wrong_purpose,0,1,none,authentication,1,0,0,0,1.822,0.0
deepseek-coder:6.7b,education::GET__classes_id_roster::missing_audit_log::test_03_wrong_jurisdiction,education,GET /classes/{id}/roster,missing_audit_log,auditability,wrong_jurisdiction,1,1,audit_obligation,authentication,1,1,0,0,1.596,3.0
deepseek-coder:6.7b,education::GET__classes_id_roster::missing_audit_log::test_04_wrong_purpose,education,GET /classes/{id}/roster,missing_audit_log,auditability,wrong_purpose,1,1,audit_obligation,authentication,1,1,0,0,1.437,3.0
deepseek-coder:6.7b,education::GET__classes_id_roster::missing_field_filter::test_05_self_access,education,GET /classes/{id}/roster,missing_field_filter,property_auth,self_access,1,1,field_minimization,authentication,1,1,0,0,2.185,17.0
deepseek-coder:6.7b,education::GET__classes_id_roster::missing_object_check::test_03_wrong_jurisdiction,education,GET /classes/{id}/roster,missing_object_check,object_auth,wrong_jurisdiction,1,1,object_scope,authentication,1,1,0,0,1.629,42.0
deepseek-coder:6.7b,education::GET__classes_id_roster::overbroad_role::test_02_wrong_role,education,GET /classes/{id}/roster,overbroad_role,function_auth,wrong_role,1,1,function_authorization,authentication,1,1,0,0,2.074,59.0
deepseek-coder:6.7b,education::GET__classes_id_roster::purpose_bypass::test_04_wrong_purpose,education,GET /classes/{id}/roster,purpose_bypass,purpose_scope,wrong_purpose,1,1,purpose_scope,authentication,1,1,0,0,1.614,42.0
deepseek-coder:6.7b,education::GET__discipline_id::aggregation_leak::test_08_aggregation_boundary,education,GET /discipline/{id},aggregation_leak,property_auth,aggregation_boundary,1,1,aggregation_boundary,authentication,1,1,0,0,2.647,15.0
deepseek-coder:6.7b,education::GET__discipline_id::deprecated_exposed::test_09_deprecated_inventory,education,GET /discipline/{id},deprecated_exposed,inventory,deprecated_inventory,1,1,endpoint_inventory,authentication,1,1,0,0,1.365,19.0
deepseek-coder:6.7b,education::GET__discipline_id::jurisdiction_bypass::test_03_wrong_jurisdiction,education,GET /discipline/{id},jurisdiction_bypass,object_auth,wrong_jurisdiction,1,1,jurisdiction_scope,function_authorization,1,1,0,0,2.705,45.0
deepseek-coder:6.7b,education::GET__discipline_id::missing_audit_log::test_07_sensitive_field_probe,education,GET /discipline/{id},missing_audit_log,auditability,sensitive_field_probe,1,1,audit_obligation,authentication,1,1,0,0,1.758,3.0
deepseek-coder:6.7b,education::GET__discipline_id::missing_auth::test_06_unauthenticated,education,GET /discipline/{id},missing_auth,function_auth,unauthenticated,1,1,authentication,authentication,1,1,1,1,2.176,60.0
deepseek-coder:6.7b,education::GET__discipline_id::missing_object_check::test_03_wrong_jurisdiction,education,GET /discipline/{id},missing_object_check,object_auth,wrong_jurisdiction,1,1,object_scope,function_authorization,1,1,0,0,1.649,45.0
deepseek-coder:6.7b,education::GET__discipline_id::overbroad_role::test_02_wrong_role,education,GET /discipline/{id},overbroad_role,function_auth,wrong_role,1,1,function_authorization,function_authorization,1,1,1,1,2.532,60.0
deepseek-coder:6.7b,education::GET__discipline_id::purpose_bypass::test_04_wrong_purpose,education,GET /discipline/{id},purpose_bypass,purpose_scope,wrong_purpose,1,1,purpose_scope,function_authorization,1,1,0,0,2.539,45.0
deepseek-coder:6.7b,education::GET__students_id_record::aggregation_leak::test_08_aggregation_boundary,education,GET /students/{id}/record,aggregation_leak,property_auth,aggregation_boundary,1,1,aggregation_boundary,authentication,1,1,0,0,2.971,17.0
deepseek-coder:6.7b,education::GET__students_id_record::deprecated_exposed::test_09_deprecated_inventory,education,GET /students/{id}/record,deprecated_exposed,inventory,deprecated_inventory,1,1,endpoint_inventory,authentication,1,1,0,0,1.708,21.0
deepseek-coder:6.7b,education::GET__students_id_record::jurisdiction_bypass::test_03_wrong_jurisdiction,education,GET /students/{id}/record,jurisdiction_bypass,object_auth,wrong_jurisdiction,1,0,jurisdiction_scope,none,1,0,0,0,1.931,42.0
deepseek-coder:6.7b,education::GET__students_id_record::missing_audit_log::test_01_valid,education,GET /students/{id}/record,missing_audit_log,auditability,valid,1,0,audit_obligation,none,1,0,0,0,1.315,3.0
deepseek-coder:6.7b,education::GET__students_id_record::missing_audit_log::test_03_wrong_jurisdiction,education,GET /students/{id}/record,missing_audit_log,auditability,wrong_jurisdiction,1,1,audit_obligation,authentication,1,1,0,0,1.543,3.0
deepseek-coder:6.7b,education::GET__students_id_record::missing_audit_log::test_05_self_access,education,GET /students/{id}/record,missing_audit_log,auditability,self_access,1,0,audit_obligation,none,1,0,0,0,1.738,3.0
deepseek-coder:6.7b,education::GET__students_id_record::missing_auth::test_06_unauthenticated,education,GET /students/{id}/record,missing_auth,function_auth,unauthenticated,1,1,authentication,authentication,1,1,1,1,2.13,59.0
deepseek-coder:6.7b,education::GET__students_id_record::missing_field_filter::test_01_valid,education,GET /students/{id}/record,missing_field_filter,property_auth,valid,1,1,field_minimization,authentication,1,1,0,0,1.877,17.0
deepseek-coder:6.7b,education::GET__students_id_record::missing_object_check::test_03_wrong_jurisdiction,education,GET /students/{id}/record,missing_object_check,object_auth,wrong_jurisdiction,1,0,object_scope,none,1,0,0,0,1.492,42.0
deepseek-coder:6.7b,education::GET__students_id_record::overbroad_role::test_02_wrong_role,education,GET /students/{id}/record,overbroad_role,function_auth,wrong_role,1,1,function_authorization,function_authorization,1,1,1,1,2.565,59.0
deepseek-coder:6.7b,education::GET__students_id_record::purpose_bypass::test_04_wrong_purpose,education,GET /students/{id}/record,purpose_bypass,purpose_scope,wrong_purpose,1,0,purpose_scope,none,1,0,0,0,1.693,42.0
deepseek-coder:6.7b,health::GET__encounters_id::aggregation_leak::test_08_aggregation_boundary,health,GET /encounters/{id},aggregation_leak,property_auth,aggregation_boundary,1,1,aggregation_boundary,authentication,1,1,0,0,2.809,8.0
deepseek-coder:6.7b,health::GET__encounters_id::deprecated_exposed::test_09_deprecated_inventory,health,GET /encounters/{id},deprecated_exposed,inventory,deprecated_inventory,1,1,endpoint_inventory,authentication,1,1,0,0,1.661,12.0
deepseek-coder:6.7b,health::GET__encounters_id::jurisdiction_bypass::test_03_wrong_jurisdiction,health,GET /encounters/{id},jurisdiction_bypass,object_auth,wrong_jurisdiction,1,1,jurisdiction_scope,authentication,1,1,0,0,2.086,53.0
deepseek-coder:6.7b,health::GET__encounters_id::missing_auth::test_06_unauthenticated,health,GET /encounters/{id},missing_auth,function_auth,unauthenticated,1,1,authentication,authentication,1,1,1,1,1.996,61.0
deepseek-coder:6.7b,health::GET__encounters_id::missing_auth::test_09_deprecated_inventory,health,GET /encounters/{id},missing_auth,function_auth,deprecated_inventory,0,1,none,authentication,1,0,0,0,1.562,0.0
deepseek-coder:6.7b,health::GET__encounters_id::missing_field_filter::test_09_deprecated_inventory,health,GET /encounters/{id},missing_field_filter,property_auth,deprecated_inventory,1,1,field_minimization,authentication,1,1,0,0,1.918,8.0
deepseek-coder:6.7b,health::GET__encounters_id::missing_object_check::test_03_wrong_jurisdiction,health,GET /encounters/{id},missing_object_check,object_auth,wrong_jurisdiction,1,1,object_scope,authentication,1,1,0,0,0.939,53.0
deepseek-coder:6.7b,health::GET__encounters_id::overbroad_role::test_02_wrong_role,health,GET /encounters/{id},overbroad_role,function_auth,wrong_role,1,1,function_authorization,function_authorization,1,1,1,1,2.738,61.0
deepseek-coder:6.7b,health::GET__encounters_id::purpose_bypass::test_04_wrong_purpose,health,GET /encounters/{id},purpose_bypass,purpose_scope,wrong_purpose,1,1,purpose_scope,function_authorization,1,1,0,0,2.61,53.0
deepseek-coder:6.7b,health::GET__patients_id::aggregation_leak::test_08_aggregation_boundary,health,GET /patients/{id},aggregation_leak,property_auth,aggregation_boundary,1,1,aggregation_boundary,authentication,1,1,0,0,2.521,4.0
deepseek-coder:6.7b,health::GET__patients_id::deprecated_exposed::test_09_deprecated_inventory,health,GET /patients/{id},deprecated_exposed,inventory,deprecated_inventory,1,1,endpoint_inventory,authentication,1,1,0,0,1.495,8.0
deepseek-coder:6.7b,health::GET__patients_id::jurisdiction_bypass::test_03_wrong_jurisdiction,health,GET /patients/{id},jurisdiction_bypass,object_auth,wrong_jurisdiction,1,1,jurisdiction_scope,authentication,1,1,0,0,2.113,57.0
deepseek-coder:6.7b,health::GET__patients_id::missing_audit_log::test_01_valid,health,GET /patients/{id},missing_audit_log,auditability,valid,1,0,audit_obligation,none,1,0,0,0,1.406,3.0
deepseek-coder:6.7b,health::GET__patients_id::missing_audit_log::test_07_sensitive_field_probe,health,GET /patients/{id},missing_audit_log,auditability,sensitive_field_probe,1,0,audit_obligation,none,1,0,0,0,0.642,3.0
deepseek-coder:6.7b,health::GET__patients_id::missing_auth::test_05_self_access,health,GET /patients/{id},missing_auth,function_auth,self_access,0,1,none,authentication,1,0,0,0,2.127,0.0
deepseek-coder:6.7b,health::GET__patients_id::missing_auth::test_06_unauthenticated,health,GET /patients/{id},missing_auth,function_auth,unauthenticated,1,1,authentication,authentication,1,1,1,1,2.01,61.0
deepseek-coder:6.7b,health::GET__patients_id::missing_field_filter::test_01_valid,health,GET /patients/{id},missing_field_filter,property_auth,valid,1,1,field_minimization,authentication,1,1,0,0,1.718,4.0
deepseek-coder:6.7b,health::GET__patients_id::missing_object_check::test_03_wrong_jurisdiction,health,GET /patients/{id},missing_object_check,object_auth,wrong_jurisdiction,1,1,object_scope,authentication,1,1,0,0,0.971,57.0
deepseek-coder:6.7b,health::GET__patients_id::overbroad_role::test_02_wrong_role,health,GET /patients/{id},overbroad_role,function_auth,wrong_role,1,1,function_authorization,function_authorization,1,1,1,1,2.473,61.0
deepseek-coder:6.7b,health::GET__patients_id::purpose_bypass::test_04_wrong_purpose,health,GET /patients/{id},purpose_bypass,purpose_scope,wrong_purpose,1,1,purpose_scope,authentication,1,1,0,0,1.987,57.0
deepseek-coder:6.7b,health::GET__patients_search::aggregation_leak::test_08_aggregation_boundary,health,GET /patients/search,aggregation_leak,property_auth,aggregation_boundary,1,1,aggregation_boundary,authentication,1,1,0,0,2.661,4.0
deepseek-coder:6.7b,health::GET__patients_search::deprecated_exposed::test_09_deprecated_inventory,health,GET /patients/search,deprecated_exposed,inventory,deprecated_inventory,1,1,endpoint_inventory,authentication,1,1,0,0,1.576,8.0
deepseek-coder:6.7b,health::GET__patients_search::jurisdiction_bypass::test_03_wrong_jurisdiction,health,GET /patients/search,jurisdiction_bypass,object_auth,wrong_jurisdiction,1,1,jurisdiction_scope,authentication,1,1,0,0,2.233,56.0
deepseek-coder:6.7b,health::GET__patients_search::jurisdiction_bypass::test_05_self_access,health,GET /patients/search,jurisdiction_bypass,object_auth,self_access,0,1,none,function_authorization,1,0,0,0,2.742,0.0
deepseek-coder:6.7b,health::GET__patients_search::missing_auth::test_06_unauthenticated,health,GET /patients/search,missing_auth,function_auth,unauthenticated,1,1,authentication,authentication,1,1,1,1,2.458,60.0
deepseek-coder:6.7b,health::GET__patients_search::missing_field_filter::test_08_aggregation_boundary,health,GET /patients/search,missing_field_filter,property_auth,aggregation_boundary,1,1,field_minimization,authentication,1,1,0,0,1.61,4.0
deepseek-coder:6.7b,health::GET__patients_search::missing_object_check::test_01_valid,health,GET /patients/search,missing_object_check,object_auth,valid,0,1,none,authentication,1,0,0,0,1.851,0.0
deepseek-coder:6.7b,health::GET__patients_search::missing_object_check::test_03_wrong_jurisdiction,health,GET /patients/search,missing_object_check,object_auth,wrong_jurisdiction,1,1,object_scope,authentication,1,1,0,0,1.018,56.0
deepseek-coder:6.7b,health::GET__patients_search::overbroad_role::test_02_wrong_role,health,GET /patients/search,overbroad_role,function_auth,wrong_role,1,1,function_authorization,function_authorization,1,1,1,1,2.578,60.0
deepseek-coder:6.7b,health::GET__patients_search::purpose_bypass::test_04_wrong_purpose,health,GET /patients/search,purpose_bypass,purpose_scope,wrong_purpose,1,1,purpose_scope,function_authorization,1,1,0,0,2.712,56.0
gemma3:4b,business_licensing::GET__inspections_id::aggregation_leak::test_08_aggregation_boundary,business_licensing,GET /inspections/{id},aggregation_leak,property_auth,aggregation_boundary,1,1,aggregation_boundary,audit_obligation,1,1,0,0,1.422,6.0
gemma3:4b,business_licensing::GET__inspections_id::deprecated_exposed::test_09_deprecated_inventory,business_licensing,GET /inspections/{id},deprecated_exposed,inventory,deprecated_inventory,1,1,endpoint_inventory,audit_obligation,1,1,0,0,1.333,10.0
gemma3:4b,business_licensing::GET__inspections_id::jurisdiction_bypass::test_03_wrong_jurisdiction,business_licensing,GET /inspections/{id},jurisdiction_bypass,object_auth,wrong_jurisdiction,1,1,jurisdiction_scope,audit_obligation,1,1,0,0,1.694,37.0
gemma3:4b,business_licensing::GET__inspections_id::missing_auth::test_06_unauthenticated,business_licensing,GET /inspections/{id},missing_auth,function_auth,unauthenticated,1,1,authentication,authentication,1,1,1,1,1.643,43.0
gemma3:4b,business_licensing::GET__inspections_id::missing_object_check::test_03_wrong_jurisdiction,business_licensing,GET /inspections/{id},missing_object_check,object_auth,wrong_jurisdiction,1,1,object_scope,audit_obligation,1,1,0,0,1.094,37.0
gemma3:4b,business_licensing::GET__inspections_id::overbroad_role::test_02_wrong_role,business_licensing,GET /inspections/{id},overbroad_role,function_auth,wrong_role,1,1,function_authorization,function_authorization,1,1,1,1,1.499,43.0
gemma3:4b,business_licensing::GET__inspections_id::purpose_bypass::test_04_wrong_purpose,business_licensing,GET /inspections/{id},purpose_bypass,purpose_scope,wrong_purpose,1,1,purpose_scope,field_minimization,1,1,0,0,2.22,37.0
gemma3:4b,business_licensing::GET__licenses_export::aggregation_leak::test_08_aggregation_boundary,business_licensing,GET /licenses/export,aggregation_leak,property_auth,aggregation_boundary,1,1,aggregation_boundary,audit_obligation,1,1,0,0,1.7,4.0
gemma3:4b,business_licensing::GET__licenses_export::deprecated_exposed::test_09_deprecated_inventory,business_licensing,GET /licenses/export,deprecated_exposed,inventory,deprecated_inventory,1,1,endpoint_inventory,field_minimization,1,1,0,0,1.464,8.0
gemma3:4b,business_licensing::GET__licenses_export::jurisdiction_bypass::test_03_wrong_jurisdiction,business_licensing,GET /licenses/export,jurisdiction_bypass,object_auth,wrong_jurisdiction,1,1,jurisdiction_scope,audit_obligation,1,1,0,0,1.752,40.0
gemma3:4b,business_licensing::GET__licenses_export::missing_audit_log::test_08_aggregation_boundary,business_licensing,GET /licenses/export,missing_audit_log,auditability,aggregation_boundary,1,1,audit_obligation,audit_obligation,1,1,1,1,1.063,3.0
gemma3:4b,business_licensing::GET__licenses_export::missing_auth::test_06_unauthenticated,business_licensing,GET /licenses/export,missing_auth,function_auth,unauthenticated,1,1,authentication,function_authorization,1,1,0,0,1.707,44.0
gemma3:4b,business_licensing::GET__licenses_export::missing_auth::test_07_sensitive_field_probe,business_licensing,GET /licenses/export,missing_auth,function_auth,sensitive_field_probe,0,1,none,audit_obligation,1,0,0,0,1.317,0.0
gemma3:4b,business_licensing::GET__licenses_export::missing_field_filter::test_05_self_access,business_licensing,GET /licenses/export,missing_field_filter,property_auth,self_access,1,1,field_minimization,field_minimization,1,1,1,1,1.431,6.0
gemma3:4b,business_licensing::GET__licenses_export::missing_object_check::test_03_wrong_jurisdiction,business_licensing,GET /licenses/export,missing_object_check,object_auth,wrong_jurisdiction,1,1,object_scope,audit_obligation,1,1,0,0,1.149,40.0
gemma3:4b,business_licensing::GET__licenses_export::overbroad_role::test_02_wrong_role,business_licensing,GET /licenses/export,overbroad_role,function_auth,wrong_role,1,1,function_authorization,function_authorization,1,1,1,1,2.03,44.0
gemma3:4b,business_licensing::GET__licenses_export::purpose_bypass::test_04_wrong_purpose,business_licensing,GET /licenses/export,purpose_bypass,purpose_scope,wrong_purpose,1,1,purpose_scope,audit_obligation,1,1,0,0,1.392,40.0
gemma3:4b,business_licensing::GET__licenses_id::aggregation_leak::test_08_aggregation_boundary,business_licensing,GET /licenses/{id},aggregation_leak,property_auth,aggregation_boundary,1,1,aggregation_boundary,audit_obligation,1,1,0,0,1.757,4.0
gemma3:4b,business_licensing::GET__licenses_id::correct::test_06_unauthenticated,business_licensing,GET /licenses/{id},correct,clean,unauthenticated,0,1,none,field_minimization,1,0,0,0,1.511,0.0
gemma3:4b,business_licensing::GET__licenses_id::deprecated_exposed::test_09_deprecated_inventory,business_licensing,GET /licenses/{id},deprecated_exposed,inventory,deprecated_inventory,1,1,endpoint_inventory,audit_obligation,1,1,0,0,1.727,8.0
gemma3:4b,business_licensing::GET__licenses_id::jurisdiction_bypass::test_03_wrong_jurisdiction,business_licensing,GET /licenses/{id},jurisdiction_bypass,object_auth,wrong_jurisdiction,1,1,jurisdiction_scope,field_minimization,1,1,0,0,2.069,38.0
gemma3:4b,business_licensing::GET__licenses_id::missing_audit_log::test_06_unauthenticated,business_licensing,GET /licenses/{id},missing_audit_log,auditability,unauthenticated,1,1,audit_obligation,audit_obligation,1,1,1,1,1.321,3.0
gemma3:4b,business_licensing::GET__licenses_id::missing_auth::test_06_unauthenticated,business_licensing,GET /licenses/{id},missing_auth,function_auth,unauthenticated,1,1,authentication,authentication,1,1,1,1,1.694,42.0
gemma3:4b,business_licensing::GET__licenses_id::missing_object_check::test_03_wrong_jurisdiction,business_licensing,GET /licenses/{id},missing_object_check,object_auth,wrong_jurisdiction,1,1,object_scope,audit_obligation,1,1,0,0,1.719,38.0
gemma3:4b,business_licensing::GET__licenses_id::overbroad_role::test_02_wrong_role,business_licensing,GET /licenses/{id},overbroad_role,function_auth,wrong_role,1,1,function_authorization,function_authorization,1,1,1,1,1.542,42.0
gemma3:4b,business_licensing::GET__licenses_id::purpose_bypass::test_04_wrong_purpose,business_licensing,GET /licenses/{id},purpose_bypass,purpose_scope,wrong_purpose,1,1,purpose_scope,audit_obligation,1,1,0,0,1.722,38.0
gemma3:4b,citizen_services::GET__benefits_id::aggregation_leak::test_02_wrong_role,citizen_services,GET /benefits/{id},aggregation_leak,property_auth,wrong_role,0,1,none,function_authorization,1,0,0,0,1.792,0.0
gemma3:4b,citizen_services::GET__benefits_id::aggregation_leak::test_08_aggregation_boundary,citizen_services,GET /benefits/{id},aggregation_leak,property_auth,aggregation_boundary,1,1,aggregation_boundary,audit_obligation,1,1,0,0,1.681,9.0
gemma3:4b,citizen_services::GET__benefits_id::correct::test_09_deprecated_inventory,citizen_services,GET /benefits/{id},correct,clean,deprecated_inventory,0,1,none,audit_obligation,1,0,0,0,1.681,0.0
gemma3:4b,citizen_services::GET__benefits_id::deprecated_exposed::test_09_deprecated_inventory,citizen_services,GET /benefits/{id},deprecated_exposed,inventory,deprecated_inventory,1,1,endpoint_inventory,audit_obligation,1,1,0,0,1.364,13.0
gemma3:4b,citizen_services::GET__benefits_id::jurisdiction_bypass::test_03_wrong_jurisdiction,citizen_services,GET /benefits/{id},jurisdiction_bypass,object_auth,wrong_jurisdiction,1,1,jurisdiction_scope,audit_obligation,1,1,0,0,1.676,48.0
gemma3:4b,citizen_services::GET__benefits_id::missing_audit_log::test_09_deprecated_inventory,citizen_services,GET /benefits/{id},missing_audit_log,auditability,deprecated_inventory,1,1,audit_obligation,audit_obligation,1,1,1,1,1.681,3.0
gemma3:4b,citizen_services::GET__benefits_id::missing_auth::test_06_unauthenticated,citizen_services,GET /benefits/{id},missing_auth,function_auth,unauthenticated,1,1,authentication,authentication,1,1,1,1,1.742,57.0
gemma3:4b,citizen_services::GET__benefits_id::missing_field_filter::test_07_sensitive_field_probe,citizen_services,GET /benefits/{id},missing_field_filter,property_auth,sensitive_field_probe,1,1,field_minimization,audit_obligation,1,1,0,0,1.077,9.0
gemma3:4b,citizen_services::GET__benefits_id::missing_field_filter::test_09_deprecated_inventory,citizen_services,GET /benefits/{id},missing_field_filter,property_auth,deprecated_inventory,1,1,field_minimization,audit_obligation,1,1,0,0,1.053,9.0
gemma3:4b,citizen_services::GET__benefits_id::missing_object_check::test_03_wrong_jurisdiction,citizen_services,GET /benefits/{id},missing_object_check,object_auth,wrong_jurisdiction,1,1,object_scope,field_minimization,1,1,0,0,2.097,48.0
gemma3:4b,citizen_services::GET__benefits_id::overbroad_role::test_02_wrong_role,citizen_services,GET /benefits/{id},overbroad_role,function_auth,wrong_role,1,1,function_authorization,function_authorization,1,1,1,1,1.898,57.0
gemma3:4b,citizen_services::GET__benefits_id::purpose_bypass::test_04_wrong_purpose,citizen_services,GET /benefits/{id},purpose_bypass,purpose_scope,wrong_purpose,1,1,purpose_scope,field_minimization,1,1,0,0,1.876,48.0
gemma3:4b,citizen_services::GET__citizens_export::aggregation_leak::test_08_aggregation_boundary,citizen_services,GET /citizens/export,aggregation_leak,property_auth,aggregation_boundary,1,1,aggregation_boundary,audit_obligation,1,1,0,0,1.742,11.0
gemma3:4b,citizen_services::GET__citizens_export::deprecated_exposed::test_09_deprecated_inventory,citizen_services,GET /citizens/export,deprecated_exposed,inventory,deprecated_inventory,1,1,endpoint_inventory,audit_obligation,1,1,0,0,1.369,15.0
gemma3:4b,citizen_services::GET__citizens_export::jurisdiction_bypass::test_03_wrong_jurisdiction,citizen_services,GET /citizens/export,jurisdiction_bypass,object_auth,wrong_jurisdiction,1,1,jurisdiction_scope,audit_obligation,1,1,0,0,1.734,48.0
gemma3:4b,citizen_services::GET__citizens_export::missing_audit_log::test_09_deprecated_inventory,citizen_services,GET /citizens/export,missing_audit_log,auditability,deprecated_inventory,1,1,audit_obligation,audit_obligation,1,1,1,1,1.08,3.0
gemma3:4b,citizen_services::GET__citizens_export::missing_auth::test_06_unauthenticated,citizen_services,GET /citizens/export,missing_auth,function_auth,unauthenticated,1,1,authentication,audit_obligation,1,1,0,0,1.404,59.0
gemma3:4b,citizen_services::GET__citizens_export::missing_field_filter::test_05_self_access,citizen_services,GET /citizens/export,missing_field_filter,property_auth,self_access,1,1,field_minimization,audit_obligation,1,1,0,0,1.425,11.0
gemma3:4b,citizen_services::GET__citizens_export::missing_field_filter::test_08_aggregation_boundary,citizen_services,GET /citizens/export,missing_field_filter,property_auth,aggregation_boundary,1,1,field_minimization,audit_obligation,1,1,0,0,1.055,11.0
gemma3:4b,citizen_services::GET__citizens_export::missing_object_check::test_03_wrong_jurisdiction,citizen_services,GET /citizens/export,missing_object_check,object_auth,wrong_jurisdiction,1,1,object_scope,audit_obligation,1,1,0,0,1.413,48.0
gemma3:4b,citizen_services::GET__citizens_export::missing_object_check::test_05_self_access,citizen_services,GET /citizens/export,missing_object_check,object_auth,self_access,0,1,none,audit_obligation,1,0,0,0,1.862,0.0
gemma3:4b,citizen_services::GET__citizens_export::overbroad_role::test_02_wrong_role,citizen_services,GET /citizens/export,overbroad_role,function_auth,wrong_role,1,1,function_authorization,function_authorization,1,1,1,1,1.611,59.0
gemma3:4b,citizen_services::GET__citizens_export::purpose_bypass::test_04_wrong_purpose,citizen_services,GET /citizens/export,purpose_bypass,purpose_scope,wrong_purpose,1,1,purpose_scope,field_minimization,1,1,0,0,1.747,48.0
gemma3:4b,citizen_services::GET__citizens_id::aggregation_leak::test_08_aggregation_boundary,citizen_services,GET /citizens/{id},aggregation_leak,property_auth,aggregation_boundary,1,1,aggregation_boundary,field_minimization,1,1,0,0,2.106,11.0
gemma3:4b,citizen_services::GET__citizens_id::deprecated_exposed::test_09_deprecated_inventory,citizen_services,GET /citizens/{id},deprecated_exposed,inventory,deprecated_inventory,1,1,endpoint_inventory,field_minimization,1,1,0,0,2.095,15.0
gemma3:4b,citizen_services::GET__citizens_id::jurisdiction_bypass::test_03_wrong_jurisdiction,citizen_services,GET /citizens/{id},jurisdiction_bypass,object_auth,wrong_jurisdiction,1,1,jurisdiction_scope,field_minimization,1,1,0,0,2.597,47.0
gemma3:4b,citizen_services::GET__citizens_id::missing_auth::test_06_unauthenticated,citizen_services,GET /citizens/{id},missing_auth,function_auth,unauthenticated,1,1,authentication,audit_obligation,1,1,0,0,1.634,58.0
gemma3:4b,citizen_services::GET__citizens_id::missing_field_filter::test_07_sensitive_field_probe,citizen_services,GET /citizens/{id},missing_field_filter,property_auth,sensitive_field_probe,1,1,field_minimization,field_minimization,1,1,1,1,2.01,11.0
gemma3:4b,citizen_services::GET__citizens_id::missing_field_filter::test_09_deprecated_inventory,citizen_services,GET /citizens/{id},missing_field_filter,property_auth,deprecated_inventory,1,1,field_minimization,field_minimization,1,1,1,1,2.053,11.0
gemma3:4b,citizen_services::GET__citizens_id::missing_object_check::test_03_wrong_jurisdiction,citizen_services,GET /citizens/{id},missing_object_check,object_auth,wrong_jurisdiction,1,1,object_scope,field_minimization,1,1,0,0,2.342,47.0
gemma3:4b,citizen_services::GET__citizens_id::overbroad_role::test_02_wrong_role,citizen_services,GET /citizens/{id},overbroad_role,function_auth,wrong_role,1,1,function_authorization,function_authorization,1,1,1,1,2.04,58.0
gemma3:4b,citizen_services::GET__citizens_id::purpose_bypass::test_04_wrong_purpose,citizen_services,GET /citizens/{id},purpose_bypass,purpose_scope,wrong_purpose,1,1,purpose_scope,field_minimization,1,1,0,0,1.833,47.0
gemma3:4b,citizen_services::GET__citizens_id::purpose_bypass::test_06_unauthenticated,citizen_services,GET /citizens/{id},purpose_bypass,purpose_scope,unauthenticated,0,1,none,authentication,1,0,0,0,1.131,0.0
gemma3:4b,education::GET__classes_id_roster::aggregation_leak::test_03_wrong_jurisdiction,education,GET /classes/{id}/roster,aggregation_leak,property_auth,wrong_jurisdiction,0,1,none,purpose_scope,1,0,0,0,2.085,0.0
gemma3:4b,education::GET__classes_id_roster::aggregation_leak::test_08_aggregation_boundary,education,GET /classes/{id}/roster,aggregation_leak,property_auth,aggregation_boundary,1,1,aggregation_boundary,audit_obligation,1,1,0,0,1.415,17.0
gemma3:4b,education::GET__classes_id_roster::deprecated_exposed::test_09_deprecated_inventory,education,GET /classes/{id}/roster,deprecated_exposed,inventory,deprecated_inventory,1,1,endpoint_inventory,audit_obligation,1,1,0,0,1.883,21.0
gemma3:4b,education::GET__classes_id_roster::jurisdiction_bypass::test_03_wrong_jurisdiction,education,GET /classes/{id}/roster,jurisdiction_bypass,object_auth,wrong_jurisdiction,1,1,jurisdiction_scope,audit_obligation,1,1,0,0,1.855,42.0
gemma3:4b,education::GET__classes_id_roster::jurisdiction_bypass::test_04_wrong_purpose,education,GET /classes/{id}/roster,jurisdiction_bypass,object_auth,wrong_purpose,0,1,none,object_scope,1,0,0,0,2.509,0.0
gemma3:4b,education::GET__classes_id_roster::missing_audit_log::test_03_wrong_jurisdiction,education,GET /classes/{id}/roster,missing_audit_log,auditability,wrong_jurisdiction,1,1,audit_obligation,audit_obligation,1,1,1,1,1.401,3.0
gemma3:4b,education::GET__classes_id_roster::missing_audit_log::test_04_wrong_purpose,education,GET /classes/{id}/roster,missing_audit_log,auditability,wrong_purpose,1,1,audit_obligation,audit_obligation,1,1,1,1,1.336,3.0
gemma3:4b,education::GET__classes_id_roster::missing_auth::test_06_unauthenticated,education,GET /classes/{id}/roster,missing_auth,function_auth,unauthenticated,1,1,authentication,authentication,1,1,1,1,1.838,59.0
gemma3:4b,education::GET__classes_id_roster::missing_field_filter::test_05_self_access,education,GET /classes/{id}/roster,missing_field_filter,property_auth,self_access,1,1,field_minimization,field_minimization,1,1,1,1,2.328,17.0
gemma3:4b,education::GET__classes_id_roster::missing_object_check::test_03_wrong_jurisdiction,education,GET /classes/{id}/roster,missing_object_check,object_auth,wrong_jurisdiction,1,1,object_scope,audit_obligation,1,1,0,0,1.825,42.0
gemma3:4b,education::GET__classes_id_roster::overbroad_role::test_02_wrong_role,education,GET /classes/{id}/roster,overbroad_role,function_auth,wrong_role,1,1,function_authorization,object_scope,1,1,0,0,1.578,59.0
gemma3:4b,education::GET__classes_id_roster::purpose_bypass::test_04_wrong_purpose,education,GET /classes/{id}/roster,purpose_bypass,purpose_scope,wrong_purpose,1,1,purpose_scope,field_minimization,1,1,0,0,2.542,42.0
gemma3:4b,education::GET__discipline_id::aggregation_leak::test_08_aggregation_boundary,education,GET /discipline/{id},aggregation_leak,property_auth,aggregation_boundary,1,1,aggregation_boundary,field_minimization,1,1,0,0,2.258,15.0
gemma3:4b,education::GET__discipline_id::deprecated_exposed::test_09_deprecated_inventory,education,GET /discipline/{id},deprecated_exposed,inventory,deprecated_inventory,1,1,endpoint_inventory,field_minimization,1,1,0,0,2.249,19.0
gemma3:4b,education::GET__discipline_id::jurisdiction_bypass::test_03_wrong_jurisdiction,education,GET /discipline/{id},jurisdiction_bypass,object_auth,wrong_jurisdiction,1,1,jurisdiction_scope,field_minimization,1,1,0,0,1.997,45.0
gemma3:4b,education::GET__discipline_id::missing_audit_log::test_07_sensitive_field_probe,education,GET /discipline/{id},missing_audit_log,auditability,sensitive_field_probe,1,1,audit_obligation,audit_obligation,1,1,1,1,1.091,3.0
gemma3:4b,education::GET__discipline_id::missing_auth::test_06_unauthenticated,education,GET /discipline/{id},missing_auth,function_auth,unauthenticated,1,1,authentication,field_minimization,1,1,0,0,1.942,60.0
gemma3:4b,education::GET__discipline_id::missing_object_check::test_03_wrong_jurisdiction,education,GET /discipline/{id},missing_object_check,object_auth,wrong_jurisdiction,1,1,object_scope,field_minimization,1,1,0,0,2.209,45.0
gemma3:4b,education::GET__discipline_id::overbroad_role::test_02_wrong_role,education,GET /discipline/{id},overbroad_role,function_auth,wrong_role,1,1,function_authorization,object_scope,1,1,0,0,1.921,60.0
gemma3:4b,education::GET__discipline_id::purpose_bypass::test_04_wrong_purpose,education,GET /discipline/{id},purpose_bypass,purpose_scope,wrong_purpose,1,1,purpose_scope,field_minimization,1,1,0,0,2.373,45.0
gemma3:4b,education::GET__students_id_record::aggregation_leak::test_08_aggregation_boundary,education,GET /students/{id}/record,aggregation_leak,property_auth,aggregation_boundary,1,1,aggregation_boundary,field_minimization,1,1,0,0,2.429,17.0
gemma3:4b,education::GET__students_id_record::deprecated_exposed::test_09_deprecated_inventory,education,GET /students/{id}/record,deprecated_exposed,inventory,deprecated_inventory,1,1,endpoint_inventory,field_minimization,1,1,0,0,2.321,21.0
gemma3:4b,education::GET__students_id_record::jurisdiction_bypass::test_03_wrong_jurisdiction,education,GET /students/{id}/record,jurisdiction_bypass,object_auth,wrong_jurisdiction,1,1,jurisdiction_scope,field_minimization,1,1,0,0,2.597,42.0
gemma3:4b,education::GET__students_id_record::missing_audit_log::test_01_valid,education,GET /students/{id}/record,missing_audit_log,auditability,valid,1,1,audit_obligation,audit_obligation,1,1,1,1,1.924,3.0
gemma3:4b,education::GET__students_id_record::missing_audit_log::test_03_wrong_jurisdiction,education,GET /students/{id}/record,missing_audit_log,auditability,wrong_jurisdiction,1,1,audit_obligation,audit_obligation,1,1,1,1,1.762,3.0
gemma3:4b,education::GET__students_id_record::missing_audit_log::test_05_self_access,education,GET /students/{id}/record,missing_audit_log,auditability,self_access,1,1,audit_obligation,audit_obligation,1,1,1,1,1.349,3.0
gemma3:4b,education::GET__students_id_record::missing_auth::test_06_unauthenticated,education,GET /students/{id}/record,missing_auth,function_auth,unauthenticated,1,1,authentication,function_authorization,1,1,0,0,1.744,59.0
gemma3:4b,education::GET__students_id_record::missing_field_filter::test_01_valid,education,GET /students/{id}/record,missing_field_filter,property_auth,valid,1,1,field_minimization,field_minimization,1,1,1,1,2.537,17.0
gemma3:4b,education::GET__students_id_record::missing_object_check::test_03_wrong_jurisdiction,education,GET /students/{id}/record,missing_object_check,object_auth,wrong_jurisdiction,1,1,object_scope,field_minimization,1,1,0,0,2.573,42.0
gemma3:4b,education::GET__students_id_record::overbroad_role::test_02_wrong_role,education,GET /students/{id}/record,overbroad_role,function_auth,wrong_role,1,1,function_authorization,function_authorization,1,1,1,1,1.747,59.0
gemma3:4b,education::GET__students_id_record::purpose_bypass::test_04_wrong_purpose,education,GET /students/{id}/record,purpose_bypass,purpose_scope,wrong_purpose,1,1,purpose_scope,field_minimization,1,1,0,0,1.764,42.0
gemma3:4b,health::GET__encounters_id::aggregation_leak::test_08_aggregation_boundary,health,GET /encounters/{id},aggregation_leak,property_auth,aggregation_boundary,1,1,aggregation_boundary,field_minimization,1,1,0,0,2.796,8.0
gemma3:4b,health::GET__encounters_id::deprecated_exposed::test_09_deprecated_inventory,health,GET /encounters/{id},deprecated_exposed,inventory,deprecated_inventory,1,1,endpoint_inventory,field_minimization,1,1,0,0,2.753,12.0
gemma3:4b,health::GET__encounters_id::jurisdiction_bypass::test_03_wrong_jurisdiction,health,GET /encounters/{id},jurisdiction_bypass,object_auth,wrong_jurisdiction,1,1,jurisdiction_scope,field_minimization,1,1,0,0,1.989,53.0
gemma3:4b,health::GET__encounters_id::missing_auth::test_06_unauthenticated,health,GET /encounters/{id},missing_auth,function_auth,unauthenticated,1,1,authentication,authentication,1,1,1,1,2.286,61.0
gemma3:4b,health::GET__encounters_id::missing_auth::test_09_deprecated_inventory,health,GET /encounters/{id},missing_auth,function_auth,deprecated_inventory,0,1,none,field_minimization,1,0,0,0,2.167,0.0
gemma3:4b,health::GET__encounters_id::missing_field_filter::test_09_deprecated_inventory,health,GET /encounters/{id},missing_field_filter,property_auth,deprecated_inventory,1,1,field_minimization,field_minimization,1,1,1,1,1.27,8.0
gemma3:4b,health::GET__encounters_id::missing_object_check::test_03_wrong_jurisdiction,health,GET /encounters/{id},missing_object_check,object_auth,wrong_jurisdiction,1,1,object_scope,field_minimization,1,1,0,0,2.965,53.0
gemma3:4b,health::GET__encounters_id::overbroad_role::test_02_wrong_role,health,GET /encounters/{id},overbroad_role,function_auth,wrong_role,1,1,function_authorization,function_authorization,1,1,1,1,2.043,61.0
gemma3:4b,health::GET__encounters_id::purpose_bypass::test_04_wrong_purpose,health,GET /encounters/{id},purpose_bypass,purpose_scope,wrong_purpose,1,1,purpose_scope,field_minimization,1,1,0,0,2.79,53.0
gemma3:4b,health::GET__patients_id::aggregation_leak::test_08_aggregation_boundary,health,GET /patients/{id},aggregation_leak,property_auth,aggregation_boundary,1,1,aggregation_boundary,object_scope,1,1,0,0,2.324,4.0
gemma3:4b,health::GET__patients_id::deprecated_exposed::test_09_deprecated_inventory,health,GET /patients/{id},deprecated_exposed,inventory,deprecated_inventory,1,1,endpoint_inventory,object_scope,1,1,0,0,2.365,8.0
gemma3:4b,health::GET__patients_id::jurisdiction_bypass::test_03_wrong_jurisdiction,health,GET /patients/{id},jurisdiction_bypass,object_auth,wrong_jurisdiction,1,1,jurisdiction_scope,field_minimization,1,1,0,0,2.243,57.0
gemma3:4b,health::GET__patients_id::missing_audit_log::test_01_valid,health,GET /patients/{id},missing_audit_log,auditability,valid,1,1,audit_obligation,audit_obligation,1,1,1,1,1.915,3.0
gemma3:4b,health::GET__patients_id::missing_audit_log::test_07_sensitive_field_probe,health,GET /patients/{id},missing_audit_log,auditability,sensitive_field_probe,1,1,audit_obligation,audit_obligation,1,1,1,1,1.108,3.0
gemma3:4b,health::GET__patients_id::missing_auth::test_05_self_access,health,GET /patients/{id},missing_auth,function_auth,self_access,0,1,none,object_scope,1,0,0,0,1.786,0.0
gemma3:4b,health::GET__patients_id::missing_auth::test_06_unauthenticated,health,GET /patients/{id},missing_auth,function_auth,unauthenticated,1,1,authentication,authentication,1,1,1,1,1.831,61.0
gemma3:4b,health::GET__patients_id::missing_field_filter::test_01_valid,health,GET /patients/{id},missing_field_filter,property_auth,valid,1,1,field_minimization,object_scope,1,1,0,0,1.584,4.0
gemma3:4b,health::GET__patients_id::missing_object_check::test_03_wrong_jurisdiction,health,GET /patients/{id},missing_object_check,object_auth,wrong_jurisdiction,1,1,object_scope,object_scope,1,1,1,1,1.666,57.0
gemma3:4b,health::GET__patients_id::overbroad_role::test_02_wrong_role,health,GET /patients/{id},overbroad_role,function_auth,wrong_role,1,1,function_authorization,object_scope,1,1,0,0,2.126,61.0
gemma3:4b,health::GET__patients_id::purpose_bypass::test_04_wrong_purpose,health,GET /patients/{id},purpose_bypass,purpose_scope,wrong_purpose,1,1,purpose_scope,object_scope,1,1,0,0,1.743,57.0
gemma3:4b,health::GET__patients_search::aggregation_leak::test_08_aggregation_boundary,health,GET /patients/search,aggregation_leak,property_auth,aggregation_boundary,1,1,aggregation_boundary,field_minimization,1,1,0,0,1.697,4.0
gemma3:4b,health::GET__patients_search::deprecated_exposed::test_09_deprecated_inventory,health,GET /patients/search,deprecated_exposed,inventory,deprecated_inventory,1,1,endpoint_inventory,field_minimization,1,1,0,0,1.713,8.0
gemma3:4b,health::GET__patients_search::jurisdiction_bypass::test_03_wrong_jurisdiction,health,GET /patients/search,jurisdiction_bypass,object_auth,wrong_jurisdiction,1,1,jurisdiction_scope,field_minimization,1,1,0,0,1.998,56.0
gemma3:4b,health::GET__patients_search::jurisdiction_bypass::test_05_self_access,health,GET /patients/search,jurisdiction_bypass,object_auth,self_access,0,1,none,audit_obligation,1,0,0,0,1.103,0.0
gemma3:4b,health::GET__patients_search::missing_auth::test_06_unauthenticated,health,GET /patients/search,missing_auth,function_auth,unauthenticated,1,1,authentication,field_minimization,1,1,0,0,2.711,60.0
gemma3:4b,health::GET__patients_search::missing_field_filter::test_08_aggregation_boundary,health,GET /patients/search,missing_field_filter,property_auth,aggregation_boundary,1,1,field_minimization,field_minimization,1,1,1,1,1.263,4.0
gemma3:4b,health::GET__patients_search::missing_object_check::test_01_valid,health,GET /patients/search,missing_object_check,object_auth,valid,0,1,none,field_minimization,1,0,0,0,2.134,0.0
gemma3:4b,health::GET__patients_search::missing_object_check::test_03_wrong_jurisdiction,health,GET /patients/search,missing_object_check,object_auth,wrong_jurisdiction,1,1,object_scope,field_minimization,1,1,0,0,1.666,56.0
gemma3:4b,health::GET__patients_search::overbroad_role::test_02_wrong_role,health,GET /patients/search,overbroad_role,function_auth,wrong_role,1,1,function_authorization,object_scope,1,1,0,0,2.132,60.0
gemma3:4b,health::GET__patients_search::purpose_bypass::test_04_wrong_purpose,health,GET /patients/search,purpose_bypass,purpose_scope,wrong_purpose,1,1,purpose_scope,field_minimization,1,1,0,0,2.181,56.0
llama3.2:3b,business_licensing::GET__licenses_export::missing_audit_log::test_08_aggregation_boundary,business_licensing,GET /licenses/export,missing_audit_log,auditability,aggregation_boundary,1,1,audit_obligation,function_authorization,1,1,0,0,2.249,3.0
llama3.2:3b,citizen_services::GET__citizens_id::aggregation_leak::test_08_aggregation_boundary,citizen_services,GET /citizens/{id},aggregation_leak,property_auth,aggregation_boundary,1,1,aggregation_boundary,function_authorization,1,1,0,0,0.989,11.0
llama3.2:3b,citizen_services::GET__citizens_id::deprecated_exposed::test_09_deprecated_inventory,citizen_services,GET /citizens/{id},deprecated_exposed,inventory,deprecated_inventory,1,1,endpoint_inventory,function_authorization,1,1,0,0,0.746,15.0
llama3.2:3b,citizen_services::GET__citizens_id::missing_field_filter::test_07_sensitive_field_probe,citizen_services,GET /citizens/{id},missing_field_filter,property_auth,sensitive_field_probe,1,1,field_minimization,function_authorization,1,1,0,0,0.746,11.0
llama3.2:3b,education::GET__classes_id_roster::missing_auth::test_06_unauthenticated,education,GET /classes/{id}/roster,missing_auth,function_auth,unauthenticated,1,1,authentication,function_authorization,1,1,0,0,0.712,59.0
llama3.2:3b,business_licensing::GET__inspections_id::aggregation_leak::test_08_aggregation_boundary,business_licensing,GET /inspections/{id},aggregation_leak,property_auth,aggregation_boundary,1,1,aggregation_boundary,function_authorization,1,1,0,0,2.499,6.0
llama3.2:3b,business_licensing::GET__inspections_id::deprecated_exposed::test_09_deprecated_inventory,business_licensing,GET /inspections/{id},deprecated_exposed,inventory,deprecated_inventory,1,1,endpoint_inventory,function_authorization,1,1,0,0,0.737,10.0
llama3.2:3b,business_licensing::GET__inspections_id::jurisdiction_bypass::test_03_wrong_jurisdiction,business_licensing,GET /inspections/{id},jurisdiction_bypass,object_auth,wrong_jurisdiction,1,1,jurisdiction_scope,function_authorization,1,1,0,0,0.87,37.0
llama3.2:3b,business_licensing::GET__inspections_id::missing_auth::test_06_unauthenticated,business_licensing,GET /inspections/{id},missing_auth,function_auth,unauthenticated,1,1,authentication,function_authorization,1,1,0,0,0.973,43.0
llama3.2:3b,business_licensing::GET__inspections_id::missing_object_check::test_03_wrong_jurisdiction,business_licensing,GET /inspections/{id},missing_object_check,object_auth,wrong_jurisdiction,1,1,object_scope,function_authorization,1,1,0,0,0.657,37.0
llama3.2:3b,business_licensing::GET__inspections_id::overbroad_role::test_02_wrong_role,business_licensing,GET /inspections/{id},overbroad_role,function_auth,wrong_role,1,1,function_authorization,function_authorization,1,1,1,1,0.784,43.0
llama3.2:3b,business_licensing::GET__inspections_id::purpose_bypass::test_04_wrong_purpose,business_licensing,GET /inspections/{id},purpose_bypass,purpose_scope,wrong_purpose,1,1,purpose_scope,function_authorization,1,1,0,0,0.724,37.0
llama3.2:3b,business_licensing::GET__licenses_export::aggregation_leak::test_08_aggregation_boundary,business_licensing,GET /licenses/export,aggregation_leak,property_auth,aggregation_boundary,1,1,aggregation_boundary,function_authorization,1,1,0,0,0.876,4.0
llama3.2:3b,business_licensing::GET__licenses_export::deprecated_exposed::test_09_deprecated_inventory,business_licensing,GET /licenses/export,deprecated_exposed,inventory,deprecated_inventory,1,1,endpoint_inventory,function_authorization,1,1,0,0,0.52,8.0
llama3.2:3b,business_licensing::GET__licenses_export::jurisdiction_bypass::test_03_wrong_jurisdiction,business_licensing,GET /licenses/export,jurisdiction_bypass,object_auth,wrong_jurisdiction,1,1,jurisdiction_scope,function_authorization,1,1,0,0,0.935,40.0
llama3.2:3b,business_licensing::GET__licenses_export::missing_auth::test_06_unauthenticated,business_licensing,GET /licenses/export,missing_auth,function_auth,unauthenticated,1,1,authentication,function_authorization,1,1,0,0,1.157,44.0
llama3.2:3b,business_licensing::GET__licenses_export::missing_auth::test_07_sensitive_field_probe,business_licensing,GET /licenses/export,missing_auth,function_auth,sensitive_field_probe,0,1,none,function_authorization,1,0,0,0,0.58,0.0
llama3.2:3b,business_licensing::GET__licenses_export::missing_field_filter::test_05_self_access,business_licensing,GET /licenses/export,missing_field_filter,property_auth,self_access,1,0,field_minimization,none,1,0,0,0,0.79,6.0
llama3.2:3b,business_licensing::GET__licenses_export::missing_object_check::test_03_wrong_jurisdiction,business_licensing,GET /licenses/export,missing_object_check,object_auth,wrong_jurisdiction,1,1,object_scope,function_authorization,1,1,0,0,0.646,40.0
llama3.2:3b,business_licensing::GET__licenses_export::overbroad_role::test_02_wrong_role,business_licensing,GET /licenses/export,overbroad_role,function_auth,wrong_role,1,1,function_authorization,function_authorization,1,1,1,1,0.736,44.0
llama3.2:3b,business_licensing::GET__licenses_export::purpose_bypass::test_04_wrong_purpose,business_licensing,GET /licenses/export,purpose_bypass,purpose_scope,wrong_purpose,1,1,purpose_scope,function_authorization,1,1,0,0,0.703,40.0
llama3.2:3b,business_licensing::GET__licenses_id::aggregation_leak::test_08_aggregation_boundary,business_licensing,GET /licenses/{id},aggregation_leak,property_auth,aggregation_boundary,1,0,aggregation_boundary,none,1,0,0,0,0.939,4.0
llama3.2:3b,business_licensing::GET__licenses_id::correct::test_06_unauthenticated,business_licensing,GET /licenses/{id},correct,clean,unauthenticated,0,1,none,function_authorization,1,0,0,0,0.643,0.0
llama3.2:3b,business_licensing::GET__licenses_id::deprecated_exposed::test_09_deprecated_inventory,business_licensing,GET /licenses/{id},deprecated_exposed,inventory,deprecated_inventory,1,0,endpoint_inventory,none,1,0,0,0,0.577,8.0
llama3.2:3b,business_licensing::GET__licenses_id::jurisdiction_bypass::test_03_wrong_jurisdiction,business_licensing,GET /licenses/{id},jurisdiction_bypass,object_auth,wrong_jurisdiction,1,1,jurisdiction_scope,function_authorization,1,1,0,0,0.644,38.0
llama3.2:3b,business_licensing::GET__licenses_id::missing_audit_log::test_06_unauthenticated,business_licensing,GET /licenses/{id},missing_audit_log,auditability,unauthenticated,1,1,audit_obligation,function_authorization,1,1,0,0,0.523,3.0
llama3.2:3b,business_licensing::GET__licenses_id::missing_auth::test_06_unauthenticated,business_licensing,GET /licenses/{id},missing_auth,function_auth,unauthenticated,1,1,authentication,function_authorization,1,1,0,0,0.867,42.0
llama3.2:3b,business_licensing::GET__licenses_id::missing_object_check::test_03_wrong_jurisdiction,business_licensing,GET /licenses/{id},missing_object_check,object_auth,wrong_jurisdiction,1,1,object_scope,function_authorization,1,1,0,0,0.349,38.0
llama3.2:3b,business_licensing::GET__licenses_id::overbroad_role::test_02_wrong_role,business_licensing,GET /licenses/{id},overbroad_role,function_auth,wrong_role,1,1,function_authorization,function_authorization,1,1,1,1,1.179,42.0
llama3.2:3b,business_licensing::GET__licenses_id::purpose_bypass::test_04_wrong_purpose,business_licensing,GET /licenses/{id},purpose_bypass,purpose_scope,wrong_purpose,1,1,purpose_scope,function_authorization,1,1,0,0,0.706,38.0
llama3.2:3b,citizen_services::GET__benefits_id::aggregation_leak::test_02_wrong_role,citizen_services,GET /benefits/{id},aggregation_leak,property_auth,wrong_role,0,1,none,function_authorization,1,0,0,0,1.064,0.0
llama3.2:3b,citizen_services::GET__benefits_id::aggregation_leak::test_08_aggregation_boundary,citizen_services,GET /benefits/{id},aggregation_leak,property_auth,aggregation_boundary,1,1,aggregation_boundary,function_authorization,1,1,0,0,1.025,9.0
llama3.2:3b,citizen_services::GET__benefits_id::correct::test_09_deprecated_inventory,citizen_services,GET /benefits/{id},correct,clean,deprecated_inventory,0,1,none,function_authorization,1,0,0,0,0.56,0.0
llama3.2:3b,citizen_services::GET__benefits_id::deprecated_exposed::test_09_deprecated_inventory,citizen_services,GET /benefits/{id},deprecated_exposed,inventory,deprecated_inventory,1,0,endpoint_inventory,none,1,0,0,0,0.631,13.0
llama3.2:3b,citizen_services::GET__benefits_id::jurisdiction_bypass::test_03_wrong_jurisdiction,citizen_services,GET /benefits/{id},jurisdiction_bypass,object_auth,wrong_jurisdiction,1,1,jurisdiction_scope,function_authorization,1,1,0,0,0.654,48.0
llama3.2:3b,citizen_services::GET__benefits_id::missing_audit_log::test_09_deprecated_inventory,citizen_services,GET /benefits/{id},missing_audit_log,auditability,deprecated_inventory,1,1,audit_obligation,function_authorization,1,1,0,0,0.576,3.0
llama3.2:3b,citizen_services::GET__benefits_id::missing_auth::test_06_unauthenticated,citizen_services,GET /benefits/{id},missing_auth,function_auth,unauthenticated,1,1,authentication,function_authorization,1,1,0,0,1.004,57.0
llama3.2:3b,citizen_services::GET__benefits_id::missing_field_filter::test_07_sensitive_field_probe,citizen_services,GET /benefits/{id},missing_field_filter,property_auth,sensitive_field_probe,1,1,field_minimization,function_authorization,1,1,0,0,0.905,9.0
llama3.2:3b,citizen_services::GET__benefits_id::missing_field_filter::test_09_deprecated_inventory,citizen_services,GET /benefits/{id},missing_field_filter,property_auth,deprecated_inventory,1,1,field_minimization,function_authorization,1,1,0,0,0.34,9.0
llama3.2:3b,citizen_services::GET__benefits_id::missing_object_check::test_03_wrong_jurisdiction,citizen_services,GET /benefits/{id},missing_object_check,object_auth,wrong_jurisdiction,1,1,object_scope,function_authorization,1,1,0,0,0.339,48.0
llama3.2:3b,citizen_services::GET__benefits_id::overbroad_role::test_02_wrong_role,citizen_services,GET /benefits/{id},overbroad_role,function_auth,wrong_role,1,1,function_authorization,function_authorization,1,1,1,1,0.781,57.0
llama3.2:3b,citizen_services::GET__benefits_id::purpose_bypass::test_04_wrong_purpose,citizen_services,GET /benefits/{id},purpose_bypass,purpose_scope,wrong_purpose,1,1,purpose_scope,function_authorization,1,1,0,0,0.705,48.0
llama3.2:3b,citizen_services::GET__citizens_export::aggregation_leak::test_08_aggregation_boundary,citizen_services,GET /citizens/export,aggregation_leak,property_auth,aggregation_boundary,1,1,aggregation_boundary,function_authorization,1,1,0,0,1.278,11.0
llama3.2:3b,citizen_services::GET__citizens_export::deprecated_exposed::test_09_deprecated_inventory,citizen_services,GET /citizens/export,deprecated_exposed,inventory,deprecated_inventory,1,0,endpoint_inventory,none,1,0,0,0,0.568,15.0
llama3.2:3b,citizen_services::GET__citizens_export::jurisdiction_bypass::test_03_wrong_jurisdiction,citizen_services,GET /citizens/export,jurisdiction_bypass,object_auth,wrong_jurisdiction,1,1,jurisdiction_scope,function_authorization,1,1,0,0,0.955,48.0
llama3.2:3b,citizen_services::GET__citizens_export::missing_audit_log::test_09_deprecated_inventory,citizen_services,GET /citizens/export,missing_audit_log,auditability,deprecated_inventory,1,1,audit_obligation,function_authorization,1,1,0,0,0.875,3.0
llama3.2:3b,citizen_services::GET__citizens_export::missing_auth::test_06_unauthenticated,citizen_services,GET /citizens/export,missing_auth,function_auth,unauthenticated,1,1,authentication,function_authorization,1,1,0,0,1.066,59.0
llama3.2:3b,citizen_services::GET__citizens_export::missing_field_filter::test_05_self_access,citizen_services,GET /citizens/export,missing_field_filter,property_auth,self_access,1,1,field_minimization,function_authorization,1,1,0,0,0.737,11.0
llama3.2:3b,citizen_services::GET__citizens_export::missing_field_filter::test_08_aggregation_boundary,citizen_services,GET /citizens/export,missing_field_filter,property_auth,aggregation_boundary,1,1,field_minimization,function_authorization,1,1,0,0,0.908,11.0
llama3.2:3b,citizen_services::GET__citizens_export::missing_object_check::test_03_wrong_jurisdiction,citizen_services,GET /citizens/export,missing_object_check,object_auth,wrong_jurisdiction,1,1,object_scope,function_authorization,1,1,0,0,0.986,48.0
llama3.2:3b,citizen_services::GET__citizens_export::missing_object_check::test_05_self_access,citizen_services,GET /citizens/export,missing_object_check,object_auth,self_access,0,1,none,function_authorization,1,0,0,0,0.866,0.0
llama3.2:3b,citizen_services::GET__citizens_export::overbroad_role::test_02_wrong_role,citizen_services,GET /citizens/export,overbroad_role,function_auth,wrong_role,1,1,function_authorization,function_authorization,1,1,1,1,1.044,59.0
llama3.2:3b,citizen_services::GET__citizens_export::purpose_bypass::test_04_wrong_purpose,citizen_services,GET /citizens/export,purpose_bypass,purpose_scope,wrong_purpose,1,1,purpose_scope,function_authorization,1,1,0,0,0.996,48.0
llama3.2:3b,citizen_services::GET__citizens_id::jurisdiction_bypass::test_03_wrong_jurisdiction,citizen_services,GET /citizens/{id},jurisdiction_bypass,object_auth,wrong_jurisdiction,1,1,jurisdiction_scope,function_authorization,1,1,0,0,0.899,47.0
llama3.2:3b,citizen_services::GET__citizens_id::missing_auth::test_06_unauthenticated,citizen_services,GET /citizens/{id},missing_auth,function_auth,unauthenticated,1,1,authentication,function_authorization,1,1,0,0,0.733,58.0
llama3.2:3b,citizen_services::GET__citizens_id::missing_field_filter::test_09_deprecated_inventory,citizen_services,GET /citizens/{id},missing_field_filter,property_auth,deprecated_inventory,1,1,field_minimization,function_authorization,1,1,0,0,0.968,11.0
llama3.2:3b,citizen_services::GET__citizens_id::missing_object_check::test_03_wrong_jurisdiction,citizen_services,GET /citizens/{id},missing_object_check,object_auth,wrong_jurisdiction,1,1,object_scope,function_authorization,1,1,0,0,0.644,47.0
llama3.2:3b,citizen_services::GET__citizens_id::overbroad_role::test_02_wrong_role,citizen_services,GET /citizens/{id},overbroad_role,function_auth,wrong_role,1,1,function_authorization,function_authorization,1,1,1,1,1.276,58.0
llama3.2:3b,citizen_services::GET__citizens_id::purpose_bypass::test_04_wrong_purpose,citizen_services,GET /citizens/{id},purpose_bypass,purpose_scope,wrong_purpose,1,1,purpose_scope,function_authorization,1,1,0,0,0.69,47.0
llama3.2:3b,citizen_services::GET__citizens_id::purpose_bypass::test_06_unauthenticated,citizen_services,GET /citizens/{id},purpose_bypass,purpose_scope,unauthenticated,0,1,none,function_authorization,1,0,0,0,0.899,0.0
llama3.2:3b,education::GET__classes_id_roster::aggregation_leak::test_03_wrong_jurisdiction,education,GET /classes/{id}/roster,aggregation_leak,property_auth,wrong_jurisdiction,0,1,none,function_authorization,1,0,0,0,0.867,0.0
llama3.2:3b,education::GET__classes_id_roster::aggregation_leak::test_08_aggregation_boundary,education,GET /classes/{id}/roster,aggregation_leak,property_auth,aggregation_boundary,1,1,aggregation_boundary,function_authorization,1,1,0,0,0.759,17.0
llama3.2:3b,education::GET__classes_id_roster::deprecated_exposed::test_09_deprecated_inventory,education,GET /classes/{id}/roster,deprecated_exposed,inventory,deprecated_inventory,1,1,endpoint_inventory,function_authorization,1,1,0,0,0.59,21.0
llama3.2:3b,education::GET__classes_id_roster::jurisdiction_bypass::test_03_wrong_jurisdiction,education,GET /classes/{id}/roster,jurisdiction_bypass,object_auth,wrong_jurisdiction,1,1,jurisdiction_scope,function_authorization,1,1,0,0,0.648,42.0
llama3.2:3b,education::GET__classes_id_roster::jurisdiction_bypass::test_04_wrong_purpose,education,GET /classes/{id}/roster,jurisdiction_bypass,object_auth,wrong_purpose,0,1,none,function_authorization,1,0,0,0,0.683,0.0
llama3.2:3b,education::GET__classes_id_roster::missing_audit_log::test_03_wrong_jurisdiction,education,GET /classes/{id}/roster,missing_audit_log,auditability,wrong_jurisdiction,1,1,audit_obligation,function_authorization,1,1,0,0,0.572,3.0
llama3.2:3b,education::GET__classes_id_roster::missing_audit_log::test_04_wrong_purpose,education,GET /classes/{id}/roster,missing_audit_log,auditability,wrong_purpose,1,1,audit_obligation,function_authorization,1,1,0,0,0.51,3.0
llama3.2:3b,education::GET__classes_id_roster::missing_field_filter::test_05_self_access,education,GET /classes/{id}/roster,missing_field_filter,property_auth,self_access,1,1,field_minimization,function_authorization,1,1,0,0,0.641,17.0
llama3.2:3b,education::GET__classes_id_roster::missing_object_check::test_03_wrong_jurisdiction,education,GET /classes/{id}/roster,missing_object_check,object_auth,wrong_jurisdiction,1,1,object_scope,function_authorization,1,1,0,0,0.564,42.0
llama3.2:3b,education::GET__classes_id_roster::overbroad_role::test_02_wrong_role,education,GET /classes/{id}/roster,overbroad_role,function_auth,wrong_role,1,1,function_authorization,function_authorization,1,1,1,1,0.968,59.0
llama3.2:3b,education::GET__classes_id_roster::purpose_bypass::test_04_wrong_purpose,education,GET /classes/{id}/roster,purpose_bypass,purpose_scope,wrong_purpose,1,0,purpose_scope,none,1,0,0,0,0.649,42.0
llama3.2:3b,education::GET__discipline_id::aggregation_leak::test_08_aggregation_boundary,education,GET /discipline/{id},aggregation_leak,property_auth,aggregation_boundary,1,0,aggregation_boundary,none,1,0,0,0,0.899,15.0
llama3.2:3b,education::GET__discipline_id::deprecated_exposed::test_09_deprecated_inventory,education,GET /discipline/{id},deprecated_exposed,inventory,deprecated_inventory,1,0,endpoint_inventory,none,1,0,0,0,0.571,19.0
llama3.2:3b,education::GET__discipline_id::jurisdiction_bypass::test_03_wrong_jurisdiction,education,GET /discipline/{id},jurisdiction_bypass,object_auth,wrong_jurisdiction,1,1,jurisdiction_scope,function_authorization,1,1,0,0,0.633,45.0
llama3.2:3b,education::GET__discipline_id::missing_audit_log::test_07_sensitive_field_probe,education,GET /discipline/{id},missing_audit_log,auditability,sensitive_field_probe,1,0,audit_obligation,none,1,0,0,0,0.583,3.0
llama3.2:3b,education::GET__discipline_id::missing_auth::test_06_unauthenticated,education,GET /discipline/{id},missing_auth,function_auth,unauthenticated,1,1,authentication,function_authorization,1,1,0,0,0.683,60.0
llama3.2:3b,education::GET__discipline_id::missing_object_check::test_03_wrong_jurisdiction,education,GET /discipline/{id},missing_object_check,object_auth,wrong_jurisdiction,1,1,object_scope,function_authorization,1,1,0,0,0.352,45.0
llama3.2:3b,education::GET__discipline_id::overbroad_role::test_02_wrong_role,education,GET /discipline/{id},overbroad_role,function_auth,wrong_role,1,1,function_authorization,function_authorization,1,1,1,1,0.649,60.0
llama3.2:3b,education::GET__discipline_id::purpose_bypass::test_04_wrong_purpose,education,GET /discipline/{id},purpose_bypass,purpose_scope,wrong_purpose,1,0,purpose_scope,none,1,0,0,0,0.654,45.0
llama3.2:3b,education::GET__students_id_record::aggregation_leak::test_08_aggregation_boundary,education,GET /students/{id}/record,aggregation_leak,property_auth,aggregation_boundary,1,1,aggregation_boundary,function_authorization,1,1,0,0,0.805,17.0
llama3.2:3b,education::GET__students_id_record::deprecated_exposed::test_09_deprecated_inventory,education,GET /students/{id}/record,deprecated_exposed,inventory,deprecated_inventory,1,1,endpoint_inventory,function_authorization,1,1,0,0,0.545,21.0
llama3.2:3b,education::GET__students_id_record::jurisdiction_bypass::test_03_wrong_jurisdiction,education,GET /students/{id}/record,jurisdiction_bypass,object_auth,wrong_jurisdiction,1,1,jurisdiction_scope,function_authorization,1,1,0,0,0.687,42.0
llama3.2:3b,education::GET__students_id_record::missing_audit_log::test_01_valid,education,GET /students/{id}/record,missing_audit_log,auditability,valid,1,1,audit_obligation,function_authorization,1,1,0,0,0.624,3.0
llama3.2:3b,education::GET__students_id_record::missing_audit_log::test_03_wrong_jurisdiction,education,GET /students/{id}/record,missing_audit_log,auditability,wrong_jurisdiction,1,1,audit_obligation,function_authorization,1,1,0,0,1.201,3.0
llama3.2:3b,education::GET__students_id_record::missing_audit_log::test_05_self_access,education,GET /students/{id}/record,missing_audit_log,auditability,self_access,1,1,audit_obligation,function_authorization,1,1,0,0,0.682,3.0
llama3.2:3b,education::GET__students_id_record::missing_auth::test_06_unauthenticated,education,GET /students/{id}/record,missing_auth,function_auth,unauthenticated,1,1,authentication,function_authorization,1,1,0,0,0.982,59.0
llama3.2:3b,education::GET__students_id_record::missing_field_filter::test_01_valid,education,GET /students/{id}/record,missing_field_filter,property_auth,valid,1,1,field_minimization,function_authorization,1,1,0,0,0.575,17.0
llama3.2:3b,education::GET__students_id_record::missing_object_check::test_03_wrong_jurisdiction,education,GET /students/{id}/record,missing_object_check,object_auth,wrong_jurisdiction,1,1,object_scope,function_authorization,1,1,0,0,0.574,42.0
llama3.2:3b,education::GET__students_id_record::overbroad_role::test_02_wrong_role,education,GET /students/{id}/record,overbroad_role,function_auth,wrong_role,1,1,function_authorization,function_authorization,1,1,1,1,0.75,59.0
llama3.2:3b,education::GET__students_id_record::purpose_bypass::test_04_wrong_purpose,education,GET /students/{id}/record,purpose_bypass,purpose_scope,wrong_purpose,1,0,purpose_scope,none,1,0,0,0,0.789,42.0
llama3.2:3b,health::GET__encounters_id::aggregation_leak::test_08_aggregation_boundary,health,GET /encounters/{id},aggregation_leak,property_auth,aggregation_boundary,1,0,aggregation_boundary,none,1,0,0,0,1.013,8.0
llama3.2:3b,health::GET__encounters_id::deprecated_exposed::test_09_deprecated_inventory,health,GET /encounters/{id},deprecated_exposed,inventory,deprecated_inventory,1,0,endpoint_inventory,none,1,0,0,0,0.612,12.0
llama3.2:3b,health::GET__encounters_id::jurisdiction_bypass::test_03_wrong_jurisdiction,health,GET /encounters/{id},jurisdiction_bypass,object_auth,wrong_jurisdiction,1,1,jurisdiction_scope,function_authorization,1,1,0,0,0.931,53.0
llama3.2:3b,health::GET__encounters_id::missing_auth::test_06_unauthenticated,health,GET /encounters/{id},missing_auth,function_auth,unauthenticated,1,1,authentication,function_authorization,1,1,0,0,1.652,61.0
llama3.2:3b,health::GET__encounters_id::missing_auth::test_09_deprecated_inventory,health,GET /encounters/{id},missing_auth,function_auth,deprecated_inventory,0,1,none,function_authorization,1,0,0,0,0.866,0.0
llama3.2:3b,health::GET__encounters_id::missing_field_filter::test_09_deprecated_inventory,health,GET /encounters/{id},missing_field_filter,property_auth,deprecated_inventory,1,0,field_minimization,none,1,0,0,0,0.751,8.0
llama3.2:3b,health::GET__encounters_id::missing_object_check::test_03_wrong_jurisdiction,health,GET /encounters/{id},missing_object_check,object_auth,wrong_jurisdiction,1,1,object_scope,function_authorization,1,1,0,0,0.66,53.0
llama3.2:3b,health::GET__encounters_id::overbroad_role::test_02_wrong_role,health,GET /encounters/{id},overbroad_role,function_auth,wrong_role,1,1,function_authorization,function_authorization,1,1,1,1,0.933,61.0
llama3.2:3b,health::GET__encounters_id::purpose_bypass::test_04_wrong_purpose,health,GET /encounters/{id},purpose_bypass,purpose_scope,wrong_purpose,1,1,purpose_scope,function_authorization,1,1,0,0,1.192,53.0
llama3.2:3b,health::GET__patients_id::aggregation_leak::test_08_aggregation_boundary,health,GET /patients/{id},aggregation_leak,property_auth,aggregation_boundary,1,1,aggregation_boundary,function_authorization,1,1,0,0,1.289,4.0
llama3.2:3b,health::GET__patients_id::deprecated_exposed::test_09_deprecated_inventory,health,GET /patients/{id},deprecated_exposed,inventory,deprecated_inventory,1,0,endpoint_inventory,none,1,0,0,0,0.588,8.0
llama3.2:3b,health::GET__patients_id::jurisdiction_bypass::test_03_wrong_jurisdiction,health,GET /patients/{id},jurisdiction_bypass,object_auth,wrong_jurisdiction,1,1,jurisdiction_scope,function_authorization,1,1,0,0,0.699,57.0
llama3.2:3b,health::GET__patients_id::missing_audit_log::test_01_valid,health,GET /patients/{id},missing_audit_log,auditability,valid,1,1,audit_obligation,function_authorization,1,1,0,0,0.619,3.0
llama3.2:3b,health::GET__patients_id::missing_audit_log::test_07_sensitive_field_probe,health,GET /patients/{id},missing_audit_log,auditability,sensitive_field_probe,1,1,audit_obligation,function_authorization,1,1,0,0,0.347,3.0
llama3.2:3b,health::GET__patients_id::missing_auth::test_05_self_access,health,GET /patients/{id},missing_auth,function_auth,self_access,0,0,none,none,1,1,1,1,0.785,0.0
llama3.2:3b,health::GET__patients_id::missing_auth::test_06_unauthenticated,health,GET /patients/{id},missing_auth,function_auth,unauthenticated,1,1,authentication,function_authorization,1,1,0,0,1.326,61.0
llama3.2:3b,health::GET__patients_id::missing_field_filter::test_01_valid,health,GET /patients/{id},missing_field_filter,property_auth,valid,1,1,field_minimization,function_authorization,1,1,0,0,0.946,4.0
llama3.2:3b,health::GET__patients_id::missing_object_check::test_03_wrong_jurisdiction,health,GET /patients/{id},missing_object_check,object_auth,wrong_jurisdiction,1,1,object_scope,function_authorization,1,1,0,0,0.372,57.0
llama3.2:3b,health::GET__patients_id::overbroad_role::test_02_wrong_role,health,GET /patients/{id},overbroad_role,function_auth,wrong_role,1,1,function_authorization,function_authorization,1,1,1,1,1.334,61.0
llama3.2:3b,health::GET__patients_id::purpose_bypass::test_04_wrong_purpose,health,GET /patients/{id},purpose_bypass,purpose_scope,wrong_purpose,1,1,purpose_scope,function_authorization,1,1,0,0,0.665,57.0
llama3.2:3b,health::GET__patients_search::aggregation_leak::test_08_aggregation_boundary,health,GET /patients/search,aggregation_leak,property_auth,aggregation_boundary,1,1,aggregation_boundary,function_authorization,1,1,0,0,1.06,4.0
llama3.2:3b,health::GET__patients_search::deprecated_exposed::test_09_deprecated_inventory,health,GET /patients/search,deprecated_exposed,inventory,deprecated_inventory,1,1,endpoint_inventory,function_authorization,1,1,0,0,0.741,8.0
llama3.2:3b,health::GET__patients_search::jurisdiction_bypass::test_03_wrong_jurisdiction,health,GET /patients/search,jurisdiction_bypass,object_auth,wrong_jurisdiction,1,1,jurisdiction_scope,function_authorization,1,1,0,0,0.871,56.0
llama3.2:3b,health::GET__patients_search::jurisdiction_bypass::test_05_self_access,health,GET /patients/search,jurisdiction_bypass,object_auth,self_access,0,0,none,none,1,1,1,1,0.784,0.0
llama3.2:3b,health::GET__patients_search::missing_auth::test_06_unauthenticated,health,GET /patients/search,missing_auth,function_auth,unauthenticated,1,1,authentication,function_authorization,1,1,0,0,0.941,60.0
llama3.2:3b,health::GET__patients_search::missing_field_filter::test_08_aggregation_boundary,health,GET /patients/search,missing_field_filter,property_auth,aggregation_boundary,1,1,field_minimization,function_authorization,1,1,0,0,0.75,4.0
llama3.2:3b,health::GET__patients_search::missing_object_check::test_01_valid,health,GET /patients/search,missing_object_check,object_auth,valid,0,1,none,function_authorization,1,0,0,0,0.781,0.0
llama3.2:3b,health::GET__patients_search::missing_object_check::test_03_wrong_jurisdiction,health,GET /patients/search,missing_object_check,object_auth,wrong_jurisdiction,1,1,object_scope,function_authorization,1,1,0,0,0.567,56.0
llama3.2:3b,health::GET__patients_search::overbroad_role::test_02_wrong_role,health,GET /patients/search,overbroad_role,function_auth,wrong_role,1,1,function_authorization,function_authorization,1,1,1,1,0.887,60.0
llama3.2:3b,health::GET__patients_search::purpose_bypass::test_04_wrong_purpose,health,GET /patients/search,purpose_bypass,purpose_scope,wrong_purpose,1,1,purpose_scope,function_authorization,1,1,0,0,0.897,56.0
phi3:mini,business_licensing::GET__licenses_export::missing_audit_log::test_08_aggregation_boundary,business_licensing,GET /licenses/export,missing_audit_log,auditability,aggregation_boundary,1,1,audit_obligation,function_authorization,1,1,0,0,3.33,3.0
phi3:mini,citizen_services::GET__citizens_id::aggregation_leak::test_08_aggregation_boundary,citizen_services,GET /citizens/{id},aggregation_leak,property_auth,aggregation_boundary,1,1,aggregation_boundary,function_authorization,1,1,0,0,1.459,11.0
phi3:mini,citizen_services::GET__citizens_id::deprecated_exposed::test_09_deprecated_inventory,citizen_services,GET /citizens/{id},deprecated_exposed,inventory,deprecated_inventory,1,1,endpoint_inventory,function_authorization,1,1,0,0,0.935,15.0
phi3:mini,citizen_services::GET__citizens_id::missing_field_filter::test_07_sensitive_field_probe,citizen_services,GET /citizens/{id},missing_field_filter,property_auth,sensitive_field_probe,1,1,field_minimization,function_authorization,1,1,0,0,0.996,11.0
phi3:mini,education::GET__classes_id_roster::missing_auth::test_06_unauthenticated,education,GET /classes/{id}/roster,missing_auth,function_auth,unauthenticated,1,1,authentication,authentication,1,1,1,1,1.499,59.0
phi3:mini,business_licensing::GET__inspections_id::aggregation_leak::test_08_aggregation_boundary,business_licensing,GET /inspections/{id},aggregation_leak,property_auth,aggregation_boundary,1,1,aggregation_boundary,function_authorization,1,1,0,0,2.911,6.0
phi3:mini,business_licensing::GET__inspections_id::deprecated_exposed::test_09_deprecated_inventory,business_licensing,GET /inspections/{id},deprecated_exposed,inventory,deprecated_inventory,1,1,endpoint_inventory,function_authorization,1,1,0,0,0.906,10.0
phi3:mini,business_licensing::GET__inspections_id::jurisdiction_bypass::test_03_wrong_jurisdiction,business_licensing,GET /inspections/{id},jurisdiction_bypass,object_auth,wrong_jurisdiction,1,1,jurisdiction_scope,function_authorization,1,1,0,0,1.225,37.0
phi3:mini,business_licensing::GET__inspections_id::missing_auth::test_06_unauthenticated,business_licensing,GET /inspections/{id},missing_auth,function_auth,unauthenticated,1,1,authentication,authentication,1,1,1,1,1.304,43.0
phi3:mini,business_licensing::GET__inspections_id::missing_object_check::test_03_wrong_jurisdiction,business_licensing,GET /inspections/{id},missing_object_check,object_auth,wrong_jurisdiction,1,1,object_scope,function_authorization,1,1,0,0,0.727,37.0
phi3:mini,business_licensing::GET__inspections_id::overbroad_role::test_02_wrong_role,business_licensing,GET /inspections/{id},overbroad_role,function_auth,wrong_role,1,1,function_authorization,function_authorization,1,1,1,1,1.575,43.0
phi3:mini,business_licensing::GET__inspections_id::purpose_bypass::test_04_wrong_purpose,business_licensing,GET /inspections/{id},purpose_bypass,purpose_scope,wrong_purpose,1,1,purpose_scope,function_authorization,1,1,0,0,1.745,37.0
phi3:mini,business_licensing::GET__licenses_export::aggregation_leak::test_08_aggregation_boundary,business_licensing,GET /licenses/export,aggregation_leak,property_auth,aggregation_boundary,1,1,aggregation_boundary,function_authorization,1,1,0,0,1.883,4.0
phi3:mini,business_licensing::GET__licenses_export::deprecated_exposed::test_09_deprecated_inventory,business_licensing,GET /licenses/export,deprecated_exposed,inventory,deprecated_inventory,1,1,endpoint_inventory,function_authorization,1,1,0,0,1.147,8.0
phi3:mini,business_licensing::GET__licenses_export::jurisdiction_bypass::test_03_wrong_jurisdiction,business_licensing,GET /licenses/export,jurisdiction_bypass,object_auth,wrong_jurisdiction,1,1,jurisdiction_scope,function_authorization,1,1,0,0,1.876,40.0
phi3:mini,business_licensing::GET__licenses_export::missing_auth::test_06_unauthenticated,business_licensing,GET /licenses/export,missing_auth,function_auth,unauthenticated,1,1,authentication,authentication,1,1,1,1,2.018,44.0
phi3:mini,business_licensing::GET__licenses_export::missing_auth::test_07_sensitive_field_probe,business_licensing,GET /licenses/export,missing_auth,function_auth,sensitive_field_probe,0,1,none,function_authorization,1,0,0,0,1.259,0.0
phi3:mini,business_licensing::GET__licenses_export::missing_field_filter::test_05_self_access,business_licensing,GET /licenses/export,missing_field_filter,property_auth,self_access,1,1,field_minimization,function_authorization,1,1,0,0,1.392,6.0
phi3:mini,business_licensing::GET__licenses_export::missing_object_check::test_03_wrong_jurisdiction,business_licensing,GET /licenses/export,missing_object_check,object_auth,wrong_jurisdiction,1,1,object_scope,function_authorization,1,1,0,0,0.918,40.0
phi3:mini,business_licensing::GET__licenses_export::overbroad_role::test_02_wrong_role,business_licensing,GET /licenses/export,overbroad_role,function_auth,wrong_role,1,1,function_authorization,function_authorization,1,1,1,1,1.797,44.0
phi3:mini,business_licensing::GET__licenses_export::purpose_bypass::test_04_wrong_purpose,business_licensing,GET /licenses/export,purpose_bypass,purpose_scope,wrong_purpose,1,1,purpose_scope,function_authorization,1,1,0,0,1.646,40.0
phi3:mini,business_licensing::GET__licenses_id::aggregation_leak::test_08_aggregation_boundary,business_licensing,GET /licenses/{id},aggregation_leak,property_auth,aggregation_boundary,1,1,aggregation_boundary,function_authorization,1,1,0,0,1.921,4.0
phi3:mini,business_licensing::GET__licenses_id::correct::test_06_unauthenticated,business_licensing,GET /licenses/{id},correct,clean,unauthenticated,0,1,none,authentication,1,0,0,0,1.36,0.0
phi3:mini,business_licensing::GET__licenses_id::deprecated_exposed::test_09_deprecated_inventory,business_licensing,GET /licenses/{id},deprecated_exposed,inventory,deprecated_inventory,1,1,endpoint_inventory,function_authorization,1,1,0,0,1.231,8.0
phi3:mini,business_licensing::GET__licenses_id::jurisdiction_bypass::test_03_wrong_jurisdiction,business_licensing,GET /licenses/{id},jurisdiction_bypass,object_auth,wrong_jurisdiction,1,1,jurisdiction_scope,function_authorization,1,1,0,0,1.349,38.0
phi3:mini,business_licensing::GET__licenses_id::missing_audit_log::test_06_unauthenticated,business_licensing,GET /licenses/{id},missing_audit_log,auditability,unauthenticated,1,1,audit_obligation,authentication,1,1,0,0,1.196,3.0
phi3:mini,business_licensing::GET__licenses_id::missing_auth::test_06_unauthenticated,business_licensing,GET /licenses/{id},missing_auth,function_auth,unauthenticated,1,1,authentication,authentication,1,1,1,1,1.262,42.0
phi3:mini,business_licensing::GET__licenses_id::missing_object_check::test_03_wrong_jurisdiction,business_licensing,GET /licenses/{id},missing_object_check,object_auth,wrong_jurisdiction,1,1,object_scope,function_authorization,1,1,0,0,0.704,38.0
phi3:mini,business_licensing::GET__licenses_id::overbroad_role::test_02_wrong_role,business_licensing,GET /licenses/{id},overbroad_role,function_auth,wrong_role,1,1,function_authorization,function_authorization,1,1,1,1,1.416,42.0
phi3:mini,business_licensing::GET__licenses_id::purpose_bypass::test_04_wrong_purpose,business_licensing,GET /licenses/{id},purpose_bypass,purpose_scope,wrong_purpose,1,1,purpose_scope,function_authorization,1,1,0,0,1.588,38.0
phi3:mini,citizen_services::GET__benefits_id::aggregation_leak::test_02_wrong_role,citizen_services,GET /benefits/{id},aggregation_leak,property_auth,wrong_role,0,1,none,authentication,1,0,0,0,1.718,0.0
phi3:mini,citizen_services::GET__benefits_id::aggregation_leak::test_08_aggregation_boundary,citizen_services,GET /benefits/{id},aggregation_leak,property_auth,aggregation_boundary,1,1,aggregation_boundary,authentication,1,1,0,0,1.339,9.0
phi3:mini,citizen_services::GET__benefits_id::correct::test_09_deprecated_inventory,citizen_services,GET /benefits/{id},correct,clean,deprecated_inventory,0,1,none,authentication,1,0,0,0,1.062,0.0
phi3:mini,citizen_services::GET__benefits_id::deprecated_exposed::test_09_deprecated_inventory,citizen_services,GET /benefits/{id},deprecated_exposed,inventory,deprecated_inventory,1,1,endpoint_inventory,authentication,1,1,0,0,1.127,13.0
phi3:mini,citizen_services::GET__benefits_id::jurisdiction_bypass::test_03_wrong_jurisdiction,citizen_services,GET /benefits/{id},jurisdiction_bypass,object_auth,wrong_jurisdiction,1,1,jurisdiction_scope,authentication,1,1,0,0,1.49,48.0
phi3:mini,citizen_services::GET__benefits_id::missing_audit_log::test_09_deprecated_inventory,citizen_services,GET /benefits/{id},missing_audit_log,auditability,deprecated_inventory,1,1,audit_obligation,unknown,1,1,0,0,1.598,3.0
phi3:mini,citizen_services::GET__benefits_id::missing_auth::test_06_unauthenticated,citizen_services,GET /benefits/{id},missing_auth,function_auth,unauthenticated,1,1,authentication,authentication,1,1,1,1,1.747,57.0
phi3:mini,citizen_services::GET__benefits_id::missing_field_filter::test_07_sensitive_field_probe,citizen_services,GET /benefits/{id},missing_field_filter,property_auth,sensitive_field_probe,1,1,field_minimization,authentication,1,1,0,0,1.129,9.0
phi3:mini,citizen_services::GET__benefits_id::missing_field_filter::test_09_deprecated_inventory,citizen_services,GET /benefits/{id},missing_field_filter,property_auth,deprecated_inventory,1,1,field_minimization,authentication,1,1,0,0,0.683,9.0
phi3:mini,citizen_services::GET__benefits_id::missing_object_check::test_03_wrong_jurisdiction,citizen_services,GET /benefits/{id},missing_object_check,object_auth,wrong_jurisdiction,1,1,object_scope,authentication,1,1,0,0,0.729,48.0
phi3:mini,citizen_services::GET__benefits_id::overbroad_role::test_02_wrong_role,citizen_services,GET /benefits/{id},overbroad_role,function_auth,wrong_role,1,1,function_authorization,authentication,1,1,0,0,1.411,57.0
phi3:mini,citizen_services::GET__benefits_id::purpose_bypass::test_04_wrong_purpose,citizen_services,GET /benefits/{id},purpose_bypass,purpose_scope,wrong_purpose,1,1,purpose_scope,authentication,1,1,0,0,1.622,48.0
phi3:mini,citizen_services::GET__citizens_export::aggregation_leak::test_08_aggregation_boundary,citizen_services,GET /citizens/export,aggregation_leak,property_auth,aggregation_boundary,1,1,aggregation_boundary,authentication,1,1,0,0,1.606,11.0
phi3:mini,citizen_services::GET__citizens_export::deprecated_exposed::test_09_deprecated_inventory,citizen_services,GET /citizens/export,deprecated_exposed,inventory,deprecated_inventory,1,1,endpoint_inventory,authentication,1,1,0,0,0.879,15.0
phi3:mini,citizen_services::GET__citizens_export::jurisdiction_bypass::test_03_wrong_jurisdiction,citizen_services,GET /citizens/export,jurisdiction_bypass,object_auth,wrong_jurisdiction,1,1,jurisdiction_scope,function_authorization,1,1,0,0,1.499,48.0
phi3:mini,citizen_services::GET__citizens_export::missing_audit_log::test_09_deprecated_inventory,citizen_services,GET /citizens/export,missing_audit_log,auditability,deprecated_inventory,1,1,audit_obligation,audit_obligation,1,1,1,1,1.339,3.0
phi3:mini,citizen_services::GET__citizens_export::missing_auth::test_06_unauthenticated,citizen_services,GET /citizens/export,missing_auth,function_auth,unauthenticated,1,1,authentication,authentication,1,1,1,1,1.61,59.0
phi3:mini,citizen_services::GET__citizens_export::missing_field_filter::test_05_self_access,citizen_services,GET /citizens/export,missing_field_filter,property_auth,self_access,1,1,field_minimization,authentication,1,1,0,0,1.505,11.0
phi3:mini,citizen_services::GET__citizens_export::missing_field_filter::test_08_aggregation_boundary,citizen_services,GET /citizens/export,missing_field_filter,property_auth,aggregation_boundary,1,1,field_minimization,authentication,1,1,0,0,1.33,11.0
phi3:mini,citizen_services::GET__citizens_export::missing_object_check::test_03_wrong_jurisdiction,citizen_services,GET /citizens/export,missing_object_check,object_auth,wrong_jurisdiction,1,1,object_scope,function_authorization,1,1,0,0,1.4,48.0
phi3:mini,citizen_services::GET__citizens_export::missing_object_check::test_05_self_access,citizen_services,GET /citizens/export,missing_object_check,object_auth,self_access,0,1,none,function_authorization,1,0,0,0,1.212,0.0
phi3:mini,citizen_services::GET__citizens_export::overbroad_role::test_02_wrong_role,citizen_services,GET /citizens/export,overbroad_role,function_auth,wrong_role,1,1,function_authorization,authentication,1,1,0,0,1.534,59.0
phi3:mini,citizen_services::GET__citizens_export::purpose_bypass::test_04_wrong_purpose,citizen_services,GET /citizens/export,purpose_bypass,purpose_scope,wrong_purpose,1,1,purpose_scope,function_authorization,1,1,0,0,1.419,48.0
phi3:mini,citizen_services::GET__citizens_id::jurisdiction_bypass::test_03_wrong_jurisdiction,citizen_services,GET /citizens/{id},jurisdiction_bypass,object_auth,wrong_jurisdiction,1,1,jurisdiction_scope,authentication,1,1,0,0,1.659,47.0
phi3:mini,citizen_services::GET__citizens_id::missing_auth::test_06_unauthenticated,citizen_services,GET /citizens/{id},missing_auth,function_auth,unauthenticated,1,1,authentication,authentication,1,1,1,1,1.482,58.0
phi3:mini,citizen_services::GET__citizens_id::missing_field_filter::test_09_deprecated_inventory,citizen_services,GET /citizens/{id},missing_field_filter,property_auth,deprecated_inventory,1,1,field_minimization,function_authorization,1,1,0,0,1.4,11.0
phi3:mini,citizen_services::GET__citizens_id::missing_object_check::test_03_wrong_jurisdiction,citizen_services,GET /citizens/{id},missing_object_check,object_auth,wrong_jurisdiction,1,1,object_scope,authentication,1,1,0,0,1.275,47.0
phi3:mini,citizen_services::GET__citizens_id::overbroad_role::test_02_wrong_role,citizen_services,GET /citizens/{id},overbroad_role,function_auth,wrong_role,1,1,function_authorization,authentication,1,1,0,0,1.327,58.0
phi3:mini,citizen_services::GET__citizens_id::purpose_bypass::test_04_wrong_purpose,citizen_services,GET /citizens/{id},purpose_bypass,purpose_scope,wrong_purpose,1,1,purpose_scope,function_authorization,1,1,0,0,1.487,47.0
phi3:mini,citizen_services::GET__citizens_id::purpose_bypass::test_06_unauthenticated,citizen_services,GET /citizens/{id},purpose_bypass,purpose_scope,unauthenticated,0,1,none,authentication,1,0,0,0,1.501,0.0
phi3:mini,education::GET__classes_id_roster::aggregation_leak::test_03_wrong_jurisdiction,education,GET /classes/{id}/roster,aggregation_leak,property_auth,wrong_jurisdiction,0,1,none,function_authorization,1,0,0,0,1.874,0.0
phi3:mini,education::GET__classes_id_roster::aggregation_leak::test_08_aggregation_boundary,education,GET /classes/{id}/roster,aggregation_leak,property_auth,aggregation_boundary,1,1,aggregation_boundary,function_authorization,1,1,0,0,1.348,17.0
phi3:mini,education::GET__classes_id_roster::deprecated_exposed::test_09_deprecated_inventory,education,GET /classes/{id}/roster,deprecated_exposed,inventory,deprecated_inventory,1,1,endpoint_inventory,function_authorization,1,1,0,0,0.981,21.0
phi3:mini,education::GET__classes_id_roster::jurisdiction_bypass::test_03_wrong_jurisdiction,education,GET /classes/{id}/roster,jurisdiction_bypass,object_auth,wrong_jurisdiction,1,1,jurisdiction_scope,function_authorization,1,1,0,0,1.385,42.0
phi3:mini,education::GET__classes_id_roster::jurisdiction_bypass::test_04_wrong_purpose,education,GET /classes/{id}/roster,jurisdiction_bypass,object_auth,wrong_purpose,0,1,none,function_authorization,1,0,0,0,1.739,0.0
phi3:mini,education::GET__classes_id_roster::missing_audit_log::test_03_wrong_jurisdiction,education,GET /classes/{id}/roster,missing_audit_log,auditability,wrong_jurisdiction,1,1,audit_obligation,function_authorization,1,1,0,0,1.312,3.0
phi3:mini,education::GET__classes_id_roster::missing_audit_log::test_04_wrong_purpose,education,GET /classes/{id}/roster,missing_audit_log,auditability,wrong_purpose,1,1,audit_obligation,function_authorization,1,1,0,0,1.245,3.0
phi3:mini,education::GET__classes_id_roster::missing_field_filter::test_05_self_access,education,GET /classes/{id}/roster,missing_field_filter,property_auth,self_access,1,1,field_minimization,purpose_scope,1,1,0,0,1.458,17.0
phi3:mini,education::GET__classes_id_roster::missing_object_check::test_03_wrong_jurisdiction,education,GET /classes/{id}/roster,missing_object_check,object_auth,wrong_jurisdiction,1,1,object_scope,function_authorization,1,1,0,0,1.563,42.0
phi3:mini,education::GET__classes_id_roster::overbroad_role::test_02_wrong_role,education,GET /classes/{id}/roster,overbroad_role,function_auth,wrong_role,1,1,function_authorization,function_authorization,1,1,1,1,1.5,59.0
phi3:mini,education::GET__classes_id_roster::purpose_bypass::test_04_wrong_purpose,education,GET /classes/{id}/roster,purpose_bypass,purpose_scope,wrong_purpose,1,1,purpose_scope,purpose_scope,1,1,1,1,1.218,42.0
phi3:mini,education::GET__discipline_id::aggregation_leak::test_08_aggregation_boundary,education,GET /discipline/{id},aggregation_leak,property_auth,aggregation_boundary,1,1,aggregation_boundary,authentication,1,1,0,0,1.808,15.0
phi3:mini,education::GET__discipline_id::deprecated_exposed::test_09_deprecated_inventory,education,GET /discipline/{id},deprecated_exposed,inventory,deprecated_inventory,1,1,endpoint_inventory,authentication,1,1,0,0,1.023,19.0
phi3:mini,education::GET__discipline_id::jurisdiction_bypass::test_03_wrong_jurisdiction,education,GET /discipline/{id},jurisdiction_bypass,object_auth,wrong_jurisdiction,1,1,jurisdiction_scope,authentication,1,1,0,0,1.281,45.0
phi3:mini,education::GET__discipline_id::missing_audit_log::test_07_sensitive_field_probe,education,GET /discipline/{id},missing_audit_log,auditability,sensitive_field_probe,1,1,audit_obligation,authentication,1,1,0,0,1.049,3.0
phi3:mini,education::GET__discipline_id::missing_auth::test_06_unauthenticated,education,GET /discipline/{id},missing_auth,function_auth,unauthenticated,1,1,authentication,authentication,1,1,1,1,1.245,60.0
phi3:mini,education::GET__discipline_id::missing_object_check::test_03_wrong_jurisdiction,education,GET /discipline/{id},missing_object_check,object_auth,wrong_jurisdiction,1,1,object_scope,authentication,1,1,0,0,0.66,45.0
phi3:mini,education::GET__discipline_id::overbroad_role::test_02_wrong_role,education,GET /discipline/{id},overbroad_role,function_auth,wrong_role,1,1,function_authorization,function_authorization,1,1,1,1,1.342,60.0
phi3:mini,education::GET__discipline_id::purpose_bypass::test_04_wrong_purpose,education,GET /discipline/{id},purpose_bypass,purpose_scope,wrong_purpose,1,1,purpose_scope,function_authorization,1,1,0,0,1.607,45.0
phi3:mini,education::GET__students_id_record::aggregation_leak::test_08_aggregation_boundary,education,GET /students/{id}/record,aggregation_leak,property_auth,aggregation_boundary,1,1,aggregation_boundary,function_authorization,1,1,0,0,1.736,17.0
phi3:mini,education::GET__students_id_record::deprecated_exposed::test_09_deprecated_inventory,education,GET /students/{id}/record,deprecated_exposed,inventory,deprecated_inventory,1,1,endpoint_inventory,function_authorization,1,1,0,0,1.153,21.0
phi3:mini,education::GET__students_id_record::jurisdiction_bypass::test_03_wrong_jurisdiction,education,GET /students/{id}/record,jurisdiction_bypass,object_auth,wrong_jurisdiction,1,1,jurisdiction_scope,function_authorization,1,1,0,0,1.279,42.0
phi3:mini,education::GET__students_id_record::missing_audit_log::test_01_valid,education,GET /students/{id}/record,missing_audit_log,auditability,valid,1,1,audit_obligation,authentication,1,1,0,0,1.286,3.0
phi3:mini,education::GET__students_id_record::missing_audit_log::test_03_wrong_jurisdiction,education,GET /students/{id}/record,missing_audit_log,auditability,wrong_jurisdiction,1,1,audit_obligation,function_authorization,1,1,0,0,1.284,3.0
phi3:mini,education::GET__students_id_record::missing_audit_log::test_05_self_access,education,GET /students/{id}/record,missing_audit_log,auditability,self_access,1,1,audit_obligation,audit_obligation,1,1,1,1,1.39,3.0
phi3:mini,education::GET__students_id_record::missing_auth::test_06_unauthenticated,education,GET /students/{id}/record,missing_auth,function_auth,unauthenticated,1,1,authentication,authentication,1,1,1,1,1.562,59.0
phi3:mini,education::GET__students_id_record::missing_field_filter::test_01_valid,education,GET /students/{id}/record,missing_field_filter,property_auth,valid,1,1,field_minimization,function_authorization,1,1,0,0,1.23,17.0
phi3:mini,education::GET__students_id_record::missing_object_check::test_03_wrong_jurisdiction,education,GET /students/{id}/record,missing_object_check,object_auth,wrong_jurisdiction,1,1,object_scope,function_authorization,1,1,0,0,1.062,42.0
phi3:mini,education::GET__students_id_record::overbroad_role::test_02_wrong_role,education,GET /students/{id}/record,overbroad_role,function_auth,wrong_role,1,1,function_authorization,function_authorization,1,1,1,1,1.594,59.0
phi3:mini,education::GET__students_id_record::purpose_bypass::test_04_wrong_purpose,education,GET /students/{id}/record,purpose_bypass,purpose_scope,wrong_purpose,1,1,purpose_scope,function_authorization,1,1,0,0,1.211,42.0
phi3:mini,health::GET__encounters_id::aggregation_leak::test_08_aggregation_boundary,health,GET /encounters/{id},aggregation_leak,property_auth,aggregation_boundary,1,1,aggregation_boundary,function_authorization,1,1,0,0,1.62,8.0
phi3:mini,health::GET__encounters_id::deprecated_exposed::test_09_deprecated_inventory,health,GET /encounters/{id},deprecated_exposed,inventory,deprecated_inventory,1,1,endpoint_inventory,function_authorization,1,1,0,0,0.889,12.0
phi3:mini,health::GET__encounters_id::jurisdiction_bypass::test_03_wrong_jurisdiction,health,GET /encounters/{id},jurisdiction_bypass,object_auth,wrong_jurisdiction,1,1,jurisdiction_scope,function_authorization,1,1,0,0,1.499,53.0
phi3:mini,health::GET__encounters_id::missing_auth::test_06_unauthenticated,health,GET /encounters/{id},missing_auth,function_auth,unauthenticated,1,1,authentication,authentication,1,1,1,1,1.545,61.0
phi3:mini,health::GET__encounters_id::missing_auth::test_09_deprecated_inventory,health,GET /encounters/{id},missing_auth,function_auth,deprecated_inventory,0,1,none,function_authorization,1,0,0,0,1.463,0.0
phi3:mini,health::GET__encounters_id::missing_field_filter::test_09_deprecated_inventory,health,GET /encounters/{id},missing_field_filter,property_auth,deprecated_inventory,1,1,field_minimization,function_authorization,1,1,0,0,1.09,8.0
phi3:mini,health::GET__encounters_id::missing_object_check::test_03_wrong_jurisdiction,health,GET /encounters/{id},missing_object_check,object_auth,wrong_jurisdiction,1,1,object_scope,function_authorization,1,1,0,0,0.903,53.0
phi3:mini,health::GET__encounters_id::overbroad_role::test_02_wrong_role,health,GET /encounters/{id},overbroad_role,function_auth,wrong_role,1,1,function_authorization,authentication,1,1,0,0,1.558,61.0
phi3:mini,health::GET__encounters_id::purpose_bypass::test_04_wrong_purpose,health,GET /encounters/{id},purpose_bypass,purpose_scope,wrong_purpose,1,1,purpose_scope,purpose_scope,1,1,1,1,1.337,53.0
phi3:mini,health::GET__patients_id::aggregation_leak::test_08_aggregation_boundary,health,GET /patients/{id},aggregation_leak,property_auth,aggregation_boundary,1,1,aggregation_boundary,function_authorization,1,1,0,0,1.762,4.0
phi3:mini,health::GET__patients_id::deprecated_exposed::test_09_deprecated_inventory,health,GET /patients/{id},deprecated_exposed,inventory,deprecated_inventory,1,1,endpoint_inventory,function_authorization,1,1,0,0,1.21,8.0
phi3:mini,health::GET__patients_id::jurisdiction_bypass::test_03_wrong_jurisdiction,health,GET /patients/{id},jurisdiction_bypass,object_auth,wrong_jurisdiction,1,1,jurisdiction_scope,function_authorization,1,1,0,0,1.315,57.0
phi3:mini,health::GET__patients_id::missing_audit_log::test_01_valid,health,GET /patients/{id},missing_audit_log,auditability,valid,1,1,audit_obligation,authentication,1,1,0,0,1.07,3.0
phi3:mini,health::GET__patients_id::missing_audit_log::test_07_sensitive_field_probe,health,GET /patients/{id},missing_audit_log,auditability,sensitive_field_probe,1,1,audit_obligation,authentication,1,1,0,0,0.64,3.0
phi3:mini,health::GET__patients_id::missing_auth::test_05_self_access,health,GET /patients/{id},missing_auth,function_auth,self_access,0,1,none,authentication,1,0,0,0,1.536,0.0
phi3:mini,health::GET__patients_id::missing_auth::test_06_unauthenticated,health,GET /patients/{id},missing_auth,function_auth,unauthenticated,1,1,authentication,authentication,1,1,1,1,1.434,61.0
phi3:mini,health::GET__patients_id::missing_field_filter::test_01_valid,health,GET /patients/{id},missing_field_filter,property_auth,valid,1,1,field_minimization,function_authorization,1,1,0,0,1.359,4.0
phi3:mini,health::GET__patients_id::missing_object_check::test_03_wrong_jurisdiction,health,GET /patients/{id},missing_object_check,object_auth,wrong_jurisdiction,1,1,object_scope,function_authorization,1,1,0,0,0.728,57.0
phi3:mini,health::GET__patients_id::overbroad_role::test_02_wrong_role,health,GET /patients/{id},overbroad_role,function_auth,wrong_role,1,1,function_authorization,authentication,1,1,0,0,1.58,61.0
phi3:mini,health::GET__patients_id::purpose_bypass::test_04_wrong_purpose,health,GET /patients/{id},purpose_bypass,purpose_scope,wrong_purpose,1,1,purpose_scope,function_authorization,1,1,0,0,1.501,57.0
phi3:mini,health::GET__patients_search::aggregation_leak::test_08_aggregation_boundary,health,GET /patients/search,aggregation_leak,property_auth,aggregation_boundary,1,1,aggregation_boundary,function_authorization,1,1,0,0,1.677,4.0
phi3:mini,health::GET__patients_search::deprecated_exposed::test_09_deprecated_inventory,health,GET /patients/search,deprecated_exposed,inventory,deprecated_inventory,1,1,endpoint_inventory,function_authorization,1,1,0,0,0.951,8.0
phi3:mini,health::GET__patients_search::jurisdiction_bypass::test_03_wrong_jurisdiction,health,GET /patients/search,jurisdiction_bypass,object_auth,wrong_jurisdiction,1,1,jurisdiction_scope,function_authorization,1,1,0,0,1.472,56.0
phi3:mini,health::GET__patients_search::jurisdiction_bypass::test_05_self_access,health,GET /patients/search,jurisdiction_bypass,object_auth,self_access,0,1,none,function_authorization,1,0,0,0,1.305,0.0
phi3:mini,health::GET__patients_search::missing_auth::test_06_unauthenticated,health,GET /patients/search,missing_auth,function_auth,unauthenticated,1,1,authentication,authentication,1,1,1,1,1.491,60.0
phi3:mini,health::GET__patients_search::missing_field_filter::test_08_aggregation_boundary,health,GET /patients/search,missing_field_filter,property_auth,aggregation_boundary,1,1,field_minimization,function_authorization,1,1,0,0,0.937,4.0
phi3:mini,health::GET__patients_search::missing_object_check::test_01_valid,health,GET /patients/search,missing_object_check,object_auth,valid,0,1,none,function_authorization,1,0,0,0,1.257,0.0
phi3:mini,health::GET__patients_search::missing_object_check::test_03_wrong_jurisdiction,health,GET /patients/search,missing_object_check,object_auth,wrong_jurisdiction,1,1,object_scope,function_authorization,1,1,0,0,0.864,56.0
phi3:mini,health::GET__patients_search::overbroad_role::test_02_wrong_role,health,GET /patients/search,overbroad_role,function_auth,wrong_role,1,1,function_authorization,function_authorization,1,1,1,1,1.728,60.0
phi3:mini,health::GET__patients_search::purpose_bypass::test_04_wrong_purpose,health,GET /patients/search,purpose_bypass,purpose_scope,wrong_purpose,1,1,purpose_scope,function_authorization,1,1,0,0,1.487,56.0
qwen2.5-coder:1.5b,business_licensing::GET__licenses_export::missing_audit_log::test_08_aggregation_boundary,business_licensing,GET /licenses/export,missing_audit_log,auditability,aggregation_boundary,1,1,audit_obligation,function_authorization,1,1,0,0,0.576,3.0
qwen2.5-coder:1.5b,citizen_services::GET__citizens_id::aggregation_leak::test_08_aggregation_boundary,citizen_services,GET /citizens/{id},aggregation_leak,property_auth,aggregation_boundary,1,1,aggregation_boundary,function_authorization,1,1,0,0,0.463,11.0
qwen2.5-coder:1.5b,education::GET__classes_id_roster::missing_auth::test_06_unauthenticated,education,GET /classes/{id}/roster,missing_auth,function_auth,unauthenticated,1,1,authentication,function_authorization,1,1,0,0,0.431,59.0
qwen2.5-coder:1.5b,citizen_services::GET__citizens_id::deprecated_exposed::test_09_deprecated_inventory,citizen_services,GET /citizens/{id},deprecated_exposed,inventory,deprecated_inventory,1,1,endpoint_inventory,function_authorization,1,1,0,0,0.601,15.0
qwen2.5-coder:1.5b,citizen_services::GET__citizens_id::missing_field_filter::test_07_sensitive_field_probe,citizen_services,GET /citizens/{id},missing_field_filter,property_auth,sensitive_field_probe,1,1,field_minimization,function_authorization,1,1,0,0,0.535,11.0
qwen2.5-coder:1.5b,business_licensing::GET__inspections_id::aggregation_leak::test_08_aggregation_boundary,business_licensing,GET /inspections/{id},aggregation_leak,property_auth,aggregation_boundary,1,1,aggregation_boundary,function_authorization,1,1,0,0,1.576,6.0
qwen2.5-coder:1.5b,business_licensing::GET__inspections_id::deprecated_exposed::test_09_deprecated_inventory,business_licensing,GET /inspections/{id},deprecated_exposed,inventory,deprecated_inventory,1,1,endpoint_inventory,function_authorization,1,1,0,0,0.486,10.0
qwen2.5-coder:1.5b,business_licensing::GET__inspections_id::jurisdiction_bypass::test_03_wrong_jurisdiction,business_licensing,GET /inspections/{id},jurisdiction_bypass,object_auth,wrong_jurisdiction,1,1,jurisdiction_scope,function_authorization,1,1,0,0,0.536,37.0
qwen2.5-coder:1.5b,business_licensing::GET__inspections_id::missing_auth::test_06_unauthenticated,business_licensing,GET /inspections/{id},missing_auth,function_auth,unauthenticated,1,1,authentication,function_authorization,1,1,0,0,0.547,43.0
qwen2.5-coder:1.5b,business_licensing::GET__inspections_id::missing_object_check::test_03_wrong_jurisdiction,business_licensing,GET /inspections/{id},missing_object_check,object_auth,wrong_jurisdiction,1,1,object_scope,function_authorization,1,1,0,0,0.416,37.0
qwen2.5-coder:1.5b,business_licensing::GET__inspections_id::overbroad_role::test_02_wrong_role,business_licensing,GET /inspections/{id},overbroad_role,function_auth,wrong_role,1,1,function_authorization,function_authorization,1,1,1,1,0.639,43.0
qwen2.5-coder:1.5b,business_licensing::GET__inspections_id::purpose_bypass::test_04_wrong_purpose,business_licensing,GET /inspections/{id},purpose_bypass,purpose_scope,wrong_purpose,1,1,purpose_scope,function_authorization,1,1,0,0,0.533,37.0
qwen2.5-coder:1.5b,business_licensing::GET__licenses_export::aggregation_leak::test_08_aggregation_boundary,business_licensing,GET /licenses/export,aggregation_leak,property_auth,aggregation_boundary,1,1,aggregation_boundary,function_authorization,1,1,0,0,0.611,4.0
qwen2.5-coder:1.5b,business_licensing::GET__licenses_export::deprecated_exposed::test_09_deprecated_inventory,business_licensing,GET /licenses/export,deprecated_exposed,inventory,deprecated_inventory,1,1,endpoint_inventory,function_authorization,1,1,0,0,0.505,8.0
qwen2.5-coder:1.5b,business_licensing::GET__licenses_export::jurisdiction_bypass::test_03_wrong_jurisdiction,business_licensing,GET /licenses/export,jurisdiction_bypass,object_auth,wrong_jurisdiction,1,1,jurisdiction_scope,function_authorization,1,1,0,0,0.556,40.0
qwen2.5-coder:1.5b,business_licensing::GET__licenses_export::missing_auth::test_06_unauthenticated,business_licensing,GET /licenses/export,missing_auth,function_auth,unauthenticated,1,1,authentication,function_authorization,1,1,0,0,0.561,44.0
qwen2.5-coder:1.5b,business_licensing::GET__licenses_export::missing_auth::test_07_sensitive_field_probe,business_licensing,GET /licenses/export,missing_auth,function_auth,sensitive_field_probe,0,1,none,function_authorization,1,0,0,0,0.52,0.0
qwen2.5-coder:1.5b,business_licensing::GET__licenses_export::missing_field_filter::test_05_self_access,business_licensing,GET /licenses/export,missing_field_filter,property_auth,self_access,1,1,field_minimization,function_authorization,1,1,0,0,0.567,6.0
qwen2.5-coder:1.5b,business_licensing::GET__licenses_export::missing_object_check::test_03_wrong_jurisdiction,business_licensing,GET /licenses/export,missing_object_check,object_auth,wrong_jurisdiction,1,1,object_scope,function_authorization,1,1,0,0,0.433,40.0
qwen2.5-coder:1.5b,business_licensing::GET__licenses_export::overbroad_role::test_02_wrong_role,business_licensing,GET /licenses/export,overbroad_role,function_auth,wrong_role,1,1,function_authorization,function_authorization,1,1,1,1,0.548,44.0
qwen2.5-coder:1.5b,business_licensing::GET__licenses_export::purpose_bypass::test_04_wrong_purpose,business_licensing,GET /licenses/export,purpose_bypass,purpose_scope,wrong_purpose,1,1,purpose_scope,function_authorization,1,1,0,0,0.549,40.0
qwen2.5-coder:1.5b,business_licensing::GET__licenses_id::aggregation_leak::test_08_aggregation_boundary,business_licensing,GET /licenses/{id},aggregation_leak,property_auth,aggregation_boundary,1,1,aggregation_boundary,function_authorization,1,1,0,0,0.613,4.0
qwen2.5-coder:1.5b,business_licensing::GET__licenses_id::correct::test_06_unauthenticated,business_licensing,GET /licenses/{id},correct,clean,unauthenticated,0,1,none,function_authorization,1,0,0,0,0.549,0.0
qwen2.5-coder:1.5b,business_licensing::GET__licenses_id::deprecated_exposed::test_09_deprecated_inventory,business_licensing,GET /licenses/{id},deprecated_exposed,inventory,deprecated_inventory,1,1,endpoint_inventory,function_authorization,1,1,0,0,0.503,8.0
qwen2.5-coder:1.5b,business_licensing::GET__licenses_id::jurisdiction_bypass::test_03_wrong_jurisdiction,business_licensing,GET /licenses/{id},jurisdiction_bypass,object_auth,wrong_jurisdiction,1,1,jurisdiction_scope,function_authorization,1,1,0,0,0.553,38.0
qwen2.5-coder:1.5b,business_licensing::GET__licenses_id::missing_audit_log::test_06_unauthenticated,business_licensing,GET /licenses/{id},missing_audit_log,auditability,unauthenticated,1,1,audit_obligation,function_authorization,1,1,0,0,0.502,3.0
qwen2.5-coder:1.5b,business_licensing::GET__licenses_id::missing_auth::test_06_unauthenticated,business_licensing,GET /licenses/{id},missing_auth,function_auth,unauthenticated,1,1,authentication,function_authorization,1,1,0,0,0.523,42.0
qwen2.5-coder:1.5b,business_licensing::GET__licenses_id::missing_object_check::test_03_wrong_jurisdiction,business_licensing,GET /licenses/{id},missing_object_check,object_auth,wrong_jurisdiction,1,1,object_scope,function_authorization,1,1,0,0,0.434,38.0
qwen2.5-coder:1.5b,business_licensing::GET__licenses_id::overbroad_role::test_02_wrong_role,business_licensing,GET /licenses/{id},overbroad_role,function_auth,wrong_role,1,1,function_authorization,function_authorization,1,1,1,1,0.554,42.0
qwen2.5-coder:1.5b,business_licensing::GET__licenses_id::purpose_bypass::test_04_wrong_purpose,business_licensing,GET /licenses/{id},purpose_bypass,purpose_scope,wrong_purpose,1,1,purpose_scope,function_authorization,1,1,0,0,0.55,38.0
qwen2.5-coder:1.5b,citizen_services::GET__benefits_id::aggregation_leak::test_02_wrong_role,citizen_services,GET /benefits/{id},aggregation_leak,property_auth,wrong_role,0,1,none,function_authorization,1,0,0,0,0.607,0.0
qwen2.5-coder:1.5b,citizen_services::GET__benefits_id::aggregation_leak::test_08_aggregation_boundary,citizen_services,GET /benefits/{id},aggregation_leak,property_auth,aggregation_boundary,1,1,aggregation_boundary,function_authorization,1,1,0,0,0.667,9.0
qwen2.5-coder:1.5b,citizen_services::GET__benefits_id::correct::test_09_deprecated_inventory,citizen_services,GET /benefits/{id},correct,clean,deprecated_inventory,0,1,none,function_authorization,1,0,0,0,0.624,0.0
qwen2.5-coder:1.5b,citizen_services::GET__benefits_id::deprecated_exposed::test_09_deprecated_inventory,citizen_services,GET /benefits/{id},deprecated_exposed,inventory,deprecated_inventory,1,1,endpoint_inventory,function_authorization,1,1,0,0,0.619,13.0
qwen2.5-coder:1.5b,citizen_services::GET__benefits_id::jurisdiction_bypass::test_03_wrong_jurisdiction,citizen_services,GET /benefits/{id},jurisdiction_bypass,object_auth,wrong_jurisdiction,1,1,jurisdiction_scope,function_authorization,1,1,0,0,0.654,48.0
qwen2.5-coder:1.5b,citizen_services::GET__benefits_id::missing_audit_log::test_09_deprecated_inventory,citizen_services,GET /benefits/{id},missing_audit_log,auditability,deprecated_inventory,1,1,audit_obligation,function_authorization,1,1,0,0,0.623,3.0
qwen2.5-coder:1.5b,citizen_services::GET__benefits_id::missing_auth::test_06_unauthenticated,citizen_services,GET /benefits/{id},missing_auth,function_auth,unauthenticated,1,1,authentication,function_authorization,1,1,0,0,0.632,57.0
qwen2.5-coder:1.5b,citizen_services::GET__benefits_id::missing_field_filter::test_07_sensitive_field_probe,citizen_services,GET /benefits/{id},missing_field_filter,property_auth,sensitive_field_probe,1,1,field_minimization,function_authorization,1,1,0,0,0.625,9.0
qwen2.5-coder:1.5b,citizen_services::GET__benefits_id::missing_field_filter::test_09_deprecated_inventory,citizen_services,GET /benefits/{id},missing_field_filter,property_auth,deprecated_inventory,1,1,field_minimization,function_authorization,1,1,0,0,0.524,9.0
qwen2.5-coder:1.5b,citizen_services::GET__benefits_id::missing_object_check::test_03_wrong_jurisdiction,citizen_services,GET /benefits/{id},missing_object_check,object_auth,wrong_jurisdiction,1,1,object_scope,function_authorization,1,1,0,0,0.534,48.0
qwen2.5-coder:1.5b,citizen_services::GET__benefits_id::overbroad_role::test_02_wrong_role,citizen_services,GET /benefits/{id},overbroad_role,function_auth,wrong_role,1,1,function_authorization,function_authorization,1,1,1,1,0.623,57.0
qwen2.5-coder:1.5b,citizen_services::GET__benefits_id::purpose_bypass::test_04_wrong_purpose,citizen_services,GET /benefits/{id},purpose_bypass,purpose_scope,wrong_purpose,1,1,purpose_scope,function_authorization,1,1,0,0,0.651,48.0
qwen2.5-coder:1.5b,citizen_services::GET__citizens_export::aggregation_leak::test_08_aggregation_boundary,citizen_services,GET /citizens/export,aggregation_leak,property_auth,aggregation_boundary,1,1,aggregation_boundary,function_authorization,1,1,0,0,0.672,11.0
qwen2.5-coder:1.5b,citizen_services::GET__citizens_export::deprecated_exposed::test_09_deprecated_inventory,citizen_services,GET /citizens/export,deprecated_exposed,inventory,deprecated_inventory,1,1,endpoint_inventory,function_authorization,1,1,0,0,0.527,15.0
qwen2.5-coder:1.5b,citizen_services::GET__citizens_export::jurisdiction_bypass::test_03_wrong_jurisdiction,citizen_services,GET /citizens/export,jurisdiction_bypass,object_auth,wrong_jurisdiction,1,1,jurisdiction_scope,function_authorization,1,1,0,0,0.588,48.0
qwen2.5-coder:1.5b,citizen_services::GET__citizens_export::missing_audit_log::test_09_deprecated_inventory,citizen_services,GET /citizens/export,missing_audit_log,auditability,deprecated_inventory,1,1,audit_obligation,function_authorization,1,1,0,0,0.554,3.0
qwen2.5-coder:1.5b,citizen_services::GET__citizens_export::missing_auth::test_06_unauthenticated,citizen_services,GET /citizens/export,missing_auth,function_auth,unauthenticated,1,1,authentication,function_authorization,1,1,0,0,0.677,59.0
qwen2.5-coder:1.5b,citizen_services::GET__citizens_export::missing_field_filter::test_05_self_access,citizen_services,GET /citizens/export,missing_field_filter,property_auth,self_access,1,1,field_minimization,function_authorization,1,1,0,0,0.569,11.0
qwen2.5-coder:1.5b,citizen_services::GET__citizens_export::missing_field_filter::test_08_aggregation_boundary,citizen_services,GET /citizens/export,missing_field_filter,property_auth,aggregation_boundary,1,1,field_minimization,function_authorization,1,1,0,0,0.546,11.0
qwen2.5-coder:1.5b,citizen_services::GET__citizens_export::missing_object_check::test_03_wrong_jurisdiction,citizen_services,GET /citizens/export,missing_object_check,object_auth,wrong_jurisdiction,1,1,object_scope,function_authorization,1,1,0,0,0.579,48.0
qwen2.5-coder:1.5b,citizen_services::GET__citizens_export::missing_object_check::test_05_self_access,citizen_services,GET /citizens/export,missing_object_check,object_auth,self_access,0,1,none,function_authorization,1,0,0,0,0.626,0.0
qwen2.5-coder:1.5b,citizen_services::GET__citizens_export::overbroad_role::test_02_wrong_role,citizen_services,GET /citizens/export,overbroad_role,function_auth,wrong_role,1,1,function_authorization,function_authorization,1,1,1,1,0.582,59.0
qwen2.5-coder:1.5b,citizen_services::GET__citizens_export::purpose_bypass::test_04_wrong_purpose,citizen_services,GET /citizens/export,purpose_bypass,purpose_scope,wrong_purpose,1,1,purpose_scope,function_authorization,1,1,0,0,0.662,48.0
qwen2.5-coder:1.5b,citizen_services::GET__citizens_id::jurisdiction_bypass::test_03_wrong_jurisdiction,citizen_services,GET /citizens/{id},jurisdiction_bypass,object_auth,wrong_jurisdiction,1,1,jurisdiction_scope,function_authorization,1,1,0,0,0.718,47.0
qwen2.5-coder:1.5b,citizen_services::GET__citizens_id::missing_auth::test_06_unauthenticated,citizen_services,GET /citizens/{id},missing_auth,function_auth,unauthenticated,1,1,authentication,function_authorization,1,1,0,0,0.678,58.0
qwen2.5-coder:1.5b,citizen_services::GET__citizens_id::missing_field_filter::test_09_deprecated_inventory,citizen_services,GET /citizens/{id},missing_field_filter,property_auth,deprecated_inventory,1,1,field_minimization,function_authorization,1,1,0,0,0.59,11.0
qwen2.5-coder:1.5b,citizen_services::GET__citizens_id::missing_object_check::test_03_wrong_jurisdiction,citizen_services,GET /citizens/{id},missing_object_check,object_auth,wrong_jurisdiction,1,1,object_scope,function_authorization,1,1,0,0,0.657,47.0
qwen2.5-coder:1.5b,citizen_services::GET__citizens_id::overbroad_role::test_02_wrong_role,citizen_services,GET /citizens/{id},overbroad_role,function_auth,wrong_role,1,1,function_authorization,function_authorization,1,1,1,1,0.661,58.0
qwen2.5-coder:1.5b,citizen_services::GET__citizens_id::purpose_bypass::test_04_wrong_purpose,citizen_services,GET /citizens/{id},purpose_bypass,purpose_scope,wrong_purpose,1,1,purpose_scope,function_authorization,1,1,0,0,0.583,47.0
qwen2.5-coder:1.5b,citizen_services::GET__citizens_id::purpose_bypass::test_06_unauthenticated,citizen_services,GET /citizens/{id},purpose_bypass,purpose_scope,unauthenticated,0,1,none,function_authorization,1,0,0,0,0.534,0.0
qwen2.5-coder:1.5b,education::GET__classes_id_roster::aggregation_leak::test_03_wrong_jurisdiction,education,GET /classes/{id}/roster,aggregation_leak,property_auth,wrong_jurisdiction,0,1,none,function_authorization,1,0,0,0,0.689,0.0
qwen2.5-coder:1.5b,education::GET__classes_id_roster::aggregation_leak::test_08_aggregation_boundary,education,GET /classes/{id}/roster,aggregation_leak,property_auth,aggregation_boundary,1,1,aggregation_boundary,function_authorization,1,1,0,0,0.555,17.0
qwen2.5-coder:1.5b,education::GET__classes_id_roster::deprecated_exposed::test_09_deprecated_inventory,education,GET /classes/{id}/roster,deprecated_exposed,inventory,deprecated_inventory,1,1,endpoint_inventory,function_authorization,1,1,0,0,0.497,21.0
qwen2.5-coder:1.5b,education::GET__classes_id_roster::jurisdiction_bypass::test_03_wrong_jurisdiction,education,GET /classes/{id}/roster,jurisdiction_bypass,object_auth,wrong_jurisdiction,1,1,jurisdiction_scope,function_authorization,1,1,0,0,0.518,42.0
qwen2.5-coder:1.5b,education::GET__classes_id_roster::jurisdiction_bypass::test_04_wrong_purpose,education,GET /classes/{id}/roster,jurisdiction_bypass,object_auth,wrong_purpose,0,1,none,function_authorization,1,0,0,0,0.615,0.0
qwen2.5-coder:1.5b,education::GET__classes_id_roster::missing_audit_log::test_03_wrong_jurisdiction,education,GET /classes/{id}/roster,missing_audit_log,auditability,wrong_jurisdiction,1,1,audit_obligation,function_authorization,1,1,0,0,0.598,3.0
qwen2.5-coder:1.5b,education::GET__classes_id_roster::missing_audit_log::test_04_wrong_purpose,education,GET /classes/{id}/roster,missing_audit_log,auditability,wrong_purpose,1,1,audit_obligation,function_authorization,1,1,0,0,0.506,3.0
qwen2.5-coder:1.5b,education::GET__classes_id_roster::missing_field_filter::test_05_self_access,education,GET /classes/{id}/roster,missing_field_filter,property_auth,self_access,1,1,field_minimization,function_authorization,1,1,0,0,0.569,17.0
qwen2.5-coder:1.5b,education::GET__classes_id_roster::missing_object_check::test_03_wrong_jurisdiction,education,GET /classes/{id}/roster,missing_object_check,object_auth,wrong_jurisdiction,1,1,object_scope,function_authorization,1,1,0,0,0.527,42.0
qwen2.5-coder:1.5b,education::GET__classes_id_roster::overbroad_role::test_02_wrong_role,education,GET /classes/{id}/roster,overbroad_role,function_auth,wrong_role,1,1,function_authorization,function_authorization,1,1,1,1,0.572,59.0
qwen2.5-coder:1.5b,education::GET__classes_id_roster::purpose_bypass::test_04_wrong_purpose,education,GET /classes/{id}/roster,purpose_bypass,purpose_scope,wrong_purpose,1,1,purpose_scope,function_authorization,1,1,0,0,0.532,42.0
qwen2.5-coder:1.5b,education::GET__discipline_id::aggregation_leak::test_08_aggregation_boundary,education,GET /discipline/{id},aggregation_leak,property_auth,aggregation_boundary,1,1,aggregation_boundary,function_authorization,1,1,0,0,0.592,15.0
qwen2.5-coder:1.5b,education::GET__discipline_id::deprecated_exposed::test_09_deprecated_inventory,education,GET /discipline/{id},deprecated_exposed,inventory,deprecated_inventory,1,1,endpoint_inventory,function_authorization,1,1,0,0,0.481,19.0
qwen2.5-coder:1.5b,education::GET__discipline_id::jurisdiction_bypass::test_03_wrong_jurisdiction,education,GET /discipline/{id},jurisdiction_bypass,object_auth,wrong_jurisdiction,1,1,jurisdiction_scope,function_authorization,1,1,0,0,0.524,45.0
qwen2.5-coder:1.5b,education::GET__discipline_id::missing_audit_log::test_07_sensitive_field_probe,education,GET /discipline/{id},missing_audit_log,auditability,sensitive_field_probe,1,1,audit_obligation,function_authorization,1,1,0,0,0.498,3.0
qwen2.5-coder:1.5b,education::GET__discipline_id::missing_auth::test_06_unauthenticated,education,GET /discipline/{id},missing_auth,function_auth,unauthenticated,1,1,authentication,function_authorization,1,1,0,0,0.578,60.0
qwen2.5-coder:1.5b,education::GET__discipline_id::missing_object_check::test_03_wrong_jurisdiction,education,GET /discipline/{id},missing_object_check,object_auth,wrong_jurisdiction,1,1,object_scope,function_authorization,1,1,0,0,0.409,45.0
qwen2.5-coder:1.5b,education::GET__discipline_id::overbroad_role::test_02_wrong_role,education,GET /discipline/{id},overbroad_role,function_auth,wrong_role,1,1,function_authorization,function_authorization,1,1,1,1,0.555,60.0
qwen2.5-coder:1.5b,education::GET__discipline_id::purpose_bypass::test_04_wrong_purpose,education,GET /discipline/{id},purpose_bypass,purpose_scope,wrong_purpose,1,1,purpose_scope,function_authorization,1,1,0,0,0.523,45.0
qwen2.5-coder:1.5b,education::GET__students_id_record::aggregation_leak::test_08_aggregation_boundary,education,GET /students/{id}/record,aggregation_leak,property_auth,aggregation_boundary,1,1,aggregation_boundary,function_authorization,1,1,0,0,0.674,17.0
qwen2.5-coder:1.5b,education::GET__students_id_record::deprecated_exposed::test_09_deprecated_inventory,education,GET /students/{id}/record,deprecated_exposed,inventory,deprecated_inventory,1,1,endpoint_inventory,function_authorization,1,1,0,0,0.563,21.0
qwen2.5-coder:1.5b,education::GET__students_id_record::jurisdiction_bypass::test_03_wrong_jurisdiction,education,GET /students/{id}/record,jurisdiction_bypass,object_auth,wrong_jurisdiction,1,1,jurisdiction_scope,function_authorization,1,1,0,0,0.527,42.0
qwen2.5-coder:1.5b,education::GET__students_id_record::missing_audit_log::test_01_valid,education,GET /students/{id}/record,missing_audit_log,auditability,valid,1,1,audit_obligation,function_authorization,1,1,0,0,0.5,3.0
qwen2.5-coder:1.5b,education::GET__students_id_record::missing_audit_log::test_03_wrong_jurisdiction,education,GET /students/{id}/record,missing_audit_log,auditability,wrong_jurisdiction,1,1,audit_obligation,function_authorization,1,1,0,0,0.57,3.0
qwen2.5-coder:1.5b,education::GET__students_id_record::missing_audit_log::test_05_self_access,education,GET /students/{id}/record,missing_audit_log,auditability,self_access,1,1,audit_obligation,function_authorization,1,1,0,0,0.531,3.0
qwen2.5-coder:1.5b,education::GET__students_id_record::missing_auth::test_06_unauthenticated,education,GET /students/{id}/record,missing_auth,function_auth,unauthenticated,1,1,authentication,function_authorization,1,1,0,0,0.588,59.0
qwen2.5-coder:1.5b,education::GET__students_id_record::missing_field_filter::test_01_valid,education,GET /students/{id}/record,missing_field_filter,property_auth,valid,1,1,field_minimization,function_authorization,1,1,0,0,0.591,17.0
qwen2.5-coder:1.5b,education::GET__students_id_record::missing_object_check::test_03_wrong_jurisdiction,education,GET /students/{id}/record,missing_object_check,object_auth,wrong_jurisdiction,1,1,object_scope,function_authorization,1,1,0,0,0.507,42.0
qwen2.5-coder:1.5b,education::GET__students_id_record::overbroad_role::test_02_wrong_role,education,GET /students/{id}/record,overbroad_role,function_auth,wrong_role,1,1,function_authorization,function_authorization,1,1,1,1,0.56,59.0
qwen2.5-coder:1.5b,education::GET__students_id_record::purpose_bypass::test_04_wrong_purpose,education,GET /students/{id}/record,purpose_bypass,purpose_scope,wrong_purpose,1,1,purpose_scope,function_authorization,1,1,0,0,0.601,42.0
qwen2.5-coder:1.5b,health::GET__encounters_id::aggregation_leak::test_08_aggregation_boundary,health,GET /encounters/{id},aggregation_leak,property_auth,aggregation_boundary,1,1,aggregation_boundary,function_authorization,1,1,0,0,0.594,8.0
qwen2.5-coder:1.5b,health::GET__encounters_id::deprecated_exposed::test_09_deprecated_inventory,health,GET /encounters/{id},deprecated_exposed,inventory,deprecated_inventory,1,1,endpoint_inventory,function_authorization,1,1,0,0,0.481,12.0
qwen2.5-coder:1.5b,health::GET__encounters_id::jurisdiction_bypass::test_03_wrong_jurisdiction,health,GET /encounters/{id},jurisdiction_bypass,object_auth,wrong_jurisdiction,1,1,jurisdiction_scope,function_authorization,1,1,0,0,0.525,53.0
qwen2.5-coder:1.5b,health::GET__encounters_id::missing_auth::test_06_unauthenticated,health,GET /encounters/{id},missing_auth,function_auth,unauthenticated,1,1,authentication,function_authorization,1,1,0,0,0.633,61.0
qwen2.5-coder:1.5b,health::GET__encounters_id::missing_auth::test_09_deprecated_inventory,health,GET /encounters/{id},missing_auth,function_auth,deprecated_inventory,0,1,none,function_authorization,1,0,0,0,0.498,0.0
qwen2.5-coder:1.5b,health::GET__encounters_id::missing_field_filter::test_09_deprecated_inventory,health,GET /encounters/{id},missing_field_filter,property_auth,deprecated_inventory,1,1,field_minimization,function_authorization,1,1,0,0,0.494,8.0
qwen2.5-coder:1.5b,health::GET__encounters_id::missing_object_check::test_03_wrong_jurisdiction,health,GET /encounters/{id},missing_object_check,object_auth,wrong_jurisdiction,1,1,object_scope,function_authorization,1,1,0,0,0.407,53.0
qwen2.5-coder:1.5b,health::GET__encounters_id::overbroad_role::test_02_wrong_role,health,GET /encounters/{id},overbroad_role,function_auth,wrong_role,1,1,function_authorization,function_authorization,1,1,1,1,0.551,61.0
qwen2.5-coder:1.5b,health::GET__encounters_id::purpose_bypass::test_04_wrong_purpose,health,GET /encounters/{id},purpose_bypass,purpose_scope,wrong_purpose,1,1,purpose_scope,function_authorization,1,1,0,0,0.523,53.0
qwen2.5-coder:1.5b,health::GET__patients_id::aggregation_leak::test_08_aggregation_boundary,health,GET /patients/{id},aggregation_leak,property_auth,aggregation_boundary,1,1,aggregation_boundary,function_authorization,1,1,0,0,0.584,4.0
qwen2.5-coder:1.5b,health::GET__patients_id::deprecated_exposed::test_09_deprecated_inventory,health,GET /patients/{id},deprecated_exposed,inventory,deprecated_inventory,1,1,endpoint_inventory,function_authorization,1,1,0,0,0.481,8.0
qwen2.5-coder:1.5b,health::GET__patients_id::jurisdiction_bypass::test_03_wrong_jurisdiction,health,GET /patients/{id},jurisdiction_bypass,object_auth,wrong_jurisdiction,1,1,jurisdiction_scope,function_authorization,1,1,0,0,0.53,57.0
qwen2.5-coder:1.5b,health::GET__patients_id::missing_audit_log::test_01_valid,health,GET /patients/{id},missing_audit_log,auditability,valid,1,1,audit_obligation,function_authorization,1,1,0,0,0.5,3.0
qwen2.5-coder:1.5b,health::GET__patients_id::missing_audit_log::test_07_sensitive_field_probe,health,GET /patients/{id},missing_audit_log,auditability,sensitive_field_probe,1,1,audit_obligation,function_authorization,1,1,0,0,0.402,3.0
qwen2.5-coder:1.5b,health::GET__patients_id::missing_auth::test_05_self_access,health,GET /patients/{id},missing_auth,function_auth,self_access,0,1,none,function_authorization,1,0,0,0,0.618,0.0
qwen2.5-coder:1.5b,health::GET__patients_id::missing_auth::test_06_unauthenticated,health,GET /patients/{id},missing_auth,function_auth,unauthenticated,1,1,authentication,function_authorization,1,1,0,0,0.64,61.0
qwen2.5-coder:1.5b,health::GET__patients_id::missing_field_filter::test_01_valid,health,GET /patients/{id},missing_field_filter,property_auth,valid,1,1,field_minimization,function_authorization,1,1,0,0,0.503,4.0
qwen2.5-coder:1.5b,health::GET__patients_id::missing_object_check::test_03_wrong_jurisdiction,health,GET /patients/{id},missing_object_check,object_auth,wrong_jurisdiction,1,1,object_scope,function_authorization,1,1,0,0,0.41,57.0
qwen2.5-coder:1.5b,health::GET__patients_id::overbroad_role::test_02_wrong_role,health,GET /patients/{id},overbroad_role,function_auth,wrong_role,1,1,function_authorization,function_authorization,1,1,1,1,0.555,61.0
qwen2.5-coder:1.5b,health::GET__patients_id::purpose_bypass::test_04_wrong_purpose,health,GET /patients/{id},purpose_bypass,purpose_scope,wrong_purpose,1,1,purpose_scope,function_authorization,1,1,0,0,0.612,57.0
qwen2.5-coder:1.5b,health::GET__patients_search::aggregation_leak::test_08_aggregation_boundary,health,GET /patients/search,aggregation_leak,property_auth,aggregation_boundary,1,1,aggregation_boundary,function_authorization,1,1,0,0,0.605,4.0
qwen2.5-coder:1.5b,health::GET__patients_search::deprecated_exposed::test_09_deprecated_inventory,health,GET /patients/search,deprecated_exposed,inventory,deprecated_inventory,1,1,endpoint_inventory,function_authorization,1,1,0,0,0.486,8.0
qwen2.5-coder:1.5b,health::GET__patients_search::jurisdiction_bypass::test_03_wrong_jurisdiction,health,GET /patients/search,jurisdiction_bypass,object_auth,wrong_jurisdiction,1,1,jurisdiction_scope,function_authorization,1,1,0,0,0.533,56.0
qwen2.5-coder:1.5b,health::GET__patients_search::jurisdiction_bypass::test_05_self_access,health,GET /patients/search,jurisdiction_bypass,object_auth,self_access,0,1,none,function_authorization,1,0,0,0,0.563,0.0
qwen2.5-coder:1.5b,health::GET__patients_search::missing_auth::test_06_unauthenticated,health,GET /patients/search,missing_auth,function_auth,unauthenticated,1,1,authentication,function_authorization,1,1,0,0,0.607,60.0
qwen2.5-coder:1.5b,health::GET__patients_search::missing_field_filter::test_08_aggregation_boundary,health,GET /patients/search,missing_field_filter,property_auth,aggregation_boundary,1,1,field_minimization,function_authorization,1,1,0,0,0.482,4.0
qwen2.5-coder:1.5b,health::GET__patients_search::missing_object_check::test_01_valid,health,GET /patients/search,missing_object_check,object_auth,valid,0,1,none,function_authorization,1,0,0,0,0.497,0.0
qwen2.5-coder:1.5b,health::GET__patients_search::missing_object_check::test_03_wrong_jurisdiction,health,GET /patients/search,missing_object_check,object_auth,wrong_jurisdiction,1,1,object_scope,function_authorization,1,1,0,0,0.407,56.0
qwen2.5-coder:1.5b,health::GET__patients_search::overbroad_role::test_02_wrong_role,health,GET /patients/search,overbroad_role,function_auth,wrong_role,1,1,function_authorization,function_authorization,1,1,1,1,0.554,60.0
qwen2.5-coder:1.5b,health::GET__patients_search::purpose_bypass::test_04_wrong_purpose,health,GET /patients/search,purpose_bypass,purpose_scope,wrong_purpose,1,1,purpose_scope,function_authorization,1,1,0,0,0.525,56.0
qwen2.5-coder:14b,business_licensing::GET__licenses_export::missing_audit_log::test_08_aggregation_boundary,business_licensing,GET /licenses/export,missing_audit_log,auditability,aggregation_boundary,1,1,audit_obligation,field_minimization,1,1,0,0,8.561,3.0
qwen2.5-coder:14b,citizen_services::GET__citizens_id::aggregation_leak::test_08_aggregation_boundary,citizen_services,GET /citizens/{id},aggregation_leak,property_auth,aggregation_boundary,1,1,aggregation_boundary,field_minimization,1,1,0,0,3.64,11.0
qwen2.5-coder:14b,citizen_services::GET__citizens_id::deprecated_exposed::test_09_deprecated_inventory,citizen_services,GET /citizens/{id},deprecated_exposed,inventory,deprecated_inventory,1,1,endpoint_inventory,field_minimization,1,1,0,0,2.54,15.0
qwen2.5-coder:14b,citizen_services::GET__citizens_id::missing_field_filter::test_07_sensitive_field_probe,citizen_services,GET /citizens/{id},missing_field_filter,property_auth,sensitive_field_probe,1,1,field_minimization,field_minimization,1,1,1,1,2.517,11.0
qwen2.5-coder:14b,education::GET__classes_id_roster::missing_auth::test_06_unauthenticated,education,GET /classes/{id}/roster,missing_auth,function_auth,unauthenticated,1,1,authentication,authentication,1,1,1,1,3.607,59.0
qwen2.5-coder:14b,business_licensing::GET__inspections_id::aggregation_leak::test_08_aggregation_boundary,business_licensing,GET /inspections/{id},aggregation_leak,property_auth,aggregation_boundary,1,1,aggregation_boundary,field_minimization,1,1,0,0,8.164,6.0
qwen2.5-coder:14b,business_licensing::GET__inspections_id::deprecated_exposed::test_09_deprecated_inventory,business_licensing,GET /inspections/{id},deprecated_exposed,inventory,deprecated_inventory,1,1,endpoint_inventory,field_minimization,1,1,0,0,3.758,10.0
qwen2.5-coder:14b,business_licensing::GET__inspections_id::jurisdiction_bypass::test_03_wrong_jurisdiction,business_licensing,GET /inspections/{id},jurisdiction_bypass,object_auth,wrong_jurisdiction,1,0,jurisdiction_scope,none,1,0,0,0,3.062,37.0
qwen2.5-coder:14b,business_licensing::GET__inspections_id::missing_auth::test_06_unauthenticated,business_licensing,GET /inspections/{id},missing_auth,function_auth,unauthenticated,1,1,authentication,authentication,1,1,1,1,3.6,43.0
qwen2.5-coder:14b,business_licensing::GET__inspections_id::missing_object_check::test_03_wrong_jurisdiction,business_licensing,GET /inspections/{id},missing_object_check,object_auth,wrong_jurisdiction,1,0,object_scope,none,1,0,0,0,2.074,37.0
qwen2.5-coder:14b,business_licensing::GET__inspections_id::overbroad_role::test_02_wrong_role,business_licensing,GET /inspections/{id},overbroad_role,function_auth,wrong_role,1,1,function_authorization,function_authorization,1,1,1,1,4.628,43.0
qwen2.5-coder:14b,business_licensing::GET__inspections_id::purpose_bypass::test_04_wrong_purpose,business_licensing,GET /inspections/{id},purpose_bypass,purpose_scope,wrong_purpose,1,1,purpose_scope,purpose_scope,1,1,1,1,4.028,37.0
qwen2.5-coder:14b,business_licensing::GET__licenses_export::aggregation_leak::test_08_aggregation_boundary,business_licensing,GET /licenses/export,aggregation_leak,property_auth,aggregation_boundary,1,1,aggregation_boundary,field_minimization,1,1,0,0,4.939,4.0
qwen2.5-coder:14b,business_licensing::GET__licenses_export::deprecated_exposed::test_09_deprecated_inventory,business_licensing,GET /licenses/export,deprecated_exposed,inventory,deprecated_inventory,1,1,endpoint_inventory,field_minimization,1,1,0,0,4.118,8.0
qwen2.5-coder:14b,business_licensing::GET__licenses_export::jurisdiction_bypass::test_03_wrong_jurisdiction,business_licensing,GET /licenses/export,jurisdiction_bypass,object_auth,wrong_jurisdiction,1,1,jurisdiction_scope,field_minimization,1,1,0,0,4.551,40.0
qwen2.5-coder:14b,business_licensing::GET__licenses_export::missing_auth::test_06_unauthenticated,business_licensing,GET /licenses/export,missing_auth,function_auth,unauthenticated,1,1,authentication,authentication,1,1,1,1,4.279,44.0
qwen2.5-coder:14b,business_licensing::GET__licenses_export::missing_auth::test_07_sensitive_field_probe,business_licensing,GET /licenses/export,missing_auth,function_auth,sensitive_field_probe,0,1,none,field_minimization,1,0,0,0,4.138,0.0
qwen2.5-coder:14b,business_licensing::GET__licenses_export::missing_field_filter::test_05_self_access,business_licensing,GET /licenses/export,missing_field_filter,property_auth,self_access,1,1,field_minimization,field_minimization,1,1,1,1,4.536,6.0
qwen2.5-coder:14b,business_licensing::GET__licenses_export::missing_object_check::test_03_wrong_jurisdiction,business_licensing,GET /licenses/export,missing_object_check,object_auth,wrong_jurisdiction,1,1,object_scope,field_minimization,1,1,0,0,3.107,40.0
qwen2.5-coder:14b,business_licensing::GET__licenses_export::overbroad_role::test_02_wrong_role,business_licensing,GET /licenses/export,overbroad_role,function_auth,wrong_role,1,1,function_authorization,function_authorization,1,1,1,1,4.866,44.0
qwen2.5-coder:14b,business_licensing::GET__licenses_export::purpose_bypass::test_04_wrong_purpose,business_licensing,GET /licenses/export,purpose_bypass,purpose_scope,wrong_purpose,1,1,purpose_scope,purpose_scope,1,1,1,1,4.883,40.0
qwen2.5-coder:14b,business_licensing::GET__licenses_id::aggregation_leak::test_08_aggregation_boundary,business_licensing,GET /licenses/{id},aggregation_leak,property_auth,aggregation_boundary,1,1,aggregation_boundary,field_minimization,1,1,0,0,5.675,4.0
qwen2.5-coder:14b,business_licensing::GET__licenses_id::correct::test_06_unauthenticated,business_licensing,GET /licenses/{id},correct,clean,unauthenticated,0,1,none,authentication,1,0,0,0,5.582,0.0
qwen2.5-coder:14b,business_licensing::GET__licenses_id::deprecated_exposed::test_09_deprecated_inventory,business_licensing,GET /licenses/{id},deprecated_exposed,inventory,deprecated_inventory,1,1,endpoint_inventory,field_minimization,1,1,0,0,4.025,8.0
qwen2.5-coder:14b,business_licensing::GET__licenses_id::jurisdiction_bypass::test_03_wrong_jurisdiction,business_licensing,GET /licenses/{id},jurisdiction_bypass,object_auth,wrong_jurisdiction,1,1,jurisdiction_scope,field_minimization,1,1,0,0,4.792,38.0
qwen2.5-coder:14b,business_licensing::GET__licenses_id::missing_audit_log::test_06_unauthenticated,business_licensing,GET /licenses/{id},missing_audit_log,auditability,unauthenticated,1,1,audit_obligation,authentication,1,1,0,0,4.955,3.0
qwen2.5-coder:14b,business_licensing::GET__licenses_id::missing_auth::test_06_unauthenticated,business_licensing,GET /licenses/{id},missing_auth,function_auth,unauthenticated,1,1,authentication,authentication,1,1,1,1,3.639,42.0
qwen2.5-coder:14b,business_licensing::GET__licenses_id::missing_object_check::test_03_wrong_jurisdiction,business_licensing,GET /licenses/{id},missing_object_check,object_auth,wrong_jurisdiction,1,1,object_scope,field_minimization,1,1,0,0,3.296,38.0
qwen2.5-coder:14b,business_licensing::GET__licenses_id::overbroad_role::test_02_wrong_role,business_licensing,GET /licenses/{id},overbroad_role,function_auth,wrong_role,1,1,function_authorization,function_authorization,1,1,1,1,4.886,42.0
qwen2.5-coder:14b,business_licensing::GET__licenses_id::purpose_bypass::test_04_wrong_purpose,business_licensing,GET /licenses/{id},purpose_bypass,purpose_scope,wrong_purpose,1,1,purpose_scope,purpose_scope,1,1,1,1,4.935,38.0
qwen2.5-coder:14b,citizen_services::GET__benefits_id::aggregation_leak::test_02_wrong_role,citizen_services,GET /benefits/{id},aggregation_leak,property_auth,wrong_role,0,1,none,function_authorization,1,0,0,0,5.852,0.0
qwen2.5-coder:14b,citizen_services::GET__benefits_id::aggregation_leak::test_08_aggregation_boundary,citizen_services,GET /benefits/{id},aggregation_leak,property_auth,aggregation_boundary,1,1,aggregation_boundary,field_minimization,1,1,0,0,4.667,9.0
qwen2.5-coder:14b,citizen_services::GET__benefits_id::correct::test_09_deprecated_inventory,citizen_services,GET /benefits/{id},correct,clean,deprecated_inventory,0,1,none,field_minimization,1,0,0,0,4.483,0.0
qwen2.5-coder:14b,citizen_services::GET__benefits_id::deprecated_exposed::test_09_deprecated_inventory,citizen_services,GET /benefits/{id},deprecated_exposed,inventory,deprecated_inventory,1,1,endpoint_inventory,field_minimization,1,1,0,0,4.044,13.0
qwen2.5-coder:14b,citizen_services::GET__benefits_id::jurisdiction_bypass::test_03_wrong_jurisdiction,citizen_services,GET /benefits/{id},jurisdiction_bypass,object_auth,wrong_jurisdiction,1,1,jurisdiction_scope,object_scope,1,1,0,0,4.08,48.0
qwen2.5-coder:14b,citizen_services::GET__benefits_id::missing_audit_log::test_09_deprecated_inventory,citizen_services,GET /benefits/{id},missing_audit_log,auditability,deprecated_inventory,1,1,audit_obligation,audit_obligation,1,1,1,1,3.903,3.0
qwen2.5-coder:14b,citizen_services::GET__benefits_id::missing_auth::test_06_unauthenticated,citizen_services,GET /benefits/{id},missing_auth,function_auth,unauthenticated,1,1,authentication,authentication,1,1,1,1,3.612,57.0
qwen2.5-coder:14b,citizen_services::GET__benefits_id::missing_field_filter::test_07_sensitive_field_probe,citizen_services,GET /benefits/{id},missing_field_filter,property_auth,sensitive_field_probe,1,1,field_minimization,field_minimization,1,1,1,1,3.506,9.0
qwen2.5-coder:14b,citizen_services::GET__benefits_id::missing_field_filter::test_09_deprecated_inventory,citizen_services,GET /benefits/{id},missing_field_filter,property_auth,deprecated_inventory,1,1,field_minimization,field_minimization,1,1,1,1,2.552,9.0
qwen2.5-coder:14b,citizen_services::GET__benefits_id::missing_object_check::test_03_wrong_jurisdiction,citizen_services,GET /benefits/{id},missing_object_check,object_auth,wrong_jurisdiction,1,1,object_scope,object_scope,1,1,1,1,2.219,48.0
qwen2.5-coder:14b,citizen_services::GET__benefits_id::overbroad_role::test_02_wrong_role,citizen_services,GET /benefits/{id},overbroad_role,function_auth,wrong_role,1,1,function_authorization,function_authorization,1,1,1,1,3.212,57.0
qwen2.5-coder:14b,citizen_services::GET__benefits_id::purpose_bypass::test_04_wrong_purpose,citizen_services,GET /benefits/{id},purpose_bypass,purpose_scope,wrong_purpose,1,1,purpose_scope,purpose_scope,1,1,1,1,3.874,48.0
qwen2.5-coder:14b,citizen_services::GET__citizens_export::aggregation_leak::test_08_aggregation_boundary,citizen_services,GET /citizens/export,aggregation_leak,property_auth,aggregation_boundary,1,1,aggregation_boundary,field_minimization,1,1,0,0,4.747,11.0
qwen2.5-coder:14b,citizen_services::GET__citizens_export::deprecated_exposed::test_09_deprecated_inventory,citizen_services,GET /citizens/export,deprecated_exposed,inventory,deprecated_inventory,1,1,endpoint_inventory,field_minimization,1,1,0,0,3.429,15.0
qwen2.5-coder:14b,citizen_services::GET__citizens_export::jurisdiction_bypass::test_03_wrong_jurisdiction,citizen_services,GET /citizens/export,jurisdiction_bypass,object_auth,wrong_jurisdiction,1,1,jurisdiction_scope,field_minimization,1,1,0,0,6.289,48.0
qwen2.5-coder:14b,citizen_services::GET__citizens_export::missing_audit_log::test_09_deprecated_inventory,citizen_services,GET /citizens/export,missing_audit_log,auditability,deprecated_inventory,1,1,audit_obligation,audit_obligation,1,1,1,1,3.435,3.0
qwen2.5-coder:14b,citizen_services::GET__citizens_export::missing_auth::test_06_unauthenticated,citizen_services,GET /citizens/export,missing_auth,function_auth,unauthenticated,1,1,authentication,authentication,1,1,1,1,3.675,59.0
qwen2.5-coder:14b,citizen_services::GET__citizens_export::missing_field_filter::test_05_self_access,citizen_services,GET /citizens/export,missing_field_filter,property_auth,self_access,1,1,field_minimization,field_minimization,1,1,1,1,4.093,11.0
qwen2.5-coder:14b,citizen_services::GET__citizens_export::missing_field_filter::test_08_aggregation_boundary,citizen_services,GET /citizens/export,missing_field_filter,property_auth,aggregation_boundary,1,1,field_minimization,field_minimization,1,1,1,1,3.614,11.0
qwen2.5-coder:14b,citizen_services::GET__citizens_export::missing_object_check::test_03_wrong_jurisdiction,citizen_services,GET /citizens/export,missing_object_check,object_auth,wrong_jurisdiction,1,1,object_scope,field_minimization,1,1,0,0,6.331,48.0
qwen2.5-coder:14b,citizen_services::GET__citizens_export::missing_object_check::test_05_self_access,citizen_services,GET /citizens/export,missing_object_check,object_auth,self_access,0,1,none,field_minimization,1,0,0,0,3.311,0.0
qwen2.5-coder:14b,citizen_services::GET__citizens_export::overbroad_role::test_02_wrong_role,citizen_services,GET /citizens/export,overbroad_role,function_auth,wrong_role,1,1,function_authorization,function_authorization,1,1,1,1,4.328,59.0
qwen2.5-coder:14b,citizen_services::GET__citizens_export::purpose_bypass::test_04_wrong_purpose,citizen_services,GET /citizens/export,purpose_bypass,purpose_scope,wrong_purpose,1,1,purpose_scope,purpose_scope,1,1,1,1,3.919,48.0
qwen2.5-coder:14b,citizen_services::GET__citizens_id::jurisdiction_bypass::test_03_wrong_jurisdiction,citizen_services,GET /citizens/{id},jurisdiction_bypass,object_auth,wrong_jurisdiction,1,0,jurisdiction_scope,none,1,0,0,0,3.751,47.0
qwen2.5-coder:14b,citizen_services::GET__citizens_id::missing_auth::test_06_unauthenticated,citizen_services,GET /citizens/{id},missing_auth,function_auth,unauthenticated,1,1,authentication,authentication,1,1,1,1,3.489,58.0
qwen2.5-coder:14b,citizen_services::GET__citizens_id::missing_field_filter::test_09_deprecated_inventory,citizen_services,GET /citizens/{id},missing_field_filter,property_auth,deprecated_inventory,1,1,field_minimization,field_minimization,1,1,1,1,3.914,11.0
qwen2.5-coder:14b,citizen_services::GET__citizens_id::missing_object_check::test_03_wrong_jurisdiction,citizen_services,GET /citizens/{id},missing_object_check,object_auth,wrong_jurisdiction,1,0,object_scope,none,1,0,0,0,2.95,47.0
qwen2.5-coder:14b,citizen_services::GET__citizens_id::overbroad_role::test_02_wrong_role,citizen_services,GET /citizens/{id},overbroad_role,function_auth,wrong_role,1,1,function_authorization,function_authorization,1,1,1,1,4.098,58.0
qwen2.5-coder:14b,citizen_services::GET__citizens_id::purpose_bypass::test_04_wrong_purpose,citizen_services,GET /citizens/{id},purpose_bypass,purpose_scope,wrong_purpose,1,1,purpose_scope,purpose_scope,1,1,1,1,3.983,47.0
qwen2.5-coder:14b,citizen_services::GET__citizens_id::purpose_bypass::test_06_unauthenticated,citizen_services,GET /citizens/{id},purpose_bypass,purpose_scope,unauthenticated,0,1,none,authentication,1,0,0,0,4.395,0.0
qwen2.5-coder:14b,education::GET__classes_id_roster::aggregation_leak::test_03_wrong_jurisdiction,education,GET /classes/{id}/roster,aggregation_leak,property_auth,wrong_jurisdiction,0,1,none,field_minimization,1,0,0,0,5.906,0.0
qwen2.5-coder:14b,education::GET__classes_id_roster::aggregation_leak::test_08_aggregation_boundary,education,GET /classes/{id}/roster,aggregation_leak,property_auth,aggregation_boundary,1,1,aggregation_boundary,field_minimization,1,1,0,0,4.207,17.0
qwen2.5-coder:14b,education::GET__classes_id_roster::deprecated_exposed::test_09_deprecated_inventory,education,GET /classes/{id}/roster,deprecated_exposed,inventory,deprecated_inventory,1,1,endpoint_inventory,field_minimization,1,1,0,0,3.469,21.0
qwen2.5-coder:14b,education::GET__classes_id_roster::jurisdiction_bypass::test_03_wrong_jurisdiction,education,GET /classes/{id}/roster,jurisdiction_bypass,object_auth,wrong_jurisdiction,1,0,jurisdiction_scope,none,1,0,0,0,2.69,42.0
qwen2.5-coder:14b,education::GET__classes_id_roster::jurisdiction_bypass::test_04_wrong_purpose,education,GET /classes/{id}/roster,jurisdiction_bypass,object_auth,wrong_purpose,0,1,none,purpose_scope,1,0,0,0,3.96,0.0
qwen2.5-coder:14b,education::GET__classes_id_roster::missing_audit_log::test_03_wrong_jurisdiction,education,GET /classes/{id}/roster,missing_audit_log,auditability,wrong_jurisdiction,1,1,audit_obligation,field_minimization,1,1,0,0,4.731,3.0
qwen2.5-coder:14b,education::GET__classes_id_roster::missing_audit_log::test_04_wrong_purpose,education,GET /classes/{id}/roster,missing_audit_log,auditability,wrong_purpose,1,1,audit_obligation,purpose_scope,1,1,0,0,3.495,3.0
qwen2.5-coder:14b,education::GET__classes_id_roster::missing_field_filter::test_05_self_access,education,GET /classes/{id}/roster,missing_field_filter,property_auth,self_access,1,1,field_minimization,field_minimization,1,1,1,1,4.16,17.0
qwen2.5-coder:14b,education::GET__classes_id_roster::missing_object_check::test_03_wrong_jurisdiction,education,GET /classes/{id}/roster,missing_object_check,object_auth,wrong_jurisdiction,1,0,object_scope,none,1,0,0,0,2.739,42.0
qwen2.5-coder:14b,education::GET__classes_id_roster::overbroad_role::test_02_wrong_role,education,GET /classes/{id}/roster,overbroad_role,function_auth,wrong_role,1,1,function_authorization,function_authorization,1,1,1,1,4.168,59.0
qwen2.5-coder:14b,education::GET__classes_id_roster::purpose_bypass::test_04_wrong_purpose,education,GET /classes/{id}/roster,purpose_bypass,purpose_scope,wrong_purpose,1,1,purpose_scope,purpose_scope,1,1,1,1,3.989,42.0
qwen2.5-coder:14b,education::GET__discipline_id::aggregation_leak::test_08_aggregation_boundary,education,GET /discipline/{id},aggregation_leak,property_auth,aggregation_boundary,1,1,aggregation_boundary,field_minimization,1,1,0,0,4.69,15.0
qwen2.5-coder:14b,education::GET__discipline_id::deprecated_exposed::test_09_deprecated_inventory,education,GET /discipline/{id},deprecated_exposed,inventory,deprecated_inventory,1,1,endpoint_inventory,field_minimization,1,1,0,0,3.486,19.0
qwen2.5-coder:14b,education::GET__discipline_id::jurisdiction_bypass::test_03_wrong_jurisdiction,education,GET /discipline/{id},jurisdiction_bypass,object_auth,wrong_jurisdiction,1,0,jurisdiction_scope,none,1,0,0,0,2.894,45.0
qwen2.5-coder:14b,education::GET__discipline_id::missing_audit_log::test_07_sensitive_field_probe,education,GET /discipline/{id},missing_audit_log,auditability,sensitive_field_probe,1,1,audit_obligation,audit_obligation,1,1,1,1,3.415,3.0
qwen2.5-coder:14b,education::GET__discipline_id::missing_auth::test_06_unauthenticated,education,GET /discipline/{id},missing_auth,function_auth,unauthenticated,1,1,authentication,authentication,1,1,1,1,3.914,60.0
qwen2.5-coder:14b,education::GET__discipline_id::missing_object_check::test_03_wrong_jurisdiction,education,GET /discipline/{id},missing_object_check,object_auth,wrong_jurisdiction,1,0,object_scope,none,1,0,0,0,1.624,45.0
qwen2.5-coder:14b,education::GET__discipline_id::overbroad_role::test_02_wrong_role,education,GET /discipline/{id},overbroad_role,function_auth,wrong_role,1,1,function_authorization,function_authorization,1,1,1,1,4.145,60.0
qwen2.5-coder:14b,education::GET__discipline_id::purpose_bypass::test_04_wrong_purpose,education,GET /discipline/{id},purpose_bypass,purpose_scope,wrong_purpose,1,1,purpose_scope,purpose_scope,1,1,1,1,4.385,45.0
qwen2.5-coder:14b,education::GET__students_id_record::aggregation_leak::test_08_aggregation_boundary,education,GET /students/{id}/record,aggregation_leak,property_auth,aggregation_boundary,1,1,aggregation_boundary,field_minimization,1,1,0,0,4.76,17.0
qwen2.5-coder:14b,education::GET__students_id_record::deprecated_exposed::test_09_deprecated_inventory,education,GET /students/{id}/record,deprecated_exposed,inventory,deprecated_inventory,1,1,endpoint_inventory,field_minimization,1,1,0,0,3.552,21.0
qwen2.5-coder:14b,education::GET__students_id_record::jurisdiction_bypass::test_03_wrong_jurisdiction,education,GET /students/{id}/record,jurisdiction_bypass,object_auth,wrong_jurisdiction,1,0,jurisdiction_scope,none,1,0,0,0,3.127,42.0
qwen2.5-coder:14b,education::GET__students_id_record::missing_audit_log::test_01_valid,education,GET /students/{id}/record,missing_audit_log,auditability,valid,1,1,audit_obligation,audit_obligation,1,1,1,1,4.461,3.0
qwen2.5-coder:14b,education::GET__students_id_record::missing_audit_log::test_03_wrong_jurisdiction,education,GET /students/{id}/record,missing_audit_log,auditability,wrong_jurisdiction,1,1,audit_obligation,field_minimization,1,1,0,0,4.431,3.0
qwen2.5-coder:14b,education::GET__students_id_record::missing_audit_log::test_05_self_access,education,GET /students/{id}/record,missing_audit_log,auditability,self_access,1,1,audit_obligation,audit_obligation,1,1,1,1,4.087,3.0
qwen2.5-coder:14b,education::GET__students_id_record::missing_auth::test_06_unauthenticated,education,GET /students/{id}/record,missing_auth,function_auth,unauthenticated,1,1,authentication,authentication,1,1,1,1,3.88,59.0
qwen2.5-coder:14b,education::GET__students_id_record::missing_field_filter::test_01_valid,education,GET /students/{id}/record,missing_field_filter,property_auth,valid,1,1,field_minimization,field_minimization,1,1,1,1,3.837,17.0
qwen2.5-coder:14b,education::GET__students_id_record::missing_object_check::test_03_wrong_jurisdiction,education,GET /students/{id}/record,missing_object_check,object_auth,wrong_jurisdiction,1,0,object_scope,none,1,0,0,0,2.745,42.0
qwen2.5-coder:14b,education::GET__students_id_record::overbroad_role::test_02_wrong_role,education,GET /students/{id}/record,overbroad_role,function_auth,wrong_role,1,1,function_authorization,function_authorization,1,1,1,1,4.085,59.0
qwen2.5-coder:14b,education::GET__students_id_record::purpose_bypass::test_04_wrong_purpose,education,GET /students/{id}/record,purpose_bypass,purpose_scope,wrong_purpose,1,1,purpose_scope,purpose_scope,1,1,1,1,4.171,42.0
qwen2.5-coder:14b,health::GET__encounters_id::aggregation_leak::test_08_aggregation_boundary,health,GET /encounters/{id},aggregation_leak,property_auth,aggregation_boundary,1,1,aggregation_boundary,field_minimization,1,1,0,0,4.612,8.0
qwen2.5-coder:14b,health::GET__encounters_id::deprecated_exposed::test_09_deprecated_inventory,health,GET /encounters/{id},deprecated_exposed,inventory,deprecated_inventory,1,1,endpoint_inventory,field_minimization,1,1,0,0,3.328,12.0
qwen2.5-coder:14b,health::GET__encounters_id::jurisdiction_bypass::test_03_wrong_jurisdiction,health,GET /encounters/{id},jurisdiction_bypass,object_auth,wrong_jurisdiction,1,1,jurisdiction_scope,field_minimization,1,1,0,0,3.725,53.0
qwen2.5-coder:14b,health::GET__encounters_id::missing_auth::test_06_unauthenticated,health,GET /encounters/{id},missing_auth,function_auth,unauthenticated,1,1,authentication,authentication,1,1,1,1,3.667,61.0
qwen2.5-coder:14b,health::GET__encounters_id::missing_auth::test_09_deprecated_inventory,health,GET /encounters/{id},missing_auth,function_auth,deprecated_inventory,0,1,none,field_minimization,1,0,0,0,3.611,0.0
qwen2.5-coder:14b,health::GET__encounters_id::missing_field_filter::test_09_deprecated_inventory,health,GET /encounters/{id},missing_field_filter,property_auth,deprecated_inventory,1,1,field_minimization,field_minimization,1,1,1,1,3.484,8.0
qwen2.5-coder:14b,health::GET__encounters_id::missing_object_check::test_03_wrong_jurisdiction,health,GET /encounters/{id},missing_object_check,object_auth,wrong_jurisdiction,1,1,object_scope,field_minimization,1,1,0,0,2.471,53.0
qwen2.5-coder:14b,health::GET__encounters_id::overbroad_role::test_02_wrong_role,health,GET /encounters/{id},overbroad_role,function_auth,wrong_role,1,1,function_authorization,function_authorization,1,1,1,1,4.192,61.0
qwen2.5-coder:14b,health::GET__encounters_id::purpose_bypass::test_04_wrong_purpose,health,GET /encounters/{id},purpose_bypass,purpose_scope,wrong_purpose,1,1,purpose_scope,purpose_scope,1,1,1,1,3.889,53.0
qwen2.5-coder:14b,health::GET__patients_id::aggregation_leak::test_08_aggregation_boundary,health,GET /patients/{id},aggregation_leak,property_auth,aggregation_boundary,1,1,aggregation_boundary,field_minimization,1,1,0,0,4.66,4.0
qwen2.5-coder:14b,health::GET__patients_id::deprecated_exposed::test_09_deprecated_inventory,health,GET /patients/{id},deprecated_exposed,inventory,deprecated_inventory,1,1,endpoint_inventory,field_minimization,1,1,0,0,3.66,8.0
qwen2.5-coder:14b,health::GET__patients_id::jurisdiction_bypass::test_03_wrong_jurisdiction,health,GET /patients/{id},jurisdiction_bypass,object_auth,wrong_jurisdiction,1,1,jurisdiction_scope,field_minimization,1,1,0,0,3.917,57.0
qwen2.5-coder:14b,health::GET__patients_id::missing_audit_log::test_01_valid,health,GET /patients/{id},missing_audit_log,auditability,valid,1,1,audit_obligation,audit_obligation,1,1,1,1,3.574,3.0
qwen2.5-coder:14b,health::GET__patients_id::missing_audit_log::test_07_sensitive_field_probe,health,GET /patients/{id},missing_audit_log,auditability,sensitive_field_probe,1,1,audit_obligation,audit_obligation,1,1,1,1,2.644,3.0
qwen2.5-coder:14b,health::GET__patients_id::missing_auth::test_05_self_access,health,GET /patients/{id},missing_auth,function_auth,self_access,0,0,none,none,1,1,1,1,3.052,0.0
qwen2.5-coder:14b,health::GET__patients_id::missing_auth::test_06_unauthenticated,health,GET /patients/{id},missing_auth,function_auth,unauthenticated,1,1,authentication,authentication,1,1,1,1,3.345,61.0
qwen2.5-coder:14b,health::GET__patients_id::missing_field_filter::test_01_valid,health,GET /patients/{id},missing_field_filter,property_auth,valid,1,1,field_minimization,field_minimization,1,1,1,1,3.576,4.0
qwen2.5-coder:14b,health::GET__patients_id::missing_object_check::test_03_wrong_jurisdiction,health,GET /patients/{id},missing_object_check,object_auth,wrong_jurisdiction,1,1,object_scope,field_minimization,1,1,0,0,2.719,57.0
qwen2.5-coder:14b,health::GET__patients_id::overbroad_role::test_02_wrong_role,health,GET /patients/{id},overbroad_role,function_auth,wrong_role,1,1,function_authorization,function_authorization,1,1,1,1,4.158,61.0
qwen2.5-coder:14b,health::GET__patients_id::purpose_bypass::test_04_wrong_purpose,health,GET /patients/{id},purpose_bypass,purpose_scope,wrong_purpose,1,1,purpose_scope,purpose_scope,1,1,1,1,3.912,57.0
qwen2.5-coder:14b,health::GET__patients_search::aggregation_leak::test_08_aggregation_boundary,health,GET /patients/search,aggregation_leak,property_auth,aggregation_boundary,1,1,aggregation_boundary,field_minimization,1,1,0,0,4.914,4.0
qwen2.5-coder:14b,health::GET__patients_search::deprecated_exposed::test_09_deprecated_inventory,health,GET /patients/search,deprecated_exposed,inventory,deprecated_inventory,1,1,endpoint_inventory,field_minimization,1,1,0,0,3.668,8.0
qwen2.5-coder:14b,health::GET__patients_search::jurisdiction_bypass::test_03_wrong_jurisdiction,health,GET /patients/search,jurisdiction_bypass,object_auth,wrong_jurisdiction,1,1,jurisdiction_scope,field_minimization,1,1,0,0,4.09,56.0
qwen2.5-coder:14b,health::GET__patients_search::jurisdiction_bypass::test_05_self_access,health,GET /patients/search,jurisdiction_bypass,object_auth,self_access,0,0,none,none,1,1,1,1,3.39,0.0
qwen2.5-coder:14b,health::GET__patients_search::missing_auth::test_06_unauthenticated,health,GET /patients/search,missing_auth,function_auth,unauthenticated,1,1,authentication,authentication,1,1,1,1,3.565,60.0
qwen2.5-coder:14b,health::GET__patients_search::missing_field_filter::test_08_aggregation_boundary,health,GET /patients/search,missing_field_filter,property_auth,aggregation_boundary,1,1,field_minimization,field_minimization,1,1,1,1,3.587,4.0
qwen2.5-coder:14b,health::GET__patients_search::missing_object_check::test_01_valid,health,GET /patients/search,missing_object_check,object_auth,valid,0,1,none,field_minimization,1,0,0,0,3.576,0.0
qwen2.5-coder:14b,health::GET__patients_search::missing_object_check::test_03_wrong_jurisdiction,health,GET /patients/search,missing_object_check,object_auth,wrong_jurisdiction,1,1,object_scope,field_minimization,1,1,0,0,2.726,56.0
qwen2.5-coder:14b,health::GET__patients_search::overbroad_role::test_02_wrong_role,health,GET /patients/search,overbroad_role,function_auth,wrong_role,1,1,function_authorization,function_authorization,1,1,1,1,4.278,60.0
qwen2.5-coder:14b,health::GET__patients_search::purpose_bypass::test_04_wrong_purpose,health,GET /patients/search,purpose_bypass,purpose_scope,wrong_purpose,1,1,purpose_scope,purpose_scope,1,1,1,1,3.949,56.0
qwen2.5-coder:32b,business_licensing::GET__licenses_export::missing_audit_log::test_08_aggregation_boundary,business_licensing,GET /licenses/export,missing_audit_log,auditability,aggregation_boundary,1,1,audit_obligation,field_minimization,1,1,0,0,14.179,3.0
qwen2.5-coder:32b,citizen_services::GET__citizens_id::aggregation_leak::test_08_aggregation_boundary,citizen_services,GET /citizens/{id},aggregation_leak,property_auth,aggregation_boundary,1,1,aggregation_boundary,field_minimization,1,1,0,0,8.651,11.0
qwen2.5-coder:32b,citizen_services::GET__citizens_id::deprecated_exposed::test_09_deprecated_inventory,citizen_services,GET /citizens/{id},deprecated_exposed,inventory,deprecated_inventory,1,1,endpoint_inventory,field_minimization,1,1,0,0,5.7,15.0
qwen2.5-coder:32b,citizen_services::GET__citizens_id::missing_field_filter::test_07_sensitive_field_probe,citizen_services,GET /citizens/{id},missing_field_filter,property_auth,sensitive_field_probe,1,1,field_minimization,field_minimization,1,1,1,1,5.765,11.0
qwen2.5-coder:32b,education::GET__classes_id_roster::missing_auth::test_06_unauthenticated,education,GET /classes/{id}/roster,missing_auth,function_auth,unauthenticated,1,1,authentication,authentication,1,1,1,1,8.107,59.0
qwen2.5-coder:32b,business_licensing::GET__inspections_id::aggregation_leak::test_08_aggregation_boundary,business_licensing,GET /inspections/{id},aggregation_leak,property_auth,aggregation_boundary,1,1,aggregation_boundary,field_minimization,1,1,0,0,19.562,6.0
qwen2.5-coder:32b,business_licensing::GET__inspections_id::deprecated_exposed::test_09_deprecated_inventory,business_licensing,GET /inspections/{id},deprecated_exposed,inventory,deprecated_inventory,1,1,endpoint_inventory,field_minimization,1,1,0,0,8.675,10.0
qwen2.5-coder:32b,business_licensing::GET__inspections_id::jurisdiction_bypass::test_03_wrong_jurisdiction,business_licensing,GET /inspections/{id},jurisdiction_bypass,object_auth,wrong_jurisdiction,1,0,jurisdiction_scope,none,1,0,0,0,6.803,37.0
qwen2.5-coder:32b,business_licensing::GET__inspections_id::missing_auth::test_06_unauthenticated,business_licensing,GET /inspections/{id},missing_auth,function_auth,unauthenticated,1,1,authentication,authentication,1,1,1,1,7.855,43.0
qwen2.5-coder:32b,business_licensing::GET__inspections_id::missing_object_check::test_03_wrong_jurisdiction,business_licensing,GET /inspections/{id},missing_object_check,object_auth,wrong_jurisdiction,1,0,object_scope,none,1,0,0,0,3.335,37.0
qwen2.5-coder:32b,business_licensing::GET__inspections_id::overbroad_role::test_02_wrong_role,business_licensing,GET /inspections/{id},overbroad_role,function_auth,wrong_role,1,1,function_authorization,function_authorization,1,1,1,1,8.832,43.0
qwen2.5-coder:32b,business_licensing::GET__inspections_id::purpose_bypass::test_04_wrong_purpose,business_licensing,GET /inspections/{id},purpose_bypass,purpose_scope,wrong_purpose,1,1,purpose_scope,purpose_scope,1,1,1,1,10.013,37.0
qwen2.5-coder:32b,business_licensing::GET__licenses_export::aggregation_leak::test_08_aggregation_boundary,business_licensing,GET /licenses/export,aggregation_leak,property_auth,aggregation_boundary,1,1,aggregation_boundary,field_minimization,1,1,0,0,10.065,4.0
qwen2.5-coder:32b,business_licensing::GET__licenses_export::deprecated_exposed::test_09_deprecated_inventory,business_licensing,GET /licenses/export,deprecated_exposed,inventory,deprecated_inventory,1,1,endpoint_inventory,field_minimization,1,1,0,0,7.136,8.0
qwen2.5-coder:32b,business_licensing::GET__licenses_export::jurisdiction_bypass::test_03_wrong_jurisdiction,business_licensing,GET /licenses/export,jurisdiction_bypass,object_auth,wrong_jurisdiction,1,1,jurisdiction_scope,field_minimization,1,1,0,0,10.003,40.0
qwen2.5-coder:32b,business_licensing::GET__licenses_export::missing_auth::test_06_unauthenticated,business_licensing,GET /licenses/export,missing_auth,function_auth,unauthenticated,1,1,authentication,authentication,1,1,1,1,9.364,44.0
qwen2.5-coder:32b,business_licensing::GET__licenses_export::missing_auth::test_07_sensitive_field_probe,business_licensing,GET /licenses/export,missing_auth,function_auth,sensitive_field_probe,0,1,none,field_minimization,1,0,0,0,8.691,0.0
qwen2.5-coder:32b,business_licensing::GET__licenses_export::missing_field_filter::test_05_self_access,business_licensing,GET /licenses/export,missing_field_filter,property_auth,self_access,1,1,field_minimization,field_minimization,1,1,1,1,10.356,6.0
qwen2.5-coder:32b,business_licensing::GET__licenses_export::missing_object_check::test_03_wrong_jurisdiction,business_licensing,GET /licenses/export,missing_object_check,object_auth,wrong_jurisdiction,1,1,object_scope,field_minimization,1,1,0,0,6.545,40.0
qwen2.5-coder:32b,business_licensing::GET__licenses_export::overbroad_role::test_02_wrong_role,business_licensing,GET /licenses/export,overbroad_role,function_auth,wrong_role,1,1,function_authorization,function_authorization,1,1,1,1,9.33,44.0
qwen2.5-coder:32b,business_licensing::GET__licenses_export::purpose_bypass::test_04_wrong_purpose,business_licensing,GET /licenses/export,purpose_bypass,purpose_scope,wrong_purpose,1,1,purpose_scope,purpose_scope,1,1,1,1,11.262,40.0
qwen2.5-coder:32b,business_licensing::GET__licenses_id::aggregation_leak::test_08_aggregation_boundary,business_licensing,GET /licenses/{id},aggregation_leak,property_auth,aggregation_boundary,1,1,aggregation_boundary,field_minimization,1,1,0,0,12.717,4.0
qwen2.5-coder:32b,business_licensing::GET__licenses_id::correct::test_06_unauthenticated,business_licensing,GET /licenses/{id},correct,clean,unauthenticated,0,0,none,none,1,1,1,1,7.468,0.0
qwen2.5-coder:32b,business_licensing::GET__licenses_id::deprecated_exposed::test_09_deprecated_inventory,business_licensing,GET /licenses/{id},deprecated_exposed,inventory,deprecated_inventory,1,1,endpoint_inventory,field_minimization,1,1,0,0,7.936,8.0
qwen2.5-coder:32b,business_licensing::GET__licenses_id::jurisdiction_bypass::test_03_wrong_jurisdiction,business_licensing,GET /licenses/{id},jurisdiction_bypass,object_auth,wrong_jurisdiction,1,1,jurisdiction_scope,field_minimization,1,1,0,0,10.464,38.0
qwen2.5-coder:32b,business_licensing::GET__licenses_id::missing_audit_log::test_06_unauthenticated,business_licensing,GET /licenses/{id},missing_audit_log,auditability,unauthenticated,1,1,audit_obligation,authentication,1,1,0,0,7.742,3.0
qwen2.5-coder:32b,business_licensing::GET__licenses_id::missing_auth::test_06_unauthenticated,business_licensing,GET /licenses/{id},missing_auth,function_auth,unauthenticated,1,1,authentication,authentication,1,1,1,1,6.927,42.0
qwen2.5-coder:32b,business_licensing::GET__licenses_id::missing_object_check::test_03_wrong_jurisdiction,business_licensing,GET /licenses/{id},missing_object_check,object_auth,wrong_jurisdiction,1,1,object_scope,field_minimization,1,1,0,0,5.885,38.0
qwen2.5-coder:32b,business_licensing::GET__licenses_id::overbroad_role::test_02_wrong_role,business_licensing,GET /licenses/{id},overbroad_role,function_auth,wrong_role,1,1,function_authorization,function_authorization,1,1,1,1,8.549,42.0
qwen2.5-coder:32b,business_licensing::GET__licenses_id::purpose_bypass::test_04_wrong_purpose,business_licensing,GET /licenses/{id},purpose_bypass,purpose_scope,wrong_purpose,1,1,purpose_scope,purpose_scope,1,1,1,1,9.466,38.0
qwen2.5-coder:32b,citizen_services::GET__benefits_id::aggregation_leak::test_02_wrong_role,citizen_services,GET /benefits/{id},aggregation_leak,property_auth,wrong_role,0,1,none,function_authorization,1,0,0,0,15.427,0.0
qwen2.5-coder:32b,citizen_services::GET__benefits_id::aggregation_leak::test_08_aggregation_boundary,citizen_services,GET /benefits/{id},aggregation_leak,property_auth,aggregation_boundary,1,1,aggregation_boundary,field_minimization,1,1,0,0,10.281,9.0
qwen2.5-coder:32b,citizen_services::GET__benefits_id::correct::test_09_deprecated_inventory,citizen_services,GET /benefits/{id},correct,clean,deprecated_inventory,0,0,none,none,1,1,1,1,5.984,0.0
qwen2.5-coder:32b,citizen_services::GET__benefits_id::deprecated_exposed::test_09_deprecated_inventory,citizen_services,GET /benefits/{id},deprecated_exposed,inventory,deprecated_inventory,1,1,endpoint_inventory,field_minimization,1,1,0,0,8.906,13.0
qwen2.5-coder:32b,citizen_services::GET__benefits_id::jurisdiction_bypass::test_03_wrong_jurisdiction,citizen_services,GET /benefits/{id},jurisdiction_bypass,object_auth,wrong_jurisdiction,1,0,jurisdiction_scope,none,1,0,0,0,7.186,48.0
qwen2.5-coder:32b,citizen_services::GET__benefits_id::missing_audit_log::test_09_deprecated_inventory,citizen_services,GET /benefits/{id},missing_audit_log,auditability,deprecated_inventory,1,1,audit_obligation,audit_obligation,1,1,1,1,8.344,3.0
qwen2.5-coder:32b,citizen_services::GET__benefits_id::missing_auth::test_06_unauthenticated,citizen_services,GET /benefits/{id},missing_auth,function_auth,unauthenticated,1,1,authentication,authentication,1,1,1,1,9.192,57.0
qwen2.5-coder:32b,citizen_services::GET__benefits_id::missing_field_filter::test_07_sensitive_field_probe,citizen_services,GET /benefits/{id},missing_field_filter,property_auth,sensitive_field_probe,1,1,field_minimization,field_minimization,1,1,1,1,8.587,9.0
qwen2.5-coder:32b,citizen_services::GET__benefits_id::missing_field_filter::test_09_deprecated_inventory,citizen_services,GET /benefits/{id},missing_field_filter,property_auth,deprecated_inventory,1,1,field_minimization,field_minimization,1,1,1,1,6.127,9.0
qwen2.5-coder:32b,citizen_services::GET__benefits_id::missing_object_check::test_03_wrong_jurisdiction,citizen_services,GET /benefits/{id},missing_object_check,object_auth,wrong_jurisdiction,1,0,object_scope,none,1,0,0,0,3.398,48.0
qwen2.5-coder:32b,citizen_services::GET__benefits_id::overbroad_role::test_02_wrong_role,citizen_services,GET /benefits/{id},overbroad_role,function_auth,wrong_role,1,1,function_authorization,function_authorization,1,1,1,1,7.669,57.0
qwen2.5-coder:32b,citizen_services::GET__benefits_id::purpose_bypass::test_04_wrong_purpose,citizen_services,GET /benefits/{id},purpose_bypass,purpose_scope,wrong_purpose,1,1,purpose_scope,purpose_scope,1,1,1,1,8.53,48.0
qwen2.5-coder:32b,citizen_services::GET__citizens_export::aggregation_leak::test_08_aggregation_boundary,citizen_services,GET /citizens/export,aggregation_leak,property_auth,aggregation_boundary,1,1,aggregation_boundary,field_minimization,1,1,0,0,11.109,11.0
qwen2.5-coder:32b,citizen_services::GET__citizens_export::deprecated_exposed::test_09_deprecated_inventory,citizen_services,GET /citizens/export,deprecated_exposed,inventory,deprecated_inventory,1,1,endpoint_inventory,field_minimization,1,1,0,0,7.671,15.0
qwen2.5-coder:32b,citizen_services::GET__citizens_export::jurisdiction_bypass::test_03_wrong_jurisdiction,citizen_services,GET /citizens/export,jurisdiction_bypass,object_auth,wrong_jurisdiction,1,0,jurisdiction_scope,none,1,0,0,0,6.685,48.0
qwen2.5-coder:32b,citizen_services::GET__citizens_export::missing_audit_log::test_09_deprecated_inventory,citizen_services,GET /citizens/export,missing_audit_log,auditability,deprecated_inventory,1,0,audit_obligation,none,1,0,0,0,5.829,3.0
qwen2.5-coder:32b,citizen_services::GET__citizens_export::missing_auth::test_06_unauthenticated,citizen_services,GET /citizens/export,missing_auth,function_auth,unauthenticated,1,1,authentication,authentication,1,1,1,1,8.141,59.0
qwen2.5-coder:32b,citizen_services::GET__citizens_export::missing_field_filter::test_05_self_access,citizen_services,GET /citizens/export,missing_field_filter,property_auth,self_access,1,1,field_minimization,field_minimization,1,1,1,1,9.187,11.0
qwen2.5-coder:32b,citizen_services::GET__citizens_export::missing_field_filter::test_08_aggregation_boundary,citizen_services,GET /citizens/export,missing_field_filter,property_auth,aggregation_boundary,1,1,field_minimization,field_minimization,1,1,1,1,8.282,11.0
qwen2.5-coder:32b,citizen_services::GET__citizens_export::missing_object_check::test_03_wrong_jurisdiction,citizen_services,GET /citizens/export,missing_object_check,object_auth,wrong_jurisdiction,1,0,object_scope,none,1,0,0,0,6.767,48.0
qwen2.5-coder:32b,citizen_services::GET__citizens_export::missing_object_check::test_05_self_access,citizen_services,GET /citizens/export,missing_object_check,object_auth,self_access,0,0,none,none,1,1,1,1,5.763,0.0
qwen2.5-coder:32b,citizen_services::GET__citizens_export::overbroad_role::test_02_wrong_role,citizen_services,GET /citizens/export,overbroad_role,function_auth,wrong_role,1,1,function_authorization,function_authorization,1,1,1,1,9.901,59.0
qwen2.5-coder:32b,citizen_services::GET__citizens_export::purpose_bypass::test_04_wrong_purpose,citizen_services,GET /citizens/export,purpose_bypass,purpose_scope,wrong_purpose,1,1,purpose_scope,purpose_scope,1,1,1,1,8.925,48.0
qwen2.5-coder:32b,citizen_services::GET__citizens_id::jurisdiction_bypass::test_03_wrong_jurisdiction,citizen_services,GET /citizens/{id},jurisdiction_bypass,object_auth,wrong_jurisdiction,1,0,jurisdiction_scope,none,1,0,0,0,8.355,47.0
qwen2.5-coder:32b,citizen_services::GET__citizens_id::missing_auth::test_06_unauthenticated,citizen_services,GET /citizens/{id},missing_auth,function_auth,unauthenticated,1,1,authentication,authentication,1,1,1,1,8.76,58.0
qwen2.5-coder:32b,citizen_services::GET__citizens_id::missing_field_filter::test_09_deprecated_inventory,citizen_services,GET /citizens/{id},missing_field_filter,property_auth,deprecated_inventory,1,1,field_minimization,field_minimization,1,1,1,1,8.962,11.0
qwen2.5-coder:32b,citizen_services::GET__citizens_id::missing_object_check::test_03_wrong_jurisdiction,citizen_services,GET /citizens/{id},missing_object_check,object_auth,wrong_jurisdiction,1,0,object_scope,none,1,0,0,0,6.513,47.0
qwen2.5-coder:32b,citizen_services::GET__citizens_id::overbroad_role::test_02_wrong_role,citizen_services,GET /citizens/{id},overbroad_role,function_auth,wrong_role,1,1,function_authorization,function_authorization,1,1,1,1,8.34,58.0
qwen2.5-coder:32b,citizen_services::GET__citizens_id::purpose_bypass::test_04_wrong_purpose,citizen_services,GET /citizens/{id},purpose_bypass,purpose_scope,wrong_purpose,1,1,purpose_scope,purpose_scope,1,1,1,1,8.275,47.0
qwen2.5-coder:32b,citizen_services::GET__citizens_id::purpose_bypass::test_06_unauthenticated,citizen_services,GET /citizens/{id},purpose_bypass,purpose_scope,unauthenticated,0,1,none,authentication,1,0,0,0,7.062,0.0
qwen2.5-coder:32b,education::GET__classes_id_roster::aggregation_leak::test_03_wrong_jurisdiction,education,GET /classes/{id}/roster,aggregation_leak,property_auth,wrong_jurisdiction,0,0,none,none,1,1,1,1,8.599,0.0
qwen2.5-coder:32b,education::GET__classes_id_roster::aggregation_leak::test_08_aggregation_boundary,education,GET /classes/{id}/roster,aggregation_leak,property_auth,aggregation_boundary,1,1,aggregation_boundary,field_minimization,1,1,0,0,8.894,17.0
qwen2.5-coder:32b,education::GET__classes_id_roster::deprecated_exposed::test_09_deprecated_inventory,education,GET /classes/{id}/roster,deprecated_exposed,inventory,deprecated_inventory,1,1,endpoint_inventory,field_minimization,1,1,0,0,7.436,21.0
qwen2.5-coder:32b,education::GET__classes_id_roster::jurisdiction_bypass::test_03_wrong_jurisdiction,education,GET /classes/{id}/roster,jurisdiction_bypass,object_auth,wrong_jurisdiction,1,0,jurisdiction_scope,none,1,0,0,0,5.825,42.0
qwen2.5-coder:32b,education::GET__classes_id_roster::jurisdiction_bypass::test_04_wrong_purpose,education,GET /classes/{id}/roster,jurisdiction_bypass,object_auth,wrong_purpose,0,1,none,purpose_scope,1,0,0,0,9.878,0.0
qwen2.5-coder:32b,education::GET__classes_id_roster::missing_audit_log::test_03_wrong_jurisdiction,education,GET /classes/{id}/roster,missing_audit_log,auditability,wrong_jurisdiction,1,1,audit_obligation,field_minimization,1,1,0,0,8.902,3.0
qwen2.5-coder:32b,education::GET__classes_id_roster::missing_audit_log::test_04_wrong_purpose,education,GET /classes/{id}/roster,missing_audit_log,auditability,wrong_purpose,1,1,audit_obligation,purpose_scope,1,1,0,0,8.543,3.0
qwen2.5-coder:32b,education::GET__classes_id_roster::missing_field_filter::test_05_self_access,education,GET /classes/{id}/roster,missing_field_filter,property_auth,self_access,1,1,field_minimization,field_minimization,1,1,1,1,9.155,17.0
qwen2.5-coder:32b,education::GET__classes_id_roster::missing_object_check::test_03_wrong_jurisdiction,education,GET /classes/{id}/roster,missing_object_check,object_auth,wrong_jurisdiction,1,0,object_scope,none,1,0,0,0,5.846,42.0
qwen2.5-coder:32b,education::GET__classes_id_roster::overbroad_role::test_02_wrong_role,education,GET /classes/{id}/roster,overbroad_role,function_auth,wrong_role,1,1,function_authorization,function_authorization,1,1,1,1,8.779,59.0
qwen2.5-coder:32b,education::GET__classes_id_roster::purpose_bypass::test_04_wrong_purpose,education,GET /classes/{id}/roster,purpose_bypass,purpose_scope,wrong_purpose,1,1,purpose_scope,purpose_scope,1,1,1,1,9.089,42.0
qwen2.5-coder:32b,education::GET__discipline_id::aggregation_leak::test_08_aggregation_boundary,education,GET /discipline/{id},aggregation_leak,property_auth,aggregation_boundary,1,1,aggregation_boundary,field_minimization,1,1,0,0,10.295,15.0
qwen2.5-coder:32b,education::GET__discipline_id::deprecated_exposed::test_09_deprecated_inventory,education,GET /discipline/{id},deprecated_exposed,inventory,deprecated_inventory,1,1,endpoint_inventory,field_minimization,1,1,0,0,7.065,19.0
qwen2.5-coder:32b,education::GET__discipline_id::jurisdiction_bypass::test_03_wrong_jurisdiction,education,GET /discipline/{id},jurisdiction_bypass,object_auth,wrong_jurisdiction,1,0,jurisdiction_scope,none,1,0,0,0,6.402,45.0
qwen2.5-coder:32b,education::GET__discipline_id::missing_audit_log::test_07_sensitive_field_probe,education,GET /discipline/{id},missing_audit_log,auditability,sensitive_field_probe,1,0,audit_obligation,none,1,0,0,0,5.577,3.0
qwen2.5-coder:32b,education::GET__discipline_id::missing_auth::test_06_unauthenticated,education,GET /discipline/{id},missing_auth,function_auth,unauthenticated,1,1,authentication,authentication,1,1,1,1,8.116,60.0
qwen2.5-coder:32b,education::GET__discipline_id::missing_object_check::test_03_wrong_jurisdiction,education,GET /discipline/{id},missing_object_check,object_auth,wrong_jurisdiction,1,0,object_scope,none,1,0,0,0,3.324,45.0
qwen2.5-coder:32b,education::GET__discipline_id::overbroad_role::test_02_wrong_role,education,GET /discipline/{id},overbroad_role,function_auth,wrong_role,1,1,function_authorization,function_authorization,1,1,1,1,8.469,60.0
qwen2.5-coder:32b,education::GET__discipline_id::purpose_bypass::test_04_wrong_purpose,education,GET /discipline/{id},purpose_bypass,purpose_scope,wrong_purpose,1,1,purpose_scope,purpose_scope,1,1,1,1,9.894,45.0
qwen2.5-coder:32b,education::GET__students_id_record::aggregation_leak::test_08_aggregation_boundary,education,GET /students/{id}/record,aggregation_leak,property_auth,aggregation_boundary,1,1,aggregation_boundary,field_minimization,1,1,0,0,11.232,17.0
qwen2.5-coder:32b,education::GET__students_id_record::deprecated_exposed::test_09_deprecated_inventory,education,GET /students/{id}/record,deprecated_exposed,inventory,deprecated_inventory,1,1,endpoint_inventory,field_minimization,1,1,0,0,7.945,21.0
qwen2.5-coder:32b,education::GET__students_id_record::jurisdiction_bypass::test_03_wrong_jurisdiction,education,GET /students/{id}/record,jurisdiction_bypass,object_auth,wrong_jurisdiction,1,0,jurisdiction_scope,none,1,0,0,0,6.353,42.0
qwen2.5-coder:32b,education::GET__students_id_record::missing_audit_log::test_01_valid,education,GET /students/{id}/record,missing_audit_log,auditability,valid,1,0,audit_obligation,none,1,0,0,0,5.787,3.0
qwen2.5-coder:32b,education::GET__students_id_record::missing_audit_log::test_03_wrong_jurisdiction,education,GET /students/{id}/record,missing_audit_log,auditability,wrong_jurisdiction,1,1,audit_obligation,audit_obligation,1,1,1,1,7.813,3.0
qwen2.5-coder:32b,education::GET__students_id_record::missing_audit_log::test_05_self_access,education,GET /students/{id}/record,missing_audit_log,auditability,self_access,1,0,audit_obligation,none,1,0,0,0,7.029,3.0
qwen2.5-coder:32b,education::GET__students_id_record::missing_auth::test_06_unauthenticated,education,GET /students/{id}/record,missing_auth,function_auth,unauthenticated,1,1,authentication,authentication,1,1,1,1,9.247,59.0
qwen2.5-coder:32b,education::GET__students_id_record::missing_field_filter::test_01_valid,education,GET /students/{id}/record,missing_field_filter,property_auth,valid,1,1,field_minimization,field_minimization,1,1,1,1,9.904,17.0
qwen2.5-coder:32b,education::GET__students_id_record::missing_object_check::test_03_wrong_jurisdiction,education,GET /students/{id}/record,missing_object_check,object_auth,wrong_jurisdiction,1,0,object_scope,none,1,0,0,0,6.098,42.0
qwen2.5-coder:32b,education::GET__students_id_record::overbroad_role::test_02_wrong_role,education,GET /students/{id}/record,overbroad_role,function_auth,wrong_role,1,1,function_authorization,function_authorization,1,1,1,1,8.676,59.0
qwen2.5-coder:32b,education::GET__students_id_record::purpose_bypass::test_04_wrong_purpose,education,GET /students/{id}/record,purpose_bypass,purpose_scope,wrong_purpose,1,1,purpose_scope,purpose_scope,1,1,1,1,9.735,42.0
qwen2.5-coder:32b,health::GET__encounters_id::aggregation_leak::test_08_aggregation_boundary,health,GET /encounters/{id},aggregation_leak,property_auth,aggregation_boundary,1,1,aggregation_boundary,field_minimization,1,1,0,0,10.077,8.0
qwen2.5-coder:32b,health::GET__encounters_id::deprecated_exposed::test_09_deprecated_inventory,health,GET /encounters/{id},deprecated_exposed,inventory,deprecated_inventory,1,1,endpoint_inventory,field_minimization,1,1,0,0,7.331,12.0
qwen2.5-coder:32b,health::GET__encounters_id::jurisdiction_bypass::test_03_wrong_jurisdiction,health,GET /encounters/{id},jurisdiction_bypass,object_auth,wrong_jurisdiction,1,1,jurisdiction_scope,field_minimization,1,1,0,0,10.86,53.0
qwen2.5-coder:32b,health::GET__encounters_id::missing_auth::test_06_unauthenticated,health,GET /encounters/{id},missing_auth,function_auth,unauthenticated,1,1,authentication,authentication,1,1,1,1,8.626,61.0
qwen2.5-coder:32b,health::GET__encounters_id::missing_auth::test_09_deprecated_inventory,health,GET /encounters/{id},missing_auth,function_auth,deprecated_inventory,0,1,none,field_minimization,1,0,0,0,9.114,0.0
qwen2.5-coder:32b,health::GET__encounters_id::missing_field_filter::test_09_deprecated_inventory,health,GET /encounters/{id},missing_field_filter,property_auth,deprecated_inventory,1,1,field_minimization,field_minimization,1,1,1,1,7.545,8.0
qwen2.5-coder:32b,health::GET__encounters_id::missing_object_check::test_03_wrong_jurisdiction,health,GET /encounters/{id},missing_object_check,object_auth,wrong_jurisdiction,1,1,object_scope,field_minimization,1,1,0,0,7.221,53.0
qwen2.5-coder:32b,health::GET__encounters_id::overbroad_role::test_02_wrong_role,health,GET /encounters/{id},overbroad_role,function_auth,wrong_role,1,1,function_authorization,function_authorization,1,1,1,1,9.701,61.0
qwen2.5-coder:32b,health::GET__encounters_id::purpose_bypass::test_04_wrong_purpose,health,GET /encounters/{id},purpose_bypass,purpose_scope,wrong_purpose,1,1,purpose_scope,purpose_scope,1,1,1,1,9.263,53.0
qwen2.5-coder:32b,health::GET__patients_id::aggregation_leak::test_08_aggregation_boundary,health,GET /patients/{id},aggregation_leak,property_auth,aggregation_boundary,1,1,aggregation_boundary,field_minimization,1,1,0,0,11.158,4.0
qwen2.5-coder:32b,health::GET__patients_id::deprecated_exposed::test_09_deprecated_inventory,health,GET /patients/{id},deprecated_exposed,inventory,deprecated_inventory,1,1,endpoint_inventory,field_minimization,1,1,0,0,7.504,8.0
qwen2.5-coder:32b,health::GET__patients_id::jurisdiction_bypass::test_03_wrong_jurisdiction,health,GET /patients/{id},jurisdiction_bypass,object_auth,wrong_jurisdiction,1,1,jurisdiction_scope,field_minimization,1,1,0,0,8.735,57.0
qwen2.5-coder:32b,health::GET__patients_id::missing_audit_log::test_01_valid,health,GET /patients/{id},missing_audit_log,auditability,valid,1,1,audit_obligation,field_minimization,1,1,0,0,8.295,3.0
qwen2.5-coder:32b,health::GET__patients_id::missing_audit_log::test_07_sensitive_field_probe,health,GET /patients/{id},missing_audit_log,auditability,sensitive_field_probe,1,1,audit_obligation,field_minimization,1,1,0,0,5.972,3.0
qwen2.5-coder:32b,health::GET__patients_id::missing_auth::test_05_self_access,health,GET /patients/{id},missing_auth,function_auth,self_access,0,0,none,none,1,1,1,1,7.143,0.0
qwen2.5-coder:32b,health::GET__patients_id::missing_auth::test_06_unauthenticated,health,GET /patients/{id},missing_auth,function_auth,unauthenticated,1,1,authentication,authentication,1,1,1,1,8.319,61.0
qwen2.5-coder:32b,health::GET__patients_id::missing_field_filter::test_01_valid,health,GET /patients/{id},missing_field_filter,property_auth,valid,1,1,field_minimization,field_minimization,1,1,1,1,8.201,4.0
qwen2.5-coder:32b,health::GET__patients_id::missing_object_check::test_03_wrong_jurisdiction,health,GET /patients/{id},missing_object_check,object_auth,wrong_jurisdiction,1,1,object_scope,field_minimization,1,1,0,0,5.498,57.0
qwen2.5-coder:32b,health::GET__patients_id::overbroad_role::test_02_wrong_role,health,GET /patients/{id},overbroad_role,function_auth,wrong_role,1,1,function_authorization,function_authorization,1,1,1,1,10.558,61.0
qwen2.5-coder:32b,health::GET__patients_id::purpose_bypass::test_04_wrong_purpose,health,GET /patients/{id},purpose_bypass,purpose_scope,wrong_purpose,1,1,purpose_scope,purpose_scope,1,1,1,1,9.91,57.0
qwen2.5-coder:32b,health::GET__patients_search::aggregation_leak::test_08_aggregation_boundary,health,GET /patients/search,aggregation_leak,property_auth,aggregation_boundary,1,1,aggregation_boundary,field_minimization,1,1,0,0,11.464,4.0
qwen2.5-coder:32b,health::GET__patients_search::deprecated_exposed::test_09_deprecated_inventory,health,GET /patients/search,deprecated_exposed,inventory,deprecated_inventory,1,1,endpoint_inventory,field_minimization,1,1,0,0,8.036,8.0
qwen2.5-coder:32b,health::GET__patients_search::jurisdiction_bypass::test_03_wrong_jurisdiction,health,GET /patients/search,jurisdiction_bypass,object_auth,wrong_jurisdiction,1,1,jurisdiction_scope,field_minimization,1,1,0,0,9.836,56.0
qwen2.5-coder:32b,health::GET__patients_search::jurisdiction_bypass::test_05_self_access,health,GET /patients/search,jurisdiction_bypass,object_auth,self_access,0,0,none,none,1,1,1,1,8.213,0.0
qwen2.5-coder:32b,health::GET__patients_search::missing_auth::test_06_unauthenticated,health,GET /patients/search,missing_auth,function_auth,unauthenticated,1,1,authentication,authentication,1,1,1,1,8.565,60.0
qwen2.5-coder:32b,health::GET__patients_search::missing_field_filter::test_08_aggregation_boundary,health,GET /patients/search,missing_field_filter,property_auth,aggregation_boundary,1,1,field_minimization,field_minimization,1,1,1,1,8.003,4.0
qwen2.5-coder:32b,health::GET__patients_search::missing_object_check::test_01_valid,health,GET /patients/search,missing_object_check,object_auth,valid,0,1,none,field_minimization,1,0,0,0,8.311,0.0
qwen2.5-coder:32b,health::GET__patients_search::missing_object_check::test_03_wrong_jurisdiction,health,GET /patients/search,missing_object_check,object_auth,wrong_jurisdiction,1,1,object_scope,field_minimization,1,1,0,0,5.297,56.0
qwen2.5-coder:32b,health::GET__patients_search::overbroad_role::test_02_wrong_role,health,GET /patients/search,overbroad_role,function_auth,wrong_role,1,1,function_authorization,function_authorization,1,1,1,1,8.869,60.0
qwen2.5-coder:32b,health::GET__patients_search::purpose_bypass::test_04_wrong_purpose,health,GET /patients/search,purpose_bypass,purpose_scope,wrong_purpose,1,1,purpose_scope,purpose_scope,1,1,1,1,9.6,56.0
qwen2.5-coder:3b,business_licensing::GET__licenses_export::missing_audit_log::test_08_aggregation_boundary,business_licensing,GET /licenses/export,missing_audit_log,auditability,aggregation_boundary,1,1,audit_obligation,object_scope,1,1,0,0,9.101,3.0
qwen2.5-coder:3b,citizen_services::GET__citizens_id::aggregation_leak::test_08_aggregation_boundary,citizen_services,GET /citizens/{id},aggregation_leak,property_auth,aggregation_boundary,1,0,aggregation_boundary,none,1,0,0,0,0.808,11.0
qwen2.5-coder:3b,citizen_services::GET__citizens_id::deprecated_exposed::test_09_deprecated_inventory,citizen_services,GET /citizens/{id},deprecated_exposed,inventory,deprecated_inventory,1,0,endpoint_inventory,none,1,0,0,0,0.593,15.0
qwen2.5-coder:3b,citizen_services::GET__citizens_id::missing_field_filter::test_07_sensitive_field_probe,citizen_services,GET /citizens/{id},missing_field_filter,property_auth,sensitive_field_probe,1,0,field_minimization,none,1,0,0,0,0.589,11.0
qwen2.5-coder:3b,education::GET__classes_id_roster::missing_auth::test_06_unauthenticated,education,GET /classes/{id}/roster,missing_auth,function_auth,unauthenticated,1,1,authentication,function_authorization,1,1,0,0,1.097,59.0
qwen2.5-coder:3b,business_licensing::GET__inspections_id::aggregation_leak::test_08_aggregation_boundary,business_licensing,GET /inspections/{id},aggregation_leak,property_auth,aggregation_boundary,1,0,aggregation_boundary,none,1,0,0,0,2.355,6.0
qwen2.5-coder:3b,business_licensing::GET__inspections_id::deprecated_exposed::test_09_deprecated_inventory,business_licensing,GET /inspections/{id},deprecated_exposed,inventory,deprecated_inventory,1,0,endpoint_inventory,none,1,0,0,0,0.57,10.0
qwen2.5-coder:3b,business_licensing::GET__inspections_id::jurisdiction_bypass::test_03_wrong_jurisdiction,business_licensing,GET /inspections/{id},jurisdiction_bypass,object_auth,wrong_jurisdiction,1,0,jurisdiction_scope,none,1,0,0,0,0.683,37.0
qwen2.5-coder:3b,business_licensing::GET__inspections_id::missing_auth::test_06_unauthenticated,business_licensing,GET /inspections/{id},missing_auth,function_auth,unauthenticated,1,1,authentication,authentication,1,1,1,1,0.778,43.0
qwen2.5-coder:3b,business_licensing::GET__inspections_id::missing_object_check::test_03_wrong_jurisdiction,business_licensing,GET /inspections/{id},missing_object_check,object_auth,wrong_jurisdiction,1,0,object_scope,none,1,0,0,0,0.444,37.0
qwen2.5-coder:3b,business_licensing::GET__inspections_id::overbroad_role::test_02_wrong_role,business_licensing,GET /inspections/{id},overbroad_role,function_auth,wrong_role,1,1,function_authorization,function_authorization,1,1,1,1,1.029,43.0
qwen2.5-coder:3b,business_licensing::GET__inspections_id::purpose_bypass::test_04_wrong_purpose,business_licensing,GET /inspections/{id},purpose_bypass,purpose_scope,wrong_purpose,1,0,purpose_scope,none,1,0,0,0,0.673,37.0
qwen2.5-coder:3b,business_licensing::GET__licenses_export::aggregation_leak::test_08_aggregation_boundary,business_licensing,GET /licenses/export,aggregation_leak,property_auth,aggregation_boundary,1,1,aggregation_boundary,object_scope,1,1,0,0,1.051,4.0
qwen2.5-coder:3b,business_licensing::GET__licenses_export::deprecated_exposed::test_09_deprecated_inventory,business_licensing,GET /licenses/export,deprecated_exposed,inventory,deprecated_inventory,1,1,endpoint_inventory,object_scope,1,1,0,0,0.802,8.0
qwen2.5-coder:3b,business_licensing::GET__licenses_export::jurisdiction_bypass::test_03_wrong_jurisdiction,business_licensing,GET /licenses/export,jurisdiction_bypass,object_auth,wrong_jurisdiction,1,1,jurisdiction_scope,object_scope,1,1,0,0,0.935,40.0
qwen2.5-coder:3b,business_licensing::GET__licenses_export::missing_auth::test_06_unauthenticated,business_licensing,GET /licenses/export,missing_auth,function_auth,unauthenticated,1,0,authentication,none,1,0,0,0,0.777,44.0
qwen2.5-coder:3b,business_licensing::GET__licenses_export::missing_auth::test_07_sensitive_field_probe,business_licensing,GET /licenses/export,missing_auth,function_auth,sensitive_field_probe,0,1,none,object_scope,1,0,0,0,1.227,0.0
qwen2.5-coder:3b,business_licensing::GET__licenses_export::missing_field_filter::test_05_self_access,business_licensing,GET /licenses/export,missing_field_filter,property_auth,self_access,1,0,field_minimization,none,1,0,0,0,0.762,6.0
qwen2.5-coder:3b,business_licensing::GET__licenses_export::missing_object_check::test_03_wrong_jurisdiction,business_licensing,GET /licenses/export,missing_object_check,object_auth,wrong_jurisdiction,1,1,object_scope,object_scope,1,1,1,1,0.643,40.0
qwen2.5-coder:3b,business_licensing::GET__licenses_export::overbroad_role::test_02_wrong_role,business_licensing,GET /licenses/export,overbroad_role,function_auth,wrong_role,1,1,function_authorization,function_authorization,1,1,1,1,1.107,44.0
qwen2.5-coder:3b,business_licensing::GET__licenses_export::purpose_bypass::test_04_wrong_purpose,business_licensing,GET /licenses/export,purpose_bypass,purpose_scope,wrong_purpose,1,0,purpose_scope,none,1,0,0,0,0.75,40.0
qwen2.5-coder:3b,business_licensing::GET__licenses_id::aggregation_leak::test_08_aggregation_boundary,business_licensing,GET /licenses/{id},aggregation_leak,property_auth,aggregation_boundary,1,0,aggregation_boundary,none,1,0,0,0,0.913,4.0
qwen2.5-coder:3b,business_licensing::GET__licenses_id::correct::test_06_unauthenticated,business_licensing,GET /licenses/{id},correct,clean,unauthenticated,0,1,none,authentication,1,0,0,0,0.905,0.0
qwen2.5-coder:3b,business_licensing::GET__licenses_id::deprecated_exposed::test_09_deprecated_inventory,business_licensing,GET /licenses/{id},deprecated_exposed,inventory,deprecated_inventory,1,0,endpoint_inventory,none,1,0,0,0,0.599,8.0
qwen2.5-coder:3b,business_licensing::GET__licenses_id::jurisdiction_bypass::test_03_wrong_jurisdiction,business_licensing,GET /licenses/{id},jurisdiction_bypass,object_auth,wrong_jurisdiction,1,0,jurisdiction_scope,none,1,0,0,0,0.723,38.0
qwen2.5-coder:3b,business_licensing::GET__licenses_id::missing_audit_log::test_06_unauthenticated,business_licensing,GET /licenses/{id},missing_audit_log,auditability,unauthenticated,1,1,audit_obligation,authentication,1,1,0,0,0.782,3.0
qwen2.5-coder:3b,business_licensing::GET__licenses_id::missing_auth::test_06_unauthenticated,business_licensing,GET /licenses/{id},missing_auth,function_auth,unauthenticated,1,1,authentication,authentication,1,1,1,1,0.793,42.0
qwen2.5-coder:3b,business_licensing::GET__licenses_id::missing_object_check::test_03_wrong_jurisdiction,business_licensing,GET /licenses/{id},missing_object_check,object_auth,wrong_jurisdiction,1,0,object_scope,none,1,0,0,0,0.44,38.0
qwen2.5-coder:3b,business_licensing::GET__licenses_id::overbroad_role::test_02_wrong_role,business_licensing,GET /licenses/{id},overbroad_role,function_auth,wrong_role,1,1,function_authorization,function_authorization,1,1,1,1,1.148,42.0
qwen2.5-coder:3b,business_licensing::GET__licenses_id::purpose_bypass::test_04_wrong_purpose,business_licensing,GET /licenses/{id},purpose_bypass,purpose_scope,wrong_purpose,1,0,purpose_scope,none,1,0,0,0,0.746,38.0
qwen2.5-coder:3b,citizen_services::GET__benefits_id::aggregation_leak::test_02_wrong_role,citizen_services,GET /benefits/{id},aggregation_leak,property_auth,wrong_role,0,1,none,function_authorization,1,0,0,0,1.336,0.0
qwen2.5-coder:3b,citizen_services::GET__benefits_id::aggregation_leak::test_08_aggregation_boundary,citizen_services,GET /benefits/{id},aggregation_leak,property_auth,aggregation_boundary,1,0,aggregation_boundary,none,1,0,0,0,0.779,9.0
qwen2.5-coder:3b,citizen_services::GET__benefits_id::correct::test_09_deprecated_inventory,citizen_services,GET /benefits/{id},correct,clean,deprecated_inventory,0,0,none,none,1,1,1,1,0.648,0.0
qwen2.5-coder:3b,citizen_services::GET__benefits_id::deprecated_exposed::test_09_deprecated_inventory,citizen_services,GET /benefits/{id},deprecated_exposed,inventory,deprecated_inventory,1,0,endpoint_inventory,none,1,0,0,0,0.656,13.0
qwen2.5-coder:3b,citizen_services::GET__benefits_id::jurisdiction_bypass::test_03_wrong_jurisdiction,citizen_services,GET /benefits/{id},jurisdiction_bypass,object_auth,wrong_jurisdiction,1,0,jurisdiction_scope,none,1,0,0,0,0.712,48.0
qwen2.5-coder:3b,citizen_services::GET__benefits_id::missing_audit_log::test_09_deprecated_inventory,citizen_services,GET /benefits/{id},missing_audit_log,auditability,deprecated_inventory,1,0,audit_obligation,none,1,0,0,0,0.642,3.0
qwen2.5-coder:3b,citizen_services::GET__benefits_id::missing_auth::test_06_unauthenticated,citizen_services,GET /benefits/{id},missing_auth,function_auth,unauthenticated,1,1,authentication,authentication,1,1,1,1,0.936,57.0
qwen2.5-coder:3b,citizen_services::GET__benefits_id::missing_field_filter::test_07_sensitive_field_probe,citizen_services,GET /benefits/{id},missing_field_filter,property_auth,sensitive_field_probe,1,0,field_minimization,none,1,0,0,0,0.661,9.0
qwen2.5-coder:3b,citizen_services::GET__benefits_id::missing_field_filter::test_09_deprecated_inventory,citizen_services,GET /benefits/{id},missing_field_filter,property_auth,deprecated_inventory,1,0,field_minimization,none,1,0,0,0,0.433,9.0
qwen2.5-coder:3b,citizen_services::GET__benefits_id::missing_object_check::test_03_wrong_jurisdiction,citizen_services,GET /benefits/{id},missing_object_check,object_auth,wrong_jurisdiction,1,0,object_scope,none,1,0,0,0,0.435,48.0
qwen2.5-coder:3b,citizen_services::GET__benefits_id::overbroad_role::test_02_wrong_role,citizen_services,GET /benefits/{id},overbroad_role,function_auth,wrong_role,1,1,function_authorization,function_authorization,1,1,1,1,1.04,57.0
qwen2.5-coder:3b,citizen_services::GET__benefits_id::purpose_bypass::test_04_wrong_purpose,citizen_services,GET /benefits/{id},purpose_bypass,purpose_scope,wrong_purpose,1,0,purpose_scope,none,1,0,0,0,0.741,48.0
qwen2.5-coder:3b,citizen_services::GET__citizens_export::aggregation_leak::test_08_aggregation_boundary,citizen_services,GET /citizens/export,aggregation_leak,property_auth,aggregation_boundary,1,0,aggregation_boundary,none,1,0,0,0,0.958,11.0
qwen2.5-coder:3b,citizen_services::GET__citizens_export::deprecated_exposed::test_09_deprecated_inventory,citizen_services,GET /citizens/export,deprecated_exposed,inventory,deprecated_inventory,1,0,endpoint_inventory,none,1,0,0,0,0.638,15.0
qwen2.5-coder:3b,citizen_services::GET__citizens_export::jurisdiction_bypass::test_03_wrong_jurisdiction,citizen_services,GET /citizens/export,jurisdiction_bypass,object_auth,wrong_jurisdiction,1,0,jurisdiction_scope,none,1,0,0,0,0.742,48.0
qwen2.5-coder:3b,citizen_services::GET__citizens_export::missing_audit_log::test_09_deprecated_inventory,citizen_services,GET /citizens/export,missing_audit_log,auditability,deprecated_inventory,1,0,audit_obligation,none,1,0,0,0,0.65,3.0
qwen2.5-coder:3b,citizen_services::GET__citizens_export::missing_auth::test_06_unauthenticated,citizen_services,GET /citizens/export,missing_auth,function_auth,unauthenticated,1,1,authentication,function_authorization,1,1,0,0,0.994,59.0
qwen2.5-coder:3b,citizen_services::GET__citizens_export::missing_field_filter::test_05_self_access,citizen_services,GET /citizens/export,missing_field_filter,property_auth,self_access,1,0,field_minimization,none,1,0,0,0,0.779,11.0
qwen2.5-coder:3b,citizen_services::GET__citizens_export::missing_field_filter::test_08_aggregation_boundary,citizen_services,GET /citizens/export,missing_field_filter,property_auth,aggregation_boundary,1,0,field_minimization,none,1,0,0,0,0.668,11.0
qwen2.5-coder:3b,citizen_services::GET__citizens_export::missing_object_check::test_03_wrong_jurisdiction,citizen_services,GET /citizens/export,missing_object_check,object_auth,wrong_jurisdiction,1,0,object_scope,none,1,0,0,0,0.746,48.0
qwen2.5-coder:3b,citizen_services::GET__citizens_export::missing_object_check::test_05_self_access,citizen_services,GET /citizens/export,missing_object_check,object_auth,self_access,0,0,none,none,1,1,1,1,0.658,0.0
qwen2.5-coder:3b,citizen_services::GET__citizens_export::overbroad_role::test_02_wrong_role,citizen_services,GET /citizens/export,overbroad_role,function_auth,wrong_role,1,1,function_authorization,function_authorization,1,1,1,1,1.179,59.0
qwen2.5-coder:3b,citizen_services::GET__citizens_export::purpose_bypass::test_04_wrong_purpose,citizen_services,GET /citizens/export,purpose_bypass,purpose_scope,wrong_purpose,1,0,purpose_scope,none,1,0,0,0,0.741,48.0
qwen2.5-coder:3b,citizen_services::GET__citizens_id::jurisdiction_bypass::test_03_wrong_jurisdiction,citizen_services,GET /citizens/{id},jurisdiction_bypass,object_auth,wrong_jurisdiction,1,0,jurisdiction_scope,none,1,0,0,0,0.932,47.0
qwen2.5-coder:3b,citizen_services::GET__citizens_id::missing_auth::test_06_unauthenticated,citizen_services,GET /citizens/{id},missing_auth,function_auth,unauthenticated,1,1,authentication,authentication,1,1,1,1,0.915,58.0
qwen2.5-coder:3b,citizen_services::GET__citizens_id::missing_field_filter::test_09_deprecated_inventory,citizen_services,GET /citizens/{id},missing_field_filter,property_auth,deprecated_inventory,1,0,field_minimization,none,1,0,0,0,0.753,11.0
qwen2.5-coder:3b,citizen_services::GET__citizens_id::missing_object_check::test_03_wrong_jurisdiction,citizen_services,GET /citizens/{id},missing_object_check,object_auth,wrong_jurisdiction,1,0,object_scope,none,1,0,0,0,0.73,47.0
qwen2.5-coder:3b,citizen_services::GET__citizens_id::overbroad_role::test_02_wrong_role,citizen_services,GET /citizens/{id},overbroad_role,function_auth,wrong_role,1,1,function_authorization,function_authorization,1,1,1,1,1.107,58.0
qwen2.5-coder:3b,citizen_services::GET__citizens_id::purpose_bypass::test_04_wrong_purpose,citizen_services,GET /citizens/{id},purpose_bypass,purpose_scope,wrong_purpose,1,0,purpose_scope,none,1,0,0,0,0.756,47.0
qwen2.5-coder:3b,citizen_services::GET__citizens_id::purpose_bypass::test_06_unauthenticated,citizen_services,GET /citizens/{id},purpose_bypass,purpose_scope,unauthenticated,0,1,none,authentication,1,0,0,0,0.828,0.0
qwen2.5-coder:3b,education::GET__classes_id_roster::aggregation_leak::test_03_wrong_jurisdiction,education,GET /classes/{id}/roster,aggregation_leak,property_auth,wrong_jurisdiction,0,1,none,function_authorization,1,0,0,0,1.23,0.0
qwen2.5-coder:3b,education::GET__classes_id_roster::aggregation_leak::test_08_aggregation_boundary,education,GET /classes/{id}/roster,aggregation_leak,property_auth,aggregation_boundary,1,0,aggregation_boundary,none,1,0,0,0,0.748,17.0
qwen2.5-coder:3b,education::GET__classes_id_roster::deprecated_exposed::test_09_deprecated_inventory,education,GET /classes/{id}/roster,deprecated_exposed,inventory,deprecated_inventory,1,0,endpoint_inventory,none,1,0,0,0,0.609,21.0
qwen2.5-coder:3b,education::GET__classes_id_roster::jurisdiction_bypass::test_03_wrong_jurisdiction,education,GET /classes/{id}/roster,jurisdiction_bypass,object_auth,wrong_jurisdiction,1,0,jurisdiction_scope,none,1,0,0,0,0.657,42.0
qwen2.5-coder:3b,education::GET__classes_id_roster::jurisdiction_bypass::test_04_wrong_purpose,education,GET /classes/{id}/roster,jurisdiction_bypass,object_auth,wrong_purpose,0,1,none,function_authorization,1,0,0,0,1.025,0.0
qwen2.5-coder:3b,education::GET__classes_id_roster::missing_audit_log::test_03_wrong_jurisdiction,education,GET /classes/{id}/roster,missing_audit_log,auditability,wrong_jurisdiction,1,1,audit_obligation,function_authorization,1,1,0,0,0.96,3.0
qwen2.5-coder:3b,education::GET__classes_id_roster::missing_audit_log::test_04_wrong_purpose,education,GET /classes/{id}/roster,missing_audit_log,auditability,wrong_purpose,1,1,audit_obligation,function_authorization,1,1,0,0,0.955,3.0
qwen2.5-coder:3b,education::GET__classes_id_roster::missing_field_filter::test_05_self_access,education,GET /classes/{id}/roster,missing_field_filter,property_auth,self_access,1,0,field_minimization,none,1,0,0,0,0.818,17.0
qwen2.5-coder:3b,education::GET__classes_id_roster::missing_object_check::test_03_wrong_jurisdiction,education,GET /classes/{id}/roster,missing_object_check,object_auth,wrong_jurisdiction,1,0,object_scope,none,1,0,0,0,0.7,42.0
qwen2.5-coder:3b,education::GET__classes_id_roster::overbroad_role::test_02_wrong_role,education,GET /classes/{id}/roster,overbroad_role,function_auth,wrong_role,1,1,function_authorization,function_authorization,1,1,1,1,1.134,59.0
qwen2.5-coder:3b,education::GET__classes_id_roster::purpose_bypass::test_04_wrong_purpose,education,GET /classes/{id}/roster,purpose_bypass,purpose_scope,wrong_purpose,1,1,purpose_scope,function_authorization,1,1,0,0,0.992,42.0
qwen2.5-coder:3b,education::GET__discipline_id::aggregation_leak::test_08_aggregation_boundary,education,GET /discipline/{id},aggregation_leak,property_auth,aggregation_boundary,1,0,aggregation_boundary,none,1,0,0,0,0.945,15.0
qwen2.5-coder:3b,education::GET__discipline_id::deprecated_exposed::test_09_deprecated_inventory,education,GET /discipline/{id},deprecated_exposed,inventory,deprecated_inventory,1,0,endpoint_inventory,none,1,0,0,0,0.636,19.0
qwen2.5-coder:3b,education::GET__discipline_id::jurisdiction_bypass::test_03_wrong_jurisdiction,education,GET /discipline/{id},jurisdiction_bypass,object_auth,wrong_jurisdiction,1,0,jurisdiction_scope,none,1,0,0,0,0.722,45.0
qwen2.5-coder:3b,education::GET__discipline_id::missing_audit_log::test_07_sensitive_field_probe,education,GET /discipline/{id},missing_audit_log,auditability,sensitive_field_probe,1,1,audit_obligation,function_authorization,1,1,0,0,0.965,3.0
qwen2.5-coder:3b,education::GET__discipline_id::missing_auth::test_06_unauthenticated,education,GET /discipline/{id},missing_auth,function_auth,unauthenticated,1,1,authentication,function_authorization,1,1,0,0,1.127,60.0
qwen2.5-coder:3b,education::GET__discipline_id::missing_object_check::test_03_wrong_jurisdiction,education,GET /discipline/{id},missing_object_check,object_auth,wrong_jurisdiction,1,0,object_scope,none,1,0,0,0,0.44,45.0
qwen2.5-coder:3b,education::GET__discipline_id::overbroad_role::test_02_wrong_role,education,GET /discipline/{id},overbroad_role,function_auth,wrong_role,1,1,function_authorization,function_authorization,1,1,1,1,1.121,60.0
qwen2.5-coder:3b,education::GET__discipline_id::purpose_bypass::test_04_wrong_purpose,education,GET /discipline/{id},purpose_bypass,purpose_scope,wrong_purpose,1,1,purpose_scope,function_authorization,1,1,0,0,1.063,45.0
qwen2.5-coder:3b,education::GET__students_id_record::aggregation_leak::test_08_aggregation_boundary,education,GET /students/{id}/record,aggregation_leak,property_auth,aggregation_boundary,1,1,aggregation_boundary,object_scope,1,1,0,0,1.172,17.0
qwen2.5-coder:3b,education::GET__students_id_record::deprecated_exposed::test_09_deprecated_inventory,education,GET /students/{id}/record,deprecated_exposed,inventory,deprecated_inventory,1,1,endpoint_inventory,object_scope,1,1,0,0,0.829,21.0
qwen2.5-coder:3b,education::GET__students_id_record::jurisdiction_bypass::test_03_wrong_jurisdiction,education,GET /students/{id}/record,jurisdiction_bypass,object_auth,wrong_jurisdiction,1,0,jurisdiction_scope,none,1,0,0,0,0.756,42.0
qwen2.5-coder:3b,education::GET__students_id_record::missing_audit_log::test_01_valid,education,GET /students/{id}/record,missing_audit_log,auditability,valid,1,1,audit_obligation,object_scope,1,1,0,0,1.007,3.0
qwen2.5-coder:3b,education::GET__students_id_record::missing_audit_log::test_03_wrong_jurisdiction,education,GET /students/{id}/record,missing_audit_log,auditability,wrong_jurisdiction,1,1,audit_obligation,function_authorization,1,1,0,0,0.978,3.0
qwen2.5-coder:3b,education::GET__students_id_record::missing_audit_log::test_05_self_access,education,GET /students/{id}/record,missing_audit_log,auditability,self_access,1,1,audit_obligation,object_scope,1,1,0,0,1.129,3.0
qwen2.5-coder:3b,education::GET__students_id_record::missing_auth::test_06_unauthenticated,education,GET /students/{id}/record,missing_auth,function_auth,unauthenticated,1,1,authentication,function_authorization,1,1,0,0,1.205,59.0
qwen2.5-coder:3b,education::GET__students_id_record::missing_field_filter::test_01_valid,education,GET /students/{id}/record,missing_field_filter,property_auth,valid,1,1,field_minimization,object_scope,1,1,0,0,0.898,17.0
qwen2.5-coder:3b,education::GET__students_id_record::missing_object_check::test_03_wrong_jurisdiction,education,GET /students/{id}/record,missing_object_check,object_auth,wrong_jurisdiction,1,0,object_scope,none,1,0,0,0,0.704,42.0
qwen2.5-coder:3b,education::GET__students_id_record::overbroad_role::test_02_wrong_role,education,GET /students/{id}/record,overbroad_role,function_auth,wrong_role,1,1,function_authorization,function_authorization,1,1,1,1,1.15,59.0
qwen2.5-coder:3b,education::GET__students_id_record::purpose_bypass::test_04_wrong_purpose,education,GET /students/{id}/record,purpose_bypass,purpose_scope,wrong_purpose,1,1,purpose_scope,purpose_scope,1,1,1,1,1.056,42.0
qwen2.5-coder:3b,health::GET__encounters_id::aggregation_leak::test_08_aggregation_boundary,health,GET /encounters/{id},aggregation_leak,property_auth,aggregation_boundary,1,0,aggregation_boundary,none,1,0,0,0,1.001,8.0
qwen2.5-coder:3b,health::GET__encounters_id::deprecated_exposed::test_09_deprecated_inventory,health,GET /encounters/{id},deprecated_exposed,inventory,deprecated_inventory,1,0,endpoint_inventory,none,1,0,0,0,0.664,12.0
qwen2.5-coder:3b,health::GET__encounters_id::jurisdiction_bypass::test_03_wrong_jurisdiction,health,GET /encounters/{id},jurisdiction_bypass,object_auth,wrong_jurisdiction,1,0,jurisdiction_scope,none,1,0,0,0,0.74,53.0
qwen2.5-coder:3b,health::GET__encounters_id::missing_auth::test_06_unauthenticated,health,GET /encounters/{id},missing_auth,function_auth,unauthenticated,1,1,authentication,function_authorization,1,1,0,0,1.084,61.0
qwen2.5-coder:3b,health::GET__encounters_id::missing_auth::test_09_deprecated_inventory,health,GET /encounters/{id},missing_auth,function_auth,deprecated_inventory,0,0,none,none,1,1,1,1,0.717,0.0
qwen2.5-coder:3b,health::GET__encounters_id::missing_field_filter::test_09_deprecated_inventory,health,GET /encounters/{id},missing_field_filter,property_auth,deprecated_inventory,1,0,field_minimization,none,1,0,0,0,0.725,8.0
qwen2.5-coder:3b,health::GET__encounters_id::missing_object_check::test_03_wrong_jurisdiction,health,GET /encounters/{id},missing_object_check,object_auth,wrong_jurisdiction,1,0,object_scope,none,1,0,0,0,0.461,53.0
qwen2.5-coder:3b,health::GET__encounters_id::overbroad_role::test_02_wrong_role,health,GET /encounters/{id},overbroad_role,function_auth,wrong_role,1,1,function_authorization,function_authorization,1,1,1,1,1.17,61.0
qwen2.5-coder:3b,health::GET__encounters_id::purpose_bypass::test_04_wrong_purpose,health,GET /encounters/{id},purpose_bypass,purpose_scope,wrong_purpose,1,1,purpose_scope,object_scope,1,1,0,0,1.154,53.0
qwen2.5-coder:3b,health::GET__patients_id::aggregation_leak::test_08_aggregation_boundary,health,GET /patients/{id},aggregation_leak,property_auth,aggregation_boundary,1,0,aggregation_boundary,none,1,0,0,0,0.993,4.0
qwen2.5-coder:3b,health::GET__patients_id::deprecated_exposed::test_09_deprecated_inventory,health,GET /patients/{id},deprecated_exposed,inventory,deprecated_inventory,1,0,endpoint_inventory,none,1,0,0,0,0.654,8.0
qwen2.5-coder:3b,health::GET__patients_id::jurisdiction_bypass::test_03_wrong_jurisdiction,health,GET /patients/{id},jurisdiction_bypass,object_auth,wrong_jurisdiction,1,0,jurisdiction_scope,none,1,0,0,0,0.77,57.0
qwen2.5-coder:3b,health::GET__patients_id::missing_audit_log::test_01_valid,health,GET /patients/{id},missing_audit_log,auditability,valid,1,1,audit_obligation,object_scope,1,1,0,0,1.25,3.0
qwen2.5-coder:3b,health::GET__patients_id::missing_audit_log::test_07_sensitive_field_probe,health,GET /patients/{id},missing_audit_log,auditability,sensitive_field_probe,1,1,audit_obligation,object_scope,1,1,0,0,1.04,3.0
qwen2.5-coder:3b,health::GET__patients_id::missing_auth::test_05_self_access,health,GET /patients/{id},missing_auth,function_auth,self_access,0,0,none,none,1,1,1,1,0.881,0.0
qwen2.5-coder:3b,health::GET__patients_id::missing_auth::test_06_unauthenticated,health,GET /patients/{id},missing_auth,function_auth,unauthenticated,1,0,authentication,none,1,0,0,0,0.834,61.0
qwen2.5-coder:3b,health::GET__patients_id::missing_field_filter::test_01_valid,health,GET /patients/{id},missing_field_filter,property_auth,valid,1,0,field_minimization,none,1,0,0,0,0.684,4.0
qwen2.5-coder:3b,health::GET__patients_id::missing_object_check::test_03_wrong_jurisdiction,health,GET /patients/{id},missing_object_check,object_auth,wrong_jurisdiction,1,0,object_scope,none,1,0,0,0,0.451,57.0
qwen2.5-coder:3b,health::GET__patients_id::overbroad_role::test_02_wrong_role,health,GET /patients/{id},overbroad_role,function_auth,wrong_role,1,1,function_authorization,function_authorization,1,1,1,1,1.124,61.0
qwen2.5-coder:3b,health::GET__patients_id::purpose_bypass::test_04_wrong_purpose,health,GET /patients/{id},purpose_bypass,purpose_scope,wrong_purpose,1,1,purpose_scope,object_scope,1,1,0,0,0.972,57.0
qwen2.5-coder:3b,health::GET__patients_search::aggregation_leak::test_08_aggregation_boundary,health,GET /patients/search,aggregation_leak,property_auth,aggregation_boundary,1,0,aggregation_boundary,none,1,0,0,0,1.026,4.0
qwen2.5-coder:3b,health::GET__patients_search::deprecated_exposed::test_09_deprecated_inventory,health,GET /patients/search,deprecated_exposed,inventory,deprecated_inventory,1,0,endpoint_inventory,none,1,0,0,0,0.672,8.0
qwen2.5-coder:3b,health::GET__patients_search::jurisdiction_bypass::test_03_wrong_jurisdiction,health,GET /patients/search,jurisdiction_bypass,object_auth,wrong_jurisdiction,1,0,jurisdiction_scope,none,1,0,0,0,0.795,56.0
qwen2.5-coder:3b,health::GET__patients_search::jurisdiction_bypass::test_05_self_access,health,GET /patients/search,jurisdiction_bypass,object_auth,self_access,0,0,none,none,1,1,1,1,0.835,0.0
qwen2.5-coder:3b,health::GET__patients_search::missing_auth::test_06_unauthenticated,health,GET /patients/search,missing_auth,function_auth,unauthenticated,1,0,authentication,none,1,0,0,0,0.845,60.0
qwen2.5-coder:3b,health::GET__patients_search::missing_field_filter::test_08_aggregation_boundary,health,GET /patients/search,missing_field_filter,property_auth,aggregation_boundary,1,0,field_minimization,none,1,0,0,0,0.737,4.0
qwen2.5-coder:3b,health::GET__patients_search::missing_object_check::test_01_valid,health,GET /patients/search,missing_object_check,object_auth,valid,0,0,none,none,1,1,1,1,0.784,0.0
qwen2.5-coder:3b,health::GET__patients_search::missing_object_check::test_03_wrong_jurisdiction,health,GET /patients/search,missing_object_check,object_auth,wrong_jurisdiction,1,0,object_scope,none,1,0,0,0,0.503,56.0
qwen2.5-coder:3b,health::GET__patients_search::overbroad_role::test_02_wrong_role,health,GET /patients/search,overbroad_role,function_auth,wrong_role,1,1,function_authorization,function_authorization,1,1,1,1,1.285,60.0
qwen2.5-coder:3b,health::GET__patients_search::purpose_bypass::test_04_wrong_purpose,health,GET /patients/search,purpose_bypass,purpose_scope,wrong_purpose,1,1,purpose_scope,object_scope,1,1,0,0,1.267,56.0
qwen2.5-coder:7b,business_licensing::GET__inspections_id::aggregation_leak::test_08_aggregation_boundary,business_licensing,GET /inspections/{id},aggregation_leak,property_auth,aggregation_boundary,1,0,aggregation_boundary,none,1,0,0,0,4.372,6.0
qwen2.5-coder:7b,business_licensing::GET__inspections_id::deprecated_exposed::test_09_deprecated_inventory,business_licensing,GET /inspections/{id},deprecated_exposed,inventory,deprecated_inventory,1,0,endpoint_inventory,none,1,0,0,0,1.05,10.0
qwen2.5-coder:7b,business_licensing::GET__inspections_id::jurisdiction_bypass::test_03_wrong_jurisdiction,business_licensing,GET /inspections/{id},jurisdiction_bypass,object_auth,wrong_jurisdiction,1,0,jurisdiction_scope,none,1,0,0,0,1.483,37.0
qwen2.5-coder:7b,business_licensing::GET__inspections_id::missing_auth::test_06_unauthenticated,business_licensing,GET /inspections/{id},missing_auth,function_auth,unauthenticated,1,1,authentication,authentication,1,1,1,1,1.626,43.0
qwen2.5-coder:7b,business_licensing::GET__inspections_id::missing_object_check::test_03_wrong_jurisdiction,business_licensing,GET /inspections/{id},missing_object_check,object_auth,wrong_jurisdiction,1,0,object_scope,none,1,0,0,0,0.715,37.0
qwen2.5-coder:7b,business_licensing::GET__inspections_id::overbroad_role::test_02_wrong_role,business_licensing,GET /inspections/{id},overbroad_role,function_auth,wrong_role,1,1,function_authorization,authentication,1,1,0,0,2.332,43.0
qwen2.5-coder:7b,business_licensing::GET__inspections_id::purpose_bypass::test_04_wrong_purpose,business_licensing,GET /inspections/{id},purpose_bypass,purpose_scope,wrong_purpose,1,1,purpose_scope,purpose_scope,1,1,1,1,1.816,37.0
qwen2.5-coder:7b,business_licensing::GET__licenses_export::aggregation_leak::test_08_aggregation_boundary,business_licensing,GET /licenses/export,aggregation_leak,property_auth,aggregation_boundary,1,0,aggregation_boundary,none,1,0,0,0,1.761,4.0
qwen2.5-coder:7b,business_licensing::GET__licenses_export::deprecated_exposed::test_09_deprecated_inventory,business_licensing,GET /licenses/export,deprecated_exposed,inventory,deprecated_inventory,1,0,endpoint_inventory,none,1,0,0,0,1.075,8.0
qwen2.5-coder:7b,business_licensing::GET__licenses_export::jurisdiction_bypass::test_03_wrong_jurisdiction,business_licensing,GET /licenses/export,jurisdiction_bypass,object_auth,wrong_jurisdiction,1,1,jurisdiction_scope,field_minimization,1,1,0,0,1.987,40.0
qwen2.5-coder:7b,business_licensing::GET__licenses_export::missing_audit_log::test_08_aggregation_boundary,business_licensing,GET /licenses/export,missing_audit_log,auditability,aggregation_boundary,1,1,audit_obligation,field_minimization,1,1,0,0,1.766,3.0
qwen2.5-coder:7b,business_licensing::GET__licenses_export::missing_auth::test_06_unauthenticated,business_licensing,GET /licenses/export,missing_auth,function_auth,unauthenticated,1,1,authentication,authentication,1,1,1,1,1.699,44.0
qwen2.5-coder:7b,business_licensing::GET__licenses_export::missing_auth::test_07_sensitive_field_probe,business_licensing,GET /licenses/export,missing_auth,function_auth,sensitive_field_probe,0,1,none,field_minimization,1,0,0,0,1.655,0.0
qwen2.5-coder:7b,business_licensing::GET__licenses_export::missing_field_filter::test_05_self_access,business_licensing,GET /licenses/export,missing_field_filter,property_auth,self_access,1,0,field_minimization,none,1,0,0,0,1.457,6.0
qwen2.5-coder:7b,business_licensing::GET__licenses_export::missing_object_check::test_03_wrong_jurisdiction,business_licensing,GET /licenses/export,missing_object_check,object_auth,wrong_jurisdiction,1,1,object_scope,field_minimization,1,1,0,0,1.269,40.0
qwen2.5-coder:7b,business_licensing::GET__licenses_export::overbroad_role::test_02_wrong_role,business_licensing,GET /licenses/export,overbroad_role,function_auth,wrong_role,1,1,function_authorization,authentication,1,1,0,0,2.11,44.0
qwen2.5-coder:7b,business_licensing::GET__licenses_export::purpose_bypass::test_04_wrong_purpose,business_licensing,GET /licenses/export,purpose_bypass,purpose_scope,wrong_purpose,1,1,purpose_scope,purpose_scope,1,1,1,1,1.885,40.0
qwen2.5-coder:7b,business_licensing::GET__licenses_id::aggregation_leak::test_08_aggregation_boundary,business_licensing,GET /licenses/{id},aggregation_leak,property_auth,aggregation_boundary,1,0,aggregation_boundary,none,1,0,0,0,1.694,4.0
qwen2.5-coder:7b,business_licensing::GET__licenses_id::correct::test_06_unauthenticated,business_licensing,GET /licenses/{id},correct,clean,unauthenticated,0,1,none,authentication,1,0,0,0,1.484,0.0
qwen2.5-coder:7b,business_licensing::GET__licenses_id::deprecated_exposed::test_09_deprecated_inventory,business_licensing,GET /licenses/{id},deprecated_exposed,inventory,deprecated_inventory,1,0,endpoint_inventory,none,1,0,0,0,1.032,8.0
qwen2.5-coder:7b,business_licensing::GET__licenses_id::jurisdiction_bypass::test_03_wrong_jurisdiction,business_licensing,GET /licenses/{id},jurisdiction_bypass,object_auth,wrong_jurisdiction,1,0,jurisdiction_scope,none,1,0,0,0,1.465,38.0
qwen2.5-coder:7b,business_licensing::GET__licenses_id::missing_audit_log::test_06_unauthenticated,business_licensing,GET /licenses/{id},missing_audit_log,auditability,unauthenticated,1,1,audit_obligation,authentication,1,1,0,0,1.311,3.0
qwen2.5-coder:7b,business_licensing::GET__licenses_id::missing_auth::test_06_unauthenticated,business_licensing,GET /licenses/{id},missing_auth,function_auth,unauthenticated,1,1,authentication,authentication,1,1,1,1,1.462,42.0
qwen2.5-coder:7b,business_licensing::GET__licenses_id::missing_object_check::test_03_wrong_jurisdiction,business_licensing,GET /licenses/{id},missing_object_check,object_auth,wrong_jurisdiction,1,0,object_scope,none,1,0,0,0,0.693,38.0
qwen2.5-coder:7b,business_licensing::GET__licenses_id::overbroad_role::test_02_wrong_role,business_licensing,GET /licenses/{id},overbroad_role,function_auth,wrong_role,1,1,function_authorization,authentication,1,1,0,0,2.0,42.0
qwen2.5-coder:7b,business_licensing::GET__licenses_id::purpose_bypass::test_04_wrong_purpose,business_licensing,GET /licenses/{id},purpose_bypass,purpose_scope,wrong_purpose,1,1,purpose_scope,purpose_scope,1,1,1,1,1.74,38.0
qwen2.5-coder:7b,citizen_services::GET__benefits_id::aggregation_leak::test_02_wrong_role,citizen_services,GET /benefits/{id},aggregation_leak,property_auth,wrong_role,0,1,none,authentication,1,0,0,0,2.196,0.0
qwen2.5-coder:7b,citizen_services::GET__benefits_id::aggregation_leak::test_08_aggregation_boundary,citizen_services,GET /benefits/{id},aggregation_leak,property_auth,aggregation_boundary,1,0,aggregation_boundary,none,1,0,0,0,1.463,9.0
qwen2.5-coder:7b,citizen_services::GET__benefits_id::correct::test_09_deprecated_inventory,citizen_services,GET /benefits/{id},correct,clean,deprecated_inventory,0,0,none,none,1,1,1,1,1.144,0.0
qwen2.5-coder:7b,citizen_services::GET__benefits_id::deprecated_exposed::test_09_deprecated_inventory,citizen_services,GET /benefits/{id},deprecated_exposed,inventory,deprecated_inventory,1,0,endpoint_inventory,none,1,0,0,0,1.149,13.0
qwen2.5-coder:7b,citizen_services::GET__benefits_id::jurisdiction_bypass::test_03_wrong_jurisdiction,citizen_services,GET /benefits/{id},jurisdiction_bypass,object_auth,wrong_jurisdiction,1,0,jurisdiction_scope,none,1,0,0,0,1.279,48.0
qwen2.5-coder:7b,citizen_services::GET__benefits_id::missing_audit_log::test_09_deprecated_inventory,citizen_services,GET /benefits/{id},missing_audit_log,auditability,deprecated_inventory,1,1,audit_obligation,field_minimization,1,1,0,0,1.471,3.0
qwen2.5-coder:7b,citizen_services::GET__benefits_id::missing_auth::test_06_unauthenticated,citizen_services,GET /benefits/{id},missing_auth,function_auth,unauthenticated,1,1,authentication,authentication,1,1,1,1,1.68,57.0
qwen2.5-coder:7b,citizen_services::GET__benefits_id::missing_field_filter::test_07_sensitive_field_probe,citizen_services,GET /benefits/{id},missing_field_filter,property_auth,sensitive_field_probe,1,0,field_minimization,none,1,0,0,0,1.146,9.0
qwen2.5-coder:7b,citizen_services::GET__benefits_id::missing_field_filter::test_09_deprecated_inventory,citizen_services,GET /benefits/{id},missing_field_filter,property_auth,deprecated_inventory,1,0,field_minimization,none,1,0,0,0,0.664,9.0
qwen2.5-coder:7b,citizen_services::GET__benefits_id::missing_object_check::test_03_wrong_jurisdiction,citizen_services,GET /benefits/{id},missing_object_check,object_auth,wrong_jurisdiction,1,0,object_scope,none,1,0,0,0,0.694,48.0
qwen2.5-coder:7b,citizen_services::GET__benefits_id::overbroad_role::test_02_wrong_role,citizen_services,GET /benefits/{id},overbroad_role,function_auth,wrong_role,1,1,function_authorization,authentication,1,1,0,0,2.033,57.0
qwen2.5-coder:7b,citizen_services::GET__benefits_id::purpose_bypass::test_04_wrong_purpose,citizen_services,GET /benefits/{id},purpose_bypass,purpose_scope,wrong_purpose,1,1,purpose_scope,purpose_scope,1,1,1,1,1.811,48.0
qwen2.5-coder:7b,citizen_services::GET__citizens_export::aggregation_leak::test_08_aggregation_boundary,citizen_services,GET /citizens/export,aggregation_leak,property_auth,aggregation_boundary,1,0,aggregation_boundary,none,1,0,0,0,1.748,11.0
qwen2.5-coder:7b,citizen_services::GET__citizens_export::deprecated_exposed::test_09_deprecated_inventory,citizen_services,GET /citizens/export,deprecated_exposed,inventory,deprecated_inventory,1,0,endpoint_inventory,none,1,0,0,0,1.02,15.0
qwen2.5-coder:7b,citizen_services::GET__citizens_export::jurisdiction_bypass::test_03_wrong_jurisdiction,citizen_services,GET /citizens/export,jurisdiction_bypass,object_auth,wrong_jurisdiction,1,1,jurisdiction_scope,field_minimization,1,1,0,0,1.944,48.0
qwen2.5-coder:7b,citizen_services::GET__citizens_export::missing_audit_log::test_09_deprecated_inventory,citizen_services,GET /citizens/export,missing_audit_log,auditability,deprecated_inventory,1,1,audit_obligation,field_minimization,1,1,0,0,1.787,3.0
qwen2.5-coder:7b,citizen_services::GET__citizens_export::missing_auth::test_06_unauthenticated,citizen_services,GET /citizens/export,missing_auth,function_auth,unauthenticated,1,1,authentication,authentication,1,1,1,1,1.763,59.0
qwen2.5-coder:7b,citizen_services::GET__citizens_export::missing_field_filter::test_05_self_access,citizen_services,GET /citizens/export,missing_field_filter,property_auth,self_access,1,1,field_minimization,field_minimization,1,1,1,1,1.8,11.0
qwen2.5-coder:7b,citizen_services::GET__citizens_export::missing_field_filter::test_08_aggregation_boundary,citizen_services,GET /citizens/export,missing_field_filter,property_auth,aggregation_boundary,1,0,field_minimization,none,1,0,0,0,1.198,11.0
qwen2.5-coder:7b,citizen_services::GET__citizens_export::missing_object_check::test_03_wrong_jurisdiction,citizen_services,GET /citizens/export,missing_object_check,object_auth,wrong_jurisdiction,1,1,object_scope,field_minimization,1,1,0,0,2.002,48.0
qwen2.5-coder:7b,citizen_services::GET__citizens_export::missing_object_check::test_05_self_access,citizen_services,GET /citizens/export,missing_object_check,object_auth,self_access,0,1,none,field_minimization,1,0,0,0,1.869,0.0
qwen2.5-coder:7b,citizen_services::GET__citizens_export::overbroad_role::test_02_wrong_role,citizen_services,GET /citizens/export,overbroad_role,function_auth,wrong_role,1,1,function_authorization,authentication,1,1,0,0,2.13,59.0
qwen2.5-coder:7b,citizen_services::GET__citizens_export::purpose_bypass::test_04_wrong_purpose,citizen_services,GET /citizens/export,purpose_bypass,purpose_scope,wrong_purpose,1,1,purpose_scope,purpose_scope,1,1,1,1,1.895,48.0
qwen2.5-coder:7b,citizen_services::GET__citizens_id::aggregation_leak::test_08_aggregation_boundary,citizen_services,GET /citizens/{id},aggregation_leak,property_auth,aggregation_boundary,1,1,aggregation_boundary,field_minimization,1,1,0,0,2.136,11.0
qwen2.5-coder:7b,citizen_services::GET__citizens_id::deprecated_exposed::test_09_deprecated_inventory,citizen_services,GET /citizens/{id},deprecated_exposed,inventory,deprecated_inventory,1,1,endpoint_inventory,field_minimization,1,1,0,0,1.501,15.0
qwen2.5-coder:7b,citizen_services::GET__citizens_id::jurisdiction_bypass::test_03_wrong_jurisdiction,citizen_services,GET /citizens/{id},jurisdiction_bypass,object_auth,wrong_jurisdiction,1,1,jurisdiction_scope,field_minimization,1,1,0,0,1.955,47.0
qwen2.5-coder:7b,citizen_services::GET__citizens_id::missing_auth::test_06_unauthenticated,citizen_services,GET /citizens/{id},missing_auth,function_auth,unauthenticated,1,1,authentication,authentication,1,1,1,1,1.706,58.0
qwen2.5-coder:7b,citizen_services::GET__citizens_id::missing_field_filter::test_07_sensitive_field_probe,citizen_services,GET /citizens/{id},missing_field_filter,property_auth,sensitive_field_probe,1,1,field_minimization,field_minimization,1,1,1,1,1.476,11.0
qwen2.5-coder:7b,citizen_services::GET__citizens_id::missing_field_filter::test_09_deprecated_inventory,citizen_services,GET /citizens/{id},missing_field_filter,property_auth,deprecated_inventory,1,1,field_minimization,field_minimization,1,1,1,1,1.136,11.0
qwen2.5-coder:7b,citizen_services::GET__citizens_id::missing_object_check::test_03_wrong_jurisdiction,citizen_services,GET /citizens/{id},missing_object_check,object_auth,wrong_jurisdiction,1,1,object_scope,field_minimization,1,1,0,0,1.211,47.0
qwen2.5-coder:7b,citizen_services::GET__citizens_id::overbroad_role::test_02_wrong_role,citizen_services,GET /citizens/{id},overbroad_role,function_auth,wrong_role,1,1,function_authorization,authentication,1,1,0,0,1.894,58.0
qwen2.5-coder:7b,citizen_services::GET__citizens_id::purpose_bypass::test_04_wrong_purpose,citizen_services,GET /citizens/{id},purpose_bypass,purpose_scope,wrong_purpose,1,1,purpose_scope,purpose_scope,1,1,1,1,1.757,47.0
qwen2.5-coder:7b,citizen_services::GET__citizens_id::purpose_bypass::test_06_unauthenticated,citizen_services,GET /citizens/{id},purpose_bypass,purpose_scope,unauthenticated,0,1,none,authentication,1,0,0,0,1.464,0.0
qwen2.5-coder:7b,education::GET__classes_id_roster::aggregation_leak::test_03_wrong_jurisdiction,education,GET /classes/{id}/roster,aggregation_leak,property_auth,wrong_jurisdiction,0,1,none,field_minimization,1,0,0,0,2.276,0.0
qwen2.5-coder:7b,education::GET__classes_id_roster::aggregation_leak::test_08_aggregation_boundary,education,GET /classes/{id}/roster,aggregation_leak,property_auth,aggregation_boundary,1,1,aggregation_boundary,field_minimization,1,1,0,0,1.991,17.0
qwen2.5-coder:7b,education::GET__classes_id_roster::deprecated_exposed::test_09_deprecated_inventory,education,GET /classes/{id}/roster,deprecated_exposed,inventory,deprecated_inventory,1,1,endpoint_inventory,field_minimization,1,1,0,0,1.745,21.0
qwen2.5-coder:7b,education::GET__classes_id_roster::jurisdiction_bypass::test_03_wrong_jurisdiction,education,GET /classes/{id}/roster,jurisdiction_bypass,object_auth,wrong_jurisdiction,1,1,jurisdiction_scope,field_minimization,1,1,0,0,1.789,42.0
qwen2.5-coder:7b,education::GET__classes_id_roster::jurisdiction_bypass::test_04_wrong_purpose,education,GET /classes/{id}/roster,jurisdiction_bypass,object_auth,wrong_purpose,0,1,none,purpose_scope,1,0,0,0,1.818,0.0
qwen2.5-coder:7b,education::GET__classes_id_roster::missing_audit_log::test_03_wrong_jurisdiction,education,GET /classes/{id}/roster,missing_audit_log,auditability,wrong_jurisdiction,1,1,audit_obligation,field_minimization,1,1,0,0,1.77,3.0
qwen2.5-coder:7b,education::GET__classes_id_roster::missing_audit_log::test_04_wrong_purpose,education,GET /classes/{id}/roster,missing_audit_log,auditability,wrong_purpose,1,1,audit_obligation,purpose_scope,1,1,0,0,1.632,3.0
qwen2.5-coder:7b,education::GET__classes_id_roster::missing_auth::test_06_unauthenticated,education,GET /classes/{id}/roster,missing_auth,function_auth,unauthenticated,1,1,authentication,authentication,1,1,1,1,1.808,59.0
qwen2.5-coder:7b,education::GET__classes_id_roster::missing_field_filter::test_05_self_access,education,GET /classes/{id}/roster,missing_field_filter,property_auth,self_access,1,1,field_minimization,field_minimization,1,1,1,1,2.418,17.0
qwen2.5-coder:7b,education::GET__classes_id_roster::missing_object_check::test_03_wrong_jurisdiction,education,GET /classes/{id}/roster,missing_object_check,object_auth,wrong_jurisdiction,1,1,object_scope,field_minimization,1,1,0,0,1.81,42.0
qwen2.5-coder:7b,education::GET__classes_id_roster::overbroad_role::test_02_wrong_role,education,GET /classes/{id}/roster,overbroad_role,function_auth,wrong_role,1,1,function_authorization,authentication,1,1,0,0,2.203,59.0
qwen2.5-coder:7b,education::GET__classes_id_roster::purpose_bypass::test_04_wrong_purpose,education,GET /classes/{id}/roster,purpose_bypass,purpose_scope,wrong_purpose,1,1,purpose_scope,purpose_scope,1,1,1,1,1.742,42.0
qwen2.5-coder:7b,education::GET__discipline_id::aggregation_leak::test_08_aggregation_boundary,education,GET /discipline/{id},aggregation_leak,property_auth,aggregation_boundary,1,1,aggregation_boundary,field_minimization,1,1,0,0,2.287,15.0
qwen2.5-coder:7b,education::GET__discipline_id::deprecated_exposed::test_09_deprecated_inventory,education,GET /discipline/{id},deprecated_exposed,inventory,deprecated_inventory,1,1,endpoint_inventory,field_minimization,1,1,0,0,1.506,19.0
qwen2.5-coder:7b,education::GET__discipline_id::jurisdiction_bypass::test_03_wrong_jurisdiction,education,GET /discipline/{id},jurisdiction_bypass,object_auth,wrong_jurisdiction,1,0,jurisdiction_scope,none,1,0,0,0,1.508,45.0
qwen2.5-coder:7b,education::GET__discipline_id::missing_audit_log::test_07_sensitive_field_probe,education,GET /discipline/{id},missing_audit_log,auditability,sensitive_field_probe,1,1,audit_obligation,field_minimization,1,1,0,0,1.645,3.0
qwen2.5-coder:7b,education::GET__discipline_id::missing_auth::test_06_unauthenticated,education,GET /discipline/{id},missing_auth,function_auth,unauthenticated,1,1,authentication,authentication,1,1,1,1,1.87,60.0
qwen2.5-coder:7b,education::GET__discipline_id::missing_object_check::test_03_wrong_jurisdiction,education,GET /discipline/{id},missing_object_check,object_auth,wrong_jurisdiction,1,0,object_scope,none,1,0,0,0,0.725,45.0
qwen2.5-coder:7b,education::GET__discipline_id::overbroad_role::test_02_wrong_role,education,GET /discipline/{id},overbroad_role,function_auth,wrong_role,1,1,function_authorization,authentication,1,1,0,0,2.17,60.0
qwen2.5-coder:7b,education::GET__discipline_id::purpose_bypass::test_04_wrong_purpose,education,GET /discipline/{id},purpose_bypass,purpose_scope,wrong_purpose,1,1,purpose_scope,purpose_scope,1,1,1,1,2.022,45.0
qwen2.5-coder:7b,education::GET__students_id_record::aggregation_leak::test_08_aggregation_boundary,education,GET /students/{id}/record,aggregation_leak,property_auth,aggregation_boundary,1,1,aggregation_boundary,field_minimization,1,1,0,0,2.237,17.0
qwen2.5-coder:7b,education::GET__students_id_record::deprecated_exposed::test_09_deprecated_inventory,education,GET /students/{id}/record,deprecated_exposed,inventory,deprecated_inventory,1,1,endpoint_inventory,field_minimization,1,1,0,0,1.481,21.0
qwen2.5-coder:7b,education::GET__students_id_record::jurisdiction_bypass::test_03_wrong_jurisdiction,education,GET /students/{id}/record,jurisdiction_bypass,object_auth,wrong_jurisdiction,1,1,jurisdiction_scope,field_minimization,1,1,0,0,2.247,42.0
qwen2.5-coder:7b,education::GET__students_id_record::missing_audit_log::test_01_valid,education,GET /students/{id}/record,missing_audit_log,auditability,valid,1,1,audit_obligation,field_minimization,1,1,0,0,2.066,3.0
qwen2.5-coder:7b,education::GET__students_id_record::missing_audit_log::test_03_wrong_jurisdiction,education,GET /students/{id}/record,missing_audit_log,auditability,wrong_jurisdiction,1,1,audit_obligation,field_minimization,1,1,0,0,2.095,3.0
qwen2.5-coder:7b,education::GET__students_id_record::missing_audit_log::test_05_self_access,education,GET /students/{id}/record,missing_audit_log,auditability,self_access,1,1,audit_obligation,field_minimization,1,1,0,0,2.334,3.0
qwen2.5-coder:7b,education::GET__students_id_record::missing_auth::test_06_unauthenticated,education,GET /students/{id}/record,missing_auth,function_auth,unauthenticated,1,1,authentication,authentication,1,1,1,1,1.956,59.0
qwen2.5-coder:7b,education::GET__students_id_record::missing_field_filter::test_01_valid,education,GET /students/{id}/record,missing_field_filter,property_auth,valid,1,1,field_minimization,field_minimization,1,1,1,1,1.714,17.0
qwen2.5-coder:7b,education::GET__students_id_record::missing_object_check::test_03_wrong_jurisdiction,education,GET /students/{id}/record,missing_object_check,object_auth,wrong_jurisdiction,1,1,object_scope,field_minimization,1,1,0,0,2.157,42.0
qwen2.5-coder:7b,education::GET__students_id_record::overbroad_role::test_02_wrong_role,education,GET /students/{id}/record,overbroad_role,function_auth,wrong_role,1,1,function_authorization,authentication,1,1,0,0,2.357,59.0
qwen2.5-coder:7b,education::GET__students_id_record::purpose_bypass::test_04_wrong_purpose,education,GET /students/{id}/record,purpose_bypass,purpose_scope,wrong_purpose,1,1,purpose_scope,purpose_scope,1,1,1,1,2.043,42.0
qwen2.5-coder:7b,health::GET__encounters_id::aggregation_leak::test_08_aggregation_boundary,health,GET /encounters/{id},aggregation_leak,property_auth,aggregation_boundary,1,1,aggregation_boundary,field_minimization,1,1,0,0,2.542,8.0
qwen2.5-coder:7b,health::GET__encounters_id::deprecated_exposed::test_09_deprecated_inventory,health,GET /encounters/{id},deprecated_exposed,inventory,deprecated_inventory,1,1,endpoint_inventory,field_minimization,1,1,0,0,1.828,12.0
qwen2.5-coder:7b,health::GET__encounters_id::jurisdiction_bypass::test_03_wrong_jurisdiction,health,GET /encounters/{id},jurisdiction_bypass,object_auth,wrong_jurisdiction,1,1,jurisdiction_scope,field_minimization,1,1,0,0,2.163,53.0
qwen2.5-coder:7b,health::GET__encounters_id::missing_auth::test_06_unauthenticated,health,GET /encounters/{id},missing_auth,function_auth,unauthenticated,1,1,authentication,authentication,1,1,1,1,2.078,61.0
qwen2.5-coder:7b,health::GET__encounters_id::missing_auth::test_09_deprecated_inventory,health,GET /encounters/{id},missing_auth,function_auth,deprecated_inventory,0,1,none,field_minimization,1,0,0,0,1.871,0.0
qwen2.5-coder:7b,health::GET__encounters_id::missing_field_filter::test_09_deprecated_inventory,health,GET /encounters/{id},missing_field_filter,property_auth,deprecated_inventory,1,1,field_minimization,field_minimization,1,1,1,1,2.006,8.0
qwen2.5-coder:7b,health::GET__encounters_id::missing_object_check::test_03_wrong_jurisdiction,health,GET /encounters/{id},missing_object_check,object_auth,wrong_jurisdiction,1,1,object_scope,field_minimization,1,1,0,0,1.43,53.0
qwen2.5-coder:7b,health::GET__encounters_id::overbroad_role::test_02_wrong_role,health,GET /encounters/{id},overbroad_role,function_auth,wrong_role,1,1,function_authorization,authentication,1,1,0,0,2.412,61.0
qwen2.5-coder:7b,health::GET__encounters_id::purpose_bypass::test_04_wrong_purpose,health,GET /encounters/{id},purpose_bypass,purpose_scope,wrong_purpose,1,1,purpose_scope,purpose_scope,1,1,1,1,1.973,53.0
qwen2.5-coder:7b,health::GET__patients_id::aggregation_leak::test_08_aggregation_boundary,health,GET /patients/{id},aggregation_leak,property_auth,aggregation_boundary,1,0,aggregation_boundary,none,1,0,0,0,1.96,4.0
qwen2.5-coder:7b,health::GET__patients_id::deprecated_exposed::test_09_deprecated_inventory,health,GET /patients/{id},deprecated_exposed,inventory,deprecated_inventory,1,1,endpoint_inventory,field_minimization,1,1,0,0,1.624,8.0
qwen2.5-coder:7b,health::GET__patients_id::jurisdiction_bypass::test_03_wrong_jurisdiction,health,GET /patients/{id},jurisdiction_bypass,object_auth,wrong_jurisdiction,1,0,jurisdiction_scope,none,1,0,0,0,1.659,57.0
qwen2.5-coder:7b,health::GET__patients_id::missing_audit_log::test_01_valid,health,GET /patients/{id},missing_audit_log,auditability,valid,1,1,audit_obligation,audit_obligation,1,1,1,1,1.822,3.0
qwen2.5-coder:7b,health::GET__patients_id::missing_audit_log::test_07_sensitive_field_probe,health,GET /patients/{id},missing_audit_log,auditability,sensitive_field_probe,1,1,audit_obligation,audit_obligation,1,1,1,1,1.441,3.0
qwen2.5-coder:7b,health::GET__patients_id::missing_auth::test_05_self_access,health,GET /patients/{id},missing_auth,function_auth,self_access,0,0,none,none,1,1,1,1,1.858,0.0
qwen2.5-coder:7b,health::GET__patients_id::missing_auth::test_06_unauthenticated,health,GET /patients/{id},missing_auth,function_auth,unauthenticated,1,0,authentication,none,1,0,0,0,1.501,61.0
qwen2.5-coder:7b,health::GET__patients_id::missing_field_filter::test_01_valid,health,GET /patients/{id},missing_field_filter,property_auth,valid,1,0,field_minimization,none,1,0,0,0,1.325,4.0
qwen2.5-coder:7b,health::GET__patients_id::missing_object_check::test_03_wrong_jurisdiction,health,GET /patients/{id},missing_object_check,object_auth,wrong_jurisdiction,1,0,object_scope,none,1,0,0,0,0.793,57.0
qwen2.5-coder:7b,health::GET__patients_id::overbroad_role::test_02_wrong_role,health,GET /patients/{id},overbroad_role,function_auth,wrong_role,1,1,function_authorization,authentication,1,1,0,0,2.433,61.0
qwen2.5-coder:7b,health::GET__patients_id::purpose_bypass::test_04_wrong_purpose,health,GET /patients/{id},purpose_bypass,purpose_scope,wrong_purpose,1,1,purpose_scope,purpose_scope,1,1,1,1,1.952,57.0
qwen2.5-coder:7b,health::GET__patients_search::aggregation_leak::test_08_aggregation_boundary,health,GET /patients/search,aggregation_leak,property_auth,aggregation_boundary,1,1,aggregation_boundary,field_minimization,1,1,0,0,2.637,4.0
qwen2.5-coder:7b,health::GET__patients_search::deprecated_exposed::test_09_deprecated_inventory,health,GET /patients/search,deprecated_exposed,inventory,deprecated_inventory,1,1,endpoint_inventory,field_minimization,1,1,0,0,1.866,8.0
qwen2.5-coder:7b,health::GET__patients_search::jurisdiction_bypass::test_03_wrong_jurisdiction,health,GET /patients/search,jurisdiction_bypass,object_auth,wrong_jurisdiction,1,1,jurisdiction_scope,field_minimization,1,1,0,0,2.283,56.0
qwen2.5-coder:7b,health::GET__patients_search::jurisdiction_bypass::test_05_self_access,health,GET /patients/search,jurisdiction_bypass,object_auth,self_access,0,0,none,none,1,1,1,1,1.742,0.0
qwen2.5-coder:7b,health::GET__patients_search::missing_auth::test_06_unauthenticated,health,GET /patients/search,missing_auth,function_auth,unauthenticated,1,1,authentication,authentication,1,1,1,1,1.947,60.0
qwen2.5-coder:7b,health::GET__patients_search::missing_field_filter::test_08_aggregation_boundary,health,GET /patients/search,missing_field_filter,property_auth,aggregation_boundary,1,1,field_minimization,field_minimization,1,1,1,1,1.797,4.0
qwen2.5-coder:7b,health::GET__patients_search::missing_object_check::test_01_valid,health,GET /patients/search,missing_object_check,object_auth,valid,0,1,none,field_minimization,1,0,0,0,2.148,0.0
qwen2.5-coder:7b,health::GET__patients_search::missing_object_check::test_03_wrong_jurisdiction,health,GET /patients/search,missing_object_check,object_auth,wrong_jurisdiction,1,1,object_scope,field_minimization,1,1,0,0,1.555,56.0
qwen2.5-coder:7b,health::GET__patients_search::overbroad_role::test_02_wrong_role,health,GET /patients/search,overbroad_role,function_auth,wrong_role,1,1,function_authorization,authentication,1,1,0,0,2.442,60.0
qwen2.5-coder:7b,health::GET__patients_search::purpose_bypass::test_04_wrong_purpose,health,GET /patients/search,purpose_bypass,purpose_scope,wrong_purpose,1,1,purpose_scope,purpose_scope,1,1,1,1,2.047,56.0
qwen2.5:3b,business_licensing::GET__licenses_export::missing_audit_log::test_08_aggregation_boundary,business_licensing,GET /licenses/export,missing_audit_log,auditability,aggregation_boundary,1,0,audit_obligation,none,1,0,0,0,2.873,3.0
qwen2.5:3b,citizen_services::GET__citizens_id::aggregation_leak::test_08_aggregation_boundary,citizen_services,GET /citizens/{id},aggregation_leak,property_auth,aggregation_boundary,1,0,aggregation_boundary,audit_obligation,1,0,0,0,1.023,11.0
qwen2.5:3b,citizen_services::GET__citizens_id::deprecated_exposed::test_09_deprecated_inventory,citizen_services,GET /citizens/{id},deprecated_exposed,inventory,deprecated_inventory,1,0,endpoint_inventory,audit_obligation,1,0,0,0,0.79,15.0
qwen2.5:3b,citizen_services::GET__citizens_id::missing_field_filter::test_07_sensitive_field_probe,citizen_services,GET /citizens/{id},missing_field_filter,property_auth,sensitive_field_probe,1,0,field_minimization,audit_obligation,1,0,0,0,0.774,11.0
qwen2.5:3b,education::GET__classes_id_roster::missing_auth::test_06_unauthenticated,education,GET /classes/{id}/roster,missing_auth,function_auth,unauthenticated,1,1,authentication,function_authorization,1,1,0,0,0.978,59.0
qwen2.5:3b,business_licensing::GET__inspections_id::aggregation_leak::test_08_aggregation_boundary,business_licensing,GET /inspections/{id},aggregation_leak,property_auth,aggregation_boundary,1,0,aggregation_boundary,audit_obligation,1,0,0,0,2.545,6.0
qwen2.5:3b,business_licensing::GET__inspections_id::deprecated_exposed::test_09_deprecated_inventory,business_licensing,GET /inspections/{id},deprecated_exposed,inventory,deprecated_inventory,1,0,endpoint_inventory,audit_obligation,1,0,0,0,0.806,10.0
qwen2.5:3b,business_licensing::GET__inspections_id::jurisdiction_bypass::test_03_wrong_jurisdiction,business_licensing,GET /inspections/{id},jurisdiction_bypass,object_auth,wrong_jurisdiction,1,0,jurisdiction_scope,audit_obligation,1,0,0,0,1.031,37.0
qwen2.5:3b,business_licensing::GET__inspections_id::missing_auth::test_06_unauthenticated,business_licensing,GET /inspections/{id},missing_auth,function_auth,unauthenticated,1,1,authentication,authentication,1,1,1,1,1.029,43.0
qwen2.5:3b,business_licensing::GET__inspections_id::missing_object_check::test_03_wrong_jurisdiction,business_licensing,GET /inspections/{id},missing_object_check,object_auth,wrong_jurisdiction,1,0,object_scope,audit_obligation,1,0,0,0,0.756,37.0
qwen2.5:3b,business_licensing::GET__inspections_id::overbroad_role::test_02_wrong_role,business_licensing,GET /inspections/{id},overbroad_role,function_auth,wrong_role,1,0,function_authorization,none,1,0,0,0,0.924,43.0
qwen2.5:3b,business_licensing::GET__inspections_id::purpose_bypass::test_04_wrong_purpose,business_licensing,GET /inspections/{id},purpose_bypass,purpose_scope,wrong_purpose,1,0,purpose_scope,audit_obligation,1,0,0,0,1.15,37.0
qwen2.5:3b,business_licensing::GET__licenses_export::aggregation_leak::test_08_aggregation_boundary,business_licensing,GET /licenses/export,aggregation_leak,property_auth,aggregation_boundary,1,0,aggregation_boundary,none,1,0,0,0,0.96,4.0
qwen2.5:3b,business_licensing::GET__licenses_export::deprecated_exposed::test_09_deprecated_inventory,business_licensing,GET /licenses/export,deprecated_exposed,inventory,deprecated_inventory,1,0,endpoint_inventory,none,1,0,0,0,0.59,8.0
qwen2.5:3b,business_licensing::GET__licenses_export::jurisdiction_bypass::test_03_wrong_jurisdiction,business_licensing,GET /licenses/export,jurisdiction_bypass,object_auth,wrong_jurisdiction,1,0,jurisdiction_scope,none,1,0,0,0,0.713,40.0
qwen2.5:3b,business_licensing::GET__licenses_export::missing_auth::test_06_unauthenticated,business_licensing,GET /licenses/export,missing_auth,function_auth,unauthenticated,1,0,authentication,none,1,0,0,0,0.704,44.0
qwen2.5:3b,business_licensing::GET__licenses_export::missing_auth::test_07_sensitive_field_probe,business_licensing,GET /licenses/export,missing_auth,function_auth,sensitive_field_probe,0,0,none,none,1,1,1,1,0.578,0.0
qwen2.5:3b,business_licensing::GET__licenses_export::missing_field_filter::test_05_self_access,business_licensing,GET /licenses/export,missing_field_filter,property_auth,self_access,1,0,field_minimization,none,1,0,0,0,0.706,6.0
qwen2.5:3b,business_licensing::GET__licenses_export::missing_object_check::test_03_wrong_jurisdiction,business_licensing,GET /licenses/export,missing_object_check,object_auth,wrong_jurisdiction,1,0,object_scope,none,1,0,0,0,0.395,40.0
qwen2.5:3b,business_licensing::GET__licenses_export::overbroad_role::test_02_wrong_role,business_licensing,GET /licenses/export,overbroad_role,function_auth,wrong_role,1,0,function_authorization,function_authorization,1,0,1,0,0.744,44.0
qwen2.5:3b,business_licensing::GET__licenses_export::purpose_bypass::test_04_wrong_purpose,business_licensing,GET /licenses/export,purpose_bypass,purpose_scope,wrong_purpose,1,0,purpose_scope,none,1,0,0,0,0.775,40.0
qwen2.5:3b,business_licensing::GET__licenses_id::aggregation_leak::test_08_aggregation_boundary,business_licensing,GET /licenses/{id},aggregation_leak,property_auth,aggregation_boundary,1,0,aggregation_boundary,none,1,0,0,0,0.964,4.0
qwen2.5:3b,business_licensing::GET__licenses_id::correct::test_06_unauthenticated,business_licensing,GET /licenses/{id},correct,clean,unauthenticated,0,1,none,authentication,1,0,0,0,0.917,0.0
qwen2.5:3b,business_licensing::GET__licenses_id::deprecated_exposed::test_09_deprecated_inventory,business_licensing,GET /licenses/{id},deprecated_exposed,inventory,deprecated_inventory,1,0,endpoint_inventory,none,1,0,0,0,0.565,8.0
qwen2.5:3b,business_licensing::GET__licenses_id::jurisdiction_bypass::test_03_wrong_jurisdiction,business_licensing,GET /licenses/{id},jurisdiction_bypass,object_auth,wrong_jurisdiction,1,0,jurisdiction_scope,none,1,0,0,0,0.686,38.0
qwen2.5:3b,business_licensing::GET__licenses_id::missing_audit_log::test_06_unauthenticated,business_licensing,GET /licenses/{id},missing_audit_log,auditability,unauthenticated,1,1,audit_obligation,authentication,1,1,0,0,0.776,3.0
qwen2.5:3b,business_licensing::GET__licenses_id::missing_auth::test_06_unauthenticated,business_licensing,GET /licenses/{id},missing_auth,function_auth,unauthenticated,1,0,authentication,none,1,0,0,0,0.608,42.0
qwen2.5:3b,business_licensing::GET__licenses_id::missing_object_check::test_03_wrong_jurisdiction,business_licensing,GET /licenses/{id},missing_object_check,object_auth,wrong_jurisdiction,1,0,object_scope,none,1,0,0,0,0.387,38.0
qwen2.5:3b,business_licensing::GET__licenses_id::overbroad_role::test_02_wrong_role,business_licensing,GET /licenses/{id},overbroad_role,function_auth,wrong_role,1,0,function_authorization,function_authorization,1,0,1,0,0.896,42.0
qwen2.5:3b,business_licensing::GET__licenses_id::purpose_bypass::test_04_wrong_purpose,business_licensing,GET /licenses/{id},purpose_bypass,purpose_scope,wrong_purpose,1,0,purpose_scope,none,1,0,0,0,0.688,38.0
qwen2.5:3b,citizen_services::GET__benefits_id::aggregation_leak::test_02_wrong_role,citizen_services,GET /benefits/{id},aggregation_leak,property_auth,wrong_role,0,1,none,function_authorization,1,0,0,0,1.212,0.0
qwen2.5:3b,citizen_services::GET__benefits_id::aggregation_leak::test_08_aggregation_boundary,citizen_services,GET /benefits/{id},aggregation_leak,property_auth,aggregation_boundary,1,0,aggregation_boundary,audit_obligation,1,0,0,0,1.032,9.0
qwen2.5:3b,citizen_services::GET__benefits_id::correct::test_09_deprecated_inventory,citizen_services,GET /benefits/{id},correct,clean,deprecated_inventory,0,0,none,audit_obligation,1,1,0,1,0.897,0.0
qwen2.5:3b,citizen_services::GET__benefits_id::deprecated_exposed::test_09_deprecated_inventory,citizen_services,GET /benefits/{id},deprecated_exposed,inventory,deprecated_inventory,1,0,endpoint_inventory,audit_obligation,1,0,0,0,0.845,13.0
qwen2.5:3b,citizen_services::GET__benefits_id::jurisdiction_bypass::test_03_wrong_jurisdiction,citizen_services,GET /benefits/{id},jurisdiction_bypass,object_auth,wrong_jurisdiction,1,0,jurisdiction_scope,audit_obligation,1,0,0,0,0.972,48.0
qwen2.5:3b,citizen_services::GET__benefits_id::missing_audit_log::test_09_deprecated_inventory,citizen_services,GET /benefits/{id},missing_audit_log,auditability,deprecated_inventory,1,1,audit_obligation,audit_obligation,1,1,1,1,0.951,3.0
qwen2.5:3b,citizen_services::GET__benefits_id::missing_auth::test_06_unauthenticated,citizen_services,GET /benefits/{id},missing_auth,function_auth,unauthenticated,1,1,authentication,audit_obligation,1,1,0,0,1.398,57.0
qwen2.5:3b,citizen_services::GET__benefits_id::missing_field_filter::test_07_sensitive_field_probe,citizen_services,GET /benefits/{id},missing_field_filter,property_auth,sensitive_field_probe,1,0,field_minimization,audit_obligation,1,0,0,0,0.923,9.0
qwen2.5:3b,citizen_services::GET__benefits_id::missing_field_filter::test_09_deprecated_inventory,citizen_services,GET /benefits/{id},missing_field_filter,property_auth,deprecated_inventory,1,0,field_minimization,audit_obligation,1,0,0,0,0.673,9.0
qwen2.5:3b,citizen_services::GET__benefits_id::missing_object_check::test_03_wrong_jurisdiction,citizen_services,GET /benefits/{id},missing_object_check,object_auth,wrong_jurisdiction,1,0,object_scope,audit_obligation,1,0,0,0,0.677,48.0
qwen2.5:3b,citizen_services::GET__benefits_id::overbroad_role::test_02_wrong_role,citizen_services,GET /benefits/{id},overbroad_role,function_auth,wrong_role,1,1,function_authorization,function_authorization,1,1,1,1,1.046,57.0
qwen2.5:3b,citizen_services::GET__benefits_id::purpose_bypass::test_04_wrong_purpose,citizen_services,GET /benefits/{id},purpose_bypass,purpose_scope,wrong_purpose,1,0,purpose_scope,audit_obligation,1,0,0,0,0.964,48.0
qwen2.5:3b,citizen_services::GET__citizens_export::aggregation_leak::test_08_aggregation_boundary,citizen_services,GET /citizens/export,aggregation_leak,property_auth,aggregation_boundary,1,0,aggregation_boundary,none,1,0,0,0,0.927,11.0
qwen2.5:3b,citizen_services::GET__citizens_export::deprecated_exposed::test_09_deprecated_inventory,citizen_services,GET /citizens/export,deprecated_exposed,inventory,deprecated_inventory,1,0,endpoint_inventory,none,1,0,0,0,0.571,15.0
qwen2.5:3b,citizen_services::GET__citizens_export::jurisdiction_bypass::test_03_wrong_jurisdiction,citizen_services,GET /citizens/export,jurisdiction_bypass,object_auth,wrong_jurisdiction,1,0,jurisdiction_scope,none,1,0,0,0,0.678,48.0
qwen2.5:3b,citizen_services::GET__citizens_export::missing_audit_log::test_09_deprecated_inventory,citizen_services,GET /citizens/export,missing_audit_log,auditability,deprecated_inventory,1,1,audit_obligation,object_scope,1,1,0,0,1.151,3.0
qwen2.5:3b,citizen_services::GET__citizens_export::missing_auth::test_06_unauthenticated,citizen_services,GET /citizens/export,missing_auth,function_auth,unauthenticated,1,1,authentication,audit_obligation,1,1,0,0,1.166,59.0
qwen2.5:3b,citizen_services::GET__citizens_export::missing_field_filter::test_05_self_access,citizen_services,GET /citizens/export,missing_field_filter,property_auth,self_access,1,0,field_minimization,none,1,0,0,0,0.757,11.0
qwen2.5:3b,citizen_services::GET__citizens_export::missing_field_filter::test_08_aggregation_boundary,citizen_services,GET /citizens/export,missing_field_filter,property_auth,aggregation_boundary,1,0,field_minimization,none,1,0,0,0,0.673,11.0
qwen2.5:3b,citizen_services::GET__citizens_export::missing_object_check::test_03_wrong_jurisdiction,citizen_services,GET /citizens/export,missing_object_check,object_auth,wrong_jurisdiction,1,0,object_scope,none,1,0,0,0,0.701,48.0
qwen2.5:3b,citizen_services::GET__citizens_export::missing_object_check::test_05_self_access,citizen_services,GET /citizens/export,missing_object_check,object_auth,self_access,0,0,none,none,1,1,1,1,0.607,0.0
qwen2.5:3b,citizen_services::GET__citizens_export::overbroad_role::test_02_wrong_role,citizen_services,GET /citizens/export,overbroad_role,function_auth,wrong_role,1,0,function_authorization,object_scope,1,0,0,0,1.089,59.0
qwen2.5:3b,citizen_services::GET__citizens_export::purpose_bypass::test_04_wrong_purpose,citizen_services,GET /citizens/export,purpose_bypass,purpose_scope,wrong_purpose,1,0,purpose_scope,function_authorization,1,0,0,0,0.69,48.0
qwen2.5:3b,citizen_services::GET__citizens_id::jurisdiction_bypass::test_03_wrong_jurisdiction,citizen_services,GET /citizens/{id},jurisdiction_bypass,object_auth,wrong_jurisdiction,1,0,jurisdiction_scope,audit_obligation,1,0,0,0,1.143,47.0
qwen2.5:3b,citizen_services::GET__citizens_id::missing_auth::test_06_unauthenticated,citizen_services,GET /citizens/{id},missing_auth,function_auth,unauthenticated,1,1,authentication,audit_obligation,1,1,0,0,1.082,58.0
qwen2.5:3b,citizen_services::GET__citizens_id::missing_field_filter::test_09_deprecated_inventory,citizen_services,GET /citizens/{id},missing_field_filter,property_auth,deprecated_inventory,1,0,field_minimization,audit_obligation,1,0,0,0,0.983,11.0
qwen2.5:3b,citizen_services::GET__citizens_id::missing_object_check::test_03_wrong_jurisdiction,citizen_services,GET /citizens/{id},missing_object_check,object_auth,wrong_jurisdiction,1,0,object_scope,audit_obligation,1,0,0,0,0.971,47.0
qwen2.5:3b,citizen_services::GET__citizens_id::overbroad_role::test_02_wrong_role,citizen_services,GET /citizens/{id},overbroad_role,function_auth,wrong_role,1,0,function_authorization,none,1,0,0,0,0.762,58.0
qwen2.5:3b,citizen_services::GET__citizens_id::purpose_bypass::test_04_wrong_purpose,citizen_services,GET /citizens/{id},purpose_bypass,purpose_scope,wrong_purpose,1,0,purpose_scope,audit_obligation,1,0,0,0,0.995,47.0
qwen2.5:3b,citizen_services::GET__citizens_id::purpose_bypass::test_06_unauthenticated,citizen_services,GET /citizens/{id},purpose_bypass,purpose_scope,unauthenticated,0,1,none,audit_obligation,1,0,0,0,0.914,0.0
qwen2.5:3b,education::GET__classes_id_roster::aggregation_leak::test_03_wrong_jurisdiction,education,GET /classes/{id}/roster,aggregation_leak,property_auth,wrong_jurisdiction,0,1,none,function_authorization,1,0,0,0,1.344,0.0
qwen2.5:3b,education::GET__classes_id_roster::aggregation_leak::test_08_aggregation_boundary,education,GET /classes/{id}/roster,aggregation_leak,property_auth,aggregation_boundary,1,0,aggregation_boundary,audit_obligation,1,0,0,0,1.047,17.0
qwen2.5:3b,education::GET__classes_id_roster::deprecated_exposed::test_09_deprecated_inventory,education,GET /classes/{id}/roster,deprecated_exposed,inventory,deprecated_inventory,1,0,endpoint_inventory,audit_obligation,1,0,0,0,0.862,21.0
qwen2.5:3b,education::GET__classes_id_roster::jurisdiction_bypass::test_03_wrong_jurisdiction,education,GET /classes/{id}/roster,jurisdiction_bypass,object_auth,wrong_jurisdiction,1,1,jurisdiction_scope,function_authorization,1,1,0,0,0.994,42.0
qwen2.5:3b,education::GET__classes_id_roster::jurisdiction_bypass::test_04_wrong_purpose,education,GET /classes/{id}/roster,jurisdiction_bypass,object_auth,wrong_purpose,0,1,none,purpose_scope,1,0,0,0,1.145,0.0
qwen2.5:3b,education::GET__classes_id_roster::missing_audit_log::test_03_wrong_jurisdiction,education,GET /classes/{id}/roster,missing_audit_log,auditability,wrong_jurisdiction,1,1,audit_obligation,function_authorization,1,1,0,0,1.026,3.0
qwen2.5:3b,education::GET__classes_id_roster::missing_audit_log::test_04_wrong_purpose,education,GET /classes/{id}/roster,missing_audit_log,auditability,wrong_purpose,1,1,audit_obligation,function_authorization,1,1,0,0,1.01,3.0
qwen2.5:3b,education::GET__classes_id_roster::missing_field_filter::test_05_self_access,education,GET /classes/{id}/roster,missing_field_filter,property_auth,self_access,1,0,field_minimization,audit_obligation,1,0,0,0,1.107,17.0
qwen2.5:3b,education::GET__classes_id_roster::missing_object_check::test_03_wrong_jurisdiction,education,GET /classes/{id}/roster,missing_object_check,object_auth,wrong_jurisdiction,1,1,object_scope,function_authorization,1,1,0,0,1.031,42.0
qwen2.5:3b,education::GET__classes_id_roster::overbroad_role::test_02_wrong_role,education,GET /classes/{id}/roster,overbroad_role,function_auth,wrong_role,1,1,function_authorization,function_authorization,1,1,1,1,1.126,59.0
qwen2.5:3b,education::GET__classes_id_roster::purpose_bypass::test_04_wrong_purpose,education,GET /classes/{id}/roster,purpose_bypass,purpose_scope,wrong_purpose,1,1,purpose_scope,purpose_scope,1,1,1,1,0.971,42.0
qwen2.5:3b,education::GET__discipline_id::aggregation_leak::test_08_aggregation_boundary,education,GET /discipline/{id},aggregation_leak,property_auth,aggregation_boundary,1,0,aggregation_boundary,audit_obligation,1,0,0,0,1.163,15.0
qwen2.5:3b,education::GET__discipline_id::deprecated_exposed::test_09_deprecated_inventory,education,GET /discipline/{id},deprecated_exposed,inventory,deprecated_inventory,1,0,endpoint_inventory,audit_obligation,1,0,0,0,0.846,19.0
qwen2.5:3b,education::GET__discipline_id::jurisdiction_bypass::test_03_wrong_jurisdiction,education,GET /discipline/{id},jurisdiction_bypass,object_auth,wrong_jurisdiction,1,0,jurisdiction_scope,none,1,0,0,0,0.68,45.0
qwen2.5:3b,education::GET__discipline_id::missing_audit_log::test_07_sensitive_field_probe,education,GET /discipline/{id},missing_audit_log,auditability,sensitive_field_probe,1,1,audit_obligation,function_authorization,1,1,0,0,0.955,3.0
qwen2.5:3b,education::GET__discipline_id::missing_auth::test_06_unauthenticated,education,GET /discipline/{id},missing_auth,function_auth,unauthenticated,1,1,authentication,function_authorization,1,1,0,0,1.148,60.0
qwen2.5:3b,education::GET__discipline_id::missing_object_check::test_03_wrong_jurisdiction,education,GET /discipline/{id},missing_object_check,object_auth,wrong_jurisdiction,1,0,object_scope,none,1,0,0,0,0.4,45.0
qwen2.5:3b,education::GET__discipline_id::overbroad_role::test_02_wrong_role,education,GET /discipline/{id},overbroad_role,function_auth,wrong_role,1,1,function_authorization,function_authorization,1,1,1,1,1.13,60.0
qwen2.5:3b,education::GET__discipline_id::purpose_bypass::test_04_wrong_purpose,education,GET /discipline/{id},purpose_bypass,purpose_scope,wrong_purpose,1,1,purpose_scope,object_scope,1,1,0,0,1.444,45.0
qwen2.5:3b,education::GET__students_id_record::aggregation_leak::test_08_aggregation_boundary,education,GET /students/{id}/record,aggregation_leak,property_auth,aggregation_boundary,1,0,aggregation_boundary,none,1,0,0,0,0.912,17.0
qwen2.5:3b,education::GET__students_id_record::deprecated_exposed::test_09_deprecated_inventory,education,GET /students/{id}/record,deprecated_exposed,inventory,deprecated_inventory,1,0,endpoint_inventory,none,1,0,0,0,0.59,21.0
qwen2.5:3b,education::GET__students_id_record::jurisdiction_bypass::test_03_wrong_jurisdiction,education,GET /students/{id}/record,jurisdiction_bypass,object_auth,wrong_jurisdiction,1,1,jurisdiction_scope,function_authorization,1,1,0,0,1.065,42.0
qwen2.5:3b,education::GET__students_id_record::missing_audit_log::test_01_valid,education,GET /students/{id}/record,missing_audit_log,auditability,valid,1,1,audit_obligation,function_authorization,1,1,0,0,0.993,3.0
qwen2.5:3b,education::GET__students_id_record::missing_audit_log::test_03_wrong_jurisdiction,education,GET /students/{id}/record,missing_audit_log,auditability,wrong_jurisdiction,1,1,audit_obligation,function_authorization,1,1,0,0,0.979,3.0
qwen2.5:3b,education::GET__students_id_record::missing_audit_log::test_05_self_access,education,GET /students/{id}/record,missing_audit_log,auditability,self_access,1,1,audit_obligation,purpose_scope,1,1,0,0,0.925,3.0
qwen2.5:3b,education::GET__students_id_record::missing_auth::test_06_unauthenticated,education,GET /students/{id}/record,missing_auth,function_auth,unauthenticated,1,1,authentication,function_authorization,1,1,0,0,1.136,59.0
qwen2.5:3b,education::GET__students_id_record::missing_field_filter::test_01_valid,education,GET /students/{id}/record,missing_field_filter,property_auth,valid,1,0,field_minimization,none,1,0,0,0,0.626,17.0
qwen2.5:3b,education::GET__students_id_record::missing_object_check::test_03_wrong_jurisdiction,education,GET /students/{id}/record,missing_object_check,object_auth,wrong_jurisdiction,1,1,object_scope,function_authorization,1,1,0,0,0.986,42.0
qwen2.5:3b,education::GET__students_id_record::overbroad_role::test_02_wrong_role,education,GET /students/{id}/record,overbroad_role,function_auth,wrong_role,1,1,function_authorization,object_scope,1,1,0,0,1.131,59.0
qwen2.5:3b,education::GET__students_id_record::purpose_bypass::test_04_wrong_purpose,education,GET /students/{id}/record,purpose_bypass,purpose_scope,wrong_purpose,1,1,purpose_scope,function_authorization,1,1,0,0,1.124,42.0
qwen2.5:3b,health::GET__encounters_id::aggregation_leak::test_08_aggregation_boundary,health,GET /encounters/{id},aggregation_leak,property_auth,aggregation_boundary,1,0,aggregation_boundary,none,1,0,0,0,0.943,8.0
qwen2.5:3b,health::GET__encounters_id::deprecated_exposed::test_09_deprecated_inventory,health,GET /encounters/{id},deprecated_exposed,inventory,deprecated_inventory,1,0,endpoint_inventory,none,1,0,0,0,0.578,12.0
qwen2.5:3b,health::GET__encounters_id::jurisdiction_bypass::test_03_wrong_jurisdiction,health,GET /encounters/{id},jurisdiction_bypass,object_auth,wrong_jurisdiction,1,0,jurisdiction_scope,none,1,0,0,0,0.667,53.0
qwen2.5:3b,health::GET__encounters_id::missing_auth::test_06_unauthenticated,health,GET /encounters/{id},missing_auth,function_auth,unauthenticated,1,1,authentication,function_authorization,1,1,0,0,1.098,61.0
qwen2.5:3b,health::GET__encounters_id::missing_auth::test_09_deprecated_inventory,health,GET /encounters/{id},missing_auth,function_auth,deprecated_inventory,0,0,none,none,1,1,1,1,0.604,0.0
qwen2.5:3b,health::GET__encounters_id::missing_field_filter::test_09_deprecated_inventory,health,GET /encounters/{id},missing_field_filter,property_auth,deprecated_inventory,1,0,field_minimization,none,1,0,0,0,0.597,8.0
qwen2.5:3b,health::GET__encounters_id::missing_object_check::test_03_wrong_jurisdiction,health,GET /encounters/{id},missing_object_check,object_auth,wrong_jurisdiction,1,0,object_scope,none,1,0,0,0,0.397,53.0
qwen2.5:3b,health::GET__encounters_id::overbroad_role::test_02_wrong_role,health,GET /encounters/{id},overbroad_role,function_auth,wrong_role,1,0,function_authorization,object_scope,1,0,0,0,0.983,61.0
qwen2.5:3b,health::GET__encounters_id::purpose_bypass::test_04_wrong_purpose,health,GET /encounters/{id},purpose_bypass,purpose_scope,wrong_purpose,1,0,purpose_scope,function_authorization,1,0,0,0,0.708,53.0
qwen2.5:3b,health::GET__patients_id::aggregation_leak::test_08_aggregation_boundary,health,GET /patients/{id},aggregation_leak,property_auth,aggregation_boundary,1,0,aggregation_boundary,none,1,0,0,0,0.856,4.0
qwen2.5:3b,health::GET__patients_id::deprecated_exposed::test_09_deprecated_inventory,health,GET /patients/{id},deprecated_exposed,inventory,deprecated_inventory,1,0,endpoint_inventory,none,1,0,0,0,0.584,8.0
qwen2.5:3b,health::GET__patients_id::jurisdiction_bypass::test_03_wrong_jurisdiction,health,GET /patients/{id},jurisdiction_bypass,object_auth,wrong_jurisdiction,1,0,jurisdiction_scope,none,1,0,0,0,0.679,57.0
qwen2.5:3b,health::GET__patients_id::missing_audit_log::test_01_valid,health,GET /patients/{id},missing_audit_log,auditability,valid,1,1,audit_obligation,function_authorization,1,1,0,0,0.968,3.0
qwen2.5:3b,health::GET__patients_id::missing_audit_log::test_07_sensitive_field_probe,health,GET /patients/{id},missing_audit_log,auditability,sensitive_field_probe,1,1,audit_obligation,function_authorization,1,1,0,0,0.765,3.0
qwen2.5:3b,health::GET__patients_id::missing_auth::test_05_self_access,health,GET /patients/{id},missing_auth,function_auth,self_access,0,0,none,none,1,1,1,1,0.731,0.0
qwen2.5:3b,health::GET__patients_id::missing_auth::test_06_unauthenticated,health,GET /patients/{id},missing_auth,function_auth,unauthenticated,1,1,authentication,authentication,1,1,1,1,1.011,61.0
qwen2.5:3b,health::GET__patients_id::missing_field_filter::test_01_valid,health,GET /patients/{id},missing_field_filter,property_auth,valid,1,0,field_minimization,none,1,0,0,0,0.617,4.0
qwen2.5:3b,health::GET__patients_id::missing_object_check::test_03_wrong_jurisdiction,health,GET /patients/{id},missing_object_check,object_auth,wrong_jurisdiction,1,0,object_scope,none,1,0,0,0,0.398,57.0
qwen2.5:3b,health::GET__patients_id::overbroad_role::test_02_wrong_role,health,GET /patients/{id},overbroad_role,function_auth,wrong_role,1,0,function_authorization,none,1,0,0,0,0.729,61.0
qwen2.5:3b,health::GET__patients_id::purpose_bypass::test_04_wrong_purpose,health,GET /patients/{id},purpose_bypass,purpose_scope,wrong_purpose,1,0,purpose_scope,audit_obligation,1,0,0,0,0.95,57.0
qwen2.5:3b,health::GET__patients_search::aggregation_leak::test_08_aggregation_boundary,health,GET /patients/search,aggregation_leak,property_auth,aggregation_boundary,1,0,aggregation_boundary,audit_obligation,1,0,0,0,1.173,4.0
qwen2.5:3b,health::GET__patients_search::deprecated_exposed::test_09_deprecated_inventory,health,GET /patients/search,deprecated_exposed,inventory,deprecated_inventory,1,0,endpoint_inventory,audit_obligation,1,0,0,0,0.846,8.0
qwen2.5:3b,health::GET__patients_search::jurisdiction_bypass::test_03_wrong_jurisdiction,health,GET /patients/search,jurisdiction_bypass,object_auth,wrong_jurisdiction,1,0,jurisdiction_scope,none,1,0,0,0,0.717,56.0
qwen2.5:3b,health::GET__patients_search::jurisdiction_bypass::test_05_self_access,health,GET /patients/search,jurisdiction_bypass,object_auth,self_access,0,0,none,none,1,1,1,1,0.795,0.0
qwen2.5:3b,health::GET__patients_search::missing_auth::test_06_unauthenticated,health,GET /patients/search,missing_auth,function_auth,unauthenticated,1,1,authentication,authentication,1,1,1,1,0.95,60.0
qwen2.5:3b,health::GET__patients_search::missing_field_filter::test_08_aggregation_boundary,health,GET /patients/search,missing_field_filter,property_auth,aggregation_boundary,1,0,field_minimization,audit_obligation,1,0,0,0,0.832,4.0
qwen2.5:3b,health::GET__patients_search::missing_object_check::test_01_valid,health,GET /patients/search,missing_object_check,object_auth,valid,0,0,none,none,1,1,1,1,0.588,0.0
qwen2.5:3b,health::GET__patients_search::missing_object_check::test_03_wrong_jurisdiction,health,GET /patients/search,missing_object_check,object_auth,wrong_jurisdiction,1,0,object_scope,none,1,0,0,0,0.391,56.0
qwen2.5:3b,health::GET__patients_search::overbroad_role::test_02_wrong_role,health,GET /patients/search,overbroad_role,function_auth,wrong_role,1,0,function_authorization,function_authorization,1,0,1,0,0.758,60.0
qwen2.5:3b,health::GET__patients_search::purpose_bypass::test_04_wrong_purpose,health,GET /patients/search,purpose_bypass,purpose_scope,wrong_purpose,1,0,purpose_scope,audit_obligation,1,0,0,0,1.006,56.0
qwen3:4b,business_licensing::GET__licenses_export::missing_audit_log::test_08_aggregation_boundary,business_licensing,GET /licenses/export,missing_audit_log,auditability,aggregation_boundary,1,0,audit_obligation,parse_error,0,0,0,0,6.602,3.0
qwen3:4b,citizen_services::GET__citizens_id::aggregation_leak::test_08_aggregation_boundary,citizen_services,GET /citizens/{id},aggregation_leak,property_auth,aggregation_boundary,1,0,aggregation_boundary,parse_error,0,0,0,0,4.739,11.0
qwen3:4b,citizen_services::GET__citizens_id::deprecated_exposed::test_09_deprecated_inventory,citizen_services,GET /citizens/{id},deprecated_exposed,inventory,deprecated_inventory,1,0,endpoint_inventory,parse_error,0,0,0,0,4.422,15.0
qwen3:4b,citizen_services::GET__citizens_id::missing_field_filter::test_07_sensitive_field_probe,citizen_services,GET /citizens/{id},missing_field_filter,property_auth,sensitive_field_probe,1,0,field_minimization,parse_error,0,0,0,0,4.24,11.0
qwen3:4b,education::GET__classes_id_roster::missing_auth::test_06_unauthenticated,education,GET /classes/{id}/roster,missing_auth,function_auth,unauthenticated,1,0,authentication,parse_error,0,0,0,0,4.807,59.0
qwen3:4b,business_licensing::GET__inspections_id::aggregation_leak::test_08_aggregation_boundary,business_licensing,GET /inspections/{id},aggregation_leak,property_auth,aggregation_boundary,1,0,aggregation_boundary,parse_error,0,0,0,0,7.26,6.0
qwen3:4b,business_licensing::GET__inspections_id::deprecated_exposed::test_09_deprecated_inventory,business_licensing,GET /inspections/{id},deprecated_exposed,inventory,deprecated_inventory,1,0,endpoint_inventory,parse_error,0,0,0,0,5.526,10.0
qwen3:4b,business_licensing::GET__inspections_id::jurisdiction_bypass::test_03_wrong_jurisdiction,business_licensing,GET /inspections/{id},jurisdiction_bypass,object_auth,wrong_jurisdiction,1,0,jurisdiction_scope,parse_error,0,0,0,0,5.788,37.0
qwen3:4b,business_licensing::GET__inspections_id::missing_auth::test_06_unauthenticated,business_licensing,GET /inspections/{id},missing_auth,function_auth,unauthenticated,1,0,authentication,parse_error,0,0,0,0,5.69,43.0
qwen3:4b,business_licensing::GET__inspections_id::missing_object_check::test_03_wrong_jurisdiction,business_licensing,GET /inspections/{id},missing_object_check,object_auth,wrong_jurisdiction,1,0,object_scope,parse_error,0,0,0,0,5.454,37.0
qwen3:4b,business_licensing::GET__inspections_id::overbroad_role::test_02_wrong_role,business_licensing,GET /inspections/{id},overbroad_role,function_auth,wrong_role,1,0,function_authorization,parse_error,0,0,0,0,6.056,43.0
qwen3:4b,business_licensing::GET__inspections_id::purpose_bypass::test_04_wrong_purpose,business_licensing,GET /inspections/{id},purpose_bypass,purpose_scope,wrong_purpose,1,0,purpose_scope,parse_error,0,0,0,0,5.856,37.0
qwen3:4b,business_licensing::GET__licenses_export::aggregation_leak::test_08_aggregation_boundary,business_licensing,GET /licenses/export,aggregation_leak,property_auth,aggregation_boundary,1,0,aggregation_boundary,parse_error,0,0,0,0,6.229,4.0
qwen3:4b,business_licensing::GET__licenses_export::deprecated_exposed::test_09_deprecated_inventory,business_licensing,GET /licenses/export,deprecated_exposed,inventory,deprecated_inventory,1,0,endpoint_inventory,parse_error,0,0,0,0,5.616,8.0
qwen3:4b,business_licensing::GET__licenses_export::jurisdiction_bypass::test_03_wrong_jurisdiction,business_licensing,GET /licenses/export,jurisdiction_bypass,object_auth,wrong_jurisdiction,1,0,jurisdiction_scope,parse_error,0,0,0,0,6.129,40.0
qwen3:4b,business_licensing::GET__licenses_export::missing_auth::test_06_unauthenticated,business_licensing,GET /licenses/export,missing_auth,function_auth,unauthenticated,1,0,authentication,parse_error,0,0,0,0,6.042,44.0
qwen3:4b,business_licensing::GET__licenses_export::missing_auth::test_07_sensitive_field_probe,business_licensing,GET /licenses/export,missing_auth,function_auth,sensitive_field_probe,0,0,none,parse_error,0,1,0,1,6.141,0.0
qwen3:4b,business_licensing::GET__licenses_export::missing_field_filter::test_05_self_access,business_licensing,GET /licenses/export,missing_field_filter,property_auth,self_access,1,0,field_minimization,parse_error,0,0,0,0,5.887,6.0
qwen3:4b,business_licensing::GET__licenses_export::missing_object_check::test_03_wrong_jurisdiction,business_licensing,GET /licenses/export,missing_object_check,object_auth,wrong_jurisdiction,1,0,object_scope,parse_error,0,0,0,0,5.501,40.0
qwen3:4b,business_licensing::GET__licenses_export::overbroad_role::test_02_wrong_role,business_licensing,GET /licenses/export,overbroad_role,function_auth,wrong_role,1,0,function_authorization,parse_error,0,0,0,0,5.933,44.0
qwen3:4b,business_licensing::GET__licenses_export::purpose_bypass::test_04_wrong_purpose,business_licensing,GET /licenses/export,purpose_bypass,purpose_scope,wrong_purpose,1,0,purpose_scope,parse_error,0,0,0,0,5.825,40.0
qwen3:4b,business_licensing::GET__licenses_id::aggregation_leak::test_08_aggregation_boundary,business_licensing,GET /licenses/{id},aggregation_leak,property_auth,aggregation_boundary,1,0,aggregation_boundary,parse_error,0,0,0,0,6.173,4.0
qwen3:4b,business_licensing::GET__licenses_id::correct::test_06_unauthenticated,business_licensing,GET /licenses/{id},correct,clean,unauthenticated,0,0,none,parse_error,0,1,0,1,5.87,0.0
qwen3:4b,business_licensing::GET__licenses_id::deprecated_exposed::test_09_deprecated_inventory,business_licensing,GET /licenses/{id},deprecated_exposed,inventory,deprecated_inventory,1,0,endpoint_inventory,parse_error,0,0,0,0,5.963,8.0
qwen3:4b,business_licensing::GET__licenses_id::jurisdiction_bypass::test_03_wrong_jurisdiction,business_licensing,GET /licenses/{id},jurisdiction_bypass,object_auth,wrong_jurisdiction,1,0,jurisdiction_scope,parse_error,0,0,0,0,5.84,38.0
qwen3:4b,business_licensing::GET__licenses_id::missing_audit_log::test_06_unauthenticated,business_licensing,GET /licenses/{id},missing_audit_log,auditability,unauthenticated,1,0,audit_obligation,parse_error,0,0,0,0,5.643,3.0
qwen3:4b,business_licensing::GET__licenses_id::missing_auth::test_06_unauthenticated,business_licensing,GET /licenses/{id},missing_auth,function_auth,unauthenticated,1,0,authentication,parse_error,0,0,0,0,5.754,42.0
qwen3:4b,business_licensing::GET__licenses_id::missing_object_check::test_03_wrong_jurisdiction,business_licensing,GET /licenses/{id},missing_object_check,object_auth,wrong_jurisdiction,1,0,object_scope,parse_error,0,0,0,0,5.521,38.0
qwen3:4b,business_licensing::GET__licenses_id::overbroad_role::test_02_wrong_role,business_licensing,GET /licenses/{id},overbroad_role,function_auth,wrong_role,1,0,function_authorization,parse_error,0,0,0,0,6.071,42.0
qwen3:4b,business_licensing::GET__licenses_id::purpose_bypass::test_04_wrong_purpose,business_licensing,GET /licenses/{id},purpose_bypass,purpose_scope,wrong_purpose,1,0,purpose_scope,parse_error,0,0,0,0,5.835,38.0
qwen3:4b,citizen_services::GET__benefits_id::aggregation_leak::test_02_wrong_role,citizen_services,GET /benefits/{id},aggregation_leak,property_auth,wrong_role,0,0,none,parse_error,0,1,0,1,6.167,0.0
qwen3:4b,citizen_services::GET__benefits_id::aggregation_leak::test_08_aggregation_boundary,citizen_services,GET /benefits/{id},aggregation_leak,property_auth,aggregation_boundary,1,0,aggregation_boundary,parse_error,0,0,0,0,5.986,9.0
qwen3:4b,citizen_services::GET__benefits_id::correct::test_09_deprecated_inventory,citizen_services,GET /benefits/{id},correct,clean,deprecated_inventory,0,0,none,parse_error,0,1,0,1,5.795,0.0
qwen3:4b,citizen_services::GET__benefits_id::deprecated_exposed::test_09_deprecated_inventory,citizen_services,GET /benefits/{id},deprecated_exposed,inventory,deprecated_inventory,1,0,endpoint_inventory,parse_error,0,0,0,0,5.639,13.0
qwen3:4b,citizen_services::GET__benefits_id::jurisdiction_bypass::test_03_wrong_jurisdiction,citizen_services,GET /benefits/{id},jurisdiction_bypass,object_auth,wrong_jurisdiction,1,0,jurisdiction_scope,parse_error,0,0,0,0,5.773,48.0
qwen3:4b,citizen_services::GET__benefits_id::missing_audit_log::test_09_deprecated_inventory,citizen_services,GET /benefits/{id},missing_audit_log,auditability,deprecated_inventory,1,0,audit_obligation,parse_error,0,0,0,0,5.786,3.0
qwen3:4b,citizen_services::GET__benefits_id::missing_auth::test_06_unauthenticated,citizen_services,GET /benefits/{id},missing_auth,function_auth,unauthenticated,1,0,authentication,parse_error,0,0,0,0,6.396,57.0
qwen3:4b,citizen_services::GET__benefits_id::missing_field_filter::test_07_sensitive_field_probe,citizen_services,GET /benefits/{id},missing_field_filter,property_auth,sensitive_field_probe,1,0,field_minimization,parse_error,0,0,0,0,5.778,9.0
qwen3:4b,citizen_services::GET__benefits_id::missing_field_filter::test_09_deprecated_inventory,citizen_services,GET /benefits/{id},missing_field_filter,property_auth,deprecated_inventory,1,0,field_minimization,parse_error,0,0,0,0,5.496,9.0
qwen3:4b,citizen_services::GET__benefits_id::missing_object_check::test_03_wrong_jurisdiction,citizen_services,GET /benefits/{id},missing_object_check,object_auth,wrong_jurisdiction,1,0,object_scope,parse_error,0,0,0,0,5.387,48.0
qwen3:4b,citizen_services::GET__benefits_id::overbroad_role::test_02_wrong_role,citizen_services,GET /benefits/{id},overbroad_role,function_auth,wrong_role,1,0,function_authorization,parse_error,0,0,0,0,5.715,57.0
qwen3:4b,citizen_services::GET__benefits_id::purpose_bypass::test_04_wrong_purpose,citizen_services,GET /benefits/{id},purpose_bypass,purpose_scope,wrong_purpose,1,0,purpose_scope,parse_error,0,0,0,0,5.873,48.0
qwen3:4b,citizen_services::GET__citizens_export::aggregation_leak::test_08_aggregation_boundary,citizen_services,GET /citizens/export,aggregation_leak,property_auth,aggregation_boundary,1,0,aggregation_boundary,parse_error,0,0,0,0,6.796,11.0
qwen3:4b,citizen_services::GET__citizens_export::deprecated_exposed::test_09_deprecated_inventory,citizen_services,GET /citizens/export,deprecated_exposed,inventory,deprecated_inventory,1,0,endpoint_inventory,parse_error,0,0,0,0,5.571,15.0
qwen3:4b,citizen_services::GET__citizens_export::jurisdiction_bypass::test_03_wrong_jurisdiction,citizen_services,GET /citizens/export,jurisdiction_bypass,object_auth,wrong_jurisdiction,1,0,jurisdiction_scope,parse_error,0,0,0,0,5.766,48.0
qwen3:4b,citizen_services::GET__citizens_export::missing_audit_log::test_09_deprecated_inventory,citizen_services,GET /citizens/export,missing_audit_log,auditability,deprecated_inventory,1,0,audit_obligation,parse_error,0,0,0,0,5.647,3.0
qwen3:4b,citizen_services::GET__citizens_export::missing_auth::test_06_unauthenticated,citizen_services,GET /citizens/export,missing_auth,function_auth,unauthenticated,1,0,authentication,parse_error,0,0,0,0,6.763,59.0
qwen3:4b,citizen_services::GET__citizens_export::missing_field_filter::test_05_self_access,citizen_services,GET /citizens/export,missing_field_filter,property_auth,self_access,1,0,field_minimization,parse_error,0,0,0,0,6.564,11.0
qwen3:4b,citizen_services::GET__citizens_export::missing_field_filter::test_08_aggregation_boundary,citizen_services,GET /citizens/export,missing_field_filter,property_auth,aggregation_boundary,1,0,field_minimization,parse_error,0,0,0,0,5.976,11.0
qwen3:4b,citizen_services::GET__citizens_export::missing_object_check::test_03_wrong_jurisdiction,citizen_services,GET /citizens/export,missing_object_check,object_auth,wrong_jurisdiction,1,0,object_scope,parse_error,0,0,0,0,5.549,48.0
qwen3:4b,citizen_services::GET__citizens_export::missing_object_check::test_05_self_access,citizen_services,GET /citizens/export,missing_object_check,object_auth,self_access,0,0,none,parse_error,0,1,0,1,5.68,0.0
qwen3:4b,citizen_services::GET__citizens_export::overbroad_role::test_02_wrong_role,citizen_services,GET /citizens/export,overbroad_role,function_auth,wrong_role,1,0,function_authorization,parse_error,0,0,0,0,5.849,59.0
qwen3:4b,citizen_services::GET__citizens_export::purpose_bypass::test_04_wrong_purpose,citizen_services,GET /citizens/export,purpose_bypass,purpose_scope,wrong_purpose,1,0,purpose_scope,parse_error,0,0,0,0,5.747,48.0
qwen3:4b,citizen_services::GET__citizens_id::jurisdiction_bypass::test_03_wrong_jurisdiction,citizen_services,GET /citizens/{id},jurisdiction_bypass,object_auth,wrong_jurisdiction,1,0,jurisdiction_scope,parse_error,0,0,0,0,5.985,47.0
qwen3:4b,citizen_services::GET__citizens_id::missing_auth::test_06_unauthenticated,citizen_services,GET /citizens/{id},missing_auth,function_auth,unauthenticated,1,0,authentication,parse_error,0,0,0,0,5.782,58.0
qwen3:4b,citizen_services::GET__citizens_id::missing_field_filter::test_09_deprecated_inventory,citizen_services,GET /citizens/{id},missing_field_filter,property_auth,deprecated_inventory,1,0,field_minimization,parse_error,0,0,0,0,5.771,11.0
qwen3:4b,citizen_services::GET__citizens_id::missing_object_check::test_03_wrong_jurisdiction,citizen_services,GET /citizens/{id},missing_object_check,object_auth,wrong_jurisdiction,1,0,object_scope,parse_error,0,0,0,0,5.777,47.0
qwen3:4b,citizen_services::GET__citizens_id::overbroad_role::test_02_wrong_role,citizen_services,GET /citizens/{id},overbroad_role,function_auth,wrong_role,1,0,function_authorization,parse_error,0,0,0,0,5.82,58.0
qwen3:4b,citizen_services::GET__citizens_id::purpose_bypass::test_04_wrong_purpose,citizen_services,GET /citizens/{id},purpose_bypass,purpose_scope,wrong_purpose,1,0,purpose_scope,parse_error,0,0,0,0,5.883,47.0
qwen3:4b,citizen_services::GET__citizens_id::purpose_bypass::test_06_unauthenticated,citizen_services,GET /citizens/{id},purpose_bypass,purpose_scope,unauthenticated,0,0,none,parse_error,0,1,0,1,6.208,0.0
qwen3:4b,education::GET__classes_id_roster::aggregation_leak::test_03_wrong_jurisdiction,education,GET /classes/{id}/roster,aggregation_leak,property_auth,wrong_jurisdiction,0,0,none,parse_error,0,1,0,1,6.356,0.0
qwen3:4b,education::GET__classes_id_roster::aggregation_leak::test_08_aggregation_boundary,education,GET /classes/{id}/roster,aggregation_leak,property_auth,aggregation_boundary,1,0,aggregation_boundary,parse_error,0,0,0,0,6.33,17.0
qwen3:4b,education::GET__classes_id_roster::deprecated_exposed::test_09_deprecated_inventory,education,GET /classes/{id}/roster,deprecated_exposed,inventory,deprecated_inventory,1,0,endpoint_inventory,parse_error,0,0,0,0,6.428,21.0
qwen3:4b,education::GET__classes_id_roster::jurisdiction_bypass::test_03_wrong_jurisdiction,education,GET /classes/{id}/roster,jurisdiction_bypass,object_auth,wrong_jurisdiction,1,0,jurisdiction_scope,parse_error,0,0,0,0,6.734,42.0
qwen3:4b,education::GET__classes_id_roster::jurisdiction_bypass::test_04_wrong_purpose,education,GET /classes/{id}/roster,jurisdiction_bypass,object_auth,wrong_purpose,0,0,none,parse_error,0,1,0,1,6.873,0.0
qwen3:4b,education::GET__classes_id_roster::missing_audit_log::test_03_wrong_jurisdiction,education,GET /classes/{id}/roster,missing_audit_log,auditability,wrong_jurisdiction,1,0,audit_obligation,parse_error,0,0,0,0,6.633,3.0
qwen3:4b,education::GET__classes_id_roster::missing_audit_log::test_04_wrong_purpose,education,GET /classes/{id}/roster,missing_audit_log,auditability,wrong_purpose,1,0,audit_obligation,parse_error,0,0,0,0,6.746,3.0
qwen3:4b,education::GET__classes_id_roster::missing_field_filter::test_05_self_access,education,GET /classes/{id}/roster,missing_field_filter,property_auth,self_access,1,0,field_minimization,parse_error,0,0,0,0,7.111,17.0
qwen3:4b,education::GET__classes_id_roster::missing_object_check::test_03_wrong_jurisdiction,education,GET /classes/{id}/roster,missing_object_check,object_auth,wrong_jurisdiction,1,0,object_scope,parse_error,0,0,0,0,5.638,42.0
qwen3:4b,education::GET__classes_id_roster::overbroad_role::test_02_wrong_role,education,GET /classes/{id}/roster,overbroad_role,function_auth,wrong_role,1,0,function_authorization,parse_error,0,0,0,0,5.835,59.0
qwen3:4b,education::GET__classes_id_roster::purpose_bypass::test_04_wrong_purpose,education,GET /classes/{id}/roster,purpose_bypass,purpose_scope,wrong_purpose,1,0,purpose_scope,parse_error,0,0,0,0,5.643,42.0
qwen3:4b,education::GET__discipline_id::aggregation_leak::test_08_aggregation_boundary,education,GET /discipline/{id},aggregation_leak,property_auth,aggregation_boundary,1,0,aggregation_boundary,parse_error,0,0,0,0,6.09,15.0
qwen3:4b,education::GET__discipline_id::deprecated_exposed::test_09_deprecated_inventory,education,GET /discipline/{id},deprecated_exposed,inventory,deprecated_inventory,1,0,endpoint_inventory,parse_error,0,0,0,0,5.737,19.0
qwen3:4b,education::GET__discipline_id::jurisdiction_bypass::test_03_wrong_jurisdiction,education,GET /discipline/{id},jurisdiction_bypass,object_auth,wrong_jurisdiction,1,0,jurisdiction_scope,parse_error,0,0,0,0,5.785,45.0
qwen3:4b,education::GET__discipline_id::missing_audit_log::test_07_sensitive_field_probe,education,GET /discipline/{id},missing_audit_log,auditability,sensitive_field_probe,1,0,audit_obligation,parse_error,0,0,0,0,5.72,3.0
qwen3:4b,education::GET__discipline_id::missing_auth::test_06_unauthenticated,education,GET /discipline/{id},missing_auth,function_auth,unauthenticated,1,0,authentication,parse_error,0,0,0,0,5.865,60.0
qwen3:4b,education::GET__discipline_id::missing_object_check::test_03_wrong_jurisdiction,education,GET /discipline/{id},missing_object_check,object_auth,wrong_jurisdiction,1,0,object_scope,parse_error,0,0,0,0,5.406,45.0
qwen3:4b,education::GET__discipline_id::overbroad_role::test_02_wrong_role,education,GET /discipline/{id},overbroad_role,function_auth,wrong_role,1,0,function_authorization,parse_error,0,0,0,0,5.844,60.0
qwen3:4b,education::GET__discipline_id::purpose_bypass::test_04_wrong_purpose,education,GET /discipline/{id},purpose_bypass,purpose_scope,wrong_purpose,1,0,purpose_scope,parse_error,0,0,0,0,5.753,45.0
qwen3:4b,education::GET__students_id_record::aggregation_leak::test_08_aggregation_boundary,education,GET /students/{id}/record,aggregation_leak,property_auth,aggregation_boundary,1,0,aggregation_boundary,parse_error,0,0,0,0,5.964,17.0
qwen3:4b,education::GET__students_id_record::deprecated_exposed::test_09_deprecated_inventory,education,GET /students/{id}/record,deprecated_exposed,inventory,deprecated_inventory,1,0,endpoint_inventory,parse_error,0,0,0,0,5.728,21.0
qwen3:4b,education::GET__students_id_record::jurisdiction_bypass::test_03_wrong_jurisdiction,education,GET /students/{id}/record,jurisdiction_bypass,object_auth,wrong_jurisdiction,1,0,jurisdiction_scope,parse_error,0,0,0,0,5.756,42.0
qwen3:4b,education::GET__students_id_record::missing_audit_log::test_01_valid,education,GET /students/{id}/record,missing_audit_log,auditability,valid,1,0,audit_obligation,parse_error,0,0,0,0,5.667,3.0
qwen3:4b,education::GET__students_id_record::missing_audit_log::test_03_wrong_jurisdiction,education,GET /students/{id}/record,missing_audit_log,auditability,wrong_jurisdiction,1,0,audit_obligation,parse_error,0,0,0,0,5.712,3.0
qwen3:4b,education::GET__students_id_record::missing_audit_log::test_05_self_access,education,GET /students/{id}/record,missing_audit_log,auditability,self_access,1,0,audit_obligation,parse_error,0,0,0,0,5.71,3.0
qwen3:4b,education::GET__students_id_record::missing_auth::test_06_unauthenticated,education,GET /students/{id}/record,missing_auth,function_auth,unauthenticated,1,0,authentication,parse_error,0,0,0,0,5.979,59.0
qwen3:4b,education::GET__students_id_record::missing_field_filter::test_01_valid,education,GET /students/{id}/record,missing_field_filter,property_auth,valid,1,0,field_minimization,parse_error,0,0,0,0,5.713,17.0
qwen3:4b,education::GET__students_id_record::missing_object_check::test_03_wrong_jurisdiction,education,GET /students/{id}/record,missing_object_check,object_auth,wrong_jurisdiction,1,0,object_scope,parse_error,0,0,0,0,5.817,42.0
qwen3:4b,education::GET__students_id_record::overbroad_role::test_02_wrong_role,education,GET /students/{id}/record,overbroad_role,function_auth,wrong_role,1,0,function_authorization,parse_error,0,0,0,0,6.008,59.0
qwen3:4b,education::GET__students_id_record::purpose_bypass::test_04_wrong_purpose,education,GET /students/{id}/record,purpose_bypass,purpose_scope,wrong_purpose,1,0,purpose_scope,parse_error,0,0,0,0,5.814,42.0
qwen3:4b,health::GET__encounters_id::aggregation_leak::test_08_aggregation_boundary,health,GET /encounters/{id},aggregation_leak,property_auth,aggregation_boundary,1,0,aggregation_boundary,parse_error,0,0,0,0,6.224,8.0
qwen3:4b,health::GET__encounters_id::deprecated_exposed::test_09_deprecated_inventory,health,GET /encounters/{id},deprecated_exposed,inventory,deprecated_inventory,1,0,endpoint_inventory,parse_error,0,0,0,0,5.766,12.0
qwen3:4b,health::GET__encounters_id::jurisdiction_bypass::test_03_wrong_jurisdiction,health,GET /encounters/{id},jurisdiction_bypass,object_auth,wrong_jurisdiction,1,0,jurisdiction_scope,parse_error,0,0,0,0,5.795,53.0
qwen3:4b,health::GET__encounters_id::missing_auth::test_06_unauthenticated,health,GET /encounters/{id},missing_auth,function_auth,unauthenticated,1,0,authentication,parse_error,0,0,0,0,5.872,61.0
qwen3:4b,health::GET__encounters_id::missing_auth::test_09_deprecated_inventory,health,GET /encounters/{id},missing_auth,function_auth,deprecated_inventory,0,0,none,parse_error,0,1,0,1,5.713,0.0
qwen3:4b,health::GET__encounters_id::missing_field_filter::test_09_deprecated_inventory,health,GET /encounters/{id},missing_field_filter,property_auth,deprecated_inventory,1,0,field_minimization,parse_error,0,0,0,0,5.665,8.0
qwen3:4b,health::GET__encounters_id::missing_object_check::test_03_wrong_jurisdiction,health,GET /encounters/{id},missing_object_check,object_auth,wrong_jurisdiction,1,0,object_scope,parse_error,0,0,0,0,5.423,53.0
qwen3:4b,health::GET__encounters_id::overbroad_role::test_02_wrong_role,health,GET /encounters/{id},overbroad_role,function_auth,wrong_role,1,0,function_authorization,parse_error,0,0,0,0,5.982,61.0
qwen3:4b,health::GET__encounters_id::purpose_bypass::test_04_wrong_purpose,health,GET /encounters/{id},purpose_bypass,purpose_scope,wrong_purpose,1,0,purpose_scope,parse_error,0,0,0,0,5.842,53.0
qwen3:4b,health::GET__patients_id::aggregation_leak::test_08_aggregation_boundary,health,GET /patients/{id},aggregation_leak,property_auth,aggregation_boundary,1,0,aggregation_boundary,parse_error,0,0,0,0,6.077,4.0
qwen3:4b,health::GET__patients_id::deprecated_exposed::test_09_deprecated_inventory,health,GET /patients/{id},deprecated_exposed,inventory,deprecated_inventory,1,0,endpoint_inventory,parse_error,0,0,0,0,5.702,8.0
qwen3:4b,health::GET__patients_id::jurisdiction_bypass::test_03_wrong_jurisdiction,health,GET /patients/{id},jurisdiction_bypass,object_auth,wrong_jurisdiction,1,0,jurisdiction_scope,parse_error,0,0,0,0,5.84,57.0
qwen3:4b,health::GET__patients_id::missing_audit_log::test_01_valid,health,GET /patients/{id},missing_audit_log,auditability,valid,1,0,audit_obligation,parse_error,0,0,0,0,5.757,3.0
qwen3:4b,health::GET__patients_id::missing_audit_log::test_07_sensitive_field_probe,health,GET /patients/{id},missing_audit_log,auditability,sensitive_field_probe,1,0,audit_obligation,parse_error,0,0,0,0,5.445,3.0
qwen3:4b,health::GET__patients_id::missing_auth::test_05_self_access,health,GET /patients/{id},missing_auth,function_auth,self_access,0,0,none,parse_error,0,1,0,1,5.912,0.0
qwen3:4b,health::GET__patients_id::missing_auth::test_06_unauthenticated,health,GET /patients/{id},missing_auth,function_auth,unauthenticated,1,0,authentication,parse_error,0,0,0,0,5.883,61.0
qwen3:4b,health::GET__patients_id::missing_field_filter::test_01_valid,health,GET /patients/{id},missing_field_filter,property_auth,valid,1,0,field_minimization,parse_error,0,0,0,0,5.718,4.0
qwen3:4b,health::GET__patients_id::missing_object_check::test_03_wrong_jurisdiction,health,GET /patients/{id},missing_object_check,object_auth,wrong_jurisdiction,1,0,object_scope,parse_error,0,0,0,0,5.471,57.0
qwen3:4b,health::GET__patients_id::overbroad_role::test_02_wrong_role,health,GET /patients/{id},overbroad_role,function_auth,wrong_role,1,0,function_authorization,parse_error,0,0,0,0,5.913,61.0
qwen3:4b,health::GET__patients_id::purpose_bypass::test_04_wrong_purpose,health,GET /patients/{id},purpose_bypass,purpose_scope,wrong_purpose,1,0,purpose_scope,parse_error,0,0,0,0,5.866,57.0
qwen3:4b,health::GET__patients_search::aggregation_leak::test_08_aggregation_boundary,health,GET /patients/search,aggregation_leak,property_auth,aggregation_boundary,1,0,aggregation_boundary,parse_error,0,0,0,0,6.116,4.0
qwen3:4b,health::GET__patients_search::deprecated_exposed::test_09_deprecated_inventory,health,GET /patients/search,deprecated_exposed,inventory,deprecated_inventory,1,0,endpoint_inventory,parse_error,0,0,0,0,5.707,8.0
qwen3:4b,health::GET__patients_search::jurisdiction_bypass::test_03_wrong_jurisdiction,health,GET /patients/search,jurisdiction_bypass,object_auth,wrong_jurisdiction,1,0,jurisdiction_scope,parse_error,0,0,0,0,5.901,56.0
qwen3:4b,health::GET__patients_search::jurisdiction_bypass::test_05_self_access,health,GET /patients/search,jurisdiction_bypass,object_auth,self_access,0,0,none,parse_error,0,1,0,1,5.972,0.0
qwen3:4b,health::GET__patients_search::missing_auth::test_06_unauthenticated,health,GET /patients/search,missing_auth,function_auth,unauthenticated,1,0,authentication,parse_error,0,0,0,0,5.959,60.0
qwen3:4b,health::GET__patients_search::missing_field_filter::test_08_aggregation_boundary,health,GET /patients/search,missing_field_filter,property_auth,aggregation_boundary,1,0,field_minimization,parse_error,0,0,0,0,5.465,4.0
qwen3:4b,health::GET__patients_search::missing_object_check::test_01_valid,health,GET /patients/search,missing_object_check,object_auth,valid,0,0,none,parse_error,0,1,0,1,5.766,0.0
qwen3:4b,health::GET__patients_search::missing_object_check::test_03_wrong_jurisdiction,health,GET /patients/search,missing_object_check,object_auth,wrong_jurisdiction,1,0,object_scope,parse_error,0,0,0,0,5.53,56.0
qwen3:4b,health::GET__patients_search::overbroad_role::test_02_wrong_role,health,GET /patients/search,overbroad_role,function_auth,wrong_role,1,0,function_authorization,parse_error,0,0,0,0,5.936,60.0
qwen3:4b,health::GET__patients_search::purpose_bypass::test_04_wrong_purpose,health,GET /patients/search,purpose_bypass,purpose_scope,wrong_purpose,1,0,purpose_scope,parse_error,0,0,0,0,5.865,56.0
