variant_id,domain,endpoint,bug_type,family,primary_dimension,test_kind,reasons,allowed,extra_field_count,extra_sensitive_field_count,max_extra_sensitivity,risk
health::GET__patients_id::missing_auth,health,GET /patients/{id},missing_auth,function_auth,authentication,unauthenticated,unauthorized_allow;field_exposure,1,8,8,5,61.0
health::GET__patients_id::overbroad_role,health,GET /patients/{id},overbroad_role,function_auth,function_authorization,wrong_role,unauthorized_allow;field_exposure,1,8,8,5,61.0
health::GET__patients_id::missing_object_check,health,GET /patients/{id},missing_object_check,object_auth,object_scope,wrong_jurisdiction,unauthorized_allow;field_exposure,1,7,7,5,57.0
health::GET__patients_id::jurisdiction_bypass,health,GET /patients/{id},jurisdiction_bypass,object_auth,jurisdiction_scope,wrong_jurisdiction,unauthorized_allow;field_exposure,1,7,7,5,57.0
health::GET__patients_id::purpose_bypass,health,GET /patients/{id},purpose_bypass,purpose_scope,purpose_scope,wrong_purpose,unauthorized_allow;field_exposure,1,7,7,5,57.0
health::GET__patients_id::missing_field_filter,health,GET /patients/{id},missing_field_filter,property_auth,field_minimization,valid,field_exposure,1,1,1,4,4.0
health::GET__patients_id::missing_field_filter,health,GET /patients/{id},missing_field_filter,property_auth,field_minimization,sensitive_field_probe,field_exposure,1,1,1,4,4.0
health::GET__patients_id::missing_field_filter,health,GET /patients/{id},missing_field_filter,property_auth,field_minimization,aggregation_boundary,field_exposure,1,1,1,4,4.0
health::GET__patients_id::missing_field_filter,health,GET /patients/{id},missing_field_filter,property_auth,field_minimization,deprecated_inventory,field_exposure,1,1,1,4,4.0
health::GET__patients_id::aggregation_leak,health,GET /patients/{id},aggregation_leak,property_auth,aggregation_boundary,aggregation_boundary,field_exposure,1,1,1,4,4.0
health::GET__patients_id::missing_audit_log,health,GET /patients/{id},missing_audit_log,auditability,audit_obligation,valid,missing_audit,1,0,0,0,3.0
health::GET__patients_id::missing_audit_log,health,GET /patients/{id},missing_audit_log,auditability,audit_obligation,wrong_role,missing_audit,0,0,0,0,3.0
health::GET__patients_id::missing_audit_log,health,GET /patients/{id},missing_audit_log,auditability,audit_obligation,wrong_jurisdiction,missing_audit,0,0,0,0,3.0
health::GET__patients_id::missing_audit_log,health,GET /patients/{id},missing_audit_log,auditability,audit_obligation,wrong_purpose,missing_audit,0,0,0,0,3.0
health::GET__patients_id::missing_audit_log,health,GET /patients/{id},missing_audit_log,auditability,audit_obligation,self_access,missing_audit,1,0,0,0,3.0
health::GET__patients_id::missing_audit_log,health,GET /patients/{id},missing_audit_log,auditability,audit_obligation,unauthenticated,missing_audit,0,0,0,0,3.0
health::GET__patients_id::missing_audit_log,health,GET /patients/{id},missing_audit_log,auditability,audit_obligation,sensitive_field_probe,missing_audit,1,0,0,0,3.0
health::GET__patients_id::missing_audit_log,health,GET /patients/{id},missing_audit_log,auditability,audit_obligation,aggregation_boundary,missing_audit,1,0,0,0,3.0
health::GET__patients_id::missing_audit_log,health,GET /patients/{id},missing_audit_log,auditability,audit_obligation,deprecated_inventory,missing_audit,1,0,0,0,3.0
health::GET__patients_id::deprecated_exposed,health,GET /patients/{id},deprecated_exposed,inventory,endpoint_inventory,deprecated_inventory,field_exposure;deprecated_endpoint_exposed,1,1,1,4,8.0
health::GET__encounters_id::missing_auth,health,GET /encounters/{id},missing_auth,function_auth,authentication,unauthenticated,unauthorized_allow;field_exposure,1,8,7,5,61.0
health::GET__encounters_id::overbroad_role,health,GET /encounters/{id},overbroad_role,function_auth,function_authorization,wrong_role,unauthorized_allow;field_exposure,1,8,7,5,61.0
health::GET__encounters_id::missing_object_check,health,GET /encounters/{id},missing_object_check,object_auth,object_scope,wrong_jurisdiction,unauthorized_allow;field_exposure,1,6,5,5,53.0
health::GET__encounters_id::jurisdiction_bypass,health,GET /encounters/{id},jurisdiction_bypass,object_auth,jurisdiction_scope,wrong_jurisdiction,unauthorized_allow;field_exposure,1,6,5,5,53.0
health::GET__encounters_id::purpose_bypass,health,GET /encounters/{id},purpose_bypass,purpose_scope,purpose_scope,wrong_purpose,unauthorized_allow;field_exposure,1,6,5,5,53.0
health::GET__encounters_id::missing_field_filter,health,GET /encounters/{id},missing_field_filter,property_auth,field_minimization,valid,field_exposure,1,2,2,4,8.0
health::GET__encounters_id::missing_field_filter,health,GET /encounters/{id},missing_field_filter,property_auth,field_minimization,self_access,field_exposure,1,1,0,2,2.0
health::GET__encounters_id::missing_field_filter,health,GET /encounters/{id},missing_field_filter,property_auth,field_minimization,sensitive_field_probe,field_exposure,1,2,2,4,8.0
health::GET__encounters_id::missing_field_filter,health,GET /encounters/{id},missing_field_filter,property_auth,field_minimization,aggregation_boundary,field_exposure,1,2,2,4,8.0
health::GET__encounters_id::missing_field_filter,health,GET /encounters/{id},missing_field_filter,property_auth,field_minimization,deprecated_inventory,field_exposure,1,2,2,4,8.0
health::GET__encounters_id::aggregation_leak,health,GET /encounters/{id},aggregation_leak,property_auth,aggregation_boundary,aggregation_boundary,field_exposure,1,2,2,4,8.0
health::GET__encounters_id::missing_audit_log,health,GET /encounters/{id},missing_audit_log,auditability,audit_obligation,valid,missing_audit,1,0,0,0,3.0
health::GET__encounters_id::missing_audit_log,health,GET /encounters/{id},missing_audit_log,auditability,audit_obligation,wrong_role,missing_audit,0,0,0,0,3.0
health::GET__encounters_id::missing_audit_log,health,GET /encounters/{id},missing_audit_log,auditability,audit_obligation,wrong_jurisdiction,missing_audit,0,0,0,0,3.0
health::GET__encounters_id::missing_audit_log,health,GET /encounters/{id},missing_audit_log,auditability,audit_obligation,wrong_purpose,missing_audit,0,0,0,0,3.0
health::GET__encounters_id::missing_audit_log,health,GET /encounters/{id},missing_audit_log,auditability,audit_obligation,self_access,missing_audit,1,0,0,0,3.0
health::GET__encounters_id::missing_audit_log,health,GET /encounters/{id},missing_audit_log,auditability,audit_obligation,unauthenticated,missing_audit,0,0,0,0,3.0
health::GET__encounters_id::missing_audit_log,health,GET /encounters/{id},missing_audit_log,auditability,audit_obligation,sensitive_field_probe,missing_audit,1,0,0,0,3.0
health::GET__encounters_id::missing_audit_log,health,GET /encounters/{id},missing_audit_log,auditability,audit_obligation,aggregation_boundary,missing_audit,1,0,0,0,3.0
health::GET__encounters_id::missing_audit_log,health,GET /encounters/{id},missing_audit_log,auditability,audit_obligation,deprecated_inventory,missing_audit,1,0,0,0,3.0
health::GET__encounters_id::deprecated_exposed,health,GET /encounters/{id},deprecated_exposed,inventory,endpoint_inventory,deprecated_inventory,field_exposure;deprecated_endpoint_exposed,1,2,2,4,12.0
health::GET__patients_search::missing_auth,health,GET /patients/search,missing_auth,function_auth,authentication,unauthenticated,unauthorized_allow;field_exposure,1,8,8,5,60.0
health::GET__patients_search::overbroad_role,health,GET /patients/search,overbroad_role,function_auth,function_authorization,wrong_role,unauthorized_allow;field_exposure,1,8,8,5,60.0
health::GET__patients_search::missing_object_check,health,GET /patients/search,missing_object_check,object_auth,object_scope,wrong_jurisdiction,unauthorized_allow;field_exposure,1,7,7,5,56.0
health::GET__patients_search::jurisdiction_bypass,health,GET /patients/search,jurisdiction_bypass,object_auth,jurisdiction_scope,wrong_jurisdiction,unauthorized_allow;field_exposure,1,7,7,5,56.0
health::GET__patients_search::purpose_bypass,health,GET /patients/search,purpose_bypass,purpose_scope,purpose_scope,wrong_purpose,unauthorized_allow;field_exposure,1,7,7,5,56.0
health::GET__patients_search::missing_field_filter,health,GET /patients/search,missing_field_filter,property_auth,field_minimization,valid,field_exposure,1,1,1,4,4.0
health::GET__patients_search::missing_field_filter,health,GET /patients/search,missing_field_filter,property_auth,field_minimization,sensitive_field_probe,field_exposure,1,1,1,4,4.0
health::GET__patients_search::missing_field_filter,health,GET /patients/search,missing_field_filter,property_auth,field_minimization,aggregation_boundary,field_exposure,1,1,1,4,4.0
health::GET__patients_search::missing_field_filter,health,GET /patients/search,missing_field_filter,property_auth,field_minimization,deprecated_inventory,field_exposure,1,1,1,4,4.0
health::GET__patients_search::aggregation_leak,health,GET /patients/search,aggregation_leak,property_auth,aggregation_boundary,aggregation_boundary,field_exposure,1,1,1,4,4.0
health::GET__patients_search::missing_audit_log,health,GET /patients/search,missing_audit_log,auditability,audit_obligation,valid,missing_audit,1,0,0,0,3.0
health::GET__patients_search::missing_audit_log,health,GET /patients/search,missing_audit_log,auditability,audit_obligation,wrong_role,missing_audit,0,0,0,0,3.0
health::GET__patients_search::missing_audit_log,health,GET /patients/search,missing_audit_log,auditability,audit_obligation,wrong_jurisdiction,missing_audit,0,0,0,0,3.0
health::GET__patients_search::missing_audit_log,health,GET /patients/search,missing_audit_log,auditability,audit_obligation,wrong_purpose,missing_audit,0,0,0,0,3.0
health::GET__patients_search::missing_audit_log,health,GET /patients/search,missing_audit_log,auditability,audit_obligation,self_access,missing_audit,1,0,0,0,3.0
health::GET__patients_search::missing_audit_log,health,GET /patients/search,missing_audit_log,auditability,audit_obligation,unauthenticated,missing_audit,0,0,0,0,3.0
health::GET__patients_search::missing_audit_log,health,GET /patients/search,missing_audit_log,auditability,audit_obligation,sensitive_field_probe,missing_audit,1,0,0,0,3.0
health::GET__patients_search::missing_audit_log,health,GET /patients/search,missing_audit_log,auditability,audit_obligation,aggregation_boundary,missing_audit,1,0,0,0,3.0
health::GET__patients_search::missing_audit_log,health,GET /patients/search,missing_audit_log,auditability,audit_obligation,deprecated_inventory,missing_audit,1,0,0,0,3.0
health::GET__patients_search::deprecated_exposed,health,GET /patients/search,deprecated_exposed,inventory,endpoint_inventory,deprecated_inventory,field_exposure;deprecated_endpoint_exposed,1,1,1,4,8.0
citizen_services::GET__citizens_id::missing_auth,citizen_services,GET /citizens/{id},missing_auth,function_auth,authentication,unauthenticated,unauthorized_allow;field_exposure,1,8,7,5,58.0
citizen_services::GET__citizens_id::overbroad_role,citizen_services,GET /citizens/{id},overbroad_role,function_auth,function_authorization,wrong_role,unauthorized_allow;field_exposure,1,8,7,5,58.0
citizen_services::GET__citizens_id::missing_object_check,citizen_services,GET /citizens/{id},missing_object_check,object_auth,object_scope,wrong_jurisdiction,unauthorized_allow;field_exposure,1,5,5,4,47.0
citizen_services::GET__citizens_id::jurisdiction_bypass,citizen_services,GET /citizens/{id},jurisdiction_bypass,object_auth,jurisdiction_scope,wrong_jurisdiction,unauthorized_allow;field_exposure,1,5,5,4,47.0
citizen_services::GET__citizens_id::purpose_bypass,citizen_services,GET /citizens/{id},purpose_bypass,purpose_scope,purpose_scope,wrong_purpose,unauthorized_allow;field_exposure,1,5,5,4,47.0
citizen_services::GET__citizens_id::missing_field_filter,citizen_services,GET /citizens/{id},missing_field_filter,property_auth,field_minimization,valid,field_exposure,1,3,2,5,11.0
citizen_services::GET__citizens_id::missing_field_filter,citizen_services,GET /citizens/{id},missing_field_filter,property_auth,field_minimization,self_access,field_exposure,1,3,2,5,11.0
citizen_services::GET__citizens_id::missing_field_filter,citizen_services,GET /citizens/{id},missing_field_filter,property_auth,field_minimization,sensitive_field_probe,field_exposure,1,3,2,5,11.0
citizen_services::GET__citizens_id::missing_field_filter,citizen_services,GET /citizens/{id},missing_field_filter,property_auth,field_minimization,aggregation_boundary,field_exposure,1,3,2,5,11.0
citizen_services::GET__citizens_id::missing_field_filter,citizen_services,GET /citizens/{id},missing_field_filter,property_auth,field_minimization,deprecated_inventory,field_exposure,1,3,2,5,11.0
citizen_services::GET__citizens_id::aggregation_leak,citizen_services,GET /citizens/{id},aggregation_leak,property_auth,aggregation_boundary,aggregation_boundary,field_exposure,1,3,2,5,11.0
citizen_services::GET__citizens_id::missing_audit_log,citizen_services,GET /citizens/{id},missing_audit_log,auditability,audit_obligation,valid,missing_audit,1,0,0,0,3.0
citizen_services::GET__citizens_id::missing_audit_log,citizen_services,GET /citizens/{id},missing_audit_log,auditability,audit_obligation,wrong_role,missing_audit,0,0,0,0,3.0
citizen_services::GET__citizens_id::missing_audit_log,citizen_services,GET /citizens/{id},missing_audit_log,auditability,audit_obligation,wrong_jurisdiction,missing_audit,0,0,0,0,3.0
citizen_services::GET__citizens_id::missing_audit_log,citizen_services,GET /citizens/{id},missing_audit_log,auditability,audit_obligation,wrong_purpose,missing_audit,0,0,0,0,3.0
citizen_services::GET__citizens_id::missing_audit_log,citizen_services,GET /citizens/{id},missing_audit_log,auditability,audit_obligation,self_access,missing_audit,1,0,0,0,3.0
citizen_services::GET__citizens_id::missing_audit_log,citizen_services,GET /citizens/{id},missing_audit_log,auditability,audit_obligation,unauthenticated,missing_audit,0,0,0,0,3.0
citizen_services::GET__citizens_id::missing_audit_log,citizen_services,GET /citizens/{id},missing_audit_log,auditability,audit_obligation,sensitive_field_probe,missing_audit,1,0,0,0,3.0
citizen_services::GET__citizens_id::missing_audit_log,citizen_services,GET /citizens/{id},missing_audit_log,auditability,audit_obligation,aggregation_boundary,missing_audit,1,0,0,0,3.0
citizen_services::GET__citizens_id::missing_audit_log,citizen_services,GET /citizens/{id},missing_audit_log,auditability,audit_obligation,deprecated_inventory,missing_audit,1,0,0,0,3.0
citizen_services::GET__citizens_id::deprecated_exposed,citizen_services,GET /citizens/{id},deprecated_exposed,inventory,endpoint_inventory,deprecated_inventory,field_exposure;deprecated_endpoint_exposed,1,3,2,5,15.0
citizen_services::GET__benefits_id::missing_auth,citizen_services,GET /benefits/{id},missing_auth,function_auth,authentication,unauthenticated,unauthorized_allow;field_exposure,1,8,6,5,57.0
citizen_services::GET__benefits_id::overbroad_role,citizen_services,GET /benefits/{id},overbroad_role,function_auth,function_authorization,wrong_role,unauthorized_allow;field_exposure,1,8,6,5,57.0
citizen_services::GET__benefits_id::missing_object_check,citizen_services,GET /benefits/{id},missing_object_check,object_auth,object_scope,wrong_jurisdiction,unauthorized_allow;field_exposure,1,5,5,4,48.0
citizen_services::GET__benefits_id::jurisdiction_bypass,citizen_services,GET /benefits/{id},jurisdiction_bypass,object_auth,jurisdiction_scope,wrong_jurisdiction,unauthorized_allow;field_exposure,1,5,5,4,48.0
citizen_services::GET__benefits_id::purpose_bypass,citizen_services,GET /benefits/{id},purpose_bypass,purpose_scope,purpose_scope,wrong_purpose,unauthorized_allow;field_exposure,1,5,5,4,48.0
citizen_services::GET__benefits_id::missing_field_filter,citizen_services,GET /benefits/{id},missing_field_filter,property_auth,field_minimization,valid,field_exposure,1,3,1,5,9.0
citizen_services::GET__benefits_id::missing_field_filter,citizen_services,GET /benefits/{id},missing_field_filter,property_auth,field_minimization,self_access,field_exposure,1,2,1,5,7.0
citizen_services::GET__benefits_id::missing_field_filter,citizen_services,GET /benefits/{id},missing_field_filter,property_auth,field_minimization,sensitive_field_probe,field_exposure,1,3,1,5,9.0
citizen_services::GET__benefits_id::missing_field_filter,citizen_services,GET /benefits/{id},missing_field_filter,property_auth,field_minimization,aggregation_boundary,field_exposure,1,3,1,5,9.0
citizen_services::GET__benefits_id::missing_field_filter,citizen_services,GET /benefits/{id},missing_field_filter,property_auth,field_minimization,deprecated_inventory,field_exposure,1,3,1,5,9.0
citizen_services::GET__benefits_id::aggregation_leak,citizen_services,GET /benefits/{id},aggregation_leak,property_auth,aggregation_boundary,aggregation_boundary,field_exposure,1,3,1,5,9.0
citizen_services::GET__benefits_id::missing_audit_log,citizen_services,GET /benefits/{id},missing_audit_log,auditability,audit_obligation,valid,missing_audit,1,0,0,0,3.0
citizen_services::GET__benefits_id::missing_audit_log,citizen_services,GET /benefits/{id},missing_audit_log,auditability,audit_obligation,wrong_role,missing_audit,0,0,0,0,3.0
citizen_services::GET__benefits_id::missing_audit_log,citizen_services,GET /benefits/{id},missing_audit_log,auditability,audit_obligation,wrong_jurisdiction,missing_audit,0,0,0,0,3.0
citizen_services::GET__benefits_id::missing_audit_log,citizen_services,GET /benefits/{id},missing_audit_log,auditability,audit_obligation,wrong_purpose,missing_audit,0,0,0,0,3.0
citizen_services::GET__benefits_id::missing_audit_log,citizen_services,GET /benefits/{id},missing_audit_log,auditability,audit_obligation,self_access,missing_audit,1,0,0,0,3.0
citizen_services::GET__benefits_id::missing_audit_log,citizen_services,GET /benefits/{id},missing_audit_log,auditability,audit_obligation,unauthenticated,missing_audit,0,0,0,0,3.0
citizen_services::GET__benefits_id::missing_audit_log,citizen_services,GET /benefits/{id},missing_audit_log,auditability,audit_obligation,sensitive_field_probe,missing_audit,1,0,0,0,3.0
citizen_services::GET__benefits_id::missing_audit_log,citizen_services,GET /benefits/{id},missing_audit_log,auditability,audit_obligation,aggregation_boundary,missing_audit,1,0,0,0,3.0
citizen_services::GET__benefits_id::missing_audit_log,citizen_services,GET /benefits/{id},missing_audit_log,auditability,audit_obligation,deprecated_inventory,missing_audit,1,0,0,0,3.0
citizen_services::GET__benefits_id::deprecated_exposed,citizen_services,GET /benefits/{id},deprecated_exposed,inventory,endpoint_inventory,deprecated_inventory,field_exposure;deprecated_endpoint_exposed,1,3,1,5,13.0
citizen_services::GET__citizens_export::missing_auth,citizen_services,GET /citizens/export,missing_auth,function_auth,authentication,unauthenticated,unauthorized_allow;field_exposure,1,8,7,5,59.0
citizen_services::GET__citizens_export::overbroad_role,citizen_services,GET /citizens/export,overbroad_role,function_auth,function_authorization,wrong_role,unauthorized_allow;field_exposure,1,8,7,5,59.0
citizen_services::GET__citizens_export::missing_object_check,citizen_services,GET /citizens/export,missing_object_check,object_auth,object_scope,wrong_jurisdiction,unauthorized_allow;field_exposure,1,5,5,4,48.0
citizen_services::GET__citizens_export::jurisdiction_bypass,citizen_services,GET /citizens/export,jurisdiction_bypass,object_auth,jurisdiction_scope,wrong_jurisdiction,unauthorized_allow;field_exposure,1,5,5,4,48.0
citizen_services::GET__citizens_export::purpose_bypass,citizen_services,GET /citizens/export,purpose_bypass,purpose_scope,purpose_scope,wrong_purpose,unauthorized_allow;field_exposure,1,5,5,4,48.0
citizen_services::GET__citizens_export::missing_field_filter,citizen_services,GET /citizens/export,missing_field_filter,property_auth,field_minimization,valid,field_exposure,1,3,2,5,11.0
citizen_services::GET__citizens_export::missing_field_filter,citizen_services,GET /citizens/export,missing_field_filter,property_auth,field_minimization,self_access,field_exposure,1,3,2,5,11.0
citizen_services::GET__citizens_export::missing_field_filter,citizen_services,GET /citizens/export,missing_field_filter,property_auth,field_minimization,sensitive_field_probe,field_exposure,1,3,2,5,11.0
citizen_services::GET__citizens_export::missing_field_filter,citizen_services,GET /citizens/export,missing_field_filter,property_auth,field_minimization,aggregation_boundary,field_exposure,1,3,2,5,11.0
citizen_services::GET__citizens_export::missing_field_filter,citizen_services,GET /citizens/export,missing_field_filter,property_auth,field_minimization,deprecated_inventory,field_exposure,1,3,2,5,11.0
citizen_services::GET__citizens_export::aggregation_leak,citizen_services,GET /citizens/export,aggregation_leak,property_auth,aggregation_boundary,aggregation_boundary,field_exposure,1,3,2,5,11.0
citizen_services::GET__citizens_export::missing_audit_log,citizen_services,GET /citizens/export,missing_audit_log,auditability,audit_obligation,valid,missing_audit,1,0,0,0,3.0
citizen_services::GET__citizens_export::missing_audit_log,citizen_services,GET /citizens/export,missing_audit_log,auditability,audit_obligation,wrong_role,missing_audit,0,0,0,0,3.0
citizen_services::GET__citizens_export::missing_audit_log,citizen_services,GET /citizens/export,missing_audit_log,auditability,audit_obligation,wrong_jurisdiction,missing_audit,0,0,0,0,3.0
citizen_services::GET__citizens_export::missing_audit_log,citizen_services,GET /citizens/export,missing_audit_log,auditability,audit_obligation,wrong_purpose,missing_audit,0,0,0,0,3.0
citizen_services::GET__citizens_export::missing_audit_log,citizen_services,GET /citizens/export,missing_audit_log,auditability,audit_obligation,self_access,missing_audit,1,0,0,0,3.0
citizen_services::GET__citizens_export::missing_audit_log,citizen_services,GET /citizens/export,missing_audit_log,auditability,audit_obligation,unauthenticated,missing_audit,0,0,0,0,3.0
citizen_services::GET__citizens_export::missing_audit_log,citizen_services,GET /citizens/export,missing_audit_log,auditability,audit_obligation,sensitive_field_probe,missing_audit,1,0,0,0,3.0
citizen_services::GET__citizens_export::missing_audit_log,citizen_services,GET /citizens/export,missing_audit_log,auditability,audit_obligation,aggregation_boundary,missing_audit,1,0,0,0,3.0
citizen_services::GET__citizens_export::missing_audit_log,citizen_services,GET /citizens/export,missing_audit_log,auditability,audit_obligation,deprecated_inventory,missing_audit,1,0,0,0,3.0
citizen_services::GET__citizens_export::deprecated_exposed,citizen_services,GET /citizens/export,deprecated_exposed,inventory,endpoint_inventory,deprecated_inventory,field_exposure;deprecated_endpoint_exposed,1,3,2,5,15.0
education::GET__students_id_record::missing_auth,education,GET /students/{id}/record,missing_auth,function_auth,authentication,unauthenticated,unauthorized_allow;field_exposure,1,8,8,5,59.0
education::GET__students_id_record::overbroad_role,education,GET /students/{id}/record,overbroad_role,function_auth,function_authorization,wrong_role,unauthorized_allow;field_exposure,1,8,8,5,59.0
education::GET__students_id_record::missing_object_check,education,GET /students/{id}/record,missing_object_check,object_auth,object_scope,wrong_jurisdiction,unauthorized_allow;field_exposure,1,4,4,3,42.0
education::GET__students_id_record::jurisdiction_bypass,education,GET /students/{id}/record,jurisdiction_bypass,object_auth,jurisdiction_scope,wrong_jurisdiction,unauthorized_allow;field_exposure,1,4,4,3,42.0
education::GET__students_id_record::purpose_bypass,education,GET /students/{id}/record,purpose_bypass,purpose_scope,purpose_scope,wrong_purpose,unauthorized_allow;field_exposure,1,4,4,3,42.0
education::GET__students_id_record::missing_field_filter,education,GET /students/{id}/record,missing_field_filter,property_auth,field_minimization,valid,field_exposure,1,4,4,5,17.0
education::GET__students_id_record::missing_field_filter,education,GET /students/{id}/record,missing_field_filter,property_auth,field_minimization,self_access,field_exposure,1,4,4,5,17.0
education::GET__students_id_record::missing_field_filter,education,GET /students/{id}/record,missing_field_filter,property_auth,field_minimization,sensitive_field_probe,field_exposure,1,4,4,5,17.0
education::GET__students_id_record::missing_field_filter,education,GET /students/{id}/record,missing_field_filter,property_auth,field_minimization,aggregation_boundary,field_exposure,1,4,4,5,17.0
education::GET__students_id_record::missing_field_filter,education,GET /students/{id}/record,missing_field_filter,property_auth,field_minimization,deprecated_inventory,field_exposure,1,4,4,5,17.0
education::GET__students_id_record::aggregation_leak,education,GET /students/{id}/record,aggregation_leak,property_auth,aggregation_boundary,aggregation_boundary,field_exposure,1,4,4,5,17.0
education::GET__students_id_record::missing_audit_log,education,GET /students/{id}/record,missing_audit_log,auditability,audit_obligation,valid,missing_audit,1,0,0,0,3.0
education::GET__students_id_record::missing_audit_log,education,GET /students/{id}/record,missing_audit_log,auditability,audit_obligation,wrong_role,missing_audit,0,0,0,0,3.0
education::GET__students_id_record::missing_audit_log,education,GET /students/{id}/record,missing_audit_log,auditability,audit_obligation,wrong_jurisdiction,missing_audit,0,0,0,0,3.0
education::GET__students_id_record::missing_audit_log,education,GET /students/{id}/record,missing_audit_log,auditability,audit_obligation,wrong_purpose,missing_audit,0,0,0,0,3.0
education::GET__students_id_record::missing_audit_log,education,GET /students/{id}/record,missing_audit_log,auditability,audit_obligation,self_access,missing_audit,1,0,0,0,3.0
education::GET__students_id_record::missing_audit_log,education,GET /students/{id}/record,missing_audit_log,auditability,audit_obligation,unauthenticated,missing_audit,0,0,0,0,3.0
education::GET__students_id_record::missing_audit_log,education,GET /students/{id}/record,missing_audit_log,auditability,audit_obligation,sensitive_field_probe,missing_audit,1,0,0,0,3.0
education::GET__students_id_record::missing_audit_log,education,GET /students/{id}/record,missing_audit_log,auditability,audit_obligation,aggregation_boundary,missing_audit,1,0,0,0,3.0
education::GET__students_id_record::missing_audit_log,education,GET /students/{id}/record,missing_audit_log,auditability,audit_obligation,deprecated_inventory,missing_audit,1,0,0,0,3.0
education::GET__students_id_record::deprecated_exposed,education,GET /students/{id}/record,deprecated_exposed,inventory,endpoint_inventory,deprecated_inventory,field_exposure;deprecated_endpoint_exposed,1,4,4,5,21.0
education::GET__classes_id_roster::missing_auth,education,GET /classes/{id}/roster,missing_auth,function_auth,authentication,unauthenticated,unauthorized_allow;field_exposure,1,8,8,5,59.0
education::GET__classes_id_roster::overbroad_role,education,GET /classes/{id}/roster,overbroad_role,function_auth,function_authorization,wrong_role,unauthorized_allow;field_exposure,1,8,8,5,59.0
education::GET__classes_id_roster::missing_object_check,education,GET /classes/{id}/roster,missing_object_check,object_auth,object_scope,wrong_jurisdiction,unauthorized_allow;field_exposure,1,4,4,3,42.0
education::GET__classes_id_roster::jurisdiction_bypass,education,GET /classes/{id}/roster,jurisdiction_bypass,object_auth,jurisdiction_scope,wrong_jurisdiction,unauthorized_allow;field_exposure,1,4,4,3,42.0
education::GET__classes_id_roster::purpose_bypass,education,GET /classes/{id}/roster,purpose_bypass,purpose_scope,purpose_scope,wrong_purpose,unauthorized_allow;field_exposure,1,4,4,3,42.0
education::GET__classes_id_roster::missing_field_filter,education,GET /classes/{id}/roster,missing_field_filter,property_auth,field_minimization,valid,field_exposure,1,4,4,5,17.0
education::GET__classes_id_roster::missing_field_filter,education,GET /classes/{id}/roster,missing_field_filter,property_auth,field_minimization,self_access,field_exposure,1,4,4,5,17.0
education::GET__classes_id_roster::missing_field_filter,education,GET /classes/{id}/roster,missing_field_filter,property_auth,field_minimization,sensitive_field_probe,field_exposure,1,4,4,5,17.0
education::GET__classes_id_roster::missing_field_filter,education,GET /classes/{id}/roster,missing_field_filter,property_auth,field_minimization,aggregation_boundary,field_exposure,1,4,4,5,17.0
education::GET__classes_id_roster::missing_field_filter,education,GET /classes/{id}/roster,missing_field_filter,property_auth,field_minimization,deprecated_inventory,field_exposure,1,4,4,5,17.0
education::GET__classes_id_roster::aggregation_leak,education,GET /classes/{id}/roster,aggregation_leak,property_auth,aggregation_boundary,aggregation_boundary,field_exposure,1,4,4,5,17.0
education::GET__classes_id_roster::missing_audit_log,education,GET /classes/{id}/roster,missing_audit_log,auditability,audit_obligation,valid,missing_audit,1,0,0,0,3.0
education::GET__classes_id_roster::missing_audit_log,education,GET /classes/{id}/roster,missing_audit_log,auditability,audit_obligation,wrong_role,missing_audit,0,0,0,0,3.0
education::GET__classes_id_roster::missing_audit_log,education,GET /classes/{id}/roster,missing_audit_log,auditability,audit_obligation,wrong_jurisdiction,missing_audit,0,0,0,0,3.0
education::GET__classes_id_roster::missing_audit_log,education,GET /classes/{id}/roster,missing_audit_log,auditability,audit_obligation,wrong_purpose,missing_audit,0,0,0,0,3.0
education::GET__classes_id_roster::missing_audit_log,education,GET /classes/{id}/roster,missing_audit_log,auditability,audit_obligation,self_access,missing_audit,1,0,0,0,3.0
education::GET__classes_id_roster::missing_audit_log,education,GET /classes/{id}/roster,missing_audit_log,auditability,audit_obligation,unauthenticated,missing_audit,0,0,0,0,3.0
education::GET__classes_id_roster::missing_audit_log,education,GET /classes/{id}/roster,missing_audit_log,auditability,audit_obligation,sensitive_field_probe,missing_audit,1,0,0,0,3.0
education::GET__classes_id_roster::missing_audit_log,education,GET /classes/{id}/roster,missing_audit_log,auditability,audit_obligation,aggregation_boundary,missing_audit,1,0,0,0,3.0
education::GET__classes_id_roster::missing_audit_log,education,GET /classes/{id}/roster,missing_audit_log,auditability,audit_obligation,deprecated_inventory,missing_audit,1,0,0,0,3.0
education::GET__classes_id_roster::deprecated_exposed,education,GET /classes/{id}/roster,deprecated_exposed,inventory,endpoint_inventory,deprecated_inventory,field_exposure;deprecated_endpoint_exposed,1,4,4,5,21.0
education::GET__discipline_id::missing_auth,education,GET /discipline/{id},missing_auth,function_auth,authentication,unauthenticated,unauthorized_allow;field_exposure,1,8,7,5,60.0
education::GET__discipline_id::overbroad_role,education,GET /discipline/{id},overbroad_role,function_auth,function_authorization,wrong_role,unauthorized_allow;field_exposure,1,8,7,5,60.0
education::GET__discipline_id::missing_object_check,education,GET /discipline/{id},missing_object_check,object_auth,object_scope,wrong_jurisdiction,unauthorized_allow;field_exposure,1,4,4,5,45.0
education::GET__discipline_id::jurisdiction_bypass,education,GET /discipline/{id},jurisdiction_bypass,object_auth,jurisdiction_scope,wrong_jurisdiction,unauthorized_allow;field_exposure,1,4,4,5,45.0
education::GET__discipline_id::purpose_bypass,education,GET /discipline/{id},purpose_bypass,purpose_scope,purpose_scope,wrong_purpose,unauthorized_allow;field_exposure,1,4,4,5,45.0
education::GET__discipline_id::missing_field_filter,education,GET /discipline/{id},missing_field_filter,property_auth,field_minimization,valid,field_exposure,1,4,3,5,15.0
education::GET__discipline_id::missing_field_filter,education,GET /discipline/{id},missing_field_filter,property_auth,field_minimization,self_access,field_exposure,1,3,2,5,10.0
education::GET__discipline_id::missing_field_filter,education,GET /discipline/{id},missing_field_filter,property_auth,field_minimization,sensitive_field_probe,field_exposure,1,4,3,5,15.0
education::GET__discipline_id::missing_field_filter,education,GET /discipline/{id},missing_field_filter,property_auth,field_minimization,aggregation_boundary,field_exposure,1,4,3,5,15.0
education::GET__discipline_id::missing_field_filter,education,GET /discipline/{id},missing_field_filter,property_auth,field_minimization,deprecated_inventory,field_exposure,1,4,3,5,15.0
education::GET__discipline_id::aggregation_leak,education,GET /discipline/{id},aggregation_leak,property_auth,aggregation_boundary,aggregation_boundary,field_exposure,1,4,3,5,15.0
education::GET__discipline_id::missing_audit_log,education,GET /discipline/{id},missing_audit_log,auditability,audit_obligation,valid,missing_audit,1,0,0,0,3.0
education::GET__discipline_id::missing_audit_log,education,GET /discipline/{id},missing_audit_log,auditability,audit_obligation,wrong_role,missing_audit,0,0,0,0,3.0
education::GET__discipline_id::missing_audit_log,education,GET /discipline/{id},missing_audit_log,auditability,audit_obligation,wrong_jurisdiction,missing_audit,0,0,0,0,3.0
education::GET__discipline_id::missing_audit_log,education,GET /discipline/{id},missing_audit_log,auditability,audit_obligation,wrong_purpose,missing_audit,0,0,0,0,3.0
education::GET__discipline_id::missing_audit_log,education,GET /discipline/{id},missing_audit_log,auditability,audit_obligation,self_access,missing_audit,1,0,0,0,3.0
education::GET__discipline_id::missing_audit_log,education,GET /discipline/{id},missing_audit_log,auditability,audit_obligation,unauthenticated,missing_audit,0,0,0,0,3.0
education::GET__discipline_id::missing_audit_log,education,GET /discipline/{id},missing_audit_log,auditability,audit_obligation,sensitive_field_probe,missing_audit,1,0,0,0,3.0
education::GET__discipline_id::missing_audit_log,education,GET /discipline/{id},missing_audit_log,auditability,audit_obligation,aggregation_boundary,missing_audit,1,0,0,0,3.0
education::GET__discipline_id::missing_audit_log,education,GET /discipline/{id},missing_audit_log,auditability,audit_obligation,deprecated_inventory,missing_audit,1,0,0,0,3.0
education::GET__discipline_id::deprecated_exposed,education,GET /discipline/{id},deprecated_exposed,inventory,endpoint_inventory,deprecated_inventory,field_exposure;deprecated_endpoint_exposed,1,4,3,5,19.0
business_licensing::GET__licenses_id::missing_auth,business_licensing,GET /licenses/{id},missing_auth,function_auth,authentication,unauthenticated,unauthorized_allow;field_exposure,1,8,3,4,42.0
business_licensing::GET__licenses_id::overbroad_role,business_licensing,GET /licenses/{id},overbroad_role,function_auth,function_authorization,wrong_role,unauthorized_allow;field_exposure,1,8,3,4,42.0
business_licensing::GET__licenses_id::missing_object_check,business_licensing,GET /licenses/{id},missing_object_check,object_auth,object_scope,wrong_jurisdiction,unauthorized_allow;field_exposure,1,7,2,4,38.0
business_licensing::GET__licenses_id::jurisdiction_bypass,business_licensing,GET /licenses/{id},jurisdiction_bypass,object_auth,jurisdiction_scope,wrong_jurisdiction,unauthorized_allow;field_exposure,1,7,2,4,38.0
business_licensing::GET__licenses_id::purpose_bypass,business_licensing,GET /licenses/{id},purpose_bypass,purpose_scope,purpose_scope,wrong_purpose,unauthorized_allow;field_exposure,1,7,2,4,38.0
business_licensing::GET__licenses_id::missing_field_filter,business_licensing,GET /licenses/{id},missing_field_filter,property_auth,field_minimization,valid,field_exposure,1,1,1,4,4.0
business_licensing::GET__licenses_id::missing_field_filter,business_licensing,GET /licenses/{id},missing_field_filter,property_auth,field_minimization,self_access,field_exposure,1,2,1,4,6.0
business_licensing::GET__licenses_id::missing_field_filter,business_licensing,GET /licenses/{id},missing_field_filter,property_auth,field_minimization,sensitive_field_probe,field_exposure,1,1,1,4,4.0
business_licensing::GET__licenses_id::missing_field_filter,business_licensing,GET /licenses/{id},missing_field_filter,property_auth,field_minimization,aggregation_boundary,field_exposure,1,1,1,4,4.0
business_licensing::GET__licenses_id::missing_field_filter,business_licensing,GET /licenses/{id},missing_field_filter,property_auth,field_minimization,deprecated_inventory,field_exposure,1,1,1,4,4.0
business_licensing::GET__licenses_id::aggregation_leak,business_licensing,GET /licenses/{id},aggregation_leak,property_auth,aggregation_boundary,aggregation_boundary,field_exposure,1,1,1,4,4.0
business_licensing::GET__licenses_id::missing_audit_log,business_licensing,GET /licenses/{id},missing_audit_log,auditability,audit_obligation,valid,missing_audit,1,0,0,0,3.0
business_licensing::GET__licenses_id::missing_audit_log,business_licensing,GET /licenses/{id},missing_audit_log,auditability,audit_obligation,wrong_role,missing_audit,0,0,0,0,3.0
business_licensing::GET__licenses_id::missing_audit_log,business_licensing,GET /licenses/{id},missing_audit_log,auditability,audit_obligation,wrong_jurisdiction,missing_audit,0,0,0,0,3.0
business_licensing::GET__licenses_id::missing_audit_log,business_licensing,GET /licenses/{id},missing_audit_log,auditability,audit_obligation,wrong_purpose,missing_audit,0,0,0,0,3.0
business_licensing::GET__licenses_id::missing_audit_log,business_licensing,GET /licenses/{id},missing_audit_log,auditability,audit_obligation,self_access,missing_audit,1,0,0,0,3.0
business_licensing::GET__licenses_id::missing_audit_log,business_licensing,GET /licenses/{id},missing_audit_log,auditability,audit_obligation,unauthenticated,missing_audit,0,0,0,0,3.0
business_licensing::GET__licenses_id::missing_audit_log,business_licensing,GET /licenses/{id},missing_audit_log,auditability,audit_obligation,sensitive_field_probe,missing_audit,1,0,0,0,3.0
business_licensing::GET__licenses_id::missing_audit_log,business_licensing,GET /licenses/{id},missing_audit_log,auditability,audit_obligation,aggregation_boundary,missing_audit,1,0,0,0,3.0
business_licensing::GET__licenses_id::missing_audit_log,business_licensing,GET /licenses/{id},missing_audit_log,auditability,audit_obligation,deprecated_inventory,missing_audit,1,0,0,0,3.0
business_licensing::GET__licenses_id::deprecated_exposed,business_licensing,GET /licenses/{id},deprecated_exposed,inventory,endpoint_inventory,deprecated_inventory,field_exposure;deprecated_endpoint_exposed,1,1,1,4,8.0
business_licensing::GET__inspections_id::missing_auth,business_licensing,GET /inspections/{id},missing_auth,function_auth,authentication,unauthenticated,unauthorized_allow;field_exposure,1,8,3,4,43.0
business_licensing::GET__inspections_id::overbroad_role,business_licensing,GET /inspections/{id},overbroad_role,function_auth,function_authorization,wrong_role,unauthorized_allow;field_exposure,1,8,3,4,43.0
business_licensing::GET__inspections_id::missing_object_check,business_licensing,GET /inspections/{id},missing_object_check,object_auth,object_scope,wrong_jurisdiction,unauthorized_allow;field_exposure,1,6,2,4,37.0
business_licensing::GET__inspections_id::jurisdiction_bypass,business_licensing,GET /inspections/{id},jurisdiction_bypass,object_auth,jurisdiction_scope,wrong_jurisdiction,unauthorized_allow;field_exposure,1,6,2,4,37.0
business_licensing::GET__inspections_id::purpose_bypass,business_licensing,GET /inspections/{id},purpose_bypass,purpose_scope,purpose_scope,wrong_purpose,unauthorized_allow;field_exposure,1,6,2,4,37.0
business_licensing::GET__inspections_id::missing_field_filter,business_licensing,GET /inspections/{id},missing_field_filter,property_auth,field_minimization,valid,field_exposure,1,2,1,4,6.0
business_licensing::GET__inspections_id::missing_field_filter,business_licensing,GET /inspections/{id},missing_field_filter,property_auth,field_minimization,self_access,field_exposure,1,3,2,4,10.0
business_licensing::GET__inspections_id::missing_field_filter,business_licensing,GET /inspections/{id},missing_field_filter,property_auth,field_minimization,sensitive_field_probe,field_exposure,1,2,1,4,6.0
business_licensing::GET__inspections_id::missing_field_filter,business_licensing,GET /inspections/{id},missing_field_filter,property_auth,field_minimization,aggregation_boundary,field_exposure,1,2,1,4,6.0
business_licensing::GET__inspections_id::missing_field_filter,business_licensing,GET /inspections/{id},missing_field_filter,property_auth,field_minimization,deprecated_inventory,field_exposure,1,2,1,4,6.0
business_licensing::GET__inspections_id::aggregation_leak,business_licensing,GET /inspections/{id},aggregation_leak,property_auth,aggregation_boundary,aggregation_boundary,field_exposure,1,2,1,4,6.0
business_licensing::GET__inspections_id::missing_audit_log,business_licensing,GET /inspections/{id},missing_audit_log,auditability,audit_obligation,valid,missing_audit,1,0,0,0,3.0
business_licensing::GET__inspections_id::missing_audit_log,business_licensing,GET /inspections/{id},missing_audit_log,auditability,audit_obligation,wrong_role,missing_audit,0,0,0,0,3.0
business_licensing::GET__inspections_id::missing_audit_log,business_licensing,GET /inspections/{id},missing_audit_log,auditability,audit_obligation,wrong_jurisdiction,missing_audit,0,0,0,0,3.0
business_licensing::GET__inspections_id::missing_audit_log,business_licensing,GET /inspections/{id},missing_audit_log,auditability,audit_obligation,wrong_purpose,missing_audit,0,0,0,0,3.0
business_licensing::GET__inspections_id::missing_audit_log,business_licensing,GET /inspections/{id},missing_audit_log,auditability,audit_obligation,self_access,missing_audit,1,0,0,0,3.0
business_licensing::GET__inspections_id::missing_audit_log,business_licensing,GET /inspections/{id},missing_audit_log,auditability,audit_obligation,unauthenticated,missing_audit,0,0,0,0,3.0
business_licensing::GET__inspections_id::missing_audit_log,business_licensing,GET /inspections/{id},missing_audit_log,auditability,audit_obligation,sensitive_field_probe,missing_audit,1,0,0,0,3.0
business_licensing::GET__inspections_id::missing_audit_log,business_licensing,GET /inspections/{id},missing_audit_log,auditability,audit_obligation,aggregation_boundary,missing_audit,1,0,0,0,3.0
business_licensing::GET__inspections_id::missing_audit_log,business_licensing,GET /inspections/{id},missing_audit_log,auditability,audit_obligation,deprecated_inventory,missing_audit,1,0,0,0,3.0
business_licensing::GET__inspections_id::deprecated_exposed,business_licensing,GET /inspections/{id},deprecated_exposed,inventory,endpoint_inventory,deprecated_inventory,field_exposure;deprecated_endpoint_exposed,1,2,1,4,10.0
business_licensing::GET__licenses_export::missing_auth,business_licensing,GET /licenses/export,missing_auth,function_auth,authentication,unauthenticated,unauthorized_allow;field_exposure,1,8,4,4,44.0
business_licensing::GET__licenses_export::overbroad_role,business_licensing,GET /licenses/export,overbroad_role,function_auth,function_authorization,wrong_role,unauthorized_allow;field_exposure,1,8,4,4,44.0
business_licensing::GET__licenses_export::missing_object_check,business_licensing,GET /licenses/export,missing_object_check,object_auth,object_scope,wrong_jurisdiction,unauthorized_allow;field_exposure,1,7,3,4,40.0
business_licensing::GET__licenses_export::jurisdiction_bypass,business_licensing,GET /licenses/export,jurisdiction_bypass,object_auth,jurisdiction_scope,wrong_jurisdiction,unauthorized_allow;field_exposure,1,7,3,4,40.0
business_licensing::GET__licenses_export::purpose_bypass,business_licensing,GET /licenses/export,purpose_bypass,purpose_scope,purpose_scope,wrong_purpose,unauthorized_allow;field_exposure,1,7,3,4,40.0
business_licensing::GET__licenses_export::missing_field_filter,business_licensing,GET /licenses/export,missing_field_filter,property_auth,field_minimization,valid,field_exposure,1,1,1,4,4.0
business_licensing::GET__licenses_export::missing_field_filter,business_licensing,GET /licenses/export,missing_field_filter,property_auth,field_minimization,self_access,field_exposure,1,2,1,4,6.0
business_licensing::GET__licenses_export::missing_field_filter,business_licensing,GET /licenses/export,missing_field_filter,property_auth,field_minimization,sensitive_field_probe,field_exposure,1,1,1,4,4.0
business_licensing::GET__licenses_export::missing_field_filter,business_licensing,GET /licenses/export,missing_field_filter,property_auth,field_minimization,aggregation_boundary,field_exposure,1,1,1,4,4.0
business_licensing::GET__licenses_export::missing_field_filter,business_licensing,GET /licenses/export,missing_field_filter,property_auth,field_minimization,deprecated_inventory,field_exposure,1,1,1,4,4.0
business_licensing::GET__licenses_export::aggregation_leak,business_licensing,GET /licenses/export,aggregation_leak,property_auth,aggregation_boundary,aggregation_boundary,field_exposure,1,1,1,4,4.0
business_licensing::GET__licenses_export::missing_audit_log,business_licensing,GET /licenses/export,missing_audit_log,auditability,audit_obligation,valid,missing_audit,1,0,0,0,3.0
business_licensing::GET__licenses_export::missing_audit_log,business_licensing,GET /licenses/export,missing_audit_log,auditability,audit_obligation,wrong_role,missing_audit,0,0,0,0,3.0
business_licensing::GET__licenses_export::missing_audit_log,business_licensing,GET /licenses/export,missing_audit_log,auditability,audit_obligation,wrong_jurisdiction,missing_audit,0,0,0,0,3.0
business_licensing::GET__licenses_export::missing_audit_log,business_licensing,GET /licenses/export,missing_audit_log,auditability,audit_obligation,wrong_purpose,missing_audit,0,0,0,0,3.0
business_licensing::GET__licenses_export::missing_audit_log,business_licensing,GET /licenses/export,missing_audit_log,auditability,audit_obligation,self_access,missing_audit,1,0,0,0,3.0
business_licensing::GET__licenses_export::missing_audit_log,business_licensing,GET /licenses/export,missing_audit_log,auditability,audit_obligation,unauthenticated,missing_audit,0,0,0,0,3.0
business_licensing::GET__licenses_export::missing_audit_log,business_licensing,GET /licenses/export,missing_audit_log,auditability,audit_obligation,sensitive_field_probe,missing_audit,1,0,0,0,3.0
business_licensing::GET__licenses_export::missing_audit_log,business_licensing,GET /licenses/export,missing_audit_log,auditability,audit_obligation,aggregation_boundary,missing_audit,1,0,0,0,3.0
business_licensing::GET__licenses_export::missing_audit_log,business_licensing,GET /licenses/export,missing_audit_log,auditability,audit_obligation,deprecated_inventory,missing_audit,1,0,0,0,3.0
business_licensing::GET__licenses_export::deprecated_exposed,business_licensing,GET /licenses/export,deprecated_exposed,inventory,endpoint_inventory,deprecated_inventory,field_exposure;deprecated_endpoint_exposed,1,1,1,4,8.0
health::GET__patients_id_replica-1::missing_auth,health,GET /patients/{id}/replica-1,missing_auth,function_auth,authentication,unauthenticated,unauthorized_allow;field_exposure,1,8,8,5,61.0
health::GET__patients_id_replica-1::overbroad_role,health,GET /patients/{id}/replica-1,overbroad_role,function_auth,function_authorization,wrong_role,unauthorized_allow;field_exposure,1,8,8,5,61.0
health::GET__patients_id_replica-1::missing_object_check,health,GET /patients/{id}/replica-1,missing_object_check,object_auth,object_scope,wrong_jurisdiction,unauthorized_allow;field_exposure,1,7,7,5,57.0
health::GET__patients_id_replica-1::jurisdiction_bypass,health,GET /patients/{id}/replica-1,jurisdiction_bypass,object_auth,jurisdiction_scope,wrong_jurisdiction,unauthorized_allow;field_exposure,1,7,7,5,57.0
health::GET__patients_id_replica-1::purpose_bypass,health,GET /patients/{id}/replica-1,purpose_bypass,purpose_scope,purpose_scope,wrong_purpose,unauthorized_allow;field_exposure,1,7,7,5,57.0
health::GET__patients_id_replica-1::missing_field_filter,health,GET /patients/{id}/replica-1,missing_field_filter,property_auth,field_minimization,valid,field_exposure,1,1,1,4,4.0
health::GET__patients_id_replica-1::missing_field_filter,health,GET /patients/{id}/replica-1,missing_field_filter,property_auth,field_minimization,sensitive_field_probe,field_exposure,1,1,1,4,4.0
health::GET__patients_id_replica-1::missing_field_filter,health,GET /patients/{id}/replica-1,missing_field_filter,property_auth,field_minimization,aggregation_boundary,field_exposure,1,1,1,4,4.0
health::GET__patients_id_replica-1::missing_field_filter,health,GET /patients/{id}/replica-1,missing_field_filter,property_auth,field_minimization,deprecated_inventory,field_exposure,1,1,1,4,4.0
health::GET__patients_id_replica-1::aggregation_leak,health,GET /patients/{id}/replica-1,aggregation_leak,property_auth,aggregation_boundary,aggregation_boundary,field_exposure,1,1,1,4,4.0
health::GET__patients_id_replica-1::missing_audit_log,health,GET /patients/{id}/replica-1,missing_audit_log,auditability,audit_obligation,valid,missing_audit,1,0,0,0,3.0
health::GET__patients_id_replica-1::missing_audit_log,health,GET /patients/{id}/replica-1,missing_audit_log,auditability,audit_obligation,wrong_role,missing_audit,0,0,0,0,3.0
health::GET__patients_id_replica-1::missing_audit_log,health,GET /patients/{id}/replica-1,missing_audit_log,auditability,audit_obligation,wrong_jurisdiction,missing_audit,0,0,0,0,3.0
health::GET__patients_id_replica-1::missing_audit_log,health,GET /patients/{id}/replica-1,missing_audit_log,auditability,audit_obligation,wrong_purpose,missing_audit,0,0,0,0,3.0
health::GET__patients_id_replica-1::missing_audit_log,health,GET /patients/{id}/replica-1,missing_audit_log,auditability,audit_obligation,self_access,missing_audit,1,0,0,0,3.0
health::GET__patients_id_replica-1::missing_audit_log,health,GET /patients/{id}/replica-1,missing_audit_log,auditability,audit_obligation,unauthenticated,missing_audit,0,0,0,0,3.0
health::GET__patients_id_replica-1::missing_audit_log,health,GET /patients/{id}/replica-1,missing_audit_log,auditability,audit_obligation,sensitive_field_probe,missing_audit,1,0,0,0,3.0
health::GET__patients_id_replica-1::missing_audit_log,health,GET /patients/{id}/replica-1,missing_audit_log,auditability,audit_obligation,aggregation_boundary,missing_audit,1,0,0,0,3.0
health::GET__patients_id_replica-1::missing_audit_log,health,GET /patients/{id}/replica-1,missing_audit_log,auditability,audit_obligation,deprecated_inventory,missing_audit,1,0,0,0,3.0
health::GET__patients_id_replica-1::deprecated_exposed,health,GET /patients/{id}/replica-1,deprecated_exposed,inventory,endpoint_inventory,deprecated_inventory,field_exposure;deprecated_endpoint_exposed,1,1,1,4,8.0
health::GET__encounters_id_replica-1::missing_auth,health,GET /encounters/{id}/replica-1,missing_auth,function_auth,authentication,unauthenticated,unauthorized_allow;field_exposure,1,8,7,5,61.0
health::GET__encounters_id_replica-1::overbroad_role,health,GET /encounters/{id}/replica-1,overbroad_role,function_auth,function_authorization,wrong_role,unauthorized_allow;field_exposure,1,8,7,5,61.0
health::GET__encounters_id_replica-1::missing_object_check,health,GET /encounters/{id}/replica-1,missing_object_check,object_auth,object_scope,wrong_jurisdiction,unauthorized_allow;field_exposure,1,6,5,5,53.0
health::GET__encounters_id_replica-1::jurisdiction_bypass,health,GET /encounters/{id}/replica-1,jurisdiction_bypass,object_auth,jurisdiction_scope,wrong_jurisdiction,unauthorized_allow;field_exposure,1,6,5,5,53.0
health::GET__encounters_id_replica-1::purpose_bypass,health,GET /encounters/{id}/replica-1,purpose_bypass,purpose_scope,purpose_scope,wrong_purpose,unauthorized_allow;field_exposure,1,6,5,5,53.0
health::GET__encounters_id_replica-1::missing_field_filter,health,GET /encounters/{id}/replica-1,missing_field_filter,property_auth,field_minimization,valid,field_exposure,1,2,2,4,8.0
health::GET__encounters_id_replica-1::missing_field_filter,health,GET /encounters/{id}/replica-1,missing_field_filter,property_auth,field_minimization,self_access,field_exposure,1,1,0,2,2.0
health::GET__encounters_id_replica-1::missing_field_filter,health,GET /encounters/{id}/replica-1,missing_field_filter,property_auth,field_minimization,sensitive_field_probe,field_exposure,1,2,2,4,8.0
health::GET__encounters_id_replica-1::missing_field_filter,health,GET /encounters/{id}/replica-1,missing_field_filter,property_auth,field_minimization,aggregation_boundary,field_exposure,1,2,2,4,8.0
health::GET__encounters_id_replica-1::missing_field_filter,health,GET /encounters/{id}/replica-1,missing_field_filter,property_auth,field_minimization,deprecated_inventory,field_exposure,1,2,2,4,8.0
health::GET__encounters_id_replica-1::aggregation_leak,health,GET /encounters/{id}/replica-1,aggregation_leak,property_auth,aggregation_boundary,aggregation_boundary,field_exposure,1,2,2,4,8.0
health::GET__encounters_id_replica-1::missing_audit_log,health,GET /encounters/{id}/replica-1,missing_audit_log,auditability,audit_obligation,valid,missing_audit,1,0,0,0,3.0
health::GET__encounters_id_replica-1::missing_audit_log,health,GET /encounters/{id}/replica-1,missing_audit_log,auditability,audit_obligation,wrong_role,missing_audit,0,0,0,0,3.0
health::GET__encounters_id_replica-1::missing_audit_log,health,GET /encounters/{id}/replica-1,missing_audit_log,auditability,audit_obligation,wrong_jurisdiction,missing_audit,0,0,0,0,3.0
health::GET__encounters_id_replica-1::missing_audit_log,health,GET /encounters/{id}/replica-1,missing_audit_log,auditability,audit_obligation,wrong_purpose,missing_audit,0,0,0,0,3.0
health::GET__encounters_id_replica-1::missing_audit_log,health,GET /encounters/{id}/replica-1,missing_audit_log,auditability,audit_obligation,self_access,missing_audit,1,0,0,0,3.0
health::GET__encounters_id_replica-1::missing_audit_log,health,GET /encounters/{id}/replica-1,missing_audit_log,auditability,audit_obligation,unauthenticated,missing_audit,0,0,0,0,3.0
health::GET__encounters_id_replica-1::missing_audit_log,health,GET /encounters/{id}/replica-1,missing_audit_log,auditability,audit_obligation,sensitive_field_probe,missing_audit,1,0,0,0,3.0
health::GET__encounters_id_replica-1::missing_audit_log,health,GET /encounters/{id}/replica-1,missing_audit_log,auditability,audit_obligation,aggregation_boundary,missing_audit,1,0,0,0,3.0
health::GET__encounters_id_replica-1::missing_audit_log,health,GET /encounters/{id}/replica-1,missing_audit_log,auditability,audit_obligation,deprecated_inventory,missing_audit,1,0,0,0,3.0
health::GET__encounters_id_replica-1::deprecated_exposed,health,GET /encounters/{id}/replica-1,deprecated_exposed,inventory,endpoint_inventory,deprecated_inventory,field_exposure;deprecated_endpoint_exposed,1,2,2,4,12.0
health::GET__patients_search_replica-1::missing_auth,health,GET /patients/search/replica-1,missing_auth,function_auth,authentication,unauthenticated,unauthorized_allow;field_exposure,1,8,8,5,60.0
health::GET__patients_search_replica-1::overbroad_role,health,GET /patients/search/replica-1,overbroad_role,function_auth,function_authorization,wrong_role,unauthorized_allow;field_exposure,1,8,8,5,60.0
health::GET__patients_search_replica-1::missing_object_check,health,GET /patients/search/replica-1,missing_object_check,object_auth,object_scope,wrong_jurisdiction,unauthorized_allow;field_exposure,1,7,7,5,56.0
health::GET__patients_search_replica-1::jurisdiction_bypass,health,GET /patients/search/replica-1,jurisdiction_bypass,object_auth,jurisdiction_scope,wrong_jurisdiction,unauthorized_allow;field_exposure,1,7,7,5,56.0
health::GET__patients_search_replica-1::purpose_bypass,health,GET /patients/search/replica-1,purpose_bypass,purpose_scope,purpose_scope,wrong_purpose,unauthorized_allow;field_exposure,1,7,7,5,56.0
health::GET__patients_search_replica-1::missing_field_filter,health,GET /patients/search/replica-1,missing_field_filter,property_auth,field_minimization,valid,field_exposure,1,1,1,4,4.0
health::GET__patients_search_replica-1::missing_field_filter,health,GET /patients/search/replica-1,missing_field_filter,property_auth,field_minimization,sensitive_field_probe,field_exposure,1,1,1,4,4.0
health::GET__patients_search_replica-1::missing_field_filter,health,GET /patients/search/replica-1,missing_field_filter,property_auth,field_minimization,aggregation_boundary,field_exposure,1,1,1,4,4.0
health::GET__patients_search_replica-1::missing_field_filter,health,GET /patients/search/replica-1,missing_field_filter,property_auth,field_minimization,deprecated_inventory,field_exposure,1,1,1,4,4.0
health::GET__patients_search_replica-1::aggregation_leak,health,GET /patients/search/replica-1,aggregation_leak,property_auth,aggregation_boundary,aggregation_boundary,field_exposure,1,1,1,4,4.0
health::GET__patients_search_replica-1::missing_audit_log,health,GET /patients/search/replica-1,missing_audit_log,auditability,audit_obligation,valid,missing_audit,1,0,0,0,3.0
health::GET__patients_search_replica-1::missing_audit_log,health,GET /patients/search/replica-1,missing_audit_log,auditability,audit_obligation,wrong_role,missing_audit,0,0,0,0,3.0
health::GET__patients_search_replica-1::missing_audit_log,health,GET /patients/search/replica-1,missing_audit_log,auditability,audit_obligation,wrong_jurisdiction,missing_audit,0,0,0,0,3.0
health::GET__patients_search_replica-1::missing_audit_log,health,GET /patients/search/replica-1,missing_audit_log,auditability,audit_obligation,wrong_purpose,missing_audit,0,0,0,0,3.0
health::GET__patients_search_replica-1::missing_audit_log,health,GET /patients/search/replica-1,missing_audit_log,auditability,audit_obligation,self_access,missing_audit,1,0,0,0,3.0
health::GET__patients_search_replica-1::missing_audit_log,health,GET /patients/search/replica-1,missing_audit_log,auditability,audit_obligation,unauthenticated,missing_audit,0,0,0,0,3.0
health::GET__patients_search_replica-1::missing_audit_log,health,GET /patients/search/replica-1,missing_audit_log,auditability,audit_obligation,sensitive_field_probe,missing_audit,1,0,0,0,3.0
health::GET__patients_search_replica-1::missing_audit_log,health,GET /patients/search/replica-1,missing_audit_log,auditability,audit_obligation,aggregation_boundary,missing_audit,1,0,0,0,3.0
health::GET__patients_search_replica-1::missing_audit_log,health,GET /patients/search/replica-1,missing_audit_log,auditability,audit_obligation,deprecated_inventory,missing_audit,1,0,0,0,3.0
health::GET__patients_search_replica-1::deprecated_exposed,health,GET /patients/search/replica-1,deprecated_exposed,inventory,endpoint_inventory,deprecated_inventory,field_exposure;deprecated_endpoint_exposed,1,1,1,4,8.0
citizen_services::GET__citizens_id_replica-1::missing_auth,citizen_services,GET /citizens/{id}/replica-1,missing_auth,function_auth,authentication,unauthenticated,unauthorized_allow;field_exposure,1,8,7,5,58.0
citizen_services::GET__citizens_id_replica-1::overbroad_role,citizen_services,GET /citizens/{id}/replica-1,overbroad_role,function_auth,function_authorization,wrong_role,unauthorized_allow;field_exposure,1,8,7,5,58.0
citizen_services::GET__citizens_id_replica-1::missing_object_check,citizen_services,GET /citizens/{id}/replica-1,missing_object_check,object_auth,object_scope,wrong_jurisdiction,unauthorized_allow;field_exposure,1,5,5,4,47.0
citizen_services::GET__citizens_id_replica-1::jurisdiction_bypass,citizen_services,GET /citizens/{id}/replica-1,jurisdiction_bypass,object_auth,jurisdiction_scope,wrong_jurisdiction,unauthorized_allow;field_exposure,1,5,5,4,47.0
citizen_services::GET__citizens_id_replica-1::purpose_bypass,citizen_services,GET /citizens/{id}/replica-1,purpose_bypass,purpose_scope,purpose_scope,wrong_purpose,unauthorized_allow;field_exposure,1,5,5,4,47.0
citizen_services::GET__citizens_id_replica-1::missing_field_filter,citizen_services,GET /citizens/{id}/replica-1,missing_field_filter,property_auth,field_minimization,valid,field_exposure,1,3,2,5,11.0
citizen_services::GET__citizens_id_replica-1::missing_field_filter,citizen_services,GET /citizens/{id}/replica-1,missing_field_filter,property_auth,field_minimization,self_access,field_exposure,1,3,2,5,11.0
citizen_services::GET__citizens_id_replica-1::missing_field_filter,citizen_services,GET /citizens/{id}/replica-1,missing_field_filter,property_auth,field_minimization,sensitive_field_probe,field_exposure,1,3,2,5,11.0
citizen_services::GET__citizens_id_replica-1::missing_field_filter,citizen_services,GET /citizens/{id}/replica-1,missing_field_filter,property_auth,field_minimization,aggregation_boundary,field_exposure,1,3,2,5,11.0
citizen_services::GET__citizens_id_replica-1::missing_field_filter,citizen_services,GET /citizens/{id}/replica-1,missing_field_filter,property_auth,field_minimization,deprecated_inventory,field_exposure,1,3,2,5,11.0
citizen_services::GET__citizens_id_replica-1::aggregation_leak,citizen_services,GET /citizens/{id}/replica-1,aggregation_leak,property_auth,aggregation_boundary,aggregation_boundary,field_exposure,1,3,2,5,11.0
citizen_services::GET__citizens_id_replica-1::missing_audit_log,citizen_services,GET /citizens/{id}/replica-1,missing_audit_log,auditability,audit_obligation,valid,missing_audit,1,0,0,0,3.0
citizen_services::GET__citizens_id_replica-1::missing_audit_log,citizen_services,GET /citizens/{id}/replica-1,missing_audit_log,auditability,audit_obligation,wrong_role,missing_audit,0,0,0,0,3.0
citizen_services::GET__citizens_id_replica-1::missing_audit_log,citizen_services,GET /citizens/{id}/replica-1,missing_audit_log,auditability,audit_obligation,wrong_jurisdiction,missing_audit,0,0,0,0,3.0
citizen_services::GET__citizens_id_replica-1::missing_audit_log,citizen_services,GET /citizens/{id}/replica-1,missing_audit_log,auditability,audit_obligation,wrong_purpose,missing_audit,0,0,0,0,3.0
citizen_services::GET__citizens_id_replica-1::missing_audit_log,citizen_services,GET /citizens/{id}/replica-1,missing_audit_log,auditability,audit_obligation,self_access,missing_audit,1,0,0,0,3.0
citizen_services::GET__citizens_id_replica-1::missing_audit_log,citizen_services,GET /citizens/{id}/replica-1,missing_audit_log,auditability,audit_obligation,unauthenticated,missing_audit,0,0,0,0,3.0
citizen_services::GET__citizens_id_replica-1::missing_audit_log,citizen_services,GET /citizens/{id}/replica-1,missing_audit_log,auditability,audit_obligation,sensitive_field_probe,missing_audit,1,0,0,0,3.0
citizen_services::GET__citizens_id_replica-1::missing_audit_log,citizen_services,GET /citizens/{id}/replica-1,missing_audit_log,auditability,audit_obligation,aggregation_boundary,missing_audit,1,0,0,0,3.0
citizen_services::GET__citizens_id_replica-1::missing_audit_log,citizen_services,GET /citizens/{id}/replica-1,missing_audit_log,auditability,audit_obligation,deprecated_inventory,missing_audit,1,0,0,0,3.0
citizen_services::GET__citizens_id_replica-1::deprecated_exposed,citizen_services,GET /citizens/{id}/replica-1,deprecated_exposed,inventory,endpoint_inventory,deprecated_inventory,field_exposure;deprecated_endpoint_exposed,1,3,2,5,15.0
citizen_services::GET__benefits_id_replica-1::missing_auth,citizen_services,GET /benefits/{id}/replica-1,missing_auth,function_auth,authentication,unauthenticated,unauthorized_allow;field_exposure,1,8,6,5,57.0
citizen_services::GET__benefits_id_replica-1::overbroad_role,citizen_services,GET /benefits/{id}/replica-1,overbroad_role,function_auth,function_authorization,wrong_role,unauthorized_allow;field_exposure,1,8,6,5,57.0
citizen_services::GET__benefits_id_replica-1::missing_object_check,citizen_services,GET /benefits/{id}/replica-1,missing_object_check,object_auth,object_scope,wrong_jurisdiction,unauthorized_allow;field_exposure,1,5,5,4,48.0
citizen_services::GET__benefits_id_replica-1::jurisdiction_bypass,citizen_services,GET /benefits/{id}/replica-1,jurisdiction_bypass,object_auth,jurisdiction_scope,wrong_jurisdiction,unauthorized_allow;field_exposure,1,5,5,4,48.0
citizen_services::GET__benefits_id_replica-1::purpose_bypass,citizen_services,GET /benefits/{id}/replica-1,purpose_bypass,purpose_scope,purpose_scope,wrong_purpose,unauthorized_allow;field_exposure,1,5,5,4,48.0
citizen_services::GET__benefits_id_replica-1::missing_field_filter,citizen_services,GET /benefits/{id}/replica-1,missing_field_filter,property_auth,field_minimization,valid,field_exposure,1,3,1,5,9.0
citizen_services::GET__benefits_id_replica-1::missing_field_filter,citizen_services,GET /benefits/{id}/replica-1,missing_field_filter,property_auth,field_minimization,self_access,field_exposure,1,2,1,5,7.0
citizen_services::GET__benefits_id_replica-1::missing_field_filter,citizen_services,GET /benefits/{id}/replica-1,missing_field_filter,property_auth,field_minimization,sensitive_field_probe,field_exposure,1,3,1,5,9.0
citizen_services::GET__benefits_id_replica-1::missing_field_filter,citizen_services,GET /benefits/{id}/replica-1,missing_field_filter,property_auth,field_minimization,aggregation_boundary,field_exposure,1,3,1,5,9.0
citizen_services::GET__benefits_id_replica-1::missing_field_filter,citizen_services,GET /benefits/{id}/replica-1,missing_field_filter,property_auth,field_minimization,deprecated_inventory,field_exposure,1,3,1,5,9.0
citizen_services::GET__benefits_id_replica-1::aggregation_leak,citizen_services,GET /benefits/{id}/replica-1,aggregation_leak,property_auth,aggregation_boundary,aggregation_boundary,field_exposure,1,3,1,5,9.0
citizen_services::GET__benefits_id_replica-1::missing_audit_log,citizen_services,GET /benefits/{id}/replica-1,missing_audit_log,auditability,audit_obligation,valid,missing_audit,1,0,0,0,3.0
citizen_services::GET__benefits_id_replica-1::missing_audit_log,citizen_services,GET /benefits/{id}/replica-1,missing_audit_log,auditability,audit_obligation,wrong_role,missing_audit,0,0,0,0,3.0
citizen_services::GET__benefits_id_replica-1::missing_audit_log,citizen_services,GET /benefits/{id}/replica-1,missing_audit_log,auditability,audit_obligation,wrong_jurisdiction,missing_audit,0,0,0,0,3.0
citizen_services::GET__benefits_id_replica-1::missing_audit_log,citizen_services,GET /benefits/{id}/replica-1,missing_audit_log,auditability,audit_obligation,wrong_purpose,missing_audit,0,0,0,0,3.0
citizen_services::GET__benefits_id_replica-1::missing_audit_log,citizen_services,GET /benefits/{id}/replica-1,missing_audit_log,auditability,audit_obligation,self_access,missing_audit,1,0,0,0,3.0
citizen_services::GET__benefits_id_replica-1::missing_audit_log,citizen_services,GET /benefits/{id}/replica-1,missing_audit_log,auditability,audit_obligation,unauthenticated,missing_audit,0,0,0,0,3.0
citizen_services::GET__benefits_id_replica-1::missing_audit_log,citizen_services,GET /benefits/{id}/replica-1,missing_audit_log,auditability,audit_obligation,sensitive_field_probe,missing_audit,1,0,0,0,3.0
citizen_services::GET__benefits_id_replica-1::missing_audit_log,citizen_services,GET /benefits/{id}/replica-1,missing_audit_log,auditability,audit_obligation,aggregation_boundary,missing_audit,1,0,0,0,3.0
citizen_services::GET__benefits_id_replica-1::missing_audit_log,citizen_services,GET /benefits/{id}/replica-1,missing_audit_log,auditability,audit_obligation,deprecated_inventory,missing_audit,1,0,0,0,3.0
citizen_services::GET__benefits_id_replica-1::deprecated_exposed,citizen_services,GET /benefits/{id}/replica-1,deprecated_exposed,inventory,endpoint_inventory,deprecated_inventory,field_exposure;deprecated_endpoint_exposed,1,3,1,5,13.0
citizen_services::GET__citizens_export_replica-1::missing_auth,citizen_services,GET /citizens/export/replica-1,missing_auth,function_auth,authentication,unauthenticated,unauthorized_allow;field_exposure,1,8,7,5,59.0
citizen_services::GET__citizens_export_replica-1::overbroad_role,citizen_services,GET /citizens/export/replica-1,overbroad_role,function_auth,function_authorization,wrong_role,unauthorized_allow;field_exposure,1,8,7,5,59.0
citizen_services::GET__citizens_export_replica-1::missing_object_check,citizen_services,GET /citizens/export/replica-1,missing_object_check,object_auth,object_scope,wrong_jurisdiction,unauthorized_allow;field_exposure,1,5,5,4,48.0
citizen_services::GET__citizens_export_replica-1::jurisdiction_bypass,citizen_services,GET /citizens/export/replica-1,jurisdiction_bypass,object_auth,jurisdiction_scope,wrong_jurisdiction,unauthorized_allow;field_exposure,1,5,5,4,48.0
citizen_services::GET__citizens_export_replica-1::purpose_bypass,citizen_services,GET /citizens/export/replica-1,purpose_bypass,purpose_scope,purpose_scope,wrong_purpose,unauthorized_allow;field_exposure,1,5,5,4,48.0
citizen_services::GET__citizens_export_replica-1::missing_field_filter,citizen_services,GET /citizens/export/replica-1,missing_field_filter,property_auth,field_minimization,valid,field_exposure,1,3,2,5,11.0
citizen_services::GET__citizens_export_replica-1::missing_field_filter,citizen_services,GET /citizens/export/replica-1,missing_field_filter,property_auth,field_minimization,self_access,field_exposure,1,3,2,5,11.0
citizen_services::GET__citizens_export_replica-1::missing_field_filter,citizen_services,GET /citizens/export/replica-1,missing_field_filter,property_auth,field_minimization,sensitive_field_probe,field_exposure,1,3,2,5,11.0
citizen_services::GET__citizens_export_replica-1::missing_field_filter,citizen_services,GET /citizens/export/replica-1,missing_field_filter,property_auth,field_minimization,aggregation_boundary,field_exposure,1,3,2,5,11.0
citizen_services::GET__citizens_export_replica-1::missing_field_filter,citizen_services,GET /citizens/export/replica-1,missing_field_filter,property_auth,field_minimization,deprecated_inventory,field_exposure,1,3,2,5,11.0
citizen_services::GET__citizens_export_replica-1::aggregation_leak,citizen_services,GET /citizens/export/replica-1,aggregation_leak,property_auth,aggregation_boundary,aggregation_boundary,field_exposure,1,3,2,5,11.0
citizen_services::GET__citizens_export_replica-1::missing_audit_log,citizen_services,GET /citizens/export/replica-1,missing_audit_log,auditability,audit_obligation,valid,missing_audit,1,0,0,0,3.0
citizen_services::GET__citizens_export_replica-1::missing_audit_log,citizen_services,GET /citizens/export/replica-1,missing_audit_log,auditability,audit_obligation,wrong_role,missing_audit,0,0,0,0,3.0
citizen_services::GET__citizens_export_replica-1::missing_audit_log,citizen_services,GET /citizens/export/replica-1,missing_audit_log,auditability,audit_obligation,wrong_jurisdiction,missing_audit,0,0,0,0,3.0
citizen_services::GET__citizens_export_replica-1::missing_audit_log,citizen_services,GET /citizens/export/replica-1,missing_audit_log,auditability,audit_obligation,wrong_purpose,missing_audit,0,0,0,0,3.0
citizen_services::GET__citizens_export_replica-1::missing_audit_log,citizen_services,GET /citizens/export/replica-1,missing_audit_log,auditability,audit_obligation,self_access,missing_audit,1,0,0,0,3.0
citizen_services::GET__citizens_export_replica-1::missing_audit_log,citizen_services,GET /citizens/export/replica-1,missing_audit_log,auditability,audit_obligation,unauthenticated,missing_audit,0,0,0,0,3.0
citizen_services::GET__citizens_export_replica-1::missing_audit_log,citizen_services,GET /citizens/export/replica-1,missing_audit_log,auditability,audit_obligation,sensitive_field_probe,missing_audit,1,0,0,0,3.0
citizen_services::GET__citizens_export_replica-1::missing_audit_log,citizen_services,GET /citizens/export/replica-1,missing_audit_log,auditability,audit_obligation,aggregation_boundary,missing_audit,1,0,0,0,3.0
citizen_services::GET__citizens_export_replica-1::missing_audit_log,citizen_services,GET /citizens/export/replica-1,missing_audit_log,auditability,audit_obligation,deprecated_inventory,missing_audit,1,0,0,0,3.0
citizen_services::GET__citizens_export_replica-1::deprecated_exposed,citizen_services,GET /citizens/export/replica-1,deprecated_exposed,inventory,endpoint_inventory,deprecated_inventory,field_exposure;deprecated_endpoint_exposed,1,3,2,5,15.0
education::GET__students_id_record_replica-1::missing_auth,education,GET /students/{id}/record/replica-1,missing_auth,function_auth,authentication,unauthenticated,unauthorized_allow;field_exposure,1,8,8,5,59.0
education::GET__students_id_record_replica-1::overbroad_role,education,GET /students/{id}/record/replica-1,overbroad_role,function_auth,function_authorization,wrong_role,unauthorized_allow;field_exposure,1,8,8,5,59.0
education::GET__students_id_record_replica-1::missing_object_check,education,GET /students/{id}/record/replica-1,missing_object_check,object_auth,object_scope,wrong_jurisdiction,unauthorized_allow;field_exposure,1,4,4,3,42.0
education::GET__students_id_record_replica-1::jurisdiction_bypass,education,GET /students/{id}/record/replica-1,jurisdiction_bypass,object_auth,jurisdiction_scope,wrong_jurisdiction,unauthorized_allow;field_exposure,1,4,4,3,42.0
education::GET__students_id_record_replica-1::purpose_bypass,education,GET /students/{id}/record/replica-1,purpose_bypass,purpose_scope,purpose_scope,wrong_purpose,unauthorized_allow;field_exposure,1,4,4,3,42.0
education::GET__students_id_record_replica-1::missing_field_filter,education,GET /students/{id}/record/replica-1,missing_field_filter,property_auth,field_minimization,valid,field_exposure,1,4,4,5,17.0
education::GET__students_id_record_replica-1::missing_field_filter,education,GET /students/{id}/record/replica-1,missing_field_filter,property_auth,field_minimization,self_access,field_exposure,1,4,4,5,17.0
education::GET__students_id_record_replica-1::missing_field_filter,education,GET /students/{id}/record/replica-1,missing_field_filter,property_auth,field_minimization,sensitive_field_probe,field_exposure,1,4,4,5,17.0
education::GET__students_id_record_replica-1::missing_field_filter,education,GET /students/{id}/record/replica-1,missing_field_filter,property_auth,field_minimization,aggregation_boundary,field_exposure,1,4,4,5,17.0
education::GET__students_id_record_replica-1::missing_field_filter,education,GET /students/{id}/record/replica-1,missing_field_filter,property_auth,field_minimization,deprecated_inventory,field_exposure,1,4,4,5,17.0
education::GET__students_id_record_replica-1::aggregation_leak,education,GET /students/{id}/record/replica-1,aggregation_leak,property_auth,aggregation_boundary,aggregation_boundary,field_exposure,1,4,4,5,17.0
education::GET__students_id_record_replica-1::missing_audit_log,education,GET /students/{id}/record/replica-1,missing_audit_log,auditability,audit_obligation,valid,missing_audit,1,0,0,0,3.0
education::GET__students_id_record_replica-1::missing_audit_log,education,GET /students/{id}/record/replica-1,missing_audit_log,auditability,audit_obligation,wrong_role,missing_audit,0,0,0,0,3.0
education::GET__students_id_record_replica-1::missing_audit_log,education,GET /students/{id}/record/replica-1,missing_audit_log,auditability,audit_obligation,wrong_jurisdiction,missing_audit,0,0,0,0,3.0
education::GET__students_id_record_replica-1::missing_audit_log,education,GET /students/{id}/record/replica-1,missing_audit_log,auditability,audit_obligation,wrong_purpose,missing_audit,0,0,0,0,3.0
education::GET__students_id_record_replica-1::missing_audit_log,education,GET /students/{id}/record/replica-1,missing_audit_log,auditability,audit_obligation,self_access,missing_audit,1,0,0,0,3.0
education::GET__students_id_record_replica-1::missing_audit_log,education,GET /students/{id}/record/replica-1,missing_audit_log,auditability,audit_obligation,unauthenticated,missing_audit,0,0,0,0,3.0
education::GET__students_id_record_replica-1::missing_audit_log,education,GET /students/{id}/record/replica-1,missing_audit_log,auditability,audit_obligation,sensitive_field_probe,missing_audit,1,0,0,0,3.0
education::GET__students_id_record_replica-1::missing_audit_log,education,GET /students/{id}/record/replica-1,missing_audit_log,auditability,audit_obligation,aggregation_boundary,missing_audit,1,0,0,0,3.0
education::GET__students_id_record_replica-1::missing_audit_log,education,GET /students/{id}/record/replica-1,missing_audit_log,auditability,audit_obligation,deprecated_inventory,missing_audit,1,0,0,0,3.0
education::GET__students_id_record_replica-1::deprecated_exposed,education,GET /students/{id}/record/replica-1,deprecated_exposed,inventory,endpoint_inventory,deprecated_inventory,field_exposure;deprecated_endpoint_exposed,1,4,4,5,21.0
education::GET__classes_id_roster_replica-1::missing_auth,education,GET /classes/{id}/roster/replica-1,missing_auth,function_auth,authentication,unauthenticated,unauthorized_allow;field_exposure,1,8,8,5,59.0
education::GET__classes_id_roster_replica-1::overbroad_role,education,GET /classes/{id}/roster/replica-1,overbroad_role,function_auth,function_authorization,wrong_role,unauthorized_allow;field_exposure,1,8,8,5,59.0
education::GET__classes_id_roster_replica-1::missing_object_check,education,GET /classes/{id}/roster/replica-1,missing_object_check,object_auth,object_scope,wrong_jurisdiction,unauthorized_allow;field_exposure,1,4,4,3,42.0
education::GET__classes_id_roster_replica-1::jurisdiction_bypass,education,GET /classes/{id}/roster/replica-1,jurisdiction_bypass,object_auth,jurisdiction_scope,wrong_jurisdiction,unauthorized_allow;field_exposure,1,4,4,3,42.0
education::GET__classes_id_roster_replica-1::purpose_bypass,education,GET /classes/{id}/roster/replica-1,purpose_bypass,purpose_scope,purpose_scope,wrong_purpose,unauthorized_allow;field_exposure,1,4,4,3,42.0
education::GET__classes_id_roster_replica-1::missing_field_filter,education,GET /classes/{id}/roster/replica-1,missing_field_filter,property_auth,field_minimization,valid,field_exposure,1,4,4,5,17.0
education::GET__classes_id_roster_replica-1::missing_field_filter,education,GET /classes/{id}/roster/replica-1,missing_field_filter,property_auth,field_minimization,self_access,field_exposure,1,4,4,5,17.0
education::GET__classes_id_roster_replica-1::missing_field_filter,education,GET /classes/{id}/roster/replica-1,missing_field_filter,property_auth,field_minimization,sensitive_field_probe,field_exposure,1,4,4,5,17.0
education::GET__classes_id_roster_replica-1::missing_field_filter,education,GET /classes/{id}/roster/replica-1,missing_field_filter,property_auth,field_minimization,aggregation_boundary,field_exposure,1,4,4,5,17.0
education::GET__classes_id_roster_replica-1::missing_field_filter,education,GET /classes/{id}/roster/replica-1,missing_field_filter,property_auth,field_minimization,deprecated_inventory,field_exposure,1,4,4,5,17.0
education::GET__classes_id_roster_replica-1::aggregation_leak,education,GET /classes/{id}/roster/replica-1,aggregation_leak,property_auth,aggregation_boundary,aggregation_boundary,field_exposure,1,4,4,5,17.0
education::GET__classes_id_roster_replica-1::missing_audit_log,education,GET /classes/{id}/roster/replica-1,missing_audit_log,auditability,audit_obligation,valid,missing_audit,1,0,0,0,3.0
education::GET__classes_id_roster_replica-1::missing_audit_log,education,GET /classes/{id}/roster/replica-1,missing_audit_log,auditability,audit_obligation,wrong_role,missing_audit,0,0,0,0,3.0
education::GET__classes_id_roster_replica-1::missing_audit_log,education,GET /classes/{id}/roster/replica-1,missing_audit_log,auditability,audit_obligation,wrong_jurisdiction,missing_audit,0,0,0,0,3.0
education::GET__classes_id_roster_replica-1::missing_audit_log,education,GET /classes/{id}/roster/replica-1,missing_audit_log,auditability,audit_obligation,wrong_purpose,missing_audit,0,0,0,0,3.0
education::GET__classes_id_roster_replica-1::missing_audit_log,education,GET /classes/{id}/roster/replica-1,missing_audit_log,auditability,audit_obligation,self_access,missing_audit,1,0,0,0,3.0
education::GET__classes_id_roster_replica-1::missing_audit_log,education,GET /classes/{id}/roster/replica-1,missing_audit_log,auditability,audit_obligation,unauthenticated,missing_audit,0,0,0,0,3.0
education::GET__classes_id_roster_replica-1::missing_audit_log,education,GET /classes/{id}/roster/replica-1,missing_audit_log,auditability,audit_obligation,sensitive_field_probe,missing_audit,1,0,0,0,3.0
education::GET__classes_id_roster_replica-1::missing_audit_log,education,GET /classes/{id}/roster/replica-1,missing_audit_log,auditability,audit_obligation,aggregation_boundary,missing_audit,1,0,0,0,3.0
education::GET__classes_id_roster_replica-1::missing_audit_log,education,GET /classes/{id}/roster/replica-1,missing_audit_log,auditability,audit_obligation,deprecated_inventory,missing_audit,1,0,0,0,3.0
education::GET__classes_id_roster_replica-1::deprecated_exposed,education,GET /classes/{id}/roster/replica-1,deprecated_exposed,inventory,endpoint_inventory,deprecated_inventory,field_exposure;deprecated_endpoint_exposed,1,4,4,5,21.0
education::GET__discipline_id_replica-1::missing_auth,education,GET /discipline/{id}/replica-1,missing_auth,function_auth,authentication,unauthenticated,unauthorized_allow;field_exposure,1,8,7,5,60.0
education::GET__discipline_id_replica-1::overbroad_role,education,GET /discipline/{id}/replica-1,overbroad_role,function_auth,function_authorization,wrong_role,unauthorized_allow;field_exposure,1,8,7,5,60.0
education::GET__discipline_id_replica-1::missing_object_check,education,GET /discipline/{id}/replica-1,missing_object_check,object_auth,object_scope,wrong_jurisdiction,unauthorized_allow;field_exposure,1,4,4,5,45.0
education::GET__discipline_id_replica-1::jurisdiction_bypass,education,GET /discipline/{id}/replica-1,jurisdiction_bypass,object_auth,jurisdiction_scope,wrong_jurisdiction,unauthorized_allow;field_exposure,1,4,4,5,45.0
education::GET__discipline_id_replica-1::purpose_bypass,education,GET /discipline/{id}/replica-1,purpose_bypass,purpose_scope,purpose_scope,wrong_purpose,unauthorized_allow;field_exposure,1,4,4,5,45.0
education::GET__discipline_id_replica-1::missing_field_filter,education,GET /discipline/{id}/replica-1,missing_field_filter,property_auth,field_minimization,valid,field_exposure,1,4,3,5,15.0
education::GET__discipline_id_replica-1::missing_field_filter,education,GET /discipline/{id}/replica-1,missing_field_filter,property_auth,field_minimization,self_access,field_exposure,1,3,2,5,10.0
education::GET__discipline_id_replica-1::missing_field_filter,education,GET /discipline/{id}/replica-1,missing_field_filter,property_auth,field_minimization,sensitive_field_probe,field_exposure,1,4,3,5,15.0
education::GET__discipline_id_replica-1::missing_field_filter,education,GET /discipline/{id}/replica-1,missing_field_filter,property_auth,field_minimization,aggregation_boundary,field_exposure,1,4,3,5,15.0
education::GET__discipline_id_replica-1::missing_field_filter,education,GET /discipline/{id}/replica-1,missing_field_filter,property_auth,field_minimization,deprecated_inventory,field_exposure,1,4,3,5,15.0
education::GET__discipline_id_replica-1::aggregation_leak,education,GET /discipline/{id}/replica-1,aggregation_leak,property_auth,aggregation_boundary,aggregation_boundary,field_exposure,1,4,3,5,15.0
education::GET__discipline_id_replica-1::missing_audit_log,education,GET /discipline/{id}/replica-1,missing_audit_log,auditability,audit_obligation,valid,missing_audit,1,0,0,0,3.0
education::GET__discipline_id_replica-1::missing_audit_log,education,GET /discipline/{id}/replica-1,missing_audit_log,auditability,audit_obligation,wrong_role,missing_audit,0,0,0,0,3.0
education::GET__discipline_id_replica-1::missing_audit_log,education,GET /discipline/{id}/replica-1,missing_audit_log,auditability,audit_obligation,wrong_jurisdiction,missing_audit,0,0,0,0,3.0
education::GET__discipline_id_replica-1::missing_audit_log,education,GET /discipline/{id}/replica-1,missing_audit_log,auditability,audit_obligation,wrong_purpose,missing_audit,0,0,0,0,3.0
education::GET__discipline_id_replica-1::missing_audit_log,education,GET /discipline/{id}/replica-1,missing_audit_log,auditability,audit_obligation,self_access,missing_audit,1,0,0,0,3.0
education::GET__discipline_id_replica-1::missing_audit_log,education,GET /discipline/{id}/replica-1,missing_audit_log,auditability,audit_obligation,unauthenticated,missing_audit,0,0,0,0,3.0
education::GET__discipline_id_replica-1::missing_audit_log,education,GET /discipline/{id}/replica-1,missing_audit_log,auditability,audit_obligation,sensitive_field_probe,missing_audit,1,0,0,0,3.0
education::GET__discipline_id_replica-1::missing_audit_log,education,GET /discipline/{id}/replica-1,missing_audit_log,auditability,audit_obligation,aggregation_boundary,missing_audit,1,0,0,0,3.0
education::GET__discipline_id_replica-1::missing_audit_log,education,GET /discipline/{id}/replica-1,missing_audit_log,auditability,audit_obligation,deprecated_inventory,missing_audit,1,0,0,0,3.0
education::GET__discipline_id_replica-1::deprecated_exposed,education,GET /discipline/{id}/replica-1,deprecated_exposed,inventory,endpoint_inventory,deprecated_inventory,field_exposure;deprecated_endpoint_exposed,1,4,3,5,19.0
business_licensing::GET__licenses_id_replica-1::missing_auth,business_licensing,GET /licenses/{id}/replica-1,missing_auth,function_auth,authentication,unauthenticated,unauthorized_allow;field_exposure,1,8,3,4,42.0
business_licensing::GET__licenses_id_replica-1::overbroad_role,business_licensing,GET /licenses/{id}/replica-1,overbroad_role,function_auth,function_authorization,wrong_role,unauthorized_allow;field_exposure,1,8,3,4,42.0
business_licensing::GET__licenses_id_replica-1::missing_object_check,business_licensing,GET /licenses/{id}/replica-1,missing_object_check,object_auth,object_scope,wrong_jurisdiction,unauthorized_allow;field_exposure,1,7,2,4,38.0
business_licensing::GET__licenses_id_replica-1::jurisdiction_bypass,business_licensing,GET /licenses/{id}/replica-1,jurisdiction_bypass,object_auth,jurisdiction_scope,wrong_jurisdiction,unauthorized_allow;field_exposure,1,7,2,4,38.0
business_licensing::GET__licenses_id_replica-1::purpose_bypass,business_licensing,GET /licenses/{id}/replica-1,purpose_bypass,purpose_scope,purpose_scope,wrong_purpose,unauthorized_allow;field_exposure,1,7,2,4,38.0
business_licensing::GET__licenses_id_replica-1::missing_field_filter,business_licensing,GET /licenses/{id}/replica-1,missing_field_filter,property_auth,field_minimization,valid,field_exposure,1,1,1,4,4.0
business_licensing::GET__licenses_id_replica-1::missing_field_filter,business_licensing,GET /licenses/{id}/replica-1,missing_field_filter,property_auth,field_minimization,self_access,field_exposure,1,2,1,4,6.0
business_licensing::GET__licenses_id_replica-1::missing_field_filter,business_licensing,GET /licenses/{id}/replica-1,missing_field_filter,property_auth,field_minimization,sensitive_field_probe,field_exposure,1,1,1,4,4.0
business_licensing::GET__licenses_id_replica-1::missing_field_filter,business_licensing,GET /licenses/{id}/replica-1,missing_field_filter,property_auth,field_minimization,aggregation_boundary,field_exposure,1,1,1,4,4.0
business_licensing::GET__licenses_id_replica-1::missing_field_filter,business_licensing,GET /licenses/{id}/replica-1,missing_field_filter,property_auth,field_minimization,deprecated_inventory,field_exposure,1,1,1,4,4.0
business_licensing::GET__licenses_id_replica-1::aggregation_leak,business_licensing,GET /licenses/{id}/replica-1,aggregation_leak,property_auth,aggregation_boundary,aggregation_boundary,field_exposure,1,1,1,4,4.0
business_licensing::GET__licenses_id_replica-1::missing_audit_log,business_licensing,GET /licenses/{id}/replica-1,missing_audit_log,auditability,audit_obligation,valid,missing_audit,1,0,0,0,3.0
business_licensing::GET__licenses_id_replica-1::missing_audit_log,business_licensing,GET /licenses/{id}/replica-1,missing_audit_log,auditability,audit_obligation,wrong_role,missing_audit,0,0,0,0,3.0
business_licensing::GET__licenses_id_replica-1::missing_audit_log,business_licensing,GET /licenses/{id}/replica-1,missing_audit_log,auditability,audit_obligation,wrong_jurisdiction,missing_audit,0,0,0,0,3.0
business_licensing::GET__licenses_id_replica-1::missing_audit_log,business_licensing,GET /licenses/{id}/replica-1,missing_audit_log,auditability,audit_obligation,wrong_purpose,missing_audit,0,0,0,0,3.0
business_licensing::GET__licenses_id_replica-1::missing_audit_log,business_licensing,GET /licenses/{id}/replica-1,missing_audit_log,auditability,audit_obligation,self_access,missing_audit,1,0,0,0,3.0
business_licensing::GET__licenses_id_replica-1::missing_audit_log,business_licensing,GET /licenses/{id}/replica-1,missing_audit_log,auditability,audit_obligation,unauthenticated,missing_audit,0,0,0,0,3.0
business_licensing::GET__licenses_id_replica-1::missing_audit_log,business_licensing,GET /licenses/{id}/replica-1,missing_audit_log,auditability,audit_obligation,sensitive_field_probe,missing_audit,1,0,0,0,3.0
business_licensing::GET__licenses_id_replica-1::missing_audit_log,business_licensing,GET /licenses/{id}/replica-1,missing_audit_log,auditability,audit_obligation,aggregation_boundary,missing_audit,1,0,0,0,3.0
business_licensing::GET__licenses_id_replica-1::missing_audit_log,business_licensing,GET /licenses/{id}/replica-1,missing_audit_log,auditability,audit_obligation,deprecated_inventory,missing_audit,1,0,0,0,3.0
business_licensing::GET__licenses_id_replica-1::deprecated_exposed,business_licensing,GET /licenses/{id}/replica-1,deprecated_exposed,inventory,endpoint_inventory,deprecated_inventory,field_exposure;deprecated_endpoint_exposed,1,1,1,4,8.0
business_licensing::GET__inspections_id_replica-1::missing_auth,business_licensing,GET /inspections/{id}/replica-1,missing_auth,function_auth,authentication,unauthenticated,unauthorized_allow;field_exposure,1,8,3,4,43.0
business_licensing::GET__inspections_id_replica-1::overbroad_role,business_licensing,GET /inspections/{id}/replica-1,overbroad_role,function_auth,function_authorization,wrong_role,unauthorized_allow;field_exposure,1,8,3,4,43.0
business_licensing::GET__inspections_id_replica-1::missing_object_check,business_licensing,GET /inspections/{id}/replica-1,missing_object_check,object_auth,object_scope,wrong_jurisdiction,unauthorized_allow;field_exposure,1,6,2,4,37.0
business_licensing::GET__inspections_id_replica-1::jurisdiction_bypass,business_licensing,GET /inspections/{id}/replica-1,jurisdiction_bypass,object_auth,jurisdiction_scope,wrong_jurisdiction,unauthorized_allow;field_exposure,1,6,2,4,37.0
business_licensing::GET__inspections_id_replica-1::purpose_bypass,business_licensing,GET /inspections/{id}/replica-1,purpose_bypass,purpose_scope,purpose_scope,wrong_purpose,unauthorized_allow;field_exposure,1,6,2,4,37.0
business_licensing::GET__inspections_id_replica-1::missing_field_filter,business_licensing,GET /inspections/{id}/replica-1,missing_field_filter,property_auth,field_minimization,valid,field_exposure,1,2,1,4,6.0
business_licensing::GET__inspections_id_replica-1::missing_field_filter,business_licensing,GET /inspections/{id}/replica-1,missing_field_filter,property_auth,field_minimization,self_access,field_exposure,1,3,2,4,10.0
business_licensing::GET__inspections_id_replica-1::missing_field_filter,business_licensing,GET /inspections/{id}/replica-1,missing_field_filter,property_auth,field_minimization,sensitive_field_probe,field_exposure,1,2,1,4,6.0
business_licensing::GET__inspections_id_replica-1::missing_field_filter,business_licensing,GET /inspections/{id}/replica-1,missing_field_filter,property_auth,field_minimization,aggregation_boundary,field_exposure,1,2,1,4,6.0
business_licensing::GET__inspections_id_replica-1::missing_field_filter,business_licensing,GET /inspections/{id}/replica-1,missing_field_filter,property_auth,field_minimization,deprecated_inventory,field_exposure,1,2,1,4,6.0
business_licensing::GET__inspections_id_replica-1::aggregation_leak,business_licensing,GET /inspections/{id}/replica-1,aggregation_leak,property_auth,aggregation_boundary,aggregation_boundary,field_exposure,1,2,1,4,6.0
business_licensing::GET__inspections_id_replica-1::missing_audit_log,business_licensing,GET /inspections/{id}/replica-1,missing_audit_log,auditability,audit_obligation,valid,missing_audit,1,0,0,0,3.0
business_licensing::GET__inspections_id_replica-1::missing_audit_log,business_licensing,GET /inspections/{id}/replica-1,missing_audit_log,auditability,audit_obligation,wrong_role,missing_audit,0,0,0,0,3.0
business_licensing::GET__inspections_id_replica-1::missing_audit_log,business_licensing,GET /inspections/{id}/replica-1,missing_audit_log,auditability,audit_obligation,wrong_jurisdiction,missing_audit,0,0,0,0,3.0
business_licensing::GET__inspections_id_replica-1::missing_audit_log,business_licensing,GET /inspections/{id}/replica-1,missing_audit_log,auditability,audit_obligation,wrong_purpose,missing_audit,0,0,0,0,3.0
business_licensing::GET__inspections_id_replica-1::missing_audit_log,business_licensing,GET /inspections/{id}/replica-1,missing_audit_log,auditability,audit_obligation,self_access,missing_audit,1,0,0,0,3.0
business_licensing::GET__inspections_id_replica-1::missing_audit_log,business_licensing,GET /inspections/{id}/replica-1,missing_audit_log,auditability,audit_obligation,unauthenticated,missing_audit,0,0,0,0,3.0
business_licensing::GET__inspections_id_replica-1::missing_audit_log,business_licensing,GET /inspections/{id}/replica-1,missing_audit_log,auditability,audit_obligation,sensitive_field_probe,missing_audit,1,0,0,0,3.0
business_licensing::GET__inspections_id_replica-1::missing_audit_log,business_licensing,GET /inspections/{id}/replica-1,missing_audit_log,auditability,audit_obligation,aggregation_boundary,missing_audit,1,0,0,0,3.0
business_licensing::GET__inspections_id_replica-1::missing_audit_log,business_licensing,GET /inspections/{id}/replica-1,missing_audit_log,auditability,audit_obligation,deprecated_inventory,missing_audit,1,0,0,0,3.0
business_licensing::GET__inspections_id_replica-1::deprecated_exposed,business_licensing,GET /inspections/{id}/replica-1,deprecated_exposed,inventory,endpoint_inventory,deprecated_inventory,field_exposure;deprecated_endpoint_exposed,1,2,1,4,10.0
business_licensing::GET__licenses_export_replica-1::missing_auth,business_licensing,GET /licenses/export/replica-1,missing_auth,function_auth,authentication,unauthenticated,unauthorized_allow;field_exposure,1,8,4,4,44.0
business_licensing::GET__licenses_export_replica-1::overbroad_role,business_licensing,GET /licenses/export/replica-1,overbroad_role,function_auth,function_authorization,wrong_role,unauthorized_allow;field_exposure,1,8,4,4,44.0
business_licensing::GET__licenses_export_replica-1::missing_object_check,business_licensing,GET /licenses/export/replica-1,missing_object_check,object_auth,object_scope,wrong_jurisdiction,unauthorized_allow;field_exposure,1,7,3,4,40.0
business_licensing::GET__licenses_export_replica-1::jurisdiction_bypass,business_licensing,GET /licenses/export/replica-1,jurisdiction_bypass,object_auth,jurisdiction_scope,wrong_jurisdiction,unauthorized_allow;field_exposure,1,7,3,4,40.0
business_licensing::GET__licenses_export_replica-1::purpose_bypass,business_licensing,GET /licenses/export/replica-1,purpose_bypass,purpose_scope,purpose_scope,wrong_purpose,unauthorized_allow;field_exposure,1,7,3,4,40.0
business_licensing::GET__licenses_export_replica-1::missing_field_filter,business_licensing,GET /licenses/export/replica-1,missing_field_filter,property_auth,field_minimization,valid,field_exposure,1,1,1,4,4.0
business_licensing::GET__licenses_export_replica-1::missing_field_filter,business_licensing,GET /licenses/export/replica-1,missing_field_filter,property_auth,field_minimization,self_access,field_exposure,1,2,1,4,6.0
business_licensing::GET__licenses_export_replica-1::missing_field_filter,business_licensing,GET /licenses/export/replica-1,missing_field_filter,property_auth,field_minimization,sensitive_field_probe,field_exposure,1,1,1,4,4.0
business_licensing::GET__licenses_export_replica-1::missing_field_filter,business_licensing,GET /licenses/export/replica-1,missing_field_filter,property_auth,field_minimization,aggregation_boundary,field_exposure,1,1,1,4,4.0
business_licensing::GET__licenses_export_replica-1::missing_field_filter,business_licensing,GET /licenses/export/replica-1,missing_field_filter,property_auth,field_minimization,deprecated_inventory,field_exposure,1,1,1,4,4.0
business_licensing::GET__licenses_export_replica-1::aggregation_leak,business_licensing,GET /licenses/export/replica-1,aggregation_leak,property_auth,aggregation_boundary,aggregation_boundary,field_exposure,1,1,1,4,4.0
business_licensing::GET__licenses_export_replica-1::missing_audit_log,business_licensing,GET /licenses/export/replica-1,missing_audit_log,auditability,audit_obligation,valid,missing_audit,1,0,0,0,3.0
business_licensing::GET__licenses_export_replica-1::missing_audit_log,business_licensing,GET /licenses/export/replica-1,missing_audit_log,auditability,audit_obligation,wrong_role,missing_audit,0,0,0,0,3.0
business_licensing::GET__licenses_export_replica-1::missing_audit_log,business_licensing,GET /licenses/export/replica-1,missing_audit_log,auditability,audit_obligation,wrong_jurisdiction,missing_audit,0,0,0,0,3.0
business_licensing::GET__licenses_export_replica-1::missing_audit_log,business_licensing,GET /licenses/export/replica-1,missing_audit_log,auditability,audit_obligation,wrong_purpose,missing_audit,0,0,0,0,3.0
business_licensing::GET__licenses_export_replica-1::missing_audit_log,business_licensing,GET /licenses/export/replica-1,missing_audit_log,auditability,audit_obligation,self_access,missing_audit,1,0,0,0,3.0
business_licensing::GET__licenses_export_replica-1::missing_audit_log,business_licensing,GET /licenses/export/replica-1,missing_audit_log,auditability,audit_obligation,unauthenticated,missing_audit,0,0,0,0,3.0
business_licensing::GET__licenses_export_replica-1::missing_audit_log,business_licensing,GET /licenses/export/replica-1,missing_audit_log,auditability,audit_obligation,sensitive_field_probe,missing_audit,1,0,0,0,3.0
business_licensing::GET__licenses_export_replica-1::missing_audit_log,business_licensing,GET /licenses/export/replica-1,missing_audit_log,auditability,audit_obligation,aggregation_boundary,missing_audit,1,0,0,0,3.0
business_licensing::GET__licenses_export_replica-1::missing_audit_log,business_licensing,GET /licenses/export/replica-1,missing_audit_log,auditability,audit_obligation,deprecated_inventory,missing_audit,1,0,0,0,3.0
business_licensing::GET__licenses_export_replica-1::deprecated_exposed,business_licensing,GET /licenses/export/replica-1,deprecated_exposed,inventory,endpoint_inventory,deprecated_inventory,field_exposure;deprecated_endpoint_exposed,1,1,1,4,8.0
health::GET__patients_id_replica-2::missing_auth,health,GET /patients/{id}/replica-2,missing_auth,function_auth,authentication,unauthenticated,unauthorized_allow;field_exposure,1,8,8,5,61.0
health::GET__patients_id_replica-2::overbroad_role,health,GET /patients/{id}/replica-2,overbroad_role,function_auth,function_authorization,wrong_role,unauthorized_allow;field_exposure,1,8,8,5,61.0
health::GET__patients_id_replica-2::missing_object_check,health,GET /patients/{id}/replica-2,missing_object_check,object_auth,object_scope,wrong_jurisdiction,unauthorized_allow;field_exposure,1,7,7,5,57.0
health::GET__patients_id_replica-2::jurisdiction_bypass,health,GET /patients/{id}/replica-2,jurisdiction_bypass,object_auth,jurisdiction_scope,wrong_jurisdiction,unauthorized_allow;field_exposure,1,7,7,5,57.0
health::GET__patients_id_replica-2::purpose_bypass,health,GET /patients/{id}/replica-2,purpose_bypass,purpose_scope,purpose_scope,wrong_purpose,unauthorized_allow;field_exposure,1,7,7,5,57.0
health::GET__patients_id_replica-2::missing_field_filter,health,GET /patients/{id}/replica-2,missing_field_filter,property_auth,field_minimization,valid,field_exposure,1,1,1,4,4.0
health::GET__patients_id_replica-2::missing_field_filter,health,GET /patients/{id}/replica-2,missing_field_filter,property_auth,field_minimization,sensitive_field_probe,field_exposure,1,1,1,4,4.0
health::GET__patients_id_replica-2::missing_field_filter,health,GET /patients/{id}/replica-2,missing_field_filter,property_auth,field_minimization,aggregation_boundary,field_exposure,1,1,1,4,4.0
health::GET__patients_id_replica-2::missing_field_filter,health,GET /patients/{id}/replica-2,missing_field_filter,property_auth,field_minimization,deprecated_inventory,field_exposure,1,1,1,4,4.0
health::GET__patients_id_replica-2::aggregation_leak,health,GET /patients/{id}/replica-2,aggregation_leak,property_auth,aggregation_boundary,aggregation_boundary,field_exposure,1,1,1,4,4.0
health::GET__patients_id_replica-2::missing_audit_log,health,GET /patients/{id}/replica-2,missing_audit_log,auditability,audit_obligation,valid,missing_audit,1,0,0,0,3.0
health::GET__patients_id_replica-2::missing_audit_log,health,GET /patients/{id}/replica-2,missing_audit_log,auditability,audit_obligation,wrong_role,missing_audit,0,0,0,0,3.0
health::GET__patients_id_replica-2::missing_audit_log,health,GET /patients/{id}/replica-2,missing_audit_log,auditability,audit_obligation,wrong_jurisdiction,missing_audit,0,0,0,0,3.0
health::GET__patients_id_replica-2::missing_audit_log,health,GET /patients/{id}/replica-2,missing_audit_log,auditability,audit_obligation,wrong_purpose,missing_audit,0,0,0,0,3.0
health::GET__patients_id_replica-2::missing_audit_log,health,GET /patients/{id}/replica-2,missing_audit_log,auditability,audit_obligation,self_access,missing_audit,1,0,0,0,3.0
health::GET__patients_id_replica-2::missing_audit_log,health,GET /patients/{id}/replica-2,missing_audit_log,auditability,audit_obligation,unauthenticated,missing_audit,0,0,0,0,3.0
health::GET__patients_id_replica-2::missing_audit_log,health,GET /patients/{id}/replica-2,missing_audit_log,auditability,audit_obligation,sensitive_field_probe,missing_audit,1,0,0,0,3.0
health::GET__patients_id_replica-2::missing_audit_log,health,GET /patients/{id}/replica-2,missing_audit_log,auditability,audit_obligation,aggregation_boundary,missing_audit,1,0,0,0,3.0
health::GET__patients_id_replica-2::missing_audit_log,health,GET /patients/{id}/replica-2,missing_audit_log,auditability,audit_obligation,deprecated_inventory,missing_audit,1,0,0,0,3.0
health::GET__patients_id_replica-2::deprecated_exposed,health,GET /patients/{id}/replica-2,deprecated_exposed,inventory,endpoint_inventory,deprecated_inventory,field_exposure;deprecated_endpoint_exposed,1,1,1,4,8.0
health::GET__encounters_id_replica-2::missing_auth,health,GET /encounters/{id}/replica-2,missing_auth,function_auth,authentication,unauthenticated,unauthorized_allow;field_exposure,1,8,7,5,61.0
health::GET__encounters_id_replica-2::overbroad_role,health,GET /encounters/{id}/replica-2,overbroad_role,function_auth,function_authorization,wrong_role,unauthorized_allow;field_exposure,1,8,7,5,61.0
health::GET__encounters_id_replica-2::missing_object_check,health,GET /encounters/{id}/replica-2,missing_object_check,object_auth,object_scope,wrong_jurisdiction,unauthorized_allow;field_exposure,1,6,5,5,53.0
health::GET__encounters_id_replica-2::jurisdiction_bypass,health,GET /encounters/{id}/replica-2,jurisdiction_bypass,object_auth,jurisdiction_scope,wrong_jurisdiction,unauthorized_allow;field_exposure,1,6,5,5,53.0
health::GET__encounters_id_replica-2::purpose_bypass,health,GET /encounters/{id}/replica-2,purpose_bypass,purpose_scope,purpose_scope,wrong_purpose,unauthorized_allow;field_exposure,1,6,5,5,53.0
health::GET__encounters_id_replica-2::missing_field_filter,health,GET /encounters/{id}/replica-2,missing_field_filter,property_auth,field_minimization,valid,field_exposure,1,2,2,4,8.0
health::GET__encounters_id_replica-2::missing_field_filter,health,GET /encounters/{id}/replica-2,missing_field_filter,property_auth,field_minimization,self_access,field_exposure,1,1,0,2,2.0
health::GET__encounters_id_replica-2::missing_field_filter,health,GET /encounters/{id}/replica-2,missing_field_filter,property_auth,field_minimization,sensitive_field_probe,field_exposure,1,2,2,4,8.0
health::GET__encounters_id_replica-2::missing_field_filter,health,GET /encounters/{id}/replica-2,missing_field_filter,property_auth,field_minimization,aggregation_boundary,field_exposure,1,2,2,4,8.0
health::GET__encounters_id_replica-2::missing_field_filter,health,GET /encounters/{id}/replica-2,missing_field_filter,property_auth,field_minimization,deprecated_inventory,field_exposure,1,2,2,4,8.0
health::GET__encounters_id_replica-2::aggregation_leak,health,GET /encounters/{id}/replica-2,aggregation_leak,property_auth,aggregation_boundary,aggregation_boundary,field_exposure,1,2,2,4,8.0
health::GET__encounters_id_replica-2::missing_audit_log,health,GET /encounters/{id}/replica-2,missing_audit_log,auditability,audit_obligation,valid,missing_audit,1,0,0,0,3.0
health::GET__encounters_id_replica-2::missing_audit_log,health,GET /encounters/{id}/replica-2,missing_audit_log,auditability,audit_obligation,wrong_role,missing_audit,0,0,0,0,3.0
health::GET__encounters_id_replica-2::missing_audit_log,health,GET /encounters/{id}/replica-2,missing_audit_log,auditability,audit_obligation,wrong_jurisdiction,missing_audit,0,0,0,0,3.0
health::GET__encounters_id_replica-2::missing_audit_log,health,GET /encounters/{id}/replica-2,missing_audit_log,auditability,audit_obligation,wrong_purpose,missing_audit,0,0,0,0,3.0
health::GET__encounters_id_replica-2::missing_audit_log,health,GET /encounters/{id}/replica-2,missing_audit_log,auditability,audit_obligation,self_access,missing_audit,1,0,0,0,3.0
health::GET__encounters_id_replica-2::missing_audit_log,health,GET /encounters/{id}/replica-2,missing_audit_log,auditability,audit_obligation,unauthenticated,missing_audit,0,0,0,0,3.0
health::GET__encounters_id_replica-2::missing_audit_log,health,GET /encounters/{id}/replica-2,missing_audit_log,auditability,audit_obligation,sensitive_field_probe,missing_audit,1,0,0,0,3.0
health::GET__encounters_id_replica-2::missing_audit_log,health,GET /encounters/{id}/replica-2,missing_audit_log,auditability,audit_obligation,aggregation_boundary,missing_audit,1,0,0,0,3.0
health::GET__encounters_id_replica-2::missing_audit_log,health,GET /encounters/{id}/replica-2,missing_audit_log,auditability,audit_obligation,deprecated_inventory,missing_audit,1,0,0,0,3.0
health::GET__encounters_id_replica-2::deprecated_exposed,health,GET /encounters/{id}/replica-2,deprecated_exposed,inventory,endpoint_inventory,deprecated_inventory,field_exposure;deprecated_endpoint_exposed,1,2,2,4,12.0
health::GET__patients_search_replica-2::missing_auth,health,GET /patients/search/replica-2,missing_auth,function_auth,authentication,unauthenticated,unauthorized_allow;field_exposure,1,8,8,5,60.0
health::GET__patients_search_replica-2::overbroad_role,health,GET /patients/search/replica-2,overbroad_role,function_auth,function_authorization,wrong_role,unauthorized_allow;field_exposure,1,8,8,5,60.0
health::GET__patients_search_replica-2::missing_object_check,health,GET /patients/search/replica-2,missing_object_check,object_auth,object_scope,wrong_jurisdiction,unauthorized_allow;field_exposure,1,7,7,5,56.0
health::GET__patients_search_replica-2::jurisdiction_bypass,health,GET /patients/search/replica-2,jurisdiction_bypass,object_auth,jurisdiction_scope,wrong_jurisdiction,unauthorized_allow;field_exposure,1,7,7,5,56.0
health::GET__patients_search_replica-2::purpose_bypass,health,GET /patients/search/replica-2,purpose_bypass,purpose_scope,purpose_scope,wrong_purpose,unauthorized_allow;field_exposure,1,7,7,5,56.0
health::GET__patients_search_replica-2::missing_field_filter,health,GET /patients/search/replica-2,missing_field_filter,property_auth,field_minimization,valid,field_exposure,1,1,1,4,4.0
health::GET__patients_search_replica-2::missing_field_filter,health,GET /patients/search/replica-2,missing_field_filter,property_auth,field_minimization,sensitive_field_probe,field_exposure,1,1,1,4,4.0
health::GET__patients_search_replica-2::missing_field_filter,health,GET /patients/search/replica-2,missing_field_filter,property_auth,field_minimization,aggregation_boundary,field_exposure,1,1,1,4,4.0
health::GET__patients_search_replica-2::missing_field_filter,health,GET /patients/search/replica-2,missing_field_filter,property_auth,field_minimization,deprecated_inventory,field_exposure,1,1,1,4,4.0
health::GET__patients_search_replica-2::aggregation_leak,health,GET /patients/search/replica-2,aggregation_leak,property_auth,aggregation_boundary,aggregation_boundary,field_exposure,1,1,1,4,4.0
health::GET__patients_search_replica-2::missing_audit_log,health,GET /patients/search/replica-2,missing_audit_log,auditability,audit_obligation,valid,missing_audit,1,0,0,0,3.0
health::GET__patients_search_replica-2::missing_audit_log,health,GET /patients/search/replica-2,missing_audit_log,auditability,audit_obligation,wrong_role,missing_audit,0,0,0,0,3.0
health::GET__patients_search_replica-2::missing_audit_log,health,GET /patients/search/replica-2,missing_audit_log,auditability,audit_obligation,wrong_jurisdiction,missing_audit,0,0,0,0,3.0
health::GET__patients_search_replica-2::missing_audit_log,health,GET /patients/search/replica-2,missing_audit_log,auditability,audit_obligation,wrong_purpose,missing_audit,0,0,0,0,3.0
health::GET__patients_search_replica-2::missing_audit_log,health,GET /patients/search/replica-2,missing_audit_log,auditability,audit_obligation,self_access,missing_audit,1,0,0,0,3.0
health::GET__patients_search_replica-2::missing_audit_log,health,GET /patients/search/replica-2,missing_audit_log,auditability,audit_obligation,unauthenticated,missing_audit,0,0,0,0,3.0
health::GET__patients_search_replica-2::missing_audit_log,health,GET /patients/search/replica-2,missing_audit_log,auditability,audit_obligation,sensitive_field_probe,missing_audit,1,0,0,0,3.0
health::GET__patients_search_replica-2::missing_audit_log,health,GET /patients/search/replica-2,missing_audit_log,auditability,audit_obligation,aggregation_boundary,missing_audit,1,0,0,0,3.0
health::GET__patients_search_replica-2::missing_audit_log,health,GET /patients/search/replica-2,missing_audit_log,auditability,audit_obligation,deprecated_inventory,missing_audit,1,0,0,0,3.0
health::GET__patients_search_replica-2::deprecated_exposed,health,GET /patients/search/replica-2,deprecated_exposed,inventory,endpoint_inventory,deprecated_inventory,field_exposure;deprecated_endpoint_exposed,1,1,1,4,8.0
citizen_services::GET__citizens_id_replica-2::missing_auth,citizen_services,GET /citizens/{id}/replica-2,missing_auth,function_auth,authentication,unauthenticated,unauthorized_allow;field_exposure,1,8,7,5,58.0
citizen_services::GET__citizens_id_replica-2::overbroad_role,citizen_services,GET /citizens/{id}/replica-2,overbroad_role,function_auth,function_authorization,wrong_role,unauthorized_allow;field_exposure,1,8,7,5,58.0
citizen_services::GET__citizens_id_replica-2::missing_object_check,citizen_services,GET /citizens/{id}/replica-2,missing_object_check,object_auth,object_scope,wrong_jurisdiction,unauthorized_allow;field_exposure,1,5,5,4,47.0
citizen_services::GET__citizens_id_replica-2::jurisdiction_bypass,citizen_services,GET /citizens/{id}/replica-2,jurisdiction_bypass,object_auth,jurisdiction_scope,wrong_jurisdiction,unauthorized_allow;field_exposure,1,5,5,4,47.0
citizen_services::GET__citizens_id_replica-2::purpose_bypass,citizen_services,GET /citizens/{id}/replica-2,purpose_bypass,purpose_scope,purpose_scope,wrong_purpose,unauthorized_allow;field_exposure,1,5,5,4,47.0
citizen_services::GET__citizens_id_replica-2::missing_field_filter,citizen_services,GET /citizens/{id}/replica-2,missing_field_filter,property_auth,field_minimization,valid,field_exposure,1,3,2,5,11.0
citizen_services::GET__citizens_id_replica-2::missing_field_filter,citizen_services,GET /citizens/{id}/replica-2,missing_field_filter,property_auth,field_minimization,self_access,field_exposure,1,3,2,5,11.0
citizen_services::GET__citizens_id_replica-2::missing_field_filter,citizen_services,GET /citizens/{id}/replica-2,missing_field_filter,property_auth,field_minimization,sensitive_field_probe,field_exposure,1,3,2,5,11.0
citizen_services::GET__citizens_id_replica-2::missing_field_filter,citizen_services,GET /citizens/{id}/replica-2,missing_field_filter,property_auth,field_minimization,aggregation_boundary,field_exposure,1,3,2,5,11.0
citizen_services::GET__citizens_id_replica-2::missing_field_filter,citizen_services,GET /citizens/{id}/replica-2,missing_field_filter,property_auth,field_minimization,deprecated_inventory,field_exposure,1,3,2,5,11.0
citizen_services::GET__citizens_id_replica-2::aggregation_leak,citizen_services,GET /citizens/{id}/replica-2,aggregation_leak,property_auth,aggregation_boundary,aggregation_boundary,field_exposure,1,3,2,5,11.0
citizen_services::GET__citizens_id_replica-2::missing_audit_log,citizen_services,GET /citizens/{id}/replica-2,missing_audit_log,auditability,audit_obligation,valid,missing_audit,1,0,0,0,3.0
citizen_services::GET__citizens_id_replica-2::missing_audit_log,citizen_services,GET /citizens/{id}/replica-2,missing_audit_log,auditability,audit_obligation,wrong_role,missing_audit,0,0,0,0,3.0
citizen_services::GET__citizens_id_replica-2::missing_audit_log,citizen_services,GET /citizens/{id}/replica-2,missing_audit_log,auditability,audit_obligation,wrong_jurisdiction,missing_audit,0,0,0,0,3.0
citizen_services::GET__citizens_id_replica-2::missing_audit_log,citizen_services,GET /citizens/{id}/replica-2,missing_audit_log,auditability,audit_obligation,wrong_purpose,missing_audit,0,0,0,0,3.0
citizen_services::GET__citizens_id_replica-2::missing_audit_log,citizen_services,GET /citizens/{id}/replica-2,missing_audit_log,auditability,audit_obligation,self_access,missing_audit,1,0,0,0,3.0
citizen_services::GET__citizens_id_replica-2::missing_audit_log,citizen_services,GET /citizens/{id}/replica-2,missing_audit_log,auditability,audit_obligation,unauthenticated,missing_audit,0,0,0,0,3.0
citizen_services::GET__citizens_id_replica-2::missing_audit_log,citizen_services,GET /citizens/{id}/replica-2,missing_audit_log,auditability,audit_obligation,sensitive_field_probe,missing_audit,1,0,0,0,3.0
citizen_services::GET__citizens_id_replica-2::missing_audit_log,citizen_services,GET /citizens/{id}/replica-2,missing_audit_log,auditability,audit_obligation,aggregation_boundary,missing_audit,1,0,0,0,3.0
citizen_services::GET__citizens_id_replica-2::missing_audit_log,citizen_services,GET /citizens/{id}/replica-2,missing_audit_log,auditability,audit_obligation,deprecated_inventory,missing_audit,1,0,0,0,3.0
citizen_services::GET__citizens_id_replica-2::deprecated_exposed,citizen_services,GET /citizens/{id}/replica-2,deprecated_exposed,inventory,endpoint_inventory,deprecated_inventory,field_exposure;deprecated_endpoint_exposed,1,3,2,5,15.0
citizen_services::GET__benefits_id_replica-2::missing_auth,citizen_services,GET /benefits/{id}/replica-2,missing_auth,function_auth,authentication,unauthenticated,unauthorized_allow;field_exposure,1,8,6,5,57.0
citizen_services::GET__benefits_id_replica-2::overbroad_role,citizen_services,GET /benefits/{id}/replica-2,overbroad_role,function_auth,function_authorization,wrong_role,unauthorized_allow;field_exposure,1,8,6,5,57.0
citizen_services::GET__benefits_id_replica-2::missing_object_check,citizen_services,GET /benefits/{id}/replica-2,missing_object_check,object_auth,object_scope,wrong_jurisdiction,unauthorized_allow;field_exposure,1,5,5,4,48.0
citizen_services::GET__benefits_id_replica-2::jurisdiction_bypass,citizen_services,GET /benefits/{id}/replica-2,jurisdiction_bypass,object_auth,jurisdiction_scope,wrong_jurisdiction,unauthorized_allow;field_exposure,1,5,5,4,48.0
citizen_services::GET__benefits_id_replica-2::purpose_bypass,citizen_services,GET /benefits/{id}/replica-2,purpose_bypass,purpose_scope,purpose_scope,wrong_purpose,unauthorized_allow;field_exposure,1,5,5,4,48.0
citizen_services::GET__benefits_id_replica-2::missing_field_filter,citizen_services,GET /benefits/{id}/replica-2,missing_field_filter,property_auth,field_minimization,valid,field_exposure,1,3,1,5,9.0
citizen_services::GET__benefits_id_replica-2::missing_field_filter,citizen_services,GET /benefits/{id}/replica-2,missing_field_filter,property_auth,field_minimization,self_access,field_exposure,1,2,1,5,7.0
citizen_services::GET__benefits_id_replica-2::missing_field_filter,citizen_services,GET /benefits/{id}/replica-2,missing_field_filter,property_auth,field_minimization,sensitive_field_probe,field_exposure,1,3,1,5,9.0
citizen_services::GET__benefits_id_replica-2::missing_field_filter,citizen_services,GET /benefits/{id}/replica-2,missing_field_filter,property_auth,field_minimization,aggregation_boundary,field_exposure,1,3,1,5,9.0
citizen_services::GET__benefits_id_replica-2::missing_field_filter,citizen_services,GET /benefits/{id}/replica-2,missing_field_filter,property_auth,field_minimization,deprecated_inventory,field_exposure,1,3,1,5,9.0
citizen_services::GET__benefits_id_replica-2::aggregation_leak,citizen_services,GET /benefits/{id}/replica-2,aggregation_leak,property_auth,aggregation_boundary,aggregation_boundary,field_exposure,1,3,1,5,9.0
citizen_services::GET__benefits_id_replica-2::missing_audit_log,citizen_services,GET /benefits/{id}/replica-2,missing_audit_log,auditability,audit_obligation,valid,missing_audit,1,0,0,0,3.0
citizen_services::GET__benefits_id_replica-2::missing_audit_log,citizen_services,GET /benefits/{id}/replica-2,missing_audit_log,auditability,audit_obligation,wrong_role,missing_audit,0,0,0,0,3.0
citizen_services::GET__benefits_id_replica-2::missing_audit_log,citizen_services,GET /benefits/{id}/replica-2,missing_audit_log,auditability,audit_obligation,wrong_jurisdiction,missing_audit,0,0,0,0,3.0
citizen_services::GET__benefits_id_replica-2::missing_audit_log,citizen_services,GET /benefits/{id}/replica-2,missing_audit_log,auditability,audit_obligation,wrong_purpose,missing_audit,0,0,0,0,3.0
citizen_services::GET__benefits_id_replica-2::missing_audit_log,citizen_services,GET /benefits/{id}/replica-2,missing_audit_log,auditability,audit_obligation,self_access,missing_audit,1,0,0,0,3.0
citizen_services::GET__benefits_id_replica-2::missing_audit_log,citizen_services,GET /benefits/{id}/replica-2,missing_audit_log,auditability,audit_obligation,unauthenticated,missing_audit,0,0,0,0,3.0
citizen_services::GET__benefits_id_replica-2::missing_audit_log,citizen_services,GET /benefits/{id}/replica-2,missing_audit_log,auditability,audit_obligation,sensitive_field_probe,missing_audit,1,0,0,0,3.0
citizen_services::GET__benefits_id_replica-2::missing_audit_log,citizen_services,GET /benefits/{id}/replica-2,missing_audit_log,auditability,audit_obligation,aggregation_boundary,missing_audit,1,0,0,0,3.0
citizen_services::GET__benefits_id_replica-2::missing_audit_log,citizen_services,GET /benefits/{id}/replica-2,missing_audit_log,auditability,audit_obligation,deprecated_inventory,missing_audit,1,0,0,0,3.0
citizen_services::GET__benefits_id_replica-2::deprecated_exposed,citizen_services,GET /benefits/{id}/replica-2,deprecated_exposed,inventory,endpoint_inventory,deprecated_inventory,field_exposure;deprecated_endpoint_exposed,1,3,1,5,13.0
citizen_services::GET__citizens_export_replica-2::missing_auth,citizen_services,GET /citizens/export/replica-2,missing_auth,function_auth,authentication,unauthenticated,unauthorized_allow;field_exposure,1,8,7,5,59.0
citizen_services::GET__citizens_export_replica-2::overbroad_role,citizen_services,GET /citizens/export/replica-2,overbroad_role,function_auth,function_authorization,wrong_role,unauthorized_allow;field_exposure,1,8,7,5,59.0
citizen_services::GET__citizens_export_replica-2::missing_object_check,citizen_services,GET /citizens/export/replica-2,missing_object_check,object_auth,object_scope,wrong_jurisdiction,unauthorized_allow;field_exposure,1,5,5,4,48.0
citizen_services::GET__citizens_export_replica-2::jurisdiction_bypass,citizen_services,GET /citizens/export/replica-2,jurisdiction_bypass,object_auth,jurisdiction_scope,wrong_jurisdiction,unauthorized_allow;field_exposure,1,5,5,4,48.0
citizen_services::GET__citizens_export_replica-2::purpose_bypass,citizen_services,GET /citizens/export/replica-2,purpose_bypass,purpose_scope,purpose_scope,wrong_purpose,unauthorized_allow;field_exposure,1,5,5,4,48.0
citizen_services::GET__citizens_export_replica-2::missing_field_filter,citizen_services,GET /citizens/export/replica-2,missing_field_filter,property_auth,field_minimization,valid,field_exposure,1,3,2,5,11.0
citizen_services::GET__citizens_export_replica-2::missing_field_filter,citizen_services,GET /citizens/export/replica-2,missing_field_filter,property_auth,field_minimization,self_access,field_exposure,1,3,2,5,11.0
citizen_services::GET__citizens_export_replica-2::missing_field_filter,citizen_services,GET /citizens/export/replica-2,missing_field_filter,property_auth,field_minimization,sensitive_field_probe,field_exposure,1,3,2,5,11.0
citizen_services::GET__citizens_export_replica-2::missing_field_filter,citizen_services,GET /citizens/export/replica-2,missing_field_filter,property_auth,field_minimization,aggregation_boundary,field_exposure,1,3,2,5,11.0
citizen_services::GET__citizens_export_replica-2::missing_field_filter,citizen_services,GET /citizens/export/replica-2,missing_field_filter,property_auth,field_minimization,deprecated_inventory,field_exposure,1,3,2,5,11.0
citizen_services::GET__citizens_export_replica-2::aggregation_leak,citizen_services,GET /citizens/export/replica-2,aggregation_leak,property_auth,aggregation_boundary,aggregation_boundary,field_exposure,1,3,2,5,11.0
citizen_services::GET__citizens_export_replica-2::missing_audit_log,citizen_services,GET /citizens/export/replica-2,missing_audit_log,auditability,audit_obligation,valid,missing_audit,1,0,0,0,3.0
citizen_services::GET__citizens_export_replica-2::missing_audit_log,citizen_services,GET /citizens/export/replica-2,missing_audit_log,auditability,audit_obligation,wrong_role,missing_audit,0,0,0,0,3.0
citizen_services::GET__citizens_export_replica-2::missing_audit_log,citizen_services,GET /citizens/export/replica-2,missing_audit_log,auditability,audit_obligation,wrong_jurisdiction,missing_audit,0,0,0,0,3.0
citizen_services::GET__citizens_export_replica-2::missing_audit_log,citizen_services,GET /citizens/export/replica-2,missing_audit_log,auditability,audit_obligation,wrong_purpose,missing_audit,0,0,0,0,3.0
citizen_services::GET__citizens_export_replica-2::missing_audit_log,citizen_services,GET /citizens/export/replica-2,missing_audit_log,auditability,audit_obligation,self_access,missing_audit,1,0,0,0,3.0
citizen_services::GET__citizens_export_replica-2::missing_audit_log,citizen_services,GET /citizens/export/replica-2,missing_audit_log,auditability,audit_obligation,unauthenticated,missing_audit,0,0,0,0,3.0
citizen_services::GET__citizens_export_replica-2::missing_audit_log,citizen_services,GET /citizens/export/replica-2,missing_audit_log,auditability,audit_obligation,sensitive_field_probe,missing_audit,1,0,0,0,3.0
citizen_services::GET__citizens_export_replica-2::missing_audit_log,citizen_services,GET /citizens/export/replica-2,missing_audit_log,auditability,audit_obligation,aggregation_boundary,missing_audit,1,0,0,0,3.0
citizen_services::GET__citizens_export_replica-2::missing_audit_log,citizen_services,GET /citizens/export/replica-2,missing_audit_log,auditability,audit_obligation,deprecated_inventory,missing_audit,1,0,0,0,3.0
citizen_services::GET__citizens_export_replica-2::deprecated_exposed,citizen_services,GET /citizens/export/replica-2,deprecated_exposed,inventory,endpoint_inventory,deprecated_inventory,field_exposure;deprecated_endpoint_exposed,1,3,2,5,15.0
education::GET__students_id_record_replica-2::missing_auth,education,GET /students/{id}/record/replica-2,missing_auth,function_auth,authentication,unauthenticated,unauthorized_allow;field_exposure,1,8,8,5,59.0
education::GET__students_id_record_replica-2::overbroad_role,education,GET /students/{id}/record/replica-2,overbroad_role,function_auth,function_authorization,wrong_role,unauthorized_allow;field_exposure,1,8,8,5,59.0
education::GET__students_id_record_replica-2::missing_object_check,education,GET /students/{id}/record/replica-2,missing_object_check,object_auth,object_scope,wrong_jurisdiction,unauthorized_allow;field_exposure,1,4,4,3,42.0
education::GET__students_id_record_replica-2::jurisdiction_bypass,education,GET /students/{id}/record/replica-2,jurisdiction_bypass,object_auth,jurisdiction_scope,wrong_jurisdiction,unauthorized_allow;field_exposure,1,4,4,3,42.0
education::GET__students_id_record_replica-2::purpose_bypass,education,GET /students/{id}/record/replica-2,purpose_bypass,purpose_scope,purpose_scope,wrong_purpose,unauthorized_allow;field_exposure,1,4,4,3,42.0
education::GET__students_id_record_replica-2::missing_field_filter,education,GET /students/{id}/record/replica-2,missing_field_filter,property_auth,field_minimization,valid,field_exposure,1,4,4,5,17.0
education::GET__students_id_record_replica-2::missing_field_filter,education,GET /students/{id}/record/replica-2,missing_field_filter,property_auth,field_minimization,self_access,field_exposure,1,4,4,5,17.0
education::GET__students_id_record_replica-2::missing_field_filter,education,GET /students/{id}/record/replica-2,missing_field_filter,property_auth,field_minimization,sensitive_field_probe,field_exposure,1,4,4,5,17.0
education::GET__students_id_record_replica-2::missing_field_filter,education,GET /students/{id}/record/replica-2,missing_field_filter,property_auth,field_minimization,aggregation_boundary,field_exposure,1,4,4,5,17.0
education::GET__students_id_record_replica-2::missing_field_filter,education,GET /students/{id}/record/replica-2,missing_field_filter,property_auth,field_minimization,deprecated_inventory,field_exposure,1,4,4,5,17.0
education::GET__students_id_record_replica-2::aggregation_leak,education,GET /students/{id}/record/replica-2,aggregation_leak,property_auth,aggregation_boundary,aggregation_boundary,field_exposure,1,4,4,5,17.0
education::GET__students_id_record_replica-2::missing_audit_log,education,GET /students/{id}/record/replica-2,missing_audit_log,auditability,audit_obligation,valid,missing_audit,1,0,0,0,3.0
education::GET__students_id_record_replica-2::missing_audit_log,education,GET /students/{id}/record/replica-2,missing_audit_log,auditability,audit_obligation,wrong_role,missing_audit,0,0,0,0,3.0
education::GET__students_id_record_replica-2::missing_audit_log,education,GET /students/{id}/record/replica-2,missing_audit_log,auditability,audit_obligation,wrong_jurisdiction,missing_audit,0,0,0,0,3.0
education::GET__students_id_record_replica-2::missing_audit_log,education,GET /students/{id}/record/replica-2,missing_audit_log,auditability,audit_obligation,wrong_purpose,missing_audit,0,0,0,0,3.0
education::GET__students_id_record_replica-2::missing_audit_log,education,GET /students/{id}/record/replica-2,missing_audit_log,auditability,audit_obligation,self_access,missing_audit,1,0,0,0,3.0
education::GET__students_id_record_replica-2::missing_audit_log,education,GET /students/{id}/record/replica-2,missing_audit_log,auditability,audit_obligation,unauthenticated,missing_audit,0,0,0,0,3.0
education::GET__students_id_record_replica-2::missing_audit_log,education,GET /students/{id}/record/replica-2,missing_audit_log,auditability,audit_obligation,sensitive_field_probe,missing_audit,1,0,0,0,3.0
education::GET__students_id_record_replica-2::missing_audit_log,education,GET /students/{id}/record/replica-2,missing_audit_log,auditability,audit_obligation,aggregation_boundary,missing_audit,1,0,0,0,3.0
education::GET__students_id_record_replica-2::missing_audit_log,education,GET /students/{id}/record/replica-2,missing_audit_log,auditability,audit_obligation,deprecated_inventory,missing_audit,1,0,0,0,3.0
education::GET__students_id_record_replica-2::deprecated_exposed,education,GET /students/{id}/record/replica-2,deprecated_exposed,inventory,endpoint_inventory,deprecated_inventory,field_exposure;deprecated_endpoint_exposed,1,4,4,5,21.0
education::GET__classes_id_roster_replica-2::missing_auth,education,GET /classes/{id}/roster/replica-2,missing_auth,function_auth,authentication,unauthenticated,unauthorized_allow;field_exposure,1,8,8,5,59.0
education::GET__classes_id_roster_replica-2::overbroad_role,education,GET /classes/{id}/roster/replica-2,overbroad_role,function_auth,function_authorization,wrong_role,unauthorized_allow;field_exposure,1,8,8,5,59.0
education::GET__classes_id_roster_replica-2::missing_object_check,education,GET /classes/{id}/roster/replica-2,missing_object_check,object_auth,object_scope,wrong_jurisdiction,unauthorized_allow;field_exposure,1,4,4,3,42.0
education::GET__classes_id_roster_replica-2::jurisdiction_bypass,education,GET /classes/{id}/roster/replica-2,jurisdiction_bypass,object_auth,jurisdiction_scope,wrong_jurisdiction,unauthorized_allow;field_exposure,1,4,4,3,42.0
education::GET__classes_id_roster_replica-2::purpose_bypass,education,GET /classes/{id}/roster/replica-2,purpose_bypass,purpose_scope,purpose_scope,wrong_purpose,unauthorized_allow;field_exposure,1,4,4,3,42.0
education::GET__classes_id_roster_replica-2::missing_field_filter,education,GET /classes/{id}/roster/replica-2,missing_field_filter,property_auth,field_minimization,valid,field_exposure,1,4,4,5,17.0
education::GET__classes_id_roster_replica-2::missing_field_filter,education,GET /classes/{id}/roster/replica-2,missing_field_filter,property_auth,field_minimization,self_access,field_exposure,1,4,4,5,17.0
education::GET__classes_id_roster_replica-2::missing_field_filter,education,GET /classes/{id}/roster/replica-2,missing_field_filter,property_auth,field_minimization,sensitive_field_probe,field_exposure,1,4,4,5,17.0
education::GET__classes_id_roster_replica-2::missing_field_filter,education,GET /classes/{id}/roster/replica-2,missing_field_filter,property_auth,field_minimization,aggregation_boundary,field_exposure,1,4,4,5,17.0
education::GET__classes_id_roster_replica-2::missing_field_filter,education,GET /classes/{id}/roster/replica-2,missing_field_filter,property_auth,field_minimization,deprecated_inventory,field_exposure,1,4,4,5,17.0
education::GET__classes_id_roster_replica-2::aggregation_leak,education,GET /classes/{id}/roster/replica-2,aggregation_leak,property_auth,aggregation_boundary,aggregation_boundary,field_exposure,1,4,4,5,17.0
education::GET__classes_id_roster_replica-2::missing_audit_log,education,GET /classes/{id}/roster/replica-2,missing_audit_log,auditability,audit_obligation,valid,missing_audit,1,0,0,0,3.0
education::GET__classes_id_roster_replica-2::missing_audit_log,education,GET /classes/{id}/roster/replica-2,missing_audit_log,auditability,audit_obligation,wrong_role,missing_audit,0,0,0,0,3.0
education::GET__classes_id_roster_replica-2::missing_audit_log,education,GET /classes/{id}/roster/replica-2,missing_audit_log,auditability,audit_obligation,wrong_jurisdiction,missing_audit,0,0,0,0,3.0
education::GET__classes_id_roster_replica-2::missing_audit_log,education,GET /classes/{id}/roster/replica-2,missing_audit_log,auditability,audit_obligation,wrong_purpose,missing_audit,0,0,0,0,3.0
education::GET__classes_id_roster_replica-2::missing_audit_log,education,GET /classes/{id}/roster/replica-2,missing_audit_log,auditability,audit_obligation,self_access,missing_audit,1,0,0,0,3.0
education::GET__classes_id_roster_replica-2::missing_audit_log,education,GET /classes/{id}/roster/replica-2,missing_audit_log,auditability,audit_obligation,unauthenticated,missing_audit,0,0,0,0,3.0
education::GET__classes_id_roster_replica-2::missing_audit_log,education,GET /classes/{id}/roster/replica-2,missing_audit_log,auditability,audit_obligation,sensitive_field_probe,missing_audit,1,0,0,0,3.0
education::GET__classes_id_roster_replica-2::missing_audit_log,education,GET /classes/{id}/roster/replica-2,missing_audit_log,auditability,audit_obligation,aggregation_boundary,missing_audit,1,0,0,0,3.0
education::GET__classes_id_roster_replica-2::missing_audit_log,education,GET /classes/{id}/roster/replica-2,missing_audit_log,auditability,audit_obligation,deprecated_inventory,missing_audit,1,0,0,0,3.0
education::GET__classes_id_roster_replica-2::deprecated_exposed,education,GET /classes/{id}/roster/replica-2,deprecated_exposed,inventory,endpoint_inventory,deprecated_inventory,field_exposure;deprecated_endpoint_exposed,1,4,4,5,21.0
education::GET__discipline_id_replica-2::missing_auth,education,GET /discipline/{id}/replica-2,missing_auth,function_auth,authentication,unauthenticated,unauthorized_allow;field_exposure,1,8,7,5,60.0
education::GET__discipline_id_replica-2::overbroad_role,education,GET /discipline/{id}/replica-2,overbroad_role,function_auth,function_authorization,wrong_role,unauthorized_allow;field_exposure,1,8,7,5,60.0
education::GET__discipline_id_replica-2::missing_object_check,education,GET /discipline/{id}/replica-2,missing_object_check,object_auth,object_scope,wrong_jurisdiction,unauthorized_allow;field_exposure,1,4,4,5,45.0
education::GET__discipline_id_replica-2::jurisdiction_bypass,education,GET /discipline/{id}/replica-2,jurisdiction_bypass,object_auth,jurisdiction_scope,wrong_jurisdiction,unauthorized_allow;field_exposure,1,4,4,5,45.0
education::GET__discipline_id_replica-2::purpose_bypass,education,GET /discipline/{id}/replica-2,purpose_bypass,purpose_scope,purpose_scope,wrong_purpose,unauthorized_allow;field_exposure,1,4,4,5,45.0
education::GET__discipline_id_replica-2::missing_field_filter,education,GET /discipline/{id}/replica-2,missing_field_filter,property_auth,field_minimization,valid,field_exposure,1,4,3,5,15.0
education::GET__discipline_id_replica-2::missing_field_filter,education,GET /discipline/{id}/replica-2,missing_field_filter,property_auth,field_minimization,self_access,field_exposure,1,3,2,5,10.0
education::GET__discipline_id_replica-2::missing_field_filter,education,GET /discipline/{id}/replica-2,missing_field_filter,property_auth,field_minimization,sensitive_field_probe,field_exposure,1,4,3,5,15.0
education::GET__discipline_id_replica-2::missing_field_filter,education,GET /discipline/{id}/replica-2,missing_field_filter,property_auth,field_minimization,aggregation_boundary,field_exposure,1,4,3,5,15.0
education::GET__discipline_id_replica-2::missing_field_filter,education,GET /discipline/{id}/replica-2,missing_field_filter,property_auth,field_minimization,deprecated_inventory,field_exposure,1,4,3,5,15.0
education::GET__discipline_id_replica-2::aggregation_leak,education,GET /discipline/{id}/replica-2,aggregation_leak,property_auth,aggregation_boundary,aggregation_boundary,field_exposure,1,4,3,5,15.0
education::GET__discipline_id_replica-2::missing_audit_log,education,GET /discipline/{id}/replica-2,missing_audit_log,auditability,audit_obligation,valid,missing_audit,1,0,0,0,3.0
education::GET__discipline_id_replica-2::missing_audit_log,education,GET /discipline/{id}/replica-2,missing_audit_log,auditability,audit_obligation,wrong_role,missing_audit,0,0,0,0,3.0
education::GET__discipline_id_replica-2::missing_audit_log,education,GET /discipline/{id}/replica-2,missing_audit_log,auditability,audit_obligation,wrong_jurisdiction,missing_audit,0,0,0,0,3.0
education::GET__discipline_id_replica-2::missing_audit_log,education,GET /discipline/{id}/replica-2,missing_audit_log,auditability,audit_obligation,wrong_purpose,missing_audit,0,0,0,0,3.0
education::GET__discipline_id_replica-2::missing_audit_log,education,GET /discipline/{id}/replica-2,missing_audit_log,auditability,audit_obligation,self_access,missing_audit,1,0,0,0,3.0
education::GET__discipline_id_replica-2::missing_audit_log,education,GET /discipline/{id}/replica-2,missing_audit_log,auditability,audit_obligation,unauthenticated,missing_audit,0,0,0,0,3.0
education::GET__discipline_id_replica-2::missing_audit_log,education,GET /discipline/{id}/replica-2,missing_audit_log,auditability,audit_obligation,sensitive_field_probe,missing_audit,1,0,0,0,3.0
education::GET__discipline_id_replica-2::missing_audit_log,education,GET /discipline/{id}/replica-2,missing_audit_log,auditability,audit_obligation,aggregation_boundary,missing_audit,1,0,0,0,3.0
education::GET__discipline_id_replica-2::missing_audit_log,education,GET /discipline/{id}/replica-2,missing_audit_log,auditability,audit_obligation,deprecated_inventory,missing_audit,1,0,0,0,3.0
education::GET__discipline_id_replica-2::deprecated_exposed,education,GET /discipline/{id}/replica-2,deprecated_exposed,inventory,endpoint_inventory,deprecated_inventory,field_exposure;deprecated_endpoint_exposed,1,4,3,5,19.0
business_licensing::GET__licenses_id_replica-2::missing_auth,business_licensing,GET /licenses/{id}/replica-2,missing_auth,function_auth,authentication,unauthenticated,unauthorized_allow;field_exposure,1,8,3,4,42.0
business_licensing::GET__licenses_id_replica-2::overbroad_role,business_licensing,GET /licenses/{id}/replica-2,overbroad_role,function_auth,function_authorization,wrong_role,unauthorized_allow;field_exposure,1,8,3,4,42.0
business_licensing::GET__licenses_id_replica-2::missing_object_check,business_licensing,GET /licenses/{id}/replica-2,missing_object_check,object_auth,object_scope,wrong_jurisdiction,unauthorized_allow;field_exposure,1,7,2,4,38.0
business_licensing::GET__licenses_id_replica-2::jurisdiction_bypass,business_licensing,GET /licenses/{id}/replica-2,jurisdiction_bypass,object_auth,jurisdiction_scope,wrong_jurisdiction,unauthorized_allow;field_exposure,1,7,2,4,38.0
business_licensing::GET__licenses_id_replica-2::purpose_bypass,business_licensing,GET /licenses/{id}/replica-2,purpose_bypass,purpose_scope,purpose_scope,wrong_purpose,unauthorized_allow;field_exposure,1,7,2,4,38.0
business_licensing::GET__licenses_id_replica-2::missing_field_filter,business_licensing,GET /licenses/{id}/replica-2,missing_field_filter,property_auth,field_minimization,valid,field_exposure,1,1,1,4,4.0
business_licensing::GET__licenses_id_replica-2::missing_field_filter,business_licensing,GET /licenses/{id}/replica-2,missing_field_filter,property_auth,field_minimization,self_access,field_exposure,1,2,1,4,6.0
business_licensing::GET__licenses_id_replica-2::missing_field_filter,business_licensing,GET /licenses/{id}/replica-2,missing_field_filter,property_auth,field_minimization,sensitive_field_probe,field_exposure,1,1,1,4,4.0
business_licensing::GET__licenses_id_replica-2::missing_field_filter,business_licensing,GET /licenses/{id}/replica-2,missing_field_filter,property_auth,field_minimization,aggregation_boundary,field_exposure,1,1,1,4,4.0
business_licensing::GET__licenses_id_replica-2::missing_field_filter,business_licensing,GET /licenses/{id}/replica-2,missing_field_filter,property_auth,field_minimization,deprecated_inventory,field_exposure,1,1,1,4,4.0
business_licensing::GET__licenses_id_replica-2::aggregation_leak,business_licensing,GET /licenses/{id}/replica-2,aggregation_leak,property_auth,aggregation_boundary,aggregation_boundary,field_exposure,1,1,1,4,4.0
business_licensing::GET__licenses_id_replica-2::missing_audit_log,business_licensing,GET /licenses/{id}/replica-2,missing_audit_log,auditability,audit_obligation,valid,missing_audit,1,0,0,0,3.0
business_licensing::GET__licenses_id_replica-2::missing_audit_log,business_licensing,GET /licenses/{id}/replica-2,missing_audit_log,auditability,audit_obligation,wrong_role,missing_audit,0,0,0,0,3.0
business_licensing::GET__licenses_id_replica-2::missing_audit_log,business_licensing,GET /licenses/{id}/replica-2,missing_audit_log,auditability,audit_obligation,wrong_jurisdiction,missing_audit,0,0,0,0,3.0
business_licensing::GET__licenses_id_replica-2::missing_audit_log,business_licensing,GET /licenses/{id}/replica-2,missing_audit_log,auditability,audit_obligation,wrong_purpose,missing_audit,0,0,0,0,3.0
business_licensing::GET__licenses_id_replica-2::missing_audit_log,business_licensing,GET /licenses/{id}/replica-2,missing_audit_log,auditability,audit_obligation,self_access,missing_audit,1,0,0,0,3.0
business_licensing::GET__licenses_id_replica-2::missing_audit_log,business_licensing,GET /licenses/{id}/replica-2,missing_audit_log,auditability,audit_obligation,unauthenticated,missing_audit,0,0,0,0,3.0
business_licensing::GET__licenses_id_replica-2::missing_audit_log,business_licensing,GET /licenses/{id}/replica-2,missing_audit_log,auditability,audit_obligation,sensitive_field_probe,missing_audit,1,0,0,0,3.0
business_licensing::GET__licenses_id_replica-2::missing_audit_log,business_licensing,GET /licenses/{id}/replica-2,missing_audit_log,auditability,audit_obligation,aggregation_boundary,missing_audit,1,0,0,0,3.0
business_licensing::GET__licenses_id_replica-2::missing_audit_log,business_licensing,GET /licenses/{id}/replica-2,missing_audit_log,auditability,audit_obligation,deprecated_inventory,missing_audit,1,0,0,0,3.0
business_licensing::GET__licenses_id_replica-2::deprecated_exposed,business_licensing,GET /licenses/{id}/replica-2,deprecated_exposed,inventory,endpoint_inventory,deprecated_inventory,field_exposure;deprecated_endpoint_exposed,1,1,1,4,8.0
business_licensing::GET__inspections_id_replica-2::missing_auth,business_licensing,GET /inspections/{id}/replica-2,missing_auth,function_auth,authentication,unauthenticated,unauthorized_allow;field_exposure,1,8,3,4,43.0
business_licensing::GET__inspections_id_replica-2::overbroad_role,business_licensing,GET /inspections/{id}/replica-2,overbroad_role,function_auth,function_authorization,wrong_role,unauthorized_allow;field_exposure,1,8,3,4,43.0
business_licensing::GET__inspections_id_replica-2::missing_object_check,business_licensing,GET /inspections/{id}/replica-2,missing_object_check,object_auth,object_scope,wrong_jurisdiction,unauthorized_allow;field_exposure,1,6,2,4,37.0
business_licensing::GET__inspections_id_replica-2::jurisdiction_bypass,business_licensing,GET /inspections/{id}/replica-2,jurisdiction_bypass,object_auth,jurisdiction_scope,wrong_jurisdiction,unauthorized_allow;field_exposure,1,6,2,4,37.0
business_licensing::GET__inspections_id_replica-2::purpose_bypass,business_licensing,GET /inspections/{id}/replica-2,purpose_bypass,purpose_scope,purpose_scope,wrong_purpose,unauthorized_allow;field_exposure,1,6,2,4,37.0
business_licensing::GET__inspections_id_replica-2::missing_field_filter,business_licensing,GET /inspections/{id}/replica-2,missing_field_filter,property_auth,field_minimization,valid,field_exposure,1,2,1,4,6.0
business_licensing::GET__inspections_id_replica-2::missing_field_filter,business_licensing,GET /inspections/{id}/replica-2,missing_field_filter,property_auth,field_minimization,self_access,field_exposure,1,3,2,4,10.0
business_licensing::GET__inspections_id_replica-2::missing_field_filter,business_licensing,GET /inspections/{id}/replica-2,missing_field_filter,property_auth,field_minimization,sensitive_field_probe,field_exposure,1,2,1,4,6.0
business_licensing::GET__inspections_id_replica-2::missing_field_filter,business_licensing,GET /inspections/{id}/replica-2,missing_field_filter,property_auth,field_minimization,aggregation_boundary,field_exposure,1,2,1,4,6.0
business_licensing::GET__inspections_id_replica-2::missing_field_filter,business_licensing,GET /inspections/{id}/replica-2,missing_field_filter,property_auth,field_minimization,deprecated_inventory,field_exposure,1,2,1,4,6.0
business_licensing::GET__inspections_id_replica-2::aggregation_leak,business_licensing,GET /inspections/{id}/replica-2,aggregation_leak,property_auth,aggregation_boundary,aggregation_boundary,field_exposure,1,2,1,4,6.0
business_licensing::GET__inspections_id_replica-2::missing_audit_log,business_licensing,GET /inspections/{id}/replica-2,missing_audit_log,auditability,audit_obligation,valid,missing_audit,1,0,0,0,3.0
business_licensing::GET__inspections_id_replica-2::missing_audit_log,business_licensing,GET /inspections/{id}/replica-2,missing_audit_log,auditability,audit_obligation,wrong_role,missing_audit,0,0,0,0,3.0
business_licensing::GET__inspections_id_replica-2::missing_audit_log,business_licensing,GET /inspections/{id}/replica-2,missing_audit_log,auditability,audit_obligation,wrong_jurisdiction,missing_audit,0,0,0,0,3.0
business_licensing::GET__inspections_id_replica-2::missing_audit_log,business_licensing,GET /inspections/{id}/replica-2,missing_audit_log,auditability,audit_obligation,wrong_purpose,missing_audit,0,0,0,0,3.0
business_licensing::GET__inspections_id_replica-2::missing_audit_log,business_licensing,GET /inspections/{id}/replica-2,missing_audit_log,auditability,audit_obligation,self_access,missing_audit,1,0,0,0,3.0
business_licensing::GET__inspections_id_replica-2::missing_audit_log,business_licensing,GET /inspections/{id}/replica-2,missing_audit_log,auditability,audit_obligation,unauthenticated,missing_audit,0,0,0,0,3.0
business_licensing::GET__inspections_id_replica-2::missing_audit_log,business_licensing,GET /inspections/{id}/replica-2,missing_audit_log,auditability,audit_obligation,sensitive_field_probe,missing_audit,1,0,0,0,3.0
business_licensing::GET__inspections_id_replica-2::missing_audit_log,business_licensing,GET /inspections/{id}/replica-2,missing_audit_log,auditability,audit_obligation,aggregation_boundary,missing_audit,1,0,0,0,3.0
business_licensing::GET__inspections_id_replica-2::missing_audit_log,business_licensing,GET /inspections/{id}/replica-2,missing_audit_log,auditability,audit_obligation,deprecated_inventory,missing_audit,1,0,0,0,3.0
business_licensing::GET__inspections_id_replica-2::deprecated_exposed,business_licensing,GET /inspections/{id}/replica-2,deprecated_exposed,inventory,endpoint_inventory,deprecated_inventory,field_exposure;deprecated_endpoint_exposed,1,2,1,4,10.0
business_licensing::GET__licenses_export_replica-2::missing_auth,business_licensing,GET /licenses/export/replica-2,missing_auth,function_auth,authentication,unauthenticated,unauthorized_allow;field_exposure,1,8,4,4,44.0
business_licensing::GET__licenses_export_replica-2::overbroad_role,business_licensing,GET /licenses/export/replica-2,overbroad_role,function_auth,function_authorization,wrong_role,unauthorized_allow;field_exposure,1,8,4,4,44.0
business_licensing::GET__licenses_export_replica-2::missing_object_check,business_licensing,GET /licenses/export/replica-2,missing_object_check,object_auth,object_scope,wrong_jurisdiction,unauthorized_allow;field_exposure,1,7,3,4,40.0
business_licensing::GET__licenses_export_replica-2::jurisdiction_bypass,business_licensing,GET /licenses/export/replica-2,jurisdiction_bypass,object_auth,jurisdiction_scope,wrong_jurisdiction,unauthorized_allow;field_exposure,1,7,3,4,40.0
business_licensing::GET__licenses_export_replica-2::purpose_bypass,business_licensing,GET /licenses/export/replica-2,purpose_bypass,purpose_scope,purpose_scope,wrong_purpose,unauthorized_allow;field_exposure,1,7,3,4,40.0
business_licensing::GET__licenses_export_replica-2::missing_field_filter,business_licensing,GET /licenses/export/replica-2,missing_field_filter,property_auth,field_minimization,valid,field_exposure,1,1,1,4,4.0
business_licensing::GET__licenses_export_replica-2::missing_field_filter,business_licensing,GET /licenses/export/replica-2,missing_field_filter,property_auth,field_minimization,self_access,field_exposure,1,2,1,4,6.0
business_licensing::GET__licenses_export_replica-2::missing_field_filter,business_licensing,GET /licenses/export/replica-2,missing_field_filter,property_auth,field_minimization,sensitive_field_probe,field_exposure,1,1,1,4,4.0
business_licensing::GET__licenses_export_replica-2::missing_field_filter,business_licensing,GET /licenses/export/replica-2,missing_field_filter,property_auth,field_minimization,aggregation_boundary,field_exposure,1,1,1,4,4.0
business_licensing::GET__licenses_export_replica-2::missing_field_filter,business_licensing,GET /licenses/export/replica-2,missing_field_filter,property_auth,field_minimization,deprecated_inventory,field_exposure,1,1,1,4,4.0
business_licensing::GET__licenses_export_replica-2::aggregation_leak,business_licensing,GET /licenses/export/replica-2,aggregation_leak,property_auth,aggregation_boundary,aggregation_boundary,field_exposure,1,1,1,4,4.0
business_licensing::GET__licenses_export_replica-2::missing_audit_log,business_licensing,GET /licenses/export/replica-2,missing_audit_log,auditability,audit_obligation,valid,missing_audit,1,0,0,0,3.0
business_licensing::GET__licenses_export_replica-2::missing_audit_log,business_licensing,GET /licenses/export/replica-2,missing_audit_log,auditability,audit_obligation,wrong_role,missing_audit,0,0,0,0,3.0
business_licensing::GET__licenses_export_replica-2::missing_audit_log,business_licensing,GET /licenses/export/replica-2,missing_audit_log,auditability,audit_obligation,wrong_jurisdiction,missing_audit,0,0,0,0,3.0
business_licensing::GET__licenses_export_replica-2::missing_audit_log,business_licensing,GET /licenses/export/replica-2,missing_audit_log,auditability,audit_obligation,wrong_purpose,missing_audit,0,0,0,0,3.0
business_licensing::GET__licenses_export_replica-2::missing_audit_log,business_licensing,GET /licenses/export/replica-2,missing_audit_log,auditability,audit_obligation,self_access,missing_audit,1,0,0,0,3.0
business_licensing::GET__licenses_export_replica-2::missing_audit_log,business_licensing,GET /licenses/export/replica-2,missing_audit_log,auditability,audit_obligation,unauthenticated,missing_audit,0,0,0,0,3.0
business_licensing::GET__licenses_export_replica-2::missing_audit_log,business_licensing,GET /licenses/export/replica-2,missing_audit_log,auditability,audit_obligation,sensitive_field_probe,missing_audit,1,0,0,0,3.0
business_licensing::GET__licenses_export_replica-2::missing_audit_log,business_licensing,GET /licenses/export/replica-2,missing_audit_log,auditability,audit_obligation,aggregation_boundary,missing_audit,1,0,0,0,3.0
business_licensing::GET__licenses_export_replica-2::missing_audit_log,business_licensing,GET /licenses/export/replica-2,missing_audit_log,auditability,audit_obligation,deprecated_inventory,missing_audit,1,0,0,0,3.0
business_licensing::GET__licenses_export_replica-2::deprecated_exposed,business_licensing,GET /licenses/export/replica-2,deprecated_exposed,inventory,endpoint_inventory,deprecated_inventory,field_exposure;deprecated_endpoint_exposed,1,1,1,4,8.0
health::GET__patients_id_replica-3::missing_auth,health,GET /patients/{id}/replica-3,missing_auth,function_auth,authentication,unauthenticated,unauthorized_allow;field_exposure,1,8,8,5,61.0
health::GET__patients_id_replica-3::overbroad_role,health,GET /patients/{id}/replica-3,overbroad_role,function_auth,function_authorization,wrong_role,unauthorized_allow;field_exposure,1,8,8,5,61.0
health::GET__patients_id_replica-3::missing_object_check,health,GET /patients/{id}/replica-3,missing_object_check,object_auth,object_scope,wrong_jurisdiction,unauthorized_allow;field_exposure,1,7,7,5,57.0
health::GET__patients_id_replica-3::jurisdiction_bypass,health,GET /patients/{id}/replica-3,jurisdiction_bypass,object_auth,jurisdiction_scope,wrong_jurisdiction,unauthorized_allow;field_exposure,1,7,7,5,57.0
health::GET__patients_id_replica-3::purpose_bypass,health,GET /patients/{id}/replica-3,purpose_bypass,purpose_scope,purpose_scope,wrong_purpose,unauthorized_allow;field_exposure,1,7,7,5,57.0
health::GET__patients_id_replica-3::missing_field_filter,health,GET /patients/{id}/replica-3,missing_field_filter,property_auth,field_minimization,valid,field_exposure,1,1,1,4,4.0
health::GET__patients_id_replica-3::missing_field_filter,health,GET /patients/{id}/replica-3,missing_field_filter,property_auth,field_minimization,sensitive_field_probe,field_exposure,1,1,1,4,4.0
health::GET__patients_id_replica-3::missing_field_filter,health,GET /patients/{id}/replica-3,missing_field_filter,property_auth,field_minimization,aggregation_boundary,field_exposure,1,1,1,4,4.0
health::GET__patients_id_replica-3::missing_field_filter,health,GET /patients/{id}/replica-3,missing_field_filter,property_auth,field_minimization,deprecated_inventory,field_exposure,1,1,1,4,4.0
health::GET__patients_id_replica-3::aggregation_leak,health,GET /patients/{id}/replica-3,aggregation_leak,property_auth,aggregation_boundary,aggregation_boundary,field_exposure,1,1,1,4,4.0
health::GET__patients_id_replica-3::missing_audit_log,health,GET /patients/{id}/replica-3,missing_audit_log,auditability,audit_obligation,valid,missing_audit,1,0,0,0,3.0
health::GET__patients_id_replica-3::missing_audit_log,health,GET /patients/{id}/replica-3,missing_audit_log,auditability,audit_obligation,wrong_role,missing_audit,0,0,0,0,3.0
health::GET__patients_id_replica-3::missing_audit_log,health,GET /patients/{id}/replica-3,missing_audit_log,auditability,audit_obligation,wrong_jurisdiction,missing_audit,0,0,0,0,3.0
health::GET__patients_id_replica-3::missing_audit_log,health,GET /patients/{id}/replica-3,missing_audit_log,auditability,audit_obligation,wrong_purpose,missing_audit,0,0,0,0,3.0
health::GET__patients_id_replica-3::missing_audit_log,health,GET /patients/{id}/replica-3,missing_audit_log,auditability,audit_obligation,self_access,missing_audit,1,0,0,0,3.0
health::GET__patients_id_replica-3::missing_audit_log,health,GET /patients/{id}/replica-3,missing_audit_log,auditability,audit_obligation,unauthenticated,missing_audit,0,0,0,0,3.0
health::GET__patients_id_replica-3::missing_audit_log,health,GET /patients/{id}/replica-3,missing_audit_log,auditability,audit_obligation,sensitive_field_probe,missing_audit,1,0,0,0,3.0
health::GET__patients_id_replica-3::missing_audit_log,health,GET /patients/{id}/replica-3,missing_audit_log,auditability,audit_obligation,aggregation_boundary,missing_audit,1,0,0,0,3.0
health::GET__patients_id_replica-3::missing_audit_log,health,GET /patients/{id}/replica-3,missing_audit_log,auditability,audit_obligation,deprecated_inventory,missing_audit,1,0,0,0,3.0
health::GET__patients_id_replica-3::deprecated_exposed,health,GET /patients/{id}/replica-3,deprecated_exposed,inventory,endpoint_inventory,deprecated_inventory,field_exposure;deprecated_endpoint_exposed,1,1,1,4,8.0
health::GET__encounters_id_replica-3::missing_auth,health,GET /encounters/{id}/replica-3,missing_auth,function_auth,authentication,unauthenticated,unauthorized_allow;field_exposure,1,8,7,5,61.0
health::GET__encounters_id_replica-3::overbroad_role,health,GET /encounters/{id}/replica-3,overbroad_role,function_auth,function_authorization,wrong_role,unauthorized_allow;field_exposure,1,8,7,5,61.0
health::GET__encounters_id_replica-3::missing_object_check,health,GET /encounters/{id}/replica-3,missing_object_check,object_auth,object_scope,wrong_jurisdiction,unauthorized_allow;field_exposure,1,6,5,5,53.0
health::GET__encounters_id_replica-3::jurisdiction_bypass,health,GET /encounters/{id}/replica-3,jurisdiction_bypass,object_auth,jurisdiction_scope,wrong_jurisdiction,unauthorized_allow;field_exposure,1,6,5,5,53.0
health::GET__encounters_id_replica-3::purpose_bypass,health,GET /encounters/{id}/replica-3,purpose_bypass,purpose_scope,purpose_scope,wrong_purpose,unauthorized_allow;field_exposure,1,6,5,5,53.0
health::GET__encounters_id_replica-3::missing_field_filter,health,GET /encounters/{id}/replica-3,missing_field_filter,property_auth,field_minimization,valid,field_exposure,1,2,2,4,8.0
health::GET__encounters_id_replica-3::missing_field_filter,health,GET /encounters/{id}/replica-3,missing_field_filter,property_auth,field_minimization,self_access,field_exposure,1,1,0,2,2.0
health::GET__encounters_id_replica-3::missing_field_filter,health,GET /encounters/{id}/replica-3,missing_field_filter,property_auth,field_minimization,sensitive_field_probe,field_exposure,1,2,2,4,8.0
health::GET__encounters_id_replica-3::missing_field_filter,health,GET /encounters/{id}/replica-3,missing_field_filter,property_auth,field_minimization,aggregation_boundary,field_exposure,1,2,2,4,8.0
health::GET__encounters_id_replica-3::missing_field_filter,health,GET /encounters/{id}/replica-3,missing_field_filter,property_auth,field_minimization,deprecated_inventory,field_exposure,1,2,2,4,8.0
health::GET__encounters_id_replica-3::aggregation_leak,health,GET /encounters/{id}/replica-3,aggregation_leak,property_auth,aggregation_boundary,aggregation_boundary,field_exposure,1,2,2,4,8.0
health::GET__encounters_id_replica-3::missing_audit_log,health,GET /encounters/{id}/replica-3,missing_audit_log,auditability,audit_obligation,valid,missing_audit,1,0,0,0,3.0
health::GET__encounters_id_replica-3::missing_audit_log,health,GET /encounters/{id}/replica-3,missing_audit_log,auditability,audit_obligation,wrong_role,missing_audit,0,0,0,0,3.0
health::GET__encounters_id_replica-3::missing_audit_log,health,GET /encounters/{id}/replica-3,missing_audit_log,auditability,audit_obligation,wrong_jurisdiction,missing_audit,0,0,0,0,3.0
health::GET__encounters_id_replica-3::missing_audit_log,health,GET /encounters/{id}/replica-3,missing_audit_log,auditability,audit_obligation,wrong_purpose,missing_audit,0,0,0,0,3.0
health::GET__encounters_id_replica-3::missing_audit_log,health,GET /encounters/{id}/replica-3,missing_audit_log,auditability,audit_obligation,self_access,missing_audit,1,0,0,0,3.0
health::GET__encounters_id_replica-3::missing_audit_log,health,GET /encounters/{id}/replica-3,missing_audit_log,auditability,audit_obligation,unauthenticated,missing_audit,0,0,0,0,3.0
health::GET__encounters_id_replica-3::missing_audit_log,health,GET /encounters/{id}/replica-3,missing_audit_log,auditability,audit_obligation,sensitive_field_probe,missing_audit,1,0,0,0,3.0
health::GET__encounters_id_replica-3::missing_audit_log,health,GET /encounters/{id}/replica-3,missing_audit_log,auditability,audit_obligation,aggregation_boundary,missing_audit,1,0,0,0,3.0
health::GET__encounters_id_replica-3::missing_audit_log,health,GET /encounters/{id}/replica-3,missing_audit_log,auditability,audit_obligation,deprecated_inventory,missing_audit,1,0,0,0,3.0
health::GET__encounters_id_replica-3::deprecated_exposed,health,GET /encounters/{id}/replica-3,deprecated_exposed,inventory,endpoint_inventory,deprecated_inventory,field_exposure;deprecated_endpoint_exposed,1,2,2,4,12.0
health::GET__patients_search_replica-3::missing_auth,health,GET /patients/search/replica-3,missing_auth,function_auth,authentication,unauthenticated,unauthorized_allow;field_exposure,1,8,8,5,60.0
health::GET__patients_search_replica-3::overbroad_role,health,GET /patients/search/replica-3,overbroad_role,function_auth,function_authorization,wrong_role,unauthorized_allow;field_exposure,1,8,8,5,60.0
health::GET__patients_search_replica-3::missing_object_check,health,GET /patients/search/replica-3,missing_object_check,object_auth,object_scope,wrong_jurisdiction,unauthorized_allow;field_exposure,1,7,7,5,56.0
health::GET__patients_search_replica-3::jurisdiction_bypass,health,GET /patients/search/replica-3,jurisdiction_bypass,object_auth,jurisdiction_scope,wrong_jurisdiction,unauthorized_allow;field_exposure,1,7,7,5,56.0
health::GET__patients_search_replica-3::purpose_bypass,health,GET /patients/search/replica-3,purpose_bypass,purpose_scope,purpose_scope,wrong_purpose,unauthorized_allow;field_exposure,1,7,7,5,56.0
health::GET__patients_search_replica-3::missing_field_filter,health,GET /patients/search/replica-3,missing_field_filter,property_auth,field_minimization,valid,field_exposure,1,1,1,4,4.0
health::GET__patients_search_replica-3::missing_field_filter,health,GET /patients/search/replica-3,missing_field_filter,property_auth,field_minimization,sensitive_field_probe,field_exposure,1,1,1,4,4.0
health::GET__patients_search_replica-3::missing_field_filter,health,GET /patients/search/replica-3,missing_field_filter,property_auth,field_minimization,aggregation_boundary,field_exposure,1,1,1,4,4.0
health::GET__patients_search_replica-3::missing_field_filter,health,GET /patients/search/replica-3,missing_field_filter,property_auth,field_minimization,deprecated_inventory,field_exposure,1,1,1,4,4.0
health::GET__patients_search_replica-3::aggregation_leak,health,GET /patients/search/replica-3,aggregation_leak,property_auth,aggregation_boundary,aggregation_boundary,field_exposure,1,1,1,4,4.0
health::GET__patients_search_replica-3::missing_audit_log,health,GET /patients/search/replica-3,missing_audit_log,auditability,audit_obligation,valid,missing_audit,1,0,0,0,3.0
health::GET__patients_search_replica-3::missing_audit_log,health,GET /patients/search/replica-3,missing_audit_log,auditability,audit_obligation,wrong_role,missing_audit,0,0,0,0,3.0
health::GET__patients_search_replica-3::missing_audit_log,health,GET /patients/search/replica-3,missing_audit_log,auditability,audit_obligation,wrong_jurisdiction,missing_audit,0,0,0,0,3.0
health::GET__patients_search_replica-3::missing_audit_log,health,GET /patients/search/replica-3,missing_audit_log,auditability,audit_obligation,wrong_purpose,missing_audit,0,0,0,0,3.0
health::GET__patients_search_replica-3::missing_audit_log,health,GET /patients/search/replica-3,missing_audit_log,auditability,audit_obligation,self_access,missing_audit,1,0,0,0,3.0
health::GET__patients_search_replica-3::missing_audit_log,health,GET /patients/search/replica-3,missing_audit_log,auditability,audit_obligation,unauthenticated,missing_audit,0,0,0,0,3.0
health::GET__patients_search_replica-3::missing_audit_log,health,GET /patients/search/replica-3,missing_audit_log,auditability,audit_obligation,sensitive_field_probe,missing_audit,1,0,0,0,3.0
health::GET__patients_search_replica-3::missing_audit_log,health,GET /patients/search/replica-3,missing_audit_log,auditability,audit_obligation,aggregation_boundary,missing_audit,1,0,0,0,3.0
health::GET__patients_search_replica-3::missing_audit_log,health,GET /patients/search/replica-3,missing_audit_log,auditability,audit_obligation,deprecated_inventory,missing_audit,1,0,0,0,3.0
health::GET__patients_search_replica-3::deprecated_exposed,health,GET /patients/search/replica-3,deprecated_exposed,inventory,endpoint_inventory,deprecated_inventory,field_exposure;deprecated_endpoint_exposed,1,1,1,4,8.0
citizen_services::GET__citizens_id_replica-3::missing_auth,citizen_services,GET /citizens/{id}/replica-3,missing_auth,function_auth,authentication,unauthenticated,unauthorized_allow;field_exposure,1,8,7,5,58.0
citizen_services::GET__citizens_id_replica-3::overbroad_role,citizen_services,GET /citizens/{id}/replica-3,overbroad_role,function_auth,function_authorization,wrong_role,unauthorized_allow;field_exposure,1,8,7,5,58.0
citizen_services::GET__citizens_id_replica-3::missing_object_check,citizen_services,GET /citizens/{id}/replica-3,missing_object_check,object_auth,object_scope,wrong_jurisdiction,unauthorized_allow;field_exposure,1,5,5,4,47.0
citizen_services::GET__citizens_id_replica-3::jurisdiction_bypass,citizen_services,GET /citizens/{id}/replica-3,jurisdiction_bypass,object_auth,jurisdiction_scope,wrong_jurisdiction,unauthorized_allow;field_exposure,1,5,5,4,47.0
citizen_services::GET__citizens_id_replica-3::purpose_bypass,citizen_services,GET /citizens/{id}/replica-3,purpose_bypass,purpose_scope,purpose_scope,wrong_purpose,unauthorized_allow;field_exposure,1,5,5,4,47.0
citizen_services::GET__citizens_id_replica-3::missing_field_filter,citizen_services,GET /citizens/{id}/replica-3,missing_field_filter,property_auth,field_minimization,valid,field_exposure,1,3,2,5,11.0
citizen_services::GET__citizens_id_replica-3::missing_field_filter,citizen_services,GET /citizens/{id}/replica-3,missing_field_filter,property_auth,field_minimization,self_access,field_exposure,1,3,2,5,11.0
citizen_services::GET__citizens_id_replica-3::missing_field_filter,citizen_services,GET /citizens/{id}/replica-3,missing_field_filter,property_auth,field_minimization,sensitive_field_probe,field_exposure,1,3,2,5,11.0
citizen_services::GET__citizens_id_replica-3::missing_field_filter,citizen_services,GET /citizens/{id}/replica-3,missing_field_filter,property_auth,field_minimization,aggregation_boundary,field_exposure,1,3,2,5,11.0
citizen_services::GET__citizens_id_replica-3::missing_field_filter,citizen_services,GET /citizens/{id}/replica-3,missing_field_filter,property_auth,field_minimization,deprecated_inventory,field_exposure,1,3,2,5,11.0
citizen_services::GET__citizens_id_replica-3::aggregation_leak,citizen_services,GET /citizens/{id}/replica-3,aggregation_leak,property_auth,aggregation_boundary,aggregation_boundary,field_exposure,1,3,2,5,11.0
citizen_services::GET__citizens_id_replica-3::missing_audit_log,citizen_services,GET /citizens/{id}/replica-3,missing_audit_log,auditability,audit_obligation,valid,missing_audit,1,0,0,0,3.0
citizen_services::GET__citizens_id_replica-3::missing_audit_log,citizen_services,GET /citizens/{id}/replica-3,missing_audit_log,auditability,audit_obligation,wrong_role,missing_audit,0,0,0,0,3.0
citizen_services::GET__citizens_id_replica-3::missing_audit_log,citizen_services,GET /citizens/{id}/replica-3,missing_audit_log,auditability,audit_obligation,wrong_jurisdiction,missing_audit,0,0,0,0,3.0
citizen_services::GET__citizens_id_replica-3::missing_audit_log,citizen_services,GET /citizens/{id}/replica-3,missing_audit_log,auditability,audit_obligation,wrong_purpose,missing_audit,0,0,0,0,3.0
citizen_services::GET__citizens_id_replica-3::missing_audit_log,citizen_services,GET /citizens/{id}/replica-3,missing_audit_log,auditability,audit_obligation,self_access,missing_audit,1,0,0,0,3.0
citizen_services::GET__citizens_id_replica-3::missing_audit_log,citizen_services,GET /citizens/{id}/replica-3,missing_audit_log,auditability,audit_obligation,unauthenticated,missing_audit,0,0,0,0,3.0
citizen_services::GET__citizens_id_replica-3::missing_audit_log,citizen_services,GET /citizens/{id}/replica-3,missing_audit_log,auditability,audit_obligation,sensitive_field_probe,missing_audit,1,0,0,0,3.0
citizen_services::GET__citizens_id_replica-3::missing_audit_log,citizen_services,GET /citizens/{id}/replica-3,missing_audit_log,auditability,audit_obligation,aggregation_boundary,missing_audit,1,0,0,0,3.0
citizen_services::GET__citizens_id_replica-3::missing_audit_log,citizen_services,GET /citizens/{id}/replica-3,missing_audit_log,auditability,audit_obligation,deprecated_inventory,missing_audit,1,0,0,0,3.0
citizen_services::GET__citizens_id_replica-3::deprecated_exposed,citizen_services,GET /citizens/{id}/replica-3,deprecated_exposed,inventory,endpoint_inventory,deprecated_inventory,field_exposure;deprecated_endpoint_exposed,1,3,2,5,15.0
citizen_services::GET__benefits_id_replica-3::missing_auth,citizen_services,GET /benefits/{id}/replica-3,missing_auth,function_auth,authentication,unauthenticated,unauthorized_allow;field_exposure,1,8,6,5,57.0
citizen_services::GET__benefits_id_replica-3::overbroad_role,citizen_services,GET /benefits/{id}/replica-3,overbroad_role,function_auth,function_authorization,wrong_role,unauthorized_allow;field_exposure,1,8,6,5,57.0
citizen_services::GET__benefits_id_replica-3::missing_object_check,citizen_services,GET /benefits/{id}/replica-3,missing_object_check,object_auth,object_scope,wrong_jurisdiction,unauthorized_allow;field_exposure,1,5,5,4,48.0
citizen_services::GET__benefits_id_replica-3::jurisdiction_bypass,citizen_services,GET /benefits/{id}/replica-3,jurisdiction_bypass,object_auth,jurisdiction_scope,wrong_jurisdiction,unauthorized_allow;field_exposure,1,5,5,4,48.0
citizen_services::GET__benefits_id_replica-3::purpose_bypass,citizen_services,GET /benefits/{id}/replica-3,purpose_bypass,purpose_scope,purpose_scope,wrong_purpose,unauthorized_allow;field_exposure,1,5,5,4,48.0
citizen_services::GET__benefits_id_replica-3::missing_field_filter,citizen_services,GET /benefits/{id}/replica-3,missing_field_filter,property_auth,field_minimization,valid,field_exposure,1,3,1,5,9.0
citizen_services::GET__benefits_id_replica-3::missing_field_filter,citizen_services,GET /benefits/{id}/replica-3,missing_field_filter,property_auth,field_minimization,self_access,field_exposure,1,2,1,5,7.0
citizen_services::GET__benefits_id_replica-3::missing_field_filter,citizen_services,GET /benefits/{id}/replica-3,missing_field_filter,property_auth,field_minimization,sensitive_field_probe,field_exposure,1,3,1,5,9.0
citizen_services::GET__benefits_id_replica-3::missing_field_filter,citizen_services,GET /benefits/{id}/replica-3,missing_field_filter,property_auth,field_minimization,aggregation_boundary,field_exposure,1,3,1,5,9.0
citizen_services::GET__benefits_id_replica-3::missing_field_filter,citizen_services,GET /benefits/{id}/replica-3,missing_field_filter,property_auth,field_minimization,deprecated_inventory,field_exposure,1,3,1,5,9.0
citizen_services::GET__benefits_id_replica-3::aggregation_leak,citizen_services,GET /benefits/{id}/replica-3,aggregation_leak,property_auth,aggregation_boundary,aggregation_boundary,field_exposure,1,3,1,5,9.0
citizen_services::GET__benefits_id_replica-3::missing_audit_log,citizen_services,GET /benefits/{id}/replica-3,missing_audit_log,auditability,audit_obligation,valid,missing_audit,1,0,0,0,3.0
citizen_services::GET__benefits_id_replica-3::missing_audit_log,citizen_services,GET /benefits/{id}/replica-3,missing_audit_log,auditability,audit_obligation,wrong_role,missing_audit,0,0,0,0,3.0
citizen_services::GET__benefits_id_replica-3::missing_audit_log,citizen_services,GET /benefits/{id}/replica-3,missing_audit_log,auditability,audit_obligation,wrong_jurisdiction,missing_audit,0,0,0,0,3.0
citizen_services::GET__benefits_id_replica-3::missing_audit_log,citizen_services,GET /benefits/{id}/replica-3,missing_audit_log,auditability,audit_obligation,wrong_purpose,missing_audit,0,0,0,0,3.0
citizen_services::GET__benefits_id_replica-3::missing_audit_log,citizen_services,GET /benefits/{id}/replica-3,missing_audit_log,auditability,audit_obligation,self_access,missing_audit,1,0,0,0,3.0
citizen_services::GET__benefits_id_replica-3::missing_audit_log,citizen_services,GET /benefits/{id}/replica-3,missing_audit_log,auditability,audit_obligation,unauthenticated,missing_audit,0,0,0,0,3.0
citizen_services::GET__benefits_id_replica-3::missing_audit_log,citizen_services,GET /benefits/{id}/replica-3,missing_audit_log,auditability,audit_obligation,sensitive_field_probe,missing_audit,1,0,0,0,3.0
citizen_services::GET__benefits_id_replica-3::missing_audit_log,citizen_services,GET /benefits/{id}/replica-3,missing_audit_log,auditability,audit_obligation,aggregation_boundary,missing_audit,1,0,0,0,3.0
citizen_services::GET__benefits_id_replica-3::missing_audit_log,citizen_services,GET /benefits/{id}/replica-3,missing_audit_log,auditability,audit_obligation,deprecated_inventory,missing_audit,1,0,0,0,3.0
citizen_services::GET__benefits_id_replica-3::deprecated_exposed,citizen_services,GET /benefits/{id}/replica-3,deprecated_exposed,inventory,endpoint_inventory,deprecated_inventory,field_exposure;deprecated_endpoint_exposed,1,3,1,5,13.0
citizen_services::GET__citizens_export_replica-3::missing_auth,citizen_services,GET /citizens/export/replica-3,missing_auth,function_auth,authentication,unauthenticated,unauthorized_allow;field_exposure,1,8,7,5,59.0
citizen_services::GET__citizens_export_replica-3::overbroad_role,citizen_services,GET /citizens/export/replica-3,overbroad_role,function_auth,function_authorization,wrong_role,unauthorized_allow;field_exposure,1,8,7,5,59.0
citizen_services::GET__citizens_export_replica-3::missing_object_check,citizen_services,GET /citizens/export/replica-3,missing_object_check,object_auth,object_scope,wrong_jurisdiction,unauthorized_allow;field_exposure,1,5,5,4,48.0
citizen_services::GET__citizens_export_replica-3::jurisdiction_bypass,citizen_services,GET /citizens/export/replica-3,jurisdiction_bypass,object_auth,jurisdiction_scope,wrong_jurisdiction,unauthorized_allow;field_exposure,1,5,5,4,48.0
citizen_services::GET__citizens_export_replica-3::purpose_bypass,citizen_services,GET /citizens/export/replica-3,purpose_bypass,purpose_scope,purpose_scope,wrong_purpose,unauthorized_allow;field_exposure,1,5,5,4,48.0
citizen_services::GET__citizens_export_replica-3::missing_field_filter,citizen_services,GET /citizens/export/replica-3,missing_field_filter,property_auth,field_minimization,valid,field_exposure,1,3,2,5,11.0
citizen_services::GET__citizens_export_replica-3::missing_field_filter,citizen_services,GET /citizens/export/replica-3,missing_field_filter,property_auth,field_minimization,self_access,field_exposure,1,3,2,5,11.0
citizen_services::GET__citizens_export_replica-3::missing_field_filter,citizen_services,GET /citizens/export/replica-3,missing_field_filter,property_auth,field_minimization,sensitive_field_probe,field_exposure,1,3,2,5,11.0
citizen_services::GET__citizens_export_replica-3::missing_field_filter,citizen_services,GET /citizens/export/replica-3,missing_field_filter,property_auth,field_minimization,aggregation_boundary,field_exposure,1,3,2,5,11.0
citizen_services::GET__citizens_export_replica-3::missing_field_filter,citizen_services,GET /citizens/export/replica-3,missing_field_filter,property_auth,field_minimization,deprecated_inventory,field_exposure,1,3,2,5,11.0
citizen_services::GET__citizens_export_replica-3::aggregation_leak,citizen_services,GET /citizens/export/replica-3,aggregation_leak,property_auth,aggregation_boundary,aggregation_boundary,field_exposure,1,3,2,5,11.0
citizen_services::GET__citizens_export_replica-3::missing_audit_log,citizen_services,GET /citizens/export/replica-3,missing_audit_log,auditability,audit_obligation,valid,missing_audit,1,0,0,0,3.0
citizen_services::GET__citizens_export_replica-3::missing_audit_log,citizen_services,GET /citizens/export/replica-3,missing_audit_log,auditability,audit_obligation,wrong_role,missing_audit,0,0,0,0,3.0
citizen_services::GET__citizens_export_replica-3::missing_audit_log,citizen_services,GET /citizens/export/replica-3,missing_audit_log,auditability,audit_obligation,wrong_jurisdiction,missing_audit,0,0,0,0,3.0
citizen_services::GET__citizens_export_replica-3::missing_audit_log,citizen_services,GET /citizens/export/replica-3,missing_audit_log,auditability,audit_obligation,wrong_purpose,missing_audit,0,0,0,0,3.0
citizen_services::GET__citizens_export_replica-3::missing_audit_log,citizen_services,GET /citizens/export/replica-3,missing_audit_log,auditability,audit_obligation,self_access,missing_audit,1,0,0,0,3.0
citizen_services::GET__citizens_export_replica-3::missing_audit_log,citizen_services,GET /citizens/export/replica-3,missing_audit_log,auditability,audit_obligation,unauthenticated,missing_audit,0,0,0,0,3.0
citizen_services::GET__citizens_export_replica-3::missing_audit_log,citizen_services,GET /citizens/export/replica-3,missing_audit_log,auditability,audit_obligation,sensitive_field_probe,missing_audit,1,0,0,0,3.0
citizen_services::GET__citizens_export_replica-3::missing_audit_log,citizen_services,GET /citizens/export/replica-3,missing_audit_log,auditability,audit_obligation,aggregation_boundary,missing_audit,1,0,0,0,3.0
citizen_services::GET__citizens_export_replica-3::missing_audit_log,citizen_services,GET /citizens/export/replica-3,missing_audit_log,auditability,audit_obligation,deprecated_inventory,missing_audit,1,0,0,0,3.0
citizen_services::GET__citizens_export_replica-3::deprecated_exposed,citizen_services,GET /citizens/export/replica-3,deprecated_exposed,inventory,endpoint_inventory,deprecated_inventory,field_exposure;deprecated_endpoint_exposed,1,3,2,5,15.0
education::GET__students_id_record_replica-3::missing_auth,education,GET /students/{id}/record/replica-3,missing_auth,function_auth,authentication,unauthenticated,unauthorized_allow;field_exposure,1,8,8,5,59.0
education::GET__students_id_record_replica-3::overbroad_role,education,GET /students/{id}/record/replica-3,overbroad_role,function_auth,function_authorization,wrong_role,unauthorized_allow;field_exposure,1,8,8,5,59.0
education::GET__students_id_record_replica-3::missing_object_check,education,GET /students/{id}/record/replica-3,missing_object_check,object_auth,object_scope,wrong_jurisdiction,unauthorized_allow;field_exposure,1,4,4,3,42.0
education::GET__students_id_record_replica-3::jurisdiction_bypass,education,GET /students/{id}/record/replica-3,jurisdiction_bypass,object_auth,jurisdiction_scope,wrong_jurisdiction,unauthorized_allow;field_exposure,1,4,4,3,42.0
education::GET__students_id_record_replica-3::purpose_bypass,education,GET /students/{id}/record/replica-3,purpose_bypass,purpose_scope,purpose_scope,wrong_purpose,unauthorized_allow;field_exposure,1,4,4,3,42.0
education::GET__students_id_record_replica-3::missing_field_filter,education,GET /students/{id}/record/replica-3,missing_field_filter,property_auth,field_minimization,valid,field_exposure,1,4,4,5,17.0
education::GET__students_id_record_replica-3::missing_field_filter,education,GET /students/{id}/record/replica-3,missing_field_filter,property_auth,field_minimization,self_access,field_exposure,1,4,4,5,17.0
education::GET__students_id_record_replica-3::missing_field_filter,education,GET /students/{id}/record/replica-3,missing_field_filter,property_auth,field_minimization,sensitive_field_probe,field_exposure,1,4,4,5,17.0
education::GET__students_id_record_replica-3::missing_field_filter,education,GET /students/{id}/record/replica-3,missing_field_filter,property_auth,field_minimization,aggregation_boundary,field_exposure,1,4,4,5,17.0
education::GET__students_id_record_replica-3::missing_field_filter,education,GET /students/{id}/record/replica-3,missing_field_filter,property_auth,field_minimization,deprecated_inventory,field_exposure,1,4,4,5,17.0
education::GET__students_id_record_replica-3::aggregation_leak,education,GET /students/{id}/record/replica-3,aggregation_leak,property_auth,aggregation_boundary,aggregation_boundary,field_exposure,1,4,4,5,17.0
education::GET__students_id_record_replica-3::missing_audit_log,education,GET /students/{id}/record/replica-3,missing_audit_log,auditability,audit_obligation,valid,missing_audit,1,0,0,0,3.0
education::GET__students_id_record_replica-3::missing_audit_log,education,GET /students/{id}/record/replica-3,missing_audit_log,auditability,audit_obligation,wrong_role,missing_audit,0,0,0,0,3.0
education::GET__students_id_record_replica-3::missing_audit_log,education,GET /students/{id}/record/replica-3,missing_audit_log,auditability,audit_obligation,wrong_jurisdiction,missing_audit,0,0,0,0,3.0
education::GET__students_id_record_replica-3::missing_audit_log,education,GET /students/{id}/record/replica-3,missing_audit_log,auditability,audit_obligation,wrong_purpose,missing_audit,0,0,0,0,3.0
education::GET__students_id_record_replica-3::missing_audit_log,education,GET /students/{id}/record/replica-3,missing_audit_log,auditability,audit_obligation,self_access,missing_audit,1,0,0,0,3.0
education::GET__students_id_record_replica-3::missing_audit_log,education,GET /students/{id}/record/replica-3,missing_audit_log,auditability,audit_obligation,unauthenticated,missing_audit,0,0,0,0,3.0
education::GET__students_id_record_replica-3::missing_audit_log,education,GET /students/{id}/record/replica-3,missing_audit_log,auditability,audit_obligation,sensitive_field_probe,missing_audit,1,0,0,0,3.0
education::GET__students_id_record_replica-3::missing_audit_log,education,GET /students/{id}/record/replica-3,missing_audit_log,auditability,audit_obligation,aggregation_boundary,missing_audit,1,0,0,0,3.0
education::GET__students_id_record_replica-3::missing_audit_log,education,GET /students/{id}/record/replica-3,missing_audit_log,auditability,audit_obligation,deprecated_inventory,missing_audit,1,0,0,0,3.0
education::GET__students_id_record_replica-3::deprecated_exposed,education,GET /students/{id}/record/replica-3,deprecated_exposed,inventory,endpoint_inventory,deprecated_inventory,field_exposure;deprecated_endpoint_exposed,1,4,4,5,21.0
education::GET__classes_id_roster_replica-3::missing_auth,education,GET /classes/{id}/roster/replica-3,missing_auth,function_auth,authentication,unauthenticated,unauthorized_allow;field_exposure,1,8,8,5,59.0
education::GET__classes_id_roster_replica-3::overbroad_role,education,GET /classes/{id}/roster/replica-3,overbroad_role,function_auth,function_authorization,wrong_role,unauthorized_allow;field_exposure,1,8,8,5,59.0
education::GET__classes_id_roster_replica-3::missing_object_check,education,GET /classes/{id}/roster/replica-3,missing_object_check,object_auth,object_scope,wrong_jurisdiction,unauthorized_allow;field_exposure,1,4,4,3,42.0
education::GET__classes_id_roster_replica-3::jurisdiction_bypass,education,GET /classes/{id}/roster/replica-3,jurisdiction_bypass,object_auth,jurisdiction_scope,wrong_jurisdiction,unauthorized_allow;field_exposure,1,4,4,3,42.0
education::GET__classes_id_roster_replica-3::purpose_bypass,education,GET /classes/{id}/roster/replica-3,purpose_bypass,purpose_scope,purpose_scope,wrong_purpose,unauthorized_allow;field_exposure,1,4,4,3,42.0
education::GET__classes_id_roster_replica-3::missing_field_filter,education,GET /classes/{id}/roster/replica-3,missing_field_filter,property_auth,field_minimization,valid,field_exposure,1,4,4,5,17.0
education::GET__classes_id_roster_replica-3::missing_field_filter,education,GET /classes/{id}/roster/replica-3,missing_field_filter,property_auth,field_minimization,self_access,field_exposure,1,4,4,5,17.0
education::GET__classes_id_roster_replica-3::missing_field_filter,education,GET /classes/{id}/roster/replica-3,missing_field_filter,property_auth,field_minimization,sensitive_field_probe,field_exposure,1,4,4,5,17.0
education::GET__classes_id_roster_replica-3::missing_field_filter,education,GET /classes/{id}/roster/replica-3,missing_field_filter,property_auth,field_minimization,aggregation_boundary,field_exposure,1,4,4,5,17.0
education::GET__classes_id_roster_replica-3::missing_field_filter,education,GET /classes/{id}/roster/replica-3,missing_field_filter,property_auth,field_minimization,deprecated_inventory,field_exposure,1,4,4,5,17.0
education::GET__classes_id_roster_replica-3::aggregation_leak,education,GET /classes/{id}/roster/replica-3,aggregation_leak,property_auth,aggregation_boundary,aggregation_boundary,field_exposure,1,4,4,5,17.0
education::GET__classes_id_roster_replica-3::missing_audit_log,education,GET /classes/{id}/roster/replica-3,missing_audit_log,auditability,audit_obligation,valid,missing_audit,1,0,0,0,3.0
education::GET__classes_id_roster_replica-3::missing_audit_log,education,GET /classes/{id}/roster/replica-3,missing_audit_log,auditability,audit_obligation,wrong_role,missing_audit,0,0,0,0,3.0
education::GET__classes_id_roster_replica-3::missing_audit_log,education,GET /classes/{id}/roster/replica-3,missing_audit_log,auditability,audit_obligation,wrong_jurisdiction,missing_audit,0,0,0,0,3.0
education::GET__classes_id_roster_replica-3::missing_audit_log,education,GET /classes/{id}/roster/replica-3,missing_audit_log,auditability,audit_obligation,wrong_purpose,missing_audit,0,0,0,0,3.0
education::GET__classes_id_roster_replica-3::missing_audit_log,education,GET /classes/{id}/roster/replica-3,missing_audit_log,auditability,audit_obligation,self_access,missing_audit,1,0,0,0,3.0
education::GET__classes_id_roster_replica-3::missing_audit_log,education,GET /classes/{id}/roster/replica-3,missing_audit_log,auditability,audit_obligation,unauthenticated,missing_audit,0,0,0,0,3.0
education::GET__classes_id_roster_replica-3::missing_audit_log,education,GET /classes/{id}/roster/replica-3,missing_audit_log,auditability,audit_obligation,sensitive_field_probe,missing_audit,1,0,0,0,3.0
education::GET__classes_id_roster_replica-3::missing_audit_log,education,GET /classes/{id}/roster/replica-3,missing_audit_log,auditability,audit_obligation,aggregation_boundary,missing_audit,1,0,0,0,3.0
education::GET__classes_id_roster_replica-3::missing_audit_log,education,GET /classes/{id}/roster/replica-3,missing_audit_log,auditability,audit_obligation,deprecated_inventory,missing_audit,1,0,0,0,3.0
education::GET__classes_id_roster_replica-3::deprecated_exposed,education,GET /classes/{id}/roster/replica-3,deprecated_exposed,inventory,endpoint_inventory,deprecated_inventory,field_exposure;deprecated_endpoint_exposed,1,4,4,5,21.0
education::GET__discipline_id_replica-3::missing_auth,education,GET /discipline/{id}/replica-3,missing_auth,function_auth,authentication,unauthenticated,unauthorized_allow;field_exposure,1,8,7,5,60.0
education::GET__discipline_id_replica-3::overbroad_role,education,GET /discipline/{id}/replica-3,overbroad_role,function_auth,function_authorization,wrong_role,unauthorized_allow;field_exposure,1,8,7,5,60.0
education::GET__discipline_id_replica-3::missing_object_check,education,GET /discipline/{id}/replica-3,missing_object_check,object_auth,object_scope,wrong_jurisdiction,unauthorized_allow;field_exposure,1,4,4,5,45.0
education::GET__discipline_id_replica-3::jurisdiction_bypass,education,GET /discipline/{id}/replica-3,jurisdiction_bypass,object_auth,jurisdiction_scope,wrong_jurisdiction,unauthorized_allow;field_exposure,1,4,4,5,45.0
education::GET__discipline_id_replica-3::purpose_bypass,education,GET /discipline/{id}/replica-3,purpose_bypass,purpose_scope,purpose_scope,wrong_purpose,unauthorized_allow;field_exposure,1,4,4,5,45.0
education::GET__discipline_id_replica-3::missing_field_filter,education,GET /discipline/{id}/replica-3,missing_field_filter,property_auth,field_minimization,valid,field_exposure,1,4,3,5,15.0
education::GET__discipline_id_replica-3::missing_field_filter,education,GET /discipline/{id}/replica-3,missing_field_filter,property_auth,field_minimization,self_access,field_exposure,1,3,2,5,10.0
education::GET__discipline_id_replica-3::missing_field_filter,education,GET /discipline/{id}/replica-3,missing_field_filter,property_auth,field_minimization,sensitive_field_probe,field_exposure,1,4,3,5,15.0
education::GET__discipline_id_replica-3::missing_field_filter,education,GET /discipline/{id}/replica-3,missing_field_filter,property_auth,field_minimization,aggregation_boundary,field_exposure,1,4,3,5,15.0
education::GET__discipline_id_replica-3::missing_field_filter,education,GET /discipline/{id}/replica-3,missing_field_filter,property_auth,field_minimization,deprecated_inventory,field_exposure,1,4,3,5,15.0
education::GET__discipline_id_replica-3::aggregation_leak,education,GET /discipline/{id}/replica-3,aggregation_leak,property_auth,aggregation_boundary,aggregation_boundary,field_exposure,1,4,3,5,15.0
education::GET__discipline_id_replica-3::missing_audit_log,education,GET /discipline/{id}/replica-3,missing_audit_log,auditability,audit_obligation,valid,missing_audit,1,0,0,0,3.0
education::GET__discipline_id_replica-3::missing_audit_log,education,GET /discipline/{id}/replica-3,missing_audit_log,auditability,audit_obligation,wrong_role,missing_audit,0,0,0,0,3.0
education::GET__discipline_id_replica-3::missing_audit_log,education,GET /discipline/{id}/replica-3,missing_audit_log,auditability,audit_obligation,wrong_jurisdiction,missing_audit,0,0,0,0,3.0
education::GET__discipline_id_replica-3::missing_audit_log,education,GET /discipline/{id}/replica-3,missing_audit_log,auditability,audit_obligation,wrong_purpose,missing_audit,0,0,0,0,3.0
education::GET__discipline_id_replica-3::missing_audit_log,education,GET /discipline/{id}/replica-3,missing_audit_log,auditability,audit_obligation,self_access,missing_audit,1,0,0,0,3.0
education::GET__discipline_id_replica-3::missing_audit_log,education,GET /discipline/{id}/replica-3,missing_audit_log,auditability,audit_obligation,unauthenticated,missing_audit,0,0,0,0,3.0
education::GET__discipline_id_replica-3::missing_audit_log,education,GET /discipline/{id}/replica-3,missing_audit_log,auditability,audit_obligation,sensitive_field_probe,missing_audit,1,0,0,0,3.0
education::GET__discipline_id_replica-3::missing_audit_log,education,GET /discipline/{id}/replica-3,missing_audit_log,auditability,audit_obligation,aggregation_boundary,missing_audit,1,0,0,0,3.0
education::GET__discipline_id_replica-3::missing_audit_log,education,GET /discipline/{id}/replica-3,missing_audit_log,auditability,audit_obligation,deprecated_inventory,missing_audit,1,0,0,0,3.0
education::GET__discipline_id_replica-3::deprecated_exposed,education,GET /discipline/{id}/replica-3,deprecated_exposed,inventory,endpoint_inventory,deprecated_inventory,field_exposure;deprecated_endpoint_exposed,1,4,3,5,19.0
business_licensing::GET__licenses_id_replica-3::missing_auth,business_licensing,GET /licenses/{id}/replica-3,missing_auth,function_auth,authentication,unauthenticated,unauthorized_allow;field_exposure,1,8,3,4,42.0
business_licensing::GET__licenses_id_replica-3::overbroad_role,business_licensing,GET /licenses/{id}/replica-3,overbroad_role,function_auth,function_authorization,wrong_role,unauthorized_allow;field_exposure,1,8,3,4,42.0
business_licensing::GET__licenses_id_replica-3::missing_object_check,business_licensing,GET /licenses/{id}/replica-3,missing_object_check,object_auth,object_scope,wrong_jurisdiction,unauthorized_allow;field_exposure,1,7,2,4,38.0
business_licensing::GET__licenses_id_replica-3::jurisdiction_bypass,business_licensing,GET /licenses/{id}/replica-3,jurisdiction_bypass,object_auth,jurisdiction_scope,wrong_jurisdiction,unauthorized_allow;field_exposure,1,7,2,4,38.0
business_licensing::GET__licenses_id_replica-3::purpose_bypass,business_licensing,GET /licenses/{id}/replica-3,purpose_bypass,purpose_scope,purpose_scope,wrong_purpose,unauthorized_allow;field_exposure,1,7,2,4,38.0
business_licensing::GET__licenses_id_replica-3::missing_field_filter,business_licensing,GET /licenses/{id}/replica-3,missing_field_filter,property_auth,field_minimization,valid,field_exposure,1,1,1,4,4.0
business_licensing::GET__licenses_id_replica-3::missing_field_filter,business_licensing,GET /licenses/{id}/replica-3,missing_field_filter,property_auth,field_minimization,self_access,field_exposure,1,2,1,4,6.0
business_licensing::GET__licenses_id_replica-3::missing_field_filter,business_licensing,GET /licenses/{id}/replica-3,missing_field_filter,property_auth,field_minimization,sensitive_field_probe,field_exposure,1,1,1,4,4.0
business_licensing::GET__licenses_id_replica-3::missing_field_filter,business_licensing,GET /licenses/{id}/replica-3,missing_field_filter,property_auth,field_minimization,aggregation_boundary,field_exposure,1,1,1,4,4.0
business_licensing::GET__licenses_id_replica-3::missing_field_filter,business_licensing,GET /licenses/{id}/replica-3,missing_field_filter,property_auth,field_minimization,deprecated_inventory,field_exposure,1,1,1,4,4.0
business_licensing::GET__licenses_id_replica-3::aggregation_leak,business_licensing,GET /licenses/{id}/replica-3,aggregation_leak,property_auth,aggregation_boundary,aggregation_boundary,field_exposure,1,1,1,4,4.0
business_licensing::GET__licenses_id_replica-3::missing_audit_log,business_licensing,GET /licenses/{id}/replica-3,missing_audit_log,auditability,audit_obligation,valid,missing_audit,1,0,0,0,3.0
business_licensing::GET__licenses_id_replica-3::missing_audit_log,business_licensing,GET /licenses/{id}/replica-3,missing_audit_log,auditability,audit_obligation,wrong_role,missing_audit,0,0,0,0,3.0
business_licensing::GET__licenses_id_replica-3::missing_audit_log,business_licensing,GET /licenses/{id}/replica-3,missing_audit_log,auditability,audit_obligation,wrong_jurisdiction,missing_audit,0,0,0,0,3.0
business_licensing::GET__licenses_id_replica-3::missing_audit_log,business_licensing,GET /licenses/{id}/replica-3,missing_audit_log,auditability,audit_obligation,wrong_purpose,missing_audit,0,0,0,0,3.0
business_licensing::GET__licenses_id_replica-3::missing_audit_log,business_licensing,GET /licenses/{id}/replica-3,missing_audit_log,auditability,audit_obligation,self_access,missing_audit,1,0,0,0,3.0
business_licensing::GET__licenses_id_replica-3::missing_audit_log,business_licensing,GET /licenses/{id}/replica-3,missing_audit_log,auditability,audit_obligation,unauthenticated,missing_audit,0,0,0,0,3.0
business_licensing::GET__licenses_id_replica-3::missing_audit_log,business_licensing,GET /licenses/{id}/replica-3,missing_audit_log,auditability,audit_obligation,sensitive_field_probe,missing_audit,1,0,0,0,3.0
business_licensing::GET__licenses_id_replica-3::missing_audit_log,business_licensing,GET /licenses/{id}/replica-3,missing_audit_log,auditability,audit_obligation,aggregation_boundary,missing_audit,1,0,0,0,3.0
business_licensing::GET__licenses_id_replica-3::missing_audit_log,business_licensing,GET /licenses/{id}/replica-3,missing_audit_log,auditability,audit_obligation,deprecated_inventory,missing_audit,1,0,0,0,3.0
business_licensing::GET__licenses_id_replica-3::deprecated_exposed,business_licensing,GET /licenses/{id}/replica-3,deprecated_exposed,inventory,endpoint_inventory,deprecated_inventory,field_exposure;deprecated_endpoint_exposed,1,1,1,4,8.0
business_licensing::GET__inspections_id_replica-3::missing_auth,business_licensing,GET /inspections/{id}/replica-3,missing_auth,function_auth,authentication,unauthenticated,unauthorized_allow;field_exposure,1,8,3,4,43.0
business_licensing::GET__inspections_id_replica-3::overbroad_role,business_licensing,GET /inspections/{id}/replica-3,overbroad_role,function_auth,function_authorization,wrong_role,unauthorized_allow;field_exposure,1,8,3,4,43.0
business_licensing::GET__inspections_id_replica-3::missing_object_check,business_licensing,GET /inspections/{id}/replica-3,missing_object_check,object_auth,object_scope,wrong_jurisdiction,unauthorized_allow;field_exposure,1,6,2,4,37.0
business_licensing::GET__inspections_id_replica-3::jurisdiction_bypass,business_licensing,GET /inspections/{id}/replica-3,jurisdiction_bypass,object_auth,jurisdiction_scope,wrong_jurisdiction,unauthorized_allow;field_exposure,1,6,2,4,37.0
business_licensing::GET__inspections_id_replica-3::purpose_bypass,business_licensing,GET /inspections/{id}/replica-3,purpose_bypass,purpose_scope,purpose_scope,wrong_purpose,unauthorized_allow;field_exposure,1,6,2,4,37.0
business_licensing::GET__inspections_id_replica-3::missing_field_filter,business_licensing,GET /inspections/{id}/replica-3,missing_field_filter,property_auth,field_minimization,valid,field_exposure,1,2,1,4,6.0
business_licensing::GET__inspections_id_replica-3::missing_field_filter,business_licensing,GET /inspections/{id}/replica-3,missing_field_filter,property_auth,field_minimization,self_access,field_exposure,1,3,2,4,10.0
business_licensing::GET__inspections_id_replica-3::missing_field_filter,business_licensing,GET /inspections/{id}/replica-3,missing_field_filter,property_auth,field_minimization,sensitive_field_probe,field_exposure,1,2,1,4,6.0
business_licensing::GET__inspections_id_replica-3::missing_field_filter,business_licensing,GET /inspections/{id}/replica-3,missing_field_filter,property_auth,field_minimization,aggregation_boundary,field_exposure,1,2,1,4,6.0
business_licensing::GET__inspections_id_replica-3::missing_field_filter,business_licensing,GET /inspections/{id}/replica-3,missing_field_filter,property_auth,field_minimization,deprecated_inventory,field_exposure,1,2,1,4,6.0
business_licensing::GET__inspections_id_replica-3::aggregation_leak,business_licensing,GET /inspections/{id}/replica-3,aggregation_leak,property_auth,aggregation_boundary,aggregation_boundary,field_exposure,1,2,1,4,6.0
business_licensing::GET__inspections_id_replica-3::missing_audit_log,business_licensing,GET /inspections/{id}/replica-3,missing_audit_log,auditability,audit_obligation,valid,missing_audit,1,0,0,0,3.0
business_licensing::GET__inspections_id_replica-3::missing_audit_log,business_licensing,GET /inspections/{id}/replica-3,missing_audit_log,auditability,audit_obligation,wrong_role,missing_audit,0,0,0,0,3.0
business_licensing::GET__inspections_id_replica-3::missing_audit_log,business_licensing,GET /inspections/{id}/replica-3,missing_audit_log,auditability,audit_obligation,wrong_jurisdiction,missing_audit,0,0,0,0,3.0
business_licensing::GET__inspections_id_replica-3::missing_audit_log,business_licensing,GET /inspections/{id}/replica-3,missing_audit_log,auditability,audit_obligation,wrong_purpose,missing_audit,0,0,0,0,3.0
business_licensing::GET__inspections_id_replica-3::missing_audit_log,business_licensing,GET /inspections/{id}/replica-3,missing_audit_log,auditability,audit_obligation,self_access,missing_audit,1,0,0,0,3.0
business_licensing::GET__inspections_id_replica-3::missing_audit_log,business_licensing,GET /inspections/{id}/replica-3,missing_audit_log,auditability,audit_obligation,unauthenticated,missing_audit,0,0,0,0,3.0
business_licensing::GET__inspections_id_replica-3::missing_audit_log,business_licensing,GET /inspections/{id}/replica-3,missing_audit_log,auditability,audit_obligation,sensitive_field_probe,missing_audit,1,0,0,0,3.0
business_licensing::GET__inspections_id_replica-3::missing_audit_log,business_licensing,GET /inspections/{id}/replica-3,missing_audit_log,auditability,audit_obligation,aggregation_boundary,missing_audit,1,0,0,0,3.0
business_licensing::GET__inspections_id_replica-3::missing_audit_log,business_licensing,GET /inspections/{id}/replica-3,missing_audit_log,auditability,audit_obligation,deprecated_inventory,missing_audit,1,0,0,0,3.0
business_licensing::GET__inspections_id_replica-3::deprecated_exposed,business_licensing,GET /inspections/{id}/replica-3,deprecated_exposed,inventory,endpoint_inventory,deprecated_inventory,field_exposure;deprecated_endpoint_exposed,1,2,1,4,10.0
business_licensing::GET__licenses_export_replica-3::missing_auth,business_licensing,GET /licenses/export/replica-3,missing_auth,function_auth,authentication,unauthenticated,unauthorized_allow;field_exposure,1,8,4,4,44.0
business_licensing::GET__licenses_export_replica-3::overbroad_role,business_licensing,GET /licenses/export/replica-3,overbroad_role,function_auth,function_authorization,wrong_role,unauthorized_allow;field_exposure,1,8,4,4,44.0
business_licensing::GET__licenses_export_replica-3::missing_object_check,business_licensing,GET /licenses/export/replica-3,missing_object_check,object_auth,object_scope,wrong_jurisdiction,unauthorized_allow;field_exposure,1,7,3,4,40.0
business_licensing::GET__licenses_export_replica-3::jurisdiction_bypass,business_licensing,GET /licenses/export/replica-3,jurisdiction_bypass,object_auth,jurisdiction_scope,wrong_jurisdiction,unauthorized_allow;field_exposure,1,7,3,4,40.0
business_licensing::GET__licenses_export_replica-3::purpose_bypass,business_licensing,GET /licenses/export/replica-3,purpose_bypass,purpose_scope,purpose_scope,wrong_purpose,unauthorized_allow;field_exposure,1,7,3,4,40.0
business_licensing::GET__licenses_export_replica-3::missing_field_filter,business_licensing,GET /licenses/export/replica-3,missing_field_filter,property_auth,field_minimization,valid,field_exposure,1,1,1,4,4.0
business_licensing::GET__licenses_export_replica-3::missing_field_filter,business_licensing,GET /licenses/export/replica-3,missing_field_filter,property_auth,field_minimization,self_access,field_exposure,1,2,1,4,6.0
business_licensing::GET__licenses_export_replica-3::missing_field_filter,business_licensing,GET /licenses/export/replica-3,missing_field_filter,property_auth,field_minimization,sensitive_field_probe,field_exposure,1,1,1,4,4.0
business_licensing::GET__licenses_export_replica-3::missing_field_filter,business_licensing,GET /licenses/export/replica-3,missing_field_filter,property_auth,field_minimization,aggregation_boundary,field_exposure,1,1,1,4,4.0
business_licensing::GET__licenses_export_replica-3::missing_field_filter,business_licensing,GET /licenses/export/replica-3,missing_field_filter,property_auth,field_minimization,deprecated_inventory,field_exposure,1,1,1,4,4.0
business_licensing::GET__licenses_export_replica-3::aggregation_leak,business_licensing,GET /licenses/export/replica-3,aggregation_leak,property_auth,aggregation_boundary,aggregation_boundary,field_exposure,1,1,1,4,4.0
business_licensing::GET__licenses_export_replica-3::missing_audit_log,business_licensing,GET /licenses/export/replica-3,missing_audit_log,auditability,audit_obligation,valid,missing_audit,1,0,0,0,3.0
business_licensing::GET__licenses_export_replica-3::missing_audit_log,business_licensing,GET /licenses/export/replica-3,missing_audit_log,auditability,audit_obligation,wrong_role,missing_audit,0,0,0,0,3.0
business_licensing::GET__licenses_export_replica-3::missing_audit_log,business_licensing,GET /licenses/export/replica-3,missing_audit_log,auditability,audit_obligation,wrong_jurisdiction,missing_audit,0,0,0,0,3.0
business_licensing::GET__licenses_export_replica-3::missing_audit_log,business_licensing,GET /licenses/export/replica-3,missing_audit_log,auditability,audit_obligation,wrong_purpose,missing_audit,0,0,0,0,3.0
business_licensing::GET__licenses_export_replica-3::missing_audit_log,business_licensing,GET /licenses/export/replica-3,missing_audit_log,auditability,audit_obligation,self_access,missing_audit,1,0,0,0,3.0
business_licensing::GET__licenses_export_replica-3::missing_audit_log,business_licensing,GET /licenses/export/replica-3,missing_audit_log,auditability,audit_obligation,unauthenticated,missing_audit,0,0,0,0,3.0
business_licensing::GET__licenses_export_replica-3::missing_audit_log,business_licensing,GET /licenses/export/replica-3,missing_audit_log,auditability,audit_obligation,sensitive_field_probe,missing_audit,1,0,0,0,3.0
business_licensing::GET__licenses_export_replica-3::missing_audit_log,business_licensing,GET /licenses/export/replica-3,missing_audit_log,auditability,audit_obligation,aggregation_boundary,missing_audit,1,0,0,0,3.0
business_licensing::GET__licenses_export_replica-3::missing_audit_log,business_licensing,GET /licenses/export/replica-3,missing_audit_log,auditability,audit_obligation,deprecated_inventory,missing_audit,1,0,0,0,3.0
business_licensing::GET__licenses_export_replica-3::deprecated_exposed,business_licensing,GET /licenses/export/replica-3,deprecated_exposed,inventory,endpoint_inventory,deprecated_inventory,field_exposure;deprecated_endpoint_exposed,1,1,1,4,8.0
health::GET__patients_id_replica-4::missing_auth,health,GET /patients/{id}/replica-4,missing_auth,function_auth,authentication,unauthenticated,unauthorized_allow;field_exposure,1,8,8,5,61.0
health::GET__patients_id_replica-4::overbroad_role,health,GET /patients/{id}/replica-4,overbroad_role,function_auth,function_authorization,wrong_role,unauthorized_allow;field_exposure,1,8,8,5,61.0
health::GET__patients_id_replica-4::missing_object_check,health,GET /patients/{id}/replica-4,missing_object_check,object_auth,object_scope,wrong_jurisdiction,unauthorized_allow;field_exposure,1,7,7,5,57.0
health::GET__patients_id_replica-4::jurisdiction_bypass,health,GET /patients/{id}/replica-4,jurisdiction_bypass,object_auth,jurisdiction_scope,wrong_jurisdiction,unauthorized_allow;field_exposure,1,7,7,5,57.0
health::GET__patients_id_replica-4::purpose_bypass,health,GET /patients/{id}/replica-4,purpose_bypass,purpose_scope,purpose_scope,wrong_purpose,unauthorized_allow;field_exposure,1,7,7,5,57.0
health::GET__patients_id_replica-4::missing_field_filter,health,GET /patients/{id}/replica-4,missing_field_filter,property_auth,field_minimization,valid,field_exposure,1,1,1,4,4.0
health::GET__patients_id_replica-4::missing_field_filter,health,GET /patients/{id}/replica-4,missing_field_filter,property_auth,field_minimization,sensitive_field_probe,field_exposure,1,1,1,4,4.0
health::GET__patients_id_replica-4::missing_field_filter,health,GET /patients/{id}/replica-4,missing_field_filter,property_auth,field_minimization,aggregation_boundary,field_exposure,1,1,1,4,4.0
health::GET__patients_id_replica-4::missing_field_filter,health,GET /patients/{id}/replica-4,missing_field_filter,property_auth,field_minimization,deprecated_inventory,field_exposure,1,1,1,4,4.0
health::GET__patients_id_replica-4::aggregation_leak,health,GET /patients/{id}/replica-4,aggregation_leak,property_auth,aggregation_boundary,aggregation_boundary,field_exposure,1,1,1,4,4.0
health::GET__patients_id_replica-4::missing_audit_log,health,GET /patients/{id}/replica-4,missing_audit_log,auditability,audit_obligation,valid,missing_audit,1,0,0,0,3.0
health::GET__patients_id_replica-4::missing_audit_log,health,GET /patients/{id}/replica-4,missing_audit_log,auditability,audit_obligation,wrong_role,missing_audit,0,0,0,0,3.0
health::GET__patients_id_replica-4::missing_audit_log,health,GET /patients/{id}/replica-4,missing_audit_log,auditability,audit_obligation,wrong_jurisdiction,missing_audit,0,0,0,0,3.0
health::GET__patients_id_replica-4::missing_audit_log,health,GET /patients/{id}/replica-4,missing_audit_log,auditability,audit_obligation,wrong_purpose,missing_audit,0,0,0,0,3.0
health::GET__patients_id_replica-4::missing_audit_log,health,GET /patients/{id}/replica-4,missing_audit_log,auditability,audit_obligation,self_access,missing_audit,1,0,0,0,3.0
health::GET__patients_id_replica-4::missing_audit_log,health,GET /patients/{id}/replica-4,missing_audit_log,auditability,audit_obligation,unauthenticated,missing_audit,0,0,0,0,3.0
health::GET__patients_id_replica-4::missing_audit_log,health,GET /patients/{id}/replica-4,missing_audit_log,auditability,audit_obligation,sensitive_field_probe,missing_audit,1,0,0,0,3.0
health::GET__patients_id_replica-4::missing_audit_log,health,GET /patients/{id}/replica-4,missing_audit_log,auditability,audit_obligation,aggregation_boundary,missing_audit,1,0,0,0,3.0
health::GET__patients_id_replica-4::missing_audit_log,health,GET /patients/{id}/replica-4,missing_audit_log,auditability,audit_obligation,deprecated_inventory,missing_audit,1,0,0,0,3.0
health::GET__patients_id_replica-4::deprecated_exposed,health,GET /patients/{id}/replica-4,deprecated_exposed,inventory,endpoint_inventory,deprecated_inventory,field_exposure;deprecated_endpoint_exposed,1,1,1,4,8.0
health::GET__encounters_id_replica-4::missing_auth,health,GET /encounters/{id}/replica-4,missing_auth,function_auth,authentication,unauthenticated,unauthorized_allow;field_exposure,1,8,7,5,61.0
health::GET__encounters_id_replica-4::overbroad_role,health,GET /encounters/{id}/replica-4,overbroad_role,function_auth,function_authorization,wrong_role,unauthorized_allow;field_exposure,1,8,7,5,61.0
health::GET__encounters_id_replica-4::missing_object_check,health,GET /encounters/{id}/replica-4,missing_object_check,object_auth,object_scope,wrong_jurisdiction,unauthorized_allow;field_exposure,1,6,5,5,53.0
health::GET__encounters_id_replica-4::jurisdiction_bypass,health,GET /encounters/{id}/replica-4,jurisdiction_bypass,object_auth,jurisdiction_scope,wrong_jurisdiction,unauthorized_allow;field_exposure,1,6,5,5,53.0
health::GET__encounters_id_replica-4::purpose_bypass,health,GET /encounters/{id}/replica-4,purpose_bypass,purpose_scope,purpose_scope,wrong_purpose,unauthorized_allow;field_exposure,1,6,5,5,53.0
health::GET__encounters_id_replica-4::missing_field_filter,health,GET /encounters/{id}/replica-4,missing_field_filter,property_auth,field_minimization,valid,field_exposure,1,2,2,4,8.0
health::GET__encounters_id_replica-4::missing_field_filter,health,GET /encounters/{id}/replica-4,missing_field_filter,property_auth,field_minimization,self_access,field_exposure,1,1,0,2,2.0
health::GET__encounters_id_replica-4::missing_field_filter,health,GET /encounters/{id}/replica-4,missing_field_filter,property_auth,field_minimization,sensitive_field_probe,field_exposure,1,2,2,4,8.0
health::GET__encounters_id_replica-4::missing_field_filter,health,GET /encounters/{id}/replica-4,missing_field_filter,property_auth,field_minimization,aggregation_boundary,field_exposure,1,2,2,4,8.0
health::GET__encounters_id_replica-4::missing_field_filter,health,GET /encounters/{id}/replica-4,missing_field_filter,property_auth,field_minimization,deprecated_inventory,field_exposure,1,2,2,4,8.0
health::GET__encounters_id_replica-4::aggregation_leak,health,GET /encounters/{id}/replica-4,aggregation_leak,property_auth,aggregation_boundary,aggregation_boundary,field_exposure,1,2,2,4,8.0
health::GET__encounters_id_replica-4::missing_audit_log,health,GET /encounters/{id}/replica-4,missing_audit_log,auditability,audit_obligation,valid,missing_audit,1,0,0,0,3.0
health::GET__encounters_id_replica-4::missing_audit_log,health,GET /encounters/{id}/replica-4,missing_audit_log,auditability,audit_obligation,wrong_role,missing_audit,0,0,0,0,3.0
health::GET__encounters_id_replica-4::missing_audit_log,health,GET /encounters/{id}/replica-4,missing_audit_log,auditability,audit_obligation,wrong_jurisdiction,missing_audit,0,0,0,0,3.0
health::GET__encounters_id_replica-4::missing_audit_log,health,GET /encounters/{id}/replica-4,missing_audit_log,auditability,audit_obligation,wrong_purpose,missing_audit,0,0,0,0,3.0
health::GET__encounters_id_replica-4::missing_audit_log,health,GET /encounters/{id}/replica-4,missing_audit_log,auditability,audit_obligation,self_access,missing_audit,1,0,0,0,3.0
health::GET__encounters_id_replica-4::missing_audit_log,health,GET /encounters/{id}/replica-4,missing_audit_log,auditability,audit_obligation,unauthenticated,missing_audit,0,0,0,0,3.0
health::GET__encounters_id_replica-4::missing_audit_log,health,GET /encounters/{id}/replica-4,missing_audit_log,auditability,audit_obligation,sensitive_field_probe,missing_audit,1,0,0,0,3.0
health::GET__encounters_id_replica-4::missing_audit_log,health,GET /encounters/{id}/replica-4,missing_audit_log,auditability,audit_obligation,aggregation_boundary,missing_audit,1,0,0,0,3.0
health::GET__encounters_id_replica-4::missing_audit_log,health,GET /encounters/{id}/replica-4,missing_audit_log,auditability,audit_obligation,deprecated_inventory,missing_audit,1,0,0,0,3.0
health::GET__encounters_id_replica-4::deprecated_exposed,health,GET /encounters/{id}/replica-4,deprecated_exposed,inventory,endpoint_inventory,deprecated_inventory,field_exposure;deprecated_endpoint_exposed,1,2,2,4,12.0
health::GET__patients_search_replica-4::missing_auth,health,GET /patients/search/replica-4,missing_auth,function_auth,authentication,unauthenticated,unauthorized_allow;field_exposure,1,8,8,5,60.0
health::GET__patients_search_replica-4::overbroad_role,health,GET /patients/search/replica-4,overbroad_role,function_auth,function_authorization,wrong_role,unauthorized_allow;field_exposure,1,8,8,5,60.0
health::GET__patients_search_replica-4::missing_object_check,health,GET /patients/search/replica-4,missing_object_check,object_auth,object_scope,wrong_jurisdiction,unauthorized_allow;field_exposure,1,7,7,5,56.0
health::GET__patients_search_replica-4::jurisdiction_bypass,health,GET /patients/search/replica-4,jurisdiction_bypass,object_auth,jurisdiction_scope,wrong_jurisdiction,unauthorized_allow;field_exposure,1,7,7,5,56.0
health::GET__patients_search_replica-4::purpose_bypass,health,GET /patients/search/replica-4,purpose_bypass,purpose_scope,purpose_scope,wrong_purpose,unauthorized_allow;field_exposure,1,7,7,5,56.0
health::GET__patients_search_replica-4::missing_field_filter,health,GET /patients/search/replica-4,missing_field_filter,property_auth,field_minimization,valid,field_exposure,1,1,1,4,4.0
health::GET__patients_search_replica-4::missing_field_filter,health,GET /patients/search/replica-4,missing_field_filter,property_auth,field_minimization,sensitive_field_probe,field_exposure,1,1,1,4,4.0
health::GET__patients_search_replica-4::missing_field_filter,health,GET /patients/search/replica-4,missing_field_filter,property_auth,field_minimization,aggregation_boundary,field_exposure,1,1,1,4,4.0
health::GET__patients_search_replica-4::missing_field_filter,health,GET /patients/search/replica-4,missing_field_filter,property_auth,field_minimization,deprecated_inventory,field_exposure,1,1,1,4,4.0
health::GET__patients_search_replica-4::aggregation_leak,health,GET /patients/search/replica-4,aggregation_leak,property_auth,aggregation_boundary,aggregation_boundary,field_exposure,1,1,1,4,4.0
health::GET__patients_search_replica-4::missing_audit_log,health,GET /patients/search/replica-4,missing_audit_log,auditability,audit_obligation,valid,missing_audit,1,0,0,0,3.0
health::GET__patients_search_replica-4::missing_audit_log,health,GET /patients/search/replica-4,missing_audit_log,auditability,audit_obligation,wrong_role,missing_audit,0,0,0,0,3.0
health::GET__patients_search_replica-4::missing_audit_log,health,GET /patients/search/replica-4,missing_audit_log,auditability,audit_obligation,wrong_jurisdiction,missing_audit,0,0,0,0,3.0
health::GET__patients_search_replica-4::missing_audit_log,health,GET /patients/search/replica-4,missing_audit_log,auditability,audit_obligation,wrong_purpose,missing_audit,0,0,0,0,3.0
health::GET__patients_search_replica-4::missing_audit_log,health,GET /patients/search/replica-4,missing_audit_log,auditability,audit_obligation,self_access,missing_audit,1,0,0,0,3.0
health::GET__patients_search_replica-4::missing_audit_log,health,GET /patients/search/replica-4,missing_audit_log,auditability,audit_obligation,unauthenticated,missing_audit,0,0,0,0,3.0
health::GET__patients_search_replica-4::missing_audit_log,health,GET /patients/search/replica-4,missing_audit_log,auditability,audit_obligation,sensitive_field_probe,missing_audit,1,0,0,0,3.0
health::GET__patients_search_replica-4::missing_audit_log,health,GET /patients/search/replica-4,missing_audit_log,auditability,audit_obligation,aggregation_boundary,missing_audit,1,0,0,0,3.0
health::GET__patients_search_replica-4::missing_audit_log,health,GET /patients/search/replica-4,missing_audit_log,auditability,audit_obligation,deprecated_inventory,missing_audit,1,0,0,0,3.0
health::GET__patients_search_replica-4::deprecated_exposed,health,GET /patients/search/replica-4,deprecated_exposed,inventory,endpoint_inventory,deprecated_inventory,field_exposure;deprecated_endpoint_exposed,1,1,1,4,8.0
citizen_services::GET__citizens_id_replica-4::missing_auth,citizen_services,GET /citizens/{id}/replica-4,missing_auth,function_auth,authentication,unauthenticated,unauthorized_allow;field_exposure,1,8,7,5,58.0
citizen_services::GET__citizens_id_replica-4::overbroad_role,citizen_services,GET /citizens/{id}/replica-4,overbroad_role,function_auth,function_authorization,wrong_role,unauthorized_allow;field_exposure,1,8,7,5,58.0
citizen_services::GET__citizens_id_replica-4::missing_object_check,citizen_services,GET /citizens/{id}/replica-4,missing_object_check,object_auth,object_scope,wrong_jurisdiction,unauthorized_allow;field_exposure,1,5,5,4,47.0
citizen_services::GET__citizens_id_replica-4::jurisdiction_bypass,citizen_services,GET /citizens/{id}/replica-4,jurisdiction_bypass,object_auth,jurisdiction_scope,wrong_jurisdiction,unauthorized_allow;field_exposure,1,5,5,4,47.0
citizen_services::GET__citizens_id_replica-4::purpose_bypass,citizen_services,GET /citizens/{id}/replica-4,purpose_bypass,purpose_scope,purpose_scope,wrong_purpose,unauthorized_allow;field_exposure,1,5,5,4,47.0
citizen_services::GET__citizens_id_replica-4::missing_field_filter,citizen_services,GET /citizens/{id}/replica-4,missing_field_filter,property_auth,field_minimization,valid,field_exposure,1,3,2,5,11.0
citizen_services::GET__citizens_id_replica-4::missing_field_filter,citizen_services,GET /citizens/{id}/replica-4,missing_field_filter,property_auth,field_minimization,self_access,field_exposure,1,3,2,5,11.0
citizen_services::GET__citizens_id_replica-4::missing_field_filter,citizen_services,GET /citizens/{id}/replica-4,missing_field_filter,property_auth,field_minimization,sensitive_field_probe,field_exposure,1,3,2,5,11.0
citizen_services::GET__citizens_id_replica-4::missing_field_filter,citizen_services,GET /citizens/{id}/replica-4,missing_field_filter,property_auth,field_minimization,aggregation_boundary,field_exposure,1,3,2,5,11.0
citizen_services::GET__citizens_id_replica-4::missing_field_filter,citizen_services,GET /citizens/{id}/replica-4,missing_field_filter,property_auth,field_minimization,deprecated_inventory,field_exposure,1,3,2,5,11.0
citizen_services::GET__citizens_id_replica-4::aggregation_leak,citizen_services,GET /citizens/{id}/replica-4,aggregation_leak,property_auth,aggregation_boundary,aggregation_boundary,field_exposure,1,3,2,5,11.0
citizen_services::GET__citizens_id_replica-4::missing_audit_log,citizen_services,GET /citizens/{id}/replica-4,missing_audit_log,auditability,audit_obligation,valid,missing_audit,1,0,0,0,3.0
citizen_services::GET__citizens_id_replica-4::missing_audit_log,citizen_services,GET /citizens/{id}/replica-4,missing_audit_log,auditability,audit_obligation,wrong_role,missing_audit,0,0,0,0,3.0
citizen_services::GET__citizens_id_replica-4::missing_audit_log,citizen_services,GET /citizens/{id}/replica-4,missing_audit_log,auditability,audit_obligation,wrong_jurisdiction,missing_audit,0,0,0,0,3.0
citizen_services::GET__citizens_id_replica-4::missing_audit_log,citizen_services,GET /citizens/{id}/replica-4,missing_audit_log,auditability,audit_obligation,wrong_purpose,missing_audit,0,0,0,0,3.0
citizen_services::GET__citizens_id_replica-4::missing_audit_log,citizen_services,GET /citizens/{id}/replica-4,missing_audit_log,auditability,audit_obligation,self_access,missing_audit,1,0,0,0,3.0
citizen_services::GET__citizens_id_replica-4::missing_audit_log,citizen_services,GET /citizens/{id}/replica-4,missing_audit_log,auditability,audit_obligation,unauthenticated,missing_audit,0,0,0,0,3.0
citizen_services::GET__citizens_id_replica-4::missing_audit_log,citizen_services,GET /citizens/{id}/replica-4,missing_audit_log,auditability,audit_obligation,sensitive_field_probe,missing_audit,1,0,0,0,3.0
citizen_services::GET__citizens_id_replica-4::missing_audit_log,citizen_services,GET /citizens/{id}/replica-4,missing_audit_log,auditability,audit_obligation,aggregation_boundary,missing_audit,1,0,0,0,3.0
citizen_services::GET__citizens_id_replica-4::missing_audit_log,citizen_services,GET /citizens/{id}/replica-4,missing_audit_log,auditability,audit_obligation,deprecated_inventory,missing_audit,1,0,0,0,3.0
citizen_services::GET__citizens_id_replica-4::deprecated_exposed,citizen_services,GET /citizens/{id}/replica-4,deprecated_exposed,inventory,endpoint_inventory,deprecated_inventory,field_exposure;deprecated_endpoint_exposed,1,3,2,5,15.0
citizen_services::GET__benefits_id_replica-4::missing_auth,citizen_services,GET /benefits/{id}/replica-4,missing_auth,function_auth,authentication,unauthenticated,unauthorized_allow;field_exposure,1,8,6,5,57.0
citizen_services::GET__benefits_id_replica-4::overbroad_role,citizen_services,GET /benefits/{id}/replica-4,overbroad_role,function_auth,function_authorization,wrong_role,unauthorized_allow;field_exposure,1,8,6,5,57.0
citizen_services::GET__benefits_id_replica-4::missing_object_check,citizen_services,GET /benefits/{id}/replica-4,missing_object_check,object_auth,object_scope,wrong_jurisdiction,unauthorized_allow;field_exposure,1,5,5,4,48.0
citizen_services::GET__benefits_id_replica-4::jurisdiction_bypass,citizen_services,GET /benefits/{id}/replica-4,jurisdiction_bypass,object_auth,jurisdiction_scope,wrong_jurisdiction,unauthorized_allow;field_exposure,1,5,5,4,48.0
citizen_services::GET__benefits_id_replica-4::purpose_bypass,citizen_services,GET /benefits/{id}/replica-4,purpose_bypass,purpose_scope,purpose_scope,wrong_purpose,unauthorized_allow;field_exposure,1,5,5,4,48.0
citizen_services::GET__benefits_id_replica-4::missing_field_filter,citizen_services,GET /benefits/{id}/replica-4,missing_field_filter,property_auth,field_minimization,valid,field_exposure,1,3,1,5,9.0
citizen_services::GET__benefits_id_replica-4::missing_field_filter,citizen_services,GET /benefits/{id}/replica-4,missing_field_filter,property_auth,field_minimization,self_access,field_exposure,1,2,1,5,7.0
citizen_services::GET__benefits_id_replica-4::missing_field_filter,citizen_services,GET /benefits/{id}/replica-4,missing_field_filter,property_auth,field_minimization,sensitive_field_probe,field_exposure,1,3,1,5,9.0
citizen_services::GET__benefits_id_replica-4::missing_field_filter,citizen_services,GET /benefits/{id}/replica-4,missing_field_filter,property_auth,field_minimization,aggregation_boundary,field_exposure,1,3,1,5,9.0
citizen_services::GET__benefits_id_replica-4::missing_field_filter,citizen_services,GET /benefits/{id}/replica-4,missing_field_filter,property_auth,field_minimization,deprecated_inventory,field_exposure,1,3,1,5,9.0
citizen_services::GET__benefits_id_replica-4::aggregation_leak,citizen_services,GET /benefits/{id}/replica-4,aggregation_leak,property_auth,aggregation_boundary,aggregation_boundary,field_exposure,1,3,1,5,9.0
citizen_services::GET__benefits_id_replica-4::missing_audit_log,citizen_services,GET /benefits/{id}/replica-4,missing_audit_log,auditability,audit_obligation,valid,missing_audit,1,0,0,0,3.0
citizen_services::GET__benefits_id_replica-4::missing_audit_log,citizen_services,GET /benefits/{id}/replica-4,missing_audit_log,auditability,audit_obligation,wrong_role,missing_audit,0,0,0,0,3.0
citizen_services::GET__benefits_id_replica-4::missing_audit_log,citizen_services,GET /benefits/{id}/replica-4,missing_audit_log,auditability,audit_obligation,wrong_jurisdiction,missing_audit,0,0,0,0,3.0
citizen_services::GET__benefits_id_replica-4::missing_audit_log,citizen_services,GET /benefits/{id}/replica-4,missing_audit_log,auditability,audit_obligation,wrong_purpose,missing_audit,0,0,0,0,3.0
citizen_services::GET__benefits_id_replica-4::missing_audit_log,citizen_services,GET /benefits/{id}/replica-4,missing_audit_log,auditability,audit_obligation,self_access,missing_audit,1,0,0,0,3.0
citizen_services::GET__benefits_id_replica-4::missing_audit_log,citizen_services,GET /benefits/{id}/replica-4,missing_audit_log,auditability,audit_obligation,unauthenticated,missing_audit,0,0,0,0,3.0
citizen_services::GET__benefits_id_replica-4::missing_audit_log,citizen_services,GET /benefits/{id}/replica-4,missing_audit_log,auditability,audit_obligation,sensitive_field_probe,missing_audit,1,0,0,0,3.0
citizen_services::GET__benefits_id_replica-4::missing_audit_log,citizen_services,GET /benefits/{id}/replica-4,missing_audit_log,auditability,audit_obligation,aggregation_boundary,missing_audit,1,0,0,0,3.0
citizen_services::GET__benefits_id_replica-4::missing_audit_log,citizen_services,GET /benefits/{id}/replica-4,missing_audit_log,auditability,audit_obligation,deprecated_inventory,missing_audit,1,0,0,0,3.0
citizen_services::GET__benefits_id_replica-4::deprecated_exposed,citizen_services,GET /benefits/{id}/replica-4,deprecated_exposed,inventory,endpoint_inventory,deprecated_inventory,field_exposure;deprecated_endpoint_exposed,1,3,1,5,13.0
citizen_services::GET__citizens_export_replica-4::missing_auth,citizen_services,GET /citizens/export/replica-4,missing_auth,function_auth,authentication,unauthenticated,unauthorized_allow;field_exposure,1,8,7,5,59.0
citizen_services::GET__citizens_export_replica-4::overbroad_role,citizen_services,GET /citizens/export/replica-4,overbroad_role,function_auth,function_authorization,wrong_role,unauthorized_allow;field_exposure,1,8,7,5,59.0
citizen_services::GET__citizens_export_replica-4::missing_object_check,citizen_services,GET /citizens/export/replica-4,missing_object_check,object_auth,object_scope,wrong_jurisdiction,unauthorized_allow;field_exposure,1,5,5,4,48.0
citizen_services::GET__citizens_export_replica-4::jurisdiction_bypass,citizen_services,GET /citizens/export/replica-4,jurisdiction_bypass,object_auth,jurisdiction_scope,wrong_jurisdiction,unauthorized_allow;field_exposure,1,5,5,4,48.0
citizen_services::GET__citizens_export_replica-4::purpose_bypass,citizen_services,GET /citizens/export/replica-4,purpose_bypass,purpose_scope,purpose_scope,wrong_purpose,unauthorized_allow;field_exposure,1,5,5,4,48.0
citizen_services::GET__citizens_export_replica-4::missing_field_filter,citizen_services,GET /citizens/export/replica-4,missing_field_filter,property_auth,field_minimization,valid,field_exposure,1,3,2,5,11.0
citizen_services::GET__citizens_export_replica-4::missing_field_filter,citizen_services,GET /citizens/export/replica-4,missing_field_filter,property_auth,field_minimization,self_access,field_exposure,1,3,2,5,11.0
citizen_services::GET__citizens_export_replica-4::missing_field_filter,citizen_services,GET /citizens/export/replica-4,missing_field_filter,property_auth,field_minimization,sensitive_field_probe,field_exposure,1,3,2,5,11.0
citizen_services::GET__citizens_export_replica-4::missing_field_filter,citizen_services,GET /citizens/export/replica-4,missing_field_filter,property_auth,field_minimization,aggregation_boundary,field_exposure,1,3,2,5,11.0
citizen_services::GET__citizens_export_replica-4::missing_field_filter,citizen_services,GET /citizens/export/replica-4,missing_field_filter,property_auth,field_minimization,deprecated_inventory,field_exposure,1,3,2,5,11.0
citizen_services::GET__citizens_export_replica-4::aggregation_leak,citizen_services,GET /citizens/export/replica-4,aggregation_leak,property_auth,aggregation_boundary,aggregation_boundary,field_exposure,1,3,2,5,11.0
citizen_services::GET__citizens_export_replica-4::missing_audit_log,citizen_services,GET /citizens/export/replica-4,missing_audit_log,auditability,audit_obligation,valid,missing_audit,1,0,0,0,3.0
citizen_services::GET__citizens_export_replica-4::missing_audit_log,citizen_services,GET /citizens/export/replica-4,missing_audit_log,auditability,audit_obligation,wrong_role,missing_audit,0,0,0,0,3.0
citizen_services::GET__citizens_export_replica-4::missing_audit_log,citizen_services,GET /citizens/export/replica-4,missing_audit_log,auditability,audit_obligation,wrong_jurisdiction,missing_audit,0,0,0,0,3.0
citizen_services::GET__citizens_export_replica-4::missing_audit_log,citizen_services,GET /citizens/export/replica-4,missing_audit_log,auditability,audit_obligation,wrong_purpose,missing_audit,0,0,0,0,3.0
citizen_services::GET__citizens_export_replica-4::missing_audit_log,citizen_services,GET /citizens/export/replica-4,missing_audit_log,auditability,audit_obligation,self_access,missing_audit,1,0,0,0,3.0
citizen_services::GET__citizens_export_replica-4::missing_audit_log,citizen_services,GET /citizens/export/replica-4,missing_audit_log,auditability,audit_obligation,unauthenticated,missing_audit,0,0,0,0,3.0
citizen_services::GET__citizens_export_replica-4::missing_audit_log,citizen_services,GET /citizens/export/replica-4,missing_audit_log,auditability,audit_obligation,sensitive_field_probe,missing_audit,1,0,0,0,3.0
citizen_services::GET__citizens_export_replica-4::missing_audit_log,citizen_services,GET /citizens/export/replica-4,missing_audit_log,auditability,audit_obligation,aggregation_boundary,missing_audit,1,0,0,0,3.0
citizen_services::GET__citizens_export_replica-4::missing_audit_log,citizen_services,GET /citizens/export/replica-4,missing_audit_log,auditability,audit_obligation,deprecated_inventory,missing_audit,1,0,0,0,3.0
citizen_services::GET__citizens_export_replica-4::deprecated_exposed,citizen_services,GET /citizens/export/replica-4,deprecated_exposed,inventory,endpoint_inventory,deprecated_inventory,field_exposure;deprecated_endpoint_exposed,1,3,2,5,15.0
education::GET__students_id_record_replica-4::missing_auth,education,GET /students/{id}/record/replica-4,missing_auth,function_auth,authentication,unauthenticated,unauthorized_allow;field_exposure,1,8,8,5,59.0
education::GET__students_id_record_replica-4::overbroad_role,education,GET /students/{id}/record/replica-4,overbroad_role,function_auth,function_authorization,wrong_role,unauthorized_allow;field_exposure,1,8,8,5,59.0
education::GET__students_id_record_replica-4::missing_object_check,education,GET /students/{id}/record/replica-4,missing_object_check,object_auth,object_scope,wrong_jurisdiction,unauthorized_allow;field_exposure,1,4,4,3,42.0
education::GET__students_id_record_replica-4::jurisdiction_bypass,education,GET /students/{id}/record/replica-4,jurisdiction_bypass,object_auth,jurisdiction_scope,wrong_jurisdiction,unauthorized_allow;field_exposure,1,4,4,3,42.0
education::GET__students_id_record_replica-4::purpose_bypass,education,GET /students/{id}/record/replica-4,purpose_bypass,purpose_scope,purpose_scope,wrong_purpose,unauthorized_allow;field_exposure,1,4,4,3,42.0
education::GET__students_id_record_replica-4::missing_field_filter,education,GET /students/{id}/record/replica-4,missing_field_filter,property_auth,field_minimization,valid,field_exposure,1,4,4,5,17.0
education::GET__students_id_record_replica-4::missing_field_filter,education,GET /students/{id}/record/replica-4,missing_field_filter,property_auth,field_minimization,self_access,field_exposure,1,4,4,5,17.0
education::GET__students_id_record_replica-4::missing_field_filter,education,GET /students/{id}/record/replica-4,missing_field_filter,property_auth,field_minimization,sensitive_field_probe,field_exposure,1,4,4,5,17.0
education::GET__students_id_record_replica-4::missing_field_filter,education,GET /students/{id}/record/replica-4,missing_field_filter,property_auth,field_minimization,aggregation_boundary,field_exposure,1,4,4,5,17.0
education::GET__students_id_record_replica-4::missing_field_filter,education,GET /students/{id}/record/replica-4,missing_field_filter,property_auth,field_minimization,deprecated_inventory,field_exposure,1,4,4,5,17.0
education::GET__students_id_record_replica-4::aggregation_leak,education,GET /students/{id}/record/replica-4,aggregation_leak,property_auth,aggregation_boundary,aggregation_boundary,field_exposure,1,4,4,5,17.0
education::GET__students_id_record_replica-4::missing_audit_log,education,GET /students/{id}/record/replica-4,missing_audit_log,auditability,audit_obligation,valid,missing_audit,1,0,0,0,3.0
education::GET__students_id_record_replica-4::missing_audit_log,education,GET /students/{id}/record/replica-4,missing_audit_log,auditability,audit_obligation,wrong_role,missing_audit,0,0,0,0,3.0
education::GET__students_id_record_replica-4::missing_audit_log,education,GET /students/{id}/record/replica-4,missing_audit_log,auditability,audit_obligation,wrong_jurisdiction,missing_audit,0,0,0,0,3.0
education::GET__students_id_record_replica-4::missing_audit_log,education,GET /students/{id}/record/replica-4,missing_audit_log,auditability,audit_obligation,wrong_purpose,missing_audit,0,0,0,0,3.0
education::GET__students_id_record_replica-4::missing_audit_log,education,GET /students/{id}/record/replica-4,missing_audit_log,auditability,audit_obligation,self_access,missing_audit,1,0,0,0,3.0
education::GET__students_id_record_replica-4::missing_audit_log,education,GET /students/{id}/record/replica-4,missing_audit_log,auditability,audit_obligation,unauthenticated,missing_audit,0,0,0,0,3.0
education::GET__students_id_record_replica-4::missing_audit_log,education,GET /students/{id}/record/replica-4,missing_audit_log,auditability,audit_obligation,sensitive_field_probe,missing_audit,1,0,0,0,3.0
education::GET__students_id_record_replica-4::missing_audit_log,education,GET /students/{id}/record/replica-4,missing_audit_log,auditability,audit_obligation,aggregation_boundary,missing_audit,1,0,0,0,3.0
education::GET__students_id_record_replica-4::missing_audit_log,education,GET /students/{id}/record/replica-4,missing_audit_log,auditability,audit_obligation,deprecated_inventory,missing_audit,1,0,0,0,3.0
education::GET__students_id_record_replica-4::deprecated_exposed,education,GET /students/{id}/record/replica-4,deprecated_exposed,inventory,endpoint_inventory,deprecated_inventory,field_exposure;deprecated_endpoint_exposed,1,4,4,5,21.0
education::GET__classes_id_roster_replica-4::missing_auth,education,GET /classes/{id}/roster/replica-4,missing_auth,function_auth,authentication,unauthenticated,unauthorized_allow;field_exposure,1,8,8,5,59.0
education::GET__classes_id_roster_replica-4::overbroad_role,education,GET /classes/{id}/roster/replica-4,overbroad_role,function_auth,function_authorization,wrong_role,unauthorized_allow;field_exposure,1,8,8,5,59.0
education::GET__classes_id_roster_replica-4::missing_object_check,education,GET /classes/{id}/roster/replica-4,missing_object_check,object_auth,object_scope,wrong_jurisdiction,unauthorized_allow;field_exposure,1,4,4,3,42.0
education::GET__classes_id_roster_replica-4::jurisdiction_bypass,education,GET /classes/{id}/roster/replica-4,jurisdiction_bypass,object_auth,jurisdiction_scope,wrong_jurisdiction,unauthorized_allow;field_exposure,1,4,4,3,42.0
education::GET__classes_id_roster_replica-4::purpose_bypass,education,GET /classes/{id}/roster/replica-4,purpose_bypass,purpose_scope,purpose_scope,wrong_purpose,unauthorized_allow;field_exposure,1,4,4,3,42.0
education::GET__classes_id_roster_replica-4::missing_field_filter,education,GET /classes/{id}/roster/replica-4,missing_field_filter,property_auth,field_minimization,valid,field_exposure,1,4,4,5,17.0
education::GET__classes_id_roster_replica-4::missing_field_filter,education,GET /classes/{id}/roster/replica-4,missing_field_filter,property_auth,field_minimization,self_access,field_exposure,1,4,4,5,17.0
education::GET__classes_id_roster_replica-4::missing_field_filter,education,GET /classes/{id}/roster/replica-4,missing_field_filter,property_auth,field_minimization,sensitive_field_probe,field_exposure,1,4,4,5,17.0
education::GET__classes_id_roster_replica-4::missing_field_filter,education,GET /classes/{id}/roster/replica-4,missing_field_filter,property_auth,field_minimization,aggregation_boundary,field_exposure,1,4,4,5,17.0
education::GET__classes_id_roster_replica-4::missing_field_filter,education,GET /classes/{id}/roster/replica-4,missing_field_filter,property_auth,field_minimization,deprecated_inventory,field_exposure,1,4,4,5,17.0
education::GET__classes_id_roster_replica-4::aggregation_leak,education,GET /classes/{id}/roster/replica-4,aggregation_leak,property_auth,aggregation_boundary,aggregation_boundary,field_exposure,1,4,4,5,17.0
education::GET__classes_id_roster_replica-4::missing_audit_log,education,GET /classes/{id}/roster/replica-4,missing_audit_log,auditability,audit_obligation,valid,missing_audit,1,0,0,0,3.0
education::GET__classes_id_roster_replica-4::missing_audit_log,education,GET /classes/{id}/roster/replica-4,missing_audit_log,auditability,audit_obligation,wrong_role,missing_audit,0,0,0,0,3.0
education::GET__classes_id_roster_replica-4::missing_audit_log,education,GET /classes/{id}/roster/replica-4,missing_audit_log,auditability,audit_obligation,wrong_jurisdiction,missing_audit,0,0,0,0,3.0
education::GET__classes_id_roster_replica-4::missing_audit_log,education,GET /classes/{id}/roster/replica-4,missing_audit_log,auditability,audit_obligation,wrong_purpose,missing_audit,0,0,0,0,3.0
education::GET__classes_id_roster_replica-4::missing_audit_log,education,GET /classes/{id}/roster/replica-4,missing_audit_log,auditability,audit_obligation,self_access,missing_audit,1,0,0,0,3.0
education::GET__classes_id_roster_replica-4::missing_audit_log,education,GET /classes/{id}/roster/replica-4,missing_audit_log,auditability,audit_obligation,unauthenticated,missing_audit,0,0,0,0,3.0
education::GET__classes_id_roster_replica-4::missing_audit_log,education,GET /classes/{id}/roster/replica-4,missing_audit_log,auditability,audit_obligation,sensitive_field_probe,missing_audit,1,0,0,0,3.0
education::GET__classes_id_roster_replica-4::missing_audit_log,education,GET /classes/{id}/roster/replica-4,missing_audit_log,auditability,audit_obligation,aggregation_boundary,missing_audit,1,0,0,0,3.0
education::GET__classes_id_roster_replica-4::missing_audit_log,education,GET /classes/{id}/roster/replica-4,missing_audit_log,auditability,audit_obligation,deprecated_inventory,missing_audit,1,0,0,0,3.0
education::GET__classes_id_roster_replica-4::deprecated_exposed,education,GET /classes/{id}/roster/replica-4,deprecated_exposed,inventory,endpoint_inventory,deprecated_inventory,field_exposure;deprecated_endpoint_exposed,1,4,4,5,21.0
education::GET__discipline_id_replica-4::missing_auth,education,GET /discipline/{id}/replica-4,missing_auth,function_auth,authentication,unauthenticated,unauthorized_allow;field_exposure,1,8,7,5,60.0
education::GET__discipline_id_replica-4::overbroad_role,education,GET /discipline/{id}/replica-4,overbroad_role,function_auth,function_authorization,wrong_role,unauthorized_allow;field_exposure,1,8,7,5,60.0
education::GET__discipline_id_replica-4::missing_object_check,education,GET /discipline/{id}/replica-4,missing_object_check,object_auth,object_scope,wrong_jurisdiction,unauthorized_allow;field_exposure,1,4,4,5,45.0
education::GET__discipline_id_replica-4::jurisdiction_bypass,education,GET /discipline/{id}/replica-4,jurisdiction_bypass,object_auth,jurisdiction_scope,wrong_jurisdiction,unauthorized_allow;field_exposure,1,4,4,5,45.0
education::GET__discipline_id_replica-4::purpose_bypass,education,GET /discipline/{id}/replica-4,purpose_bypass,purpose_scope,purpose_scope,wrong_purpose,unauthorized_allow;field_exposure,1,4,4,5,45.0
education::GET__discipline_id_replica-4::missing_field_filter,education,GET /discipline/{id}/replica-4,missing_field_filter,property_auth,field_minimization,valid,field_exposure,1,4,3,5,15.0
education::GET__discipline_id_replica-4::missing_field_filter,education,GET /discipline/{id}/replica-4,missing_field_filter,property_auth,field_minimization,self_access,field_exposure,1,3,2,5,10.0
education::GET__discipline_id_replica-4::missing_field_filter,education,GET /discipline/{id}/replica-4,missing_field_filter,property_auth,field_minimization,sensitive_field_probe,field_exposure,1,4,3,5,15.0
education::GET__discipline_id_replica-4::missing_field_filter,education,GET /discipline/{id}/replica-4,missing_field_filter,property_auth,field_minimization,aggregation_boundary,field_exposure,1,4,3,5,15.0
education::GET__discipline_id_replica-4::missing_field_filter,education,GET /discipline/{id}/replica-4,missing_field_filter,property_auth,field_minimization,deprecated_inventory,field_exposure,1,4,3,5,15.0
education::GET__discipline_id_replica-4::aggregation_leak,education,GET /discipline/{id}/replica-4,aggregation_leak,property_auth,aggregation_boundary,aggregation_boundary,field_exposure,1,4,3,5,15.0
education::GET__discipline_id_replica-4::missing_audit_log,education,GET /discipline/{id}/replica-4,missing_audit_log,auditability,audit_obligation,valid,missing_audit,1,0,0,0,3.0
education::GET__discipline_id_replica-4::missing_audit_log,education,GET /discipline/{id}/replica-4,missing_audit_log,auditability,audit_obligation,wrong_role,missing_audit,0,0,0,0,3.0
education::GET__discipline_id_replica-4::missing_audit_log,education,GET /discipline/{id}/replica-4,missing_audit_log,auditability,audit_obligation,wrong_jurisdiction,missing_audit,0,0,0,0,3.0
education::GET__discipline_id_replica-4::missing_audit_log,education,GET /discipline/{id}/replica-4,missing_audit_log,auditability,audit_obligation,wrong_purpose,missing_audit,0,0,0,0,3.0
education::GET__discipline_id_replica-4::missing_audit_log,education,GET /discipline/{id}/replica-4,missing_audit_log,auditability,audit_obligation,self_access,missing_audit,1,0,0,0,3.0
education::GET__discipline_id_replica-4::missing_audit_log,education,GET /discipline/{id}/replica-4,missing_audit_log,auditability,audit_obligation,unauthenticated,missing_audit,0,0,0,0,3.0
education::GET__discipline_id_replica-4::missing_audit_log,education,GET /discipline/{id}/replica-4,missing_audit_log,auditability,audit_obligation,sensitive_field_probe,missing_audit,1,0,0,0,3.0
education::GET__discipline_id_replica-4::missing_audit_log,education,GET /discipline/{id}/replica-4,missing_audit_log,auditability,audit_obligation,aggregation_boundary,missing_audit,1,0,0,0,3.0
education::GET__discipline_id_replica-4::missing_audit_log,education,GET /discipline/{id}/replica-4,missing_audit_log,auditability,audit_obligation,deprecated_inventory,missing_audit,1,0,0,0,3.0
education::GET__discipline_id_replica-4::deprecated_exposed,education,GET /discipline/{id}/replica-4,deprecated_exposed,inventory,endpoint_inventory,deprecated_inventory,field_exposure;deprecated_endpoint_exposed,1,4,3,5,19.0
business_licensing::GET__licenses_id_replica-4::missing_auth,business_licensing,GET /licenses/{id}/replica-4,missing_auth,function_auth,authentication,unauthenticated,unauthorized_allow;field_exposure,1,8,3,4,42.0
business_licensing::GET__licenses_id_replica-4::overbroad_role,business_licensing,GET /licenses/{id}/replica-4,overbroad_role,function_auth,function_authorization,wrong_role,unauthorized_allow;field_exposure,1,8,3,4,42.0
business_licensing::GET__licenses_id_replica-4::missing_object_check,business_licensing,GET /licenses/{id}/replica-4,missing_object_check,object_auth,object_scope,wrong_jurisdiction,unauthorized_allow;field_exposure,1,7,2,4,38.0
business_licensing::GET__licenses_id_replica-4::jurisdiction_bypass,business_licensing,GET /licenses/{id}/replica-4,jurisdiction_bypass,object_auth,jurisdiction_scope,wrong_jurisdiction,unauthorized_allow;field_exposure,1,7,2,4,38.0
business_licensing::GET__licenses_id_replica-4::purpose_bypass,business_licensing,GET /licenses/{id}/replica-4,purpose_bypass,purpose_scope,purpose_scope,wrong_purpose,unauthorized_allow;field_exposure,1,7,2,4,38.0
business_licensing::GET__licenses_id_replica-4::missing_field_filter,business_licensing,GET /licenses/{id}/replica-4,missing_field_filter,property_auth,field_minimization,valid,field_exposure,1,1,1,4,4.0
business_licensing::GET__licenses_id_replica-4::missing_field_filter,business_licensing,GET /licenses/{id}/replica-4,missing_field_filter,property_auth,field_minimization,self_access,field_exposure,1,2,1,4,6.0
business_licensing::GET__licenses_id_replica-4::missing_field_filter,business_licensing,GET /licenses/{id}/replica-4,missing_field_filter,property_auth,field_minimization,sensitive_field_probe,field_exposure,1,1,1,4,4.0
business_licensing::GET__licenses_id_replica-4::missing_field_filter,business_licensing,GET /licenses/{id}/replica-4,missing_field_filter,property_auth,field_minimization,aggregation_boundary,field_exposure,1,1,1,4,4.0
business_licensing::GET__licenses_id_replica-4::missing_field_filter,business_licensing,GET /licenses/{id}/replica-4,missing_field_filter,property_auth,field_minimization,deprecated_inventory,field_exposure,1,1,1,4,4.0
business_licensing::GET__licenses_id_replica-4::aggregation_leak,business_licensing,GET /licenses/{id}/replica-4,aggregation_leak,property_auth,aggregation_boundary,aggregation_boundary,field_exposure,1,1,1,4,4.0
business_licensing::GET__licenses_id_replica-4::missing_audit_log,business_licensing,GET /licenses/{id}/replica-4,missing_audit_log,auditability,audit_obligation,valid,missing_audit,1,0,0,0,3.0
business_licensing::GET__licenses_id_replica-4::missing_audit_log,business_licensing,GET /licenses/{id}/replica-4,missing_audit_log,auditability,audit_obligation,wrong_role,missing_audit,0,0,0,0,3.0
business_licensing::GET__licenses_id_replica-4::missing_audit_log,business_licensing,GET /licenses/{id}/replica-4,missing_audit_log,auditability,audit_obligation,wrong_jurisdiction,missing_audit,0,0,0,0,3.0
business_licensing::GET__licenses_id_replica-4::missing_audit_log,business_licensing,GET /licenses/{id}/replica-4,missing_audit_log,auditability,audit_obligation,wrong_purpose,missing_audit,0,0,0,0,3.0
business_licensing::GET__licenses_id_replica-4::missing_audit_log,business_licensing,GET /licenses/{id}/replica-4,missing_audit_log,auditability,audit_obligation,self_access,missing_audit,1,0,0,0,3.0
business_licensing::GET__licenses_id_replica-4::missing_audit_log,business_licensing,GET /licenses/{id}/replica-4,missing_audit_log,auditability,audit_obligation,unauthenticated,missing_audit,0,0,0,0,3.0
business_licensing::GET__licenses_id_replica-4::missing_audit_log,business_licensing,GET /licenses/{id}/replica-4,missing_audit_log,auditability,audit_obligation,sensitive_field_probe,missing_audit,1,0,0,0,3.0
business_licensing::GET__licenses_id_replica-4::missing_audit_log,business_licensing,GET /licenses/{id}/replica-4,missing_audit_log,auditability,audit_obligation,aggregation_boundary,missing_audit,1,0,0,0,3.0
business_licensing::GET__licenses_id_replica-4::missing_audit_log,business_licensing,GET /licenses/{id}/replica-4,missing_audit_log,auditability,audit_obligation,deprecated_inventory,missing_audit,1,0,0,0,3.0
business_licensing::GET__licenses_id_replica-4::deprecated_exposed,business_licensing,GET /licenses/{id}/replica-4,deprecated_exposed,inventory,endpoint_inventory,deprecated_inventory,field_exposure;deprecated_endpoint_exposed,1,1,1,4,8.0
business_licensing::GET__inspections_id_replica-4::missing_auth,business_licensing,GET /inspections/{id}/replica-4,missing_auth,function_auth,authentication,unauthenticated,unauthorized_allow;field_exposure,1,8,3,4,43.0
business_licensing::GET__inspections_id_replica-4::overbroad_role,business_licensing,GET /inspections/{id}/replica-4,overbroad_role,function_auth,function_authorization,wrong_role,unauthorized_allow;field_exposure,1,8,3,4,43.0
business_licensing::GET__inspections_id_replica-4::missing_object_check,business_licensing,GET /inspections/{id}/replica-4,missing_object_check,object_auth,object_scope,wrong_jurisdiction,unauthorized_allow;field_exposure,1,6,2,4,37.0
business_licensing::GET__inspections_id_replica-4::jurisdiction_bypass,business_licensing,GET /inspections/{id}/replica-4,jurisdiction_bypass,object_auth,jurisdiction_scope,wrong_jurisdiction,unauthorized_allow;field_exposure,1,6,2,4,37.0
business_licensing::GET__inspections_id_replica-4::purpose_bypass,business_licensing,GET /inspections/{id}/replica-4,purpose_bypass,purpose_scope,purpose_scope,wrong_purpose,unauthorized_allow;field_exposure,1,6,2,4,37.0
business_licensing::GET__inspections_id_replica-4::missing_field_filter,business_licensing,GET /inspections/{id}/replica-4,missing_field_filter,property_auth,field_minimization,valid,field_exposure,1,2,1,4,6.0
business_licensing::GET__inspections_id_replica-4::missing_field_filter,business_licensing,GET /inspections/{id}/replica-4,missing_field_filter,property_auth,field_minimization,self_access,field_exposure,1,3,2,4,10.0
business_licensing::GET__inspections_id_replica-4::missing_field_filter,business_licensing,GET /inspections/{id}/replica-4,missing_field_filter,property_auth,field_minimization,sensitive_field_probe,field_exposure,1,2,1,4,6.0
business_licensing::GET__inspections_id_replica-4::missing_field_filter,business_licensing,GET /inspections/{id}/replica-4,missing_field_filter,property_auth,field_minimization,aggregation_boundary,field_exposure,1,2,1,4,6.0
business_licensing::GET__inspections_id_replica-4::missing_field_filter,business_licensing,GET /inspections/{id}/replica-4,missing_field_filter,property_auth,field_minimization,deprecated_inventory,field_exposure,1,2,1,4,6.0
business_licensing::GET__inspections_id_replica-4::aggregation_leak,business_licensing,GET /inspections/{id}/replica-4,aggregation_leak,property_auth,aggregation_boundary,aggregation_boundary,field_exposure,1,2,1,4,6.0
business_licensing::GET__inspections_id_replica-4::missing_audit_log,business_licensing,GET /inspections/{id}/replica-4,missing_audit_log,auditability,audit_obligation,valid,missing_audit,1,0,0,0,3.0
business_licensing::GET__inspections_id_replica-4::missing_audit_log,business_licensing,GET /inspections/{id}/replica-4,missing_audit_log,auditability,audit_obligation,wrong_role,missing_audit,0,0,0,0,3.0
business_licensing::GET__inspections_id_replica-4::missing_audit_log,business_licensing,GET /inspections/{id}/replica-4,missing_audit_log,auditability,audit_obligation,wrong_jurisdiction,missing_audit,0,0,0,0,3.0
business_licensing::GET__inspections_id_replica-4::missing_audit_log,business_licensing,GET /inspections/{id}/replica-4,missing_audit_log,auditability,audit_obligation,wrong_purpose,missing_audit,0,0,0,0,3.0
business_licensing::GET__inspections_id_replica-4::missing_audit_log,business_licensing,GET /inspections/{id}/replica-4,missing_audit_log,auditability,audit_obligation,self_access,missing_audit,1,0,0,0,3.0
business_licensing::GET__inspections_id_replica-4::missing_audit_log,business_licensing,GET /inspections/{id}/replica-4,missing_audit_log,auditability,audit_obligation,unauthenticated,missing_audit,0,0,0,0,3.0
business_licensing::GET__inspections_id_replica-4::missing_audit_log,business_licensing,GET /inspections/{id}/replica-4,missing_audit_log,auditability,audit_obligation,sensitive_field_probe,missing_audit,1,0,0,0,3.0
business_licensing::GET__inspections_id_replica-4::missing_audit_log,business_licensing,GET /inspections/{id}/replica-4,missing_audit_log,auditability,audit_obligation,aggregation_boundary,missing_audit,1,0,0,0,3.0
business_licensing::GET__inspections_id_replica-4::missing_audit_log,business_licensing,GET /inspections/{id}/replica-4,missing_audit_log,auditability,audit_obligation,deprecated_inventory,missing_audit,1,0,0,0,3.0
business_licensing::GET__inspections_id_replica-4::deprecated_exposed,business_licensing,GET /inspections/{id}/replica-4,deprecated_exposed,inventory,endpoint_inventory,deprecated_inventory,field_exposure;deprecated_endpoint_exposed,1,2,1,4,10.0
business_licensing::GET__licenses_export_replica-4::missing_auth,business_licensing,GET /licenses/export/replica-4,missing_auth,function_auth,authentication,unauthenticated,unauthorized_allow;field_exposure,1,8,4,4,44.0
business_licensing::GET__licenses_export_replica-4::overbroad_role,business_licensing,GET /licenses/export/replica-4,overbroad_role,function_auth,function_authorization,wrong_role,unauthorized_allow;field_exposure,1,8,4,4,44.0
business_licensing::GET__licenses_export_replica-4::missing_object_check,business_licensing,GET /licenses/export/replica-4,missing_object_check,object_auth,object_scope,wrong_jurisdiction,unauthorized_allow;field_exposure,1,7,3,4,40.0
business_licensing::GET__licenses_export_replica-4::jurisdiction_bypass,business_licensing,GET /licenses/export/replica-4,jurisdiction_bypass,object_auth,jurisdiction_scope,wrong_jurisdiction,unauthorized_allow;field_exposure,1,7,3,4,40.0
business_licensing::GET__licenses_export_replica-4::purpose_bypass,business_licensing,GET /licenses/export/replica-4,purpose_bypass,purpose_scope,purpose_scope,wrong_purpose,unauthorized_allow;field_exposure,1,7,3,4,40.0
business_licensing::GET__licenses_export_replica-4::missing_field_filter,business_licensing,GET /licenses/export/replica-4,missing_field_filter,property_auth,field_minimization,valid,field_exposure,1,1,1,4,4.0
business_licensing::GET__licenses_export_replica-4::missing_field_filter,business_licensing,GET /licenses/export/replica-4,missing_field_filter,property_auth,field_minimization,self_access,field_exposure,1,2,1,4,6.0
business_licensing::GET__licenses_export_replica-4::missing_field_filter,business_licensing,GET /licenses/export/replica-4,missing_field_filter,property_auth,field_minimization,sensitive_field_probe,field_exposure,1,1,1,4,4.0
business_licensing::GET__licenses_export_replica-4::missing_field_filter,business_licensing,GET /licenses/export/replica-4,missing_field_filter,property_auth,field_minimization,aggregation_boundary,field_exposure,1,1,1,4,4.0
business_licensing::GET__licenses_export_replica-4::missing_field_filter,business_licensing,GET /licenses/export/replica-4,missing_field_filter,property_auth,field_minimization,deprecated_inventory,field_exposure,1,1,1,4,4.0
business_licensing::GET__licenses_export_replica-4::aggregation_leak,business_licensing,GET /licenses/export/replica-4,aggregation_leak,property_auth,aggregation_boundary,aggregation_boundary,field_exposure,1,1,1,4,4.0
business_licensing::GET__licenses_export_replica-4::missing_audit_log,business_licensing,GET /licenses/export/replica-4,missing_audit_log,auditability,audit_obligation,valid,missing_audit,1,0,0,0,3.0
business_licensing::GET__licenses_export_replica-4::missing_audit_log,business_licensing,GET /licenses/export/replica-4,missing_audit_log,auditability,audit_obligation,wrong_role,missing_audit,0,0,0,0,3.0
business_licensing::GET__licenses_export_replica-4::missing_audit_log,business_licensing,GET /licenses/export/replica-4,missing_audit_log,auditability,audit_obligation,wrong_jurisdiction,missing_audit,0,0,0,0,3.0
business_licensing::GET__licenses_export_replica-4::missing_audit_log,business_licensing,GET /licenses/export/replica-4,missing_audit_log,auditability,audit_obligation,wrong_purpose,missing_audit,0,0,0,0,3.0
business_licensing::GET__licenses_export_replica-4::missing_audit_log,business_licensing,GET /licenses/export/replica-4,missing_audit_log,auditability,audit_obligation,self_access,missing_audit,1,0,0,0,3.0
business_licensing::GET__licenses_export_replica-4::missing_audit_log,business_licensing,GET /licenses/export/replica-4,missing_audit_log,auditability,audit_obligation,unauthenticated,missing_audit,0,0,0,0,3.0
business_licensing::GET__licenses_export_replica-4::missing_audit_log,business_licensing,GET /licenses/export/replica-4,missing_audit_log,auditability,audit_obligation,sensitive_field_probe,missing_audit,1,0,0,0,3.0
business_licensing::GET__licenses_export_replica-4::missing_audit_log,business_licensing,GET /licenses/export/replica-4,missing_audit_log,auditability,audit_obligation,aggregation_boundary,missing_audit,1,0,0,0,3.0
business_licensing::GET__licenses_export_replica-4::missing_audit_log,business_licensing,GET /licenses/export/replica-4,missing_audit_log,auditability,audit_obligation,deprecated_inventory,missing_audit,1,0,0,0,3.0
business_licensing::GET__licenses_export_replica-4::deprecated_exposed,business_licensing,GET /licenses/export/replica-4,deprecated_exposed,inventory,endpoint_inventory,deprecated_inventory,field_exposure;deprecated_endpoint_exposed,1,1,1,4,8.0
health::GET__patients_id_replica-5::missing_auth,health,GET /patients/{id}/replica-5,missing_auth,function_auth,authentication,unauthenticated,unauthorized_allow;field_exposure,1,8,8,5,61.0
health::GET__patients_id_replica-5::overbroad_role,health,GET /patients/{id}/replica-5,overbroad_role,function_auth,function_authorization,wrong_role,unauthorized_allow;field_exposure,1,8,8,5,61.0
health::GET__patients_id_replica-5::missing_object_check,health,GET /patients/{id}/replica-5,missing_object_check,object_auth,object_scope,wrong_jurisdiction,unauthorized_allow;field_exposure,1,7,7,5,57.0
health::GET__patients_id_replica-5::jurisdiction_bypass,health,GET /patients/{id}/replica-5,jurisdiction_bypass,object_auth,jurisdiction_scope,wrong_jurisdiction,unauthorized_allow;field_exposure,1,7,7,5,57.0
health::GET__patients_id_replica-5::purpose_bypass,health,GET /patients/{id}/replica-5,purpose_bypass,purpose_scope,purpose_scope,wrong_purpose,unauthorized_allow;field_exposure,1,7,7,5,57.0
health::GET__patients_id_replica-5::missing_field_filter,health,GET /patients/{id}/replica-5,missing_field_filter,property_auth,field_minimization,valid,field_exposure,1,1,1,4,4.0
health::GET__patients_id_replica-5::missing_field_filter,health,GET /patients/{id}/replica-5,missing_field_filter,property_auth,field_minimization,sensitive_field_probe,field_exposure,1,1,1,4,4.0
health::GET__patients_id_replica-5::missing_field_filter,health,GET /patients/{id}/replica-5,missing_field_filter,property_auth,field_minimization,aggregation_boundary,field_exposure,1,1,1,4,4.0
health::GET__patients_id_replica-5::missing_field_filter,health,GET /patients/{id}/replica-5,missing_field_filter,property_auth,field_minimization,deprecated_inventory,field_exposure,1,1,1,4,4.0
health::GET__patients_id_replica-5::aggregation_leak,health,GET /patients/{id}/replica-5,aggregation_leak,property_auth,aggregation_boundary,aggregation_boundary,field_exposure,1,1,1,4,4.0
health::GET__patients_id_replica-5::missing_audit_log,health,GET /patients/{id}/replica-5,missing_audit_log,auditability,audit_obligation,valid,missing_audit,1,0,0,0,3.0
health::GET__patients_id_replica-5::missing_audit_log,health,GET /patients/{id}/replica-5,missing_audit_log,auditability,audit_obligation,wrong_role,missing_audit,0,0,0,0,3.0
health::GET__patients_id_replica-5::missing_audit_log,health,GET /patients/{id}/replica-5,missing_audit_log,auditability,audit_obligation,wrong_jurisdiction,missing_audit,0,0,0,0,3.0
health::GET__patients_id_replica-5::missing_audit_log,health,GET /patients/{id}/replica-5,missing_audit_log,auditability,audit_obligation,wrong_purpose,missing_audit,0,0,0,0,3.0
health::GET__patients_id_replica-5::missing_audit_log,health,GET /patients/{id}/replica-5,missing_audit_log,auditability,audit_obligation,self_access,missing_audit,1,0,0,0,3.0
health::GET__patients_id_replica-5::missing_audit_log,health,GET /patients/{id}/replica-5,missing_audit_log,auditability,audit_obligation,unauthenticated,missing_audit,0,0,0,0,3.0
health::GET__patients_id_replica-5::missing_audit_log,health,GET /patients/{id}/replica-5,missing_audit_log,auditability,audit_obligation,sensitive_field_probe,missing_audit,1,0,0,0,3.0
health::GET__patients_id_replica-5::missing_audit_log,health,GET /patients/{id}/replica-5,missing_audit_log,auditability,audit_obligation,aggregation_boundary,missing_audit,1,0,0,0,3.0
health::GET__patients_id_replica-5::missing_audit_log,health,GET /patients/{id}/replica-5,missing_audit_log,auditability,audit_obligation,deprecated_inventory,missing_audit,1,0,0,0,3.0
health::GET__patients_id_replica-5::deprecated_exposed,health,GET /patients/{id}/replica-5,deprecated_exposed,inventory,endpoint_inventory,deprecated_inventory,field_exposure;deprecated_endpoint_exposed,1,1,1,4,8.0
health::GET__encounters_id_replica-5::missing_auth,health,GET /encounters/{id}/replica-5,missing_auth,function_auth,authentication,unauthenticated,unauthorized_allow;field_exposure,1,8,7,5,61.0
health::GET__encounters_id_replica-5::overbroad_role,health,GET /encounters/{id}/replica-5,overbroad_role,function_auth,function_authorization,wrong_role,unauthorized_allow;field_exposure,1,8,7,5,61.0
health::GET__encounters_id_replica-5::missing_object_check,health,GET /encounters/{id}/replica-5,missing_object_check,object_auth,object_scope,wrong_jurisdiction,unauthorized_allow;field_exposure,1,6,5,5,53.0
health::GET__encounters_id_replica-5::jurisdiction_bypass,health,GET /encounters/{id}/replica-5,jurisdiction_bypass,object_auth,jurisdiction_scope,wrong_jurisdiction,unauthorized_allow;field_exposure,1,6,5,5,53.0
health::GET__encounters_id_replica-5::purpose_bypass,health,GET /encounters/{id}/replica-5,purpose_bypass,purpose_scope,purpose_scope,wrong_purpose,unauthorized_allow;field_exposure,1,6,5,5,53.0
health::GET__encounters_id_replica-5::missing_field_filter,health,GET /encounters/{id}/replica-5,missing_field_filter,property_auth,field_minimization,valid,field_exposure,1,2,2,4,8.0
health::GET__encounters_id_replica-5::missing_field_filter,health,GET /encounters/{id}/replica-5,missing_field_filter,property_auth,field_minimization,self_access,field_exposure,1,1,0,2,2.0
health::GET__encounters_id_replica-5::missing_field_filter,health,GET /encounters/{id}/replica-5,missing_field_filter,property_auth,field_minimization,sensitive_field_probe,field_exposure,1,2,2,4,8.0
health::GET__encounters_id_replica-5::missing_field_filter,health,GET /encounters/{id}/replica-5,missing_field_filter,property_auth,field_minimization,aggregation_boundary,field_exposure,1,2,2,4,8.0
health::GET__encounters_id_replica-5::missing_field_filter,health,GET /encounters/{id}/replica-5,missing_field_filter,property_auth,field_minimization,deprecated_inventory,field_exposure,1,2,2,4,8.0
health::GET__encounters_id_replica-5::aggregation_leak,health,GET /encounters/{id}/replica-5,aggregation_leak,property_auth,aggregation_boundary,aggregation_boundary,field_exposure,1,2,2,4,8.0
health::GET__encounters_id_replica-5::missing_audit_log,health,GET /encounters/{id}/replica-5,missing_audit_log,auditability,audit_obligation,valid,missing_audit,1,0,0,0,3.0
health::GET__encounters_id_replica-5::missing_audit_log,health,GET /encounters/{id}/replica-5,missing_audit_log,auditability,audit_obligation,wrong_role,missing_audit,0,0,0,0,3.0
health::GET__encounters_id_replica-5::missing_audit_log,health,GET /encounters/{id}/replica-5,missing_audit_log,auditability,audit_obligation,wrong_jurisdiction,missing_audit,0,0,0,0,3.0
health::GET__encounters_id_replica-5::missing_audit_log,health,GET /encounters/{id}/replica-5,missing_audit_log,auditability,audit_obligation,wrong_purpose,missing_audit,0,0,0,0,3.0
health::GET__encounters_id_replica-5::missing_audit_log,health,GET /encounters/{id}/replica-5,missing_audit_log,auditability,audit_obligation,self_access,missing_audit,1,0,0,0,3.0
health::GET__encounters_id_replica-5::missing_audit_log,health,GET /encounters/{id}/replica-5,missing_audit_log,auditability,audit_obligation,unauthenticated,missing_audit,0,0,0,0,3.0
health::GET__encounters_id_replica-5::missing_audit_log,health,GET /encounters/{id}/replica-5,missing_audit_log,auditability,audit_obligation,sensitive_field_probe,missing_audit,1,0,0,0,3.0
health::GET__encounters_id_replica-5::missing_audit_log,health,GET /encounters/{id}/replica-5,missing_audit_log,auditability,audit_obligation,aggregation_boundary,missing_audit,1,0,0,0,3.0
health::GET__encounters_id_replica-5::missing_audit_log,health,GET /encounters/{id}/replica-5,missing_audit_log,auditability,audit_obligation,deprecated_inventory,missing_audit,1,0,0,0,3.0
health::GET__encounters_id_replica-5::deprecated_exposed,health,GET /encounters/{id}/replica-5,deprecated_exposed,inventory,endpoint_inventory,deprecated_inventory,field_exposure;deprecated_endpoint_exposed,1,2,2,4,12.0
health::GET__patients_search_replica-5::missing_auth,health,GET /patients/search/replica-5,missing_auth,function_auth,authentication,unauthenticated,unauthorized_allow;field_exposure,1,8,8,5,60.0
health::GET__patients_search_replica-5::overbroad_role,health,GET /patients/search/replica-5,overbroad_role,function_auth,function_authorization,wrong_role,unauthorized_allow;field_exposure,1,8,8,5,60.0
health::GET__patients_search_replica-5::missing_object_check,health,GET /patients/search/replica-5,missing_object_check,object_auth,object_scope,wrong_jurisdiction,unauthorized_allow;field_exposure,1,7,7,5,56.0
health::GET__patients_search_replica-5::jurisdiction_bypass,health,GET /patients/search/replica-5,jurisdiction_bypass,object_auth,jurisdiction_scope,wrong_jurisdiction,unauthorized_allow;field_exposure,1,7,7,5,56.0
health::GET__patients_search_replica-5::purpose_bypass,health,GET /patients/search/replica-5,purpose_bypass,purpose_scope,purpose_scope,wrong_purpose,unauthorized_allow;field_exposure,1,7,7,5,56.0
health::GET__patients_search_replica-5::missing_field_filter,health,GET /patients/search/replica-5,missing_field_filter,property_auth,field_minimization,valid,field_exposure,1,1,1,4,4.0
health::GET__patients_search_replica-5::missing_field_filter,health,GET /patients/search/replica-5,missing_field_filter,property_auth,field_minimization,sensitive_field_probe,field_exposure,1,1,1,4,4.0
health::GET__patients_search_replica-5::missing_field_filter,health,GET /patients/search/replica-5,missing_field_filter,property_auth,field_minimization,aggregation_boundary,field_exposure,1,1,1,4,4.0
health::GET__patients_search_replica-5::missing_field_filter,health,GET /patients/search/replica-5,missing_field_filter,property_auth,field_minimization,deprecated_inventory,field_exposure,1,1,1,4,4.0
health::GET__patients_search_replica-5::aggregation_leak,health,GET /patients/search/replica-5,aggregation_leak,property_auth,aggregation_boundary,aggregation_boundary,field_exposure,1,1,1,4,4.0
health::GET__patients_search_replica-5::missing_audit_log,health,GET /patients/search/replica-5,missing_audit_log,auditability,audit_obligation,valid,missing_audit,1,0,0,0,3.0
health::GET__patients_search_replica-5::missing_audit_log,health,GET /patients/search/replica-5,missing_audit_log,auditability,audit_obligation,wrong_role,missing_audit,0,0,0,0,3.0
health::GET__patients_search_replica-5::missing_audit_log,health,GET /patients/search/replica-5,missing_audit_log,auditability,audit_obligation,wrong_jurisdiction,missing_audit,0,0,0,0,3.0
health::GET__patients_search_replica-5::missing_audit_log,health,GET /patients/search/replica-5,missing_audit_log,auditability,audit_obligation,wrong_purpose,missing_audit,0,0,0,0,3.0
health::GET__patients_search_replica-5::missing_audit_log,health,GET /patients/search/replica-5,missing_audit_log,auditability,audit_obligation,self_access,missing_audit,1,0,0,0,3.0
health::GET__patients_search_replica-5::missing_audit_log,health,GET /patients/search/replica-5,missing_audit_log,auditability,audit_obligation,unauthenticated,missing_audit,0,0,0,0,3.0
health::GET__patients_search_replica-5::missing_audit_log,health,GET /patients/search/replica-5,missing_audit_log,auditability,audit_obligation,sensitive_field_probe,missing_audit,1,0,0,0,3.0
health::GET__patients_search_replica-5::missing_audit_log,health,GET /patients/search/replica-5,missing_audit_log,auditability,audit_obligation,aggregation_boundary,missing_audit,1,0,0,0,3.0
health::GET__patients_search_replica-5::missing_audit_log,health,GET /patients/search/replica-5,missing_audit_log,auditability,audit_obligation,deprecated_inventory,missing_audit,1,0,0,0,3.0
health::GET__patients_search_replica-5::deprecated_exposed,health,GET /patients/search/replica-5,deprecated_exposed,inventory,endpoint_inventory,deprecated_inventory,field_exposure;deprecated_endpoint_exposed,1,1,1,4,8.0
citizen_services::GET__citizens_id_replica-5::missing_auth,citizen_services,GET /citizens/{id}/replica-5,missing_auth,function_auth,authentication,unauthenticated,unauthorized_allow;field_exposure,1,8,7,5,58.0
citizen_services::GET__citizens_id_replica-5::overbroad_role,citizen_services,GET /citizens/{id}/replica-5,overbroad_role,function_auth,function_authorization,wrong_role,unauthorized_allow;field_exposure,1,8,7,5,58.0
citizen_services::GET__citizens_id_replica-5::missing_object_check,citizen_services,GET /citizens/{id}/replica-5,missing_object_check,object_auth,object_scope,wrong_jurisdiction,unauthorized_allow;field_exposure,1,5,5,4,47.0
citizen_services::GET__citizens_id_replica-5::jurisdiction_bypass,citizen_services,GET /citizens/{id}/replica-5,jurisdiction_bypass,object_auth,jurisdiction_scope,wrong_jurisdiction,unauthorized_allow;field_exposure,1,5,5,4,47.0
citizen_services::GET__citizens_id_replica-5::purpose_bypass,citizen_services,GET /citizens/{id}/replica-5,purpose_bypass,purpose_scope,purpose_scope,wrong_purpose,unauthorized_allow;field_exposure,1,5,5,4,47.0
citizen_services::GET__citizens_id_replica-5::missing_field_filter,citizen_services,GET /citizens/{id}/replica-5,missing_field_filter,property_auth,field_minimization,valid,field_exposure,1,3,2,5,11.0
citizen_services::GET__citizens_id_replica-5::missing_field_filter,citizen_services,GET /citizens/{id}/replica-5,missing_field_filter,property_auth,field_minimization,self_access,field_exposure,1,3,2,5,11.0
citizen_services::GET__citizens_id_replica-5::missing_field_filter,citizen_services,GET /citizens/{id}/replica-5,missing_field_filter,property_auth,field_minimization,sensitive_field_probe,field_exposure,1,3,2,5,11.0
citizen_services::GET__citizens_id_replica-5::missing_field_filter,citizen_services,GET /citizens/{id}/replica-5,missing_field_filter,property_auth,field_minimization,aggregation_boundary,field_exposure,1,3,2,5,11.0
citizen_services::GET__citizens_id_replica-5::missing_field_filter,citizen_services,GET /citizens/{id}/replica-5,missing_field_filter,property_auth,field_minimization,deprecated_inventory,field_exposure,1,3,2,5,11.0
citizen_services::GET__citizens_id_replica-5::aggregation_leak,citizen_services,GET /citizens/{id}/replica-5,aggregation_leak,property_auth,aggregation_boundary,aggregation_boundary,field_exposure,1,3,2,5,11.0
citizen_services::GET__citizens_id_replica-5::missing_audit_log,citizen_services,GET /citizens/{id}/replica-5,missing_audit_log,auditability,audit_obligation,valid,missing_audit,1,0,0,0,3.0
citizen_services::GET__citizens_id_replica-5::missing_audit_log,citizen_services,GET /citizens/{id}/replica-5,missing_audit_log,auditability,audit_obligation,wrong_role,missing_audit,0,0,0,0,3.0
citizen_services::GET__citizens_id_replica-5::missing_audit_log,citizen_services,GET /citizens/{id}/replica-5,missing_audit_log,auditability,audit_obligation,wrong_jurisdiction,missing_audit,0,0,0,0,3.0
citizen_services::GET__citizens_id_replica-5::missing_audit_log,citizen_services,GET /citizens/{id}/replica-5,missing_audit_log,auditability,audit_obligation,wrong_purpose,missing_audit,0,0,0,0,3.0
citizen_services::GET__citizens_id_replica-5::missing_audit_log,citizen_services,GET /citizens/{id}/replica-5,missing_audit_log,auditability,audit_obligation,self_access,missing_audit,1,0,0,0,3.0
citizen_services::GET__citizens_id_replica-5::missing_audit_log,citizen_services,GET /citizens/{id}/replica-5,missing_audit_log,auditability,audit_obligation,unauthenticated,missing_audit,0,0,0,0,3.0
citizen_services::GET__citizens_id_replica-5::missing_audit_log,citizen_services,GET /citizens/{id}/replica-5,missing_audit_log,auditability,audit_obligation,sensitive_field_probe,missing_audit,1,0,0,0,3.0
citizen_services::GET__citizens_id_replica-5::missing_audit_log,citizen_services,GET /citizens/{id}/replica-5,missing_audit_log,auditability,audit_obligation,aggregation_boundary,missing_audit,1,0,0,0,3.0
citizen_services::GET__citizens_id_replica-5::missing_audit_log,citizen_services,GET /citizens/{id}/replica-5,missing_audit_log,auditability,audit_obligation,deprecated_inventory,missing_audit,1,0,0,0,3.0
citizen_services::GET__citizens_id_replica-5::deprecated_exposed,citizen_services,GET /citizens/{id}/replica-5,deprecated_exposed,inventory,endpoint_inventory,deprecated_inventory,field_exposure;deprecated_endpoint_exposed,1,3,2,5,15.0
citizen_services::GET__benefits_id_replica-5::missing_auth,citizen_services,GET /benefits/{id}/replica-5,missing_auth,function_auth,authentication,unauthenticated,unauthorized_allow;field_exposure,1,8,6,5,57.0
citizen_services::GET__benefits_id_replica-5::overbroad_role,citizen_services,GET /benefits/{id}/replica-5,overbroad_role,function_auth,function_authorization,wrong_role,unauthorized_allow;field_exposure,1,8,6,5,57.0
citizen_services::GET__benefits_id_replica-5::missing_object_check,citizen_services,GET /benefits/{id}/replica-5,missing_object_check,object_auth,object_scope,wrong_jurisdiction,unauthorized_allow;field_exposure,1,5,5,4,48.0
citizen_services::GET__benefits_id_replica-5::jurisdiction_bypass,citizen_services,GET /benefits/{id}/replica-5,jurisdiction_bypass,object_auth,jurisdiction_scope,wrong_jurisdiction,unauthorized_allow;field_exposure,1,5,5,4,48.0
citizen_services::GET__benefits_id_replica-5::purpose_bypass,citizen_services,GET /benefits/{id}/replica-5,purpose_bypass,purpose_scope,purpose_scope,wrong_purpose,unauthorized_allow;field_exposure,1,5,5,4,48.0
citizen_services::GET__benefits_id_replica-5::missing_field_filter,citizen_services,GET /benefits/{id}/replica-5,missing_field_filter,property_auth,field_minimization,valid,field_exposure,1,3,1,5,9.0
citizen_services::GET__benefits_id_replica-5::missing_field_filter,citizen_services,GET /benefits/{id}/replica-5,missing_field_filter,property_auth,field_minimization,self_access,field_exposure,1,2,1,5,7.0
citizen_services::GET__benefits_id_replica-5::missing_field_filter,citizen_services,GET /benefits/{id}/replica-5,missing_field_filter,property_auth,field_minimization,sensitive_field_probe,field_exposure,1,3,1,5,9.0
citizen_services::GET__benefits_id_replica-5::missing_field_filter,citizen_services,GET /benefits/{id}/replica-5,missing_field_filter,property_auth,field_minimization,aggregation_boundary,field_exposure,1,3,1,5,9.0
citizen_services::GET__benefits_id_replica-5::missing_field_filter,citizen_services,GET /benefits/{id}/replica-5,missing_field_filter,property_auth,field_minimization,deprecated_inventory,field_exposure,1,3,1,5,9.0
citizen_services::GET__benefits_id_replica-5::aggregation_leak,citizen_services,GET /benefits/{id}/replica-5,aggregation_leak,property_auth,aggregation_boundary,aggregation_boundary,field_exposure,1,3,1,5,9.0
citizen_services::GET__benefits_id_replica-5::missing_audit_log,citizen_services,GET /benefits/{id}/replica-5,missing_audit_log,auditability,audit_obligation,valid,missing_audit,1,0,0,0,3.0
citizen_services::GET__benefits_id_replica-5::missing_audit_log,citizen_services,GET /benefits/{id}/replica-5,missing_audit_log,auditability,audit_obligation,wrong_role,missing_audit,0,0,0,0,3.0
citizen_services::GET__benefits_id_replica-5::missing_audit_log,citizen_services,GET /benefits/{id}/replica-5,missing_audit_log,auditability,audit_obligation,wrong_jurisdiction,missing_audit,0,0,0,0,3.0
citizen_services::GET__benefits_id_replica-5::missing_audit_log,citizen_services,GET /benefits/{id}/replica-5,missing_audit_log,auditability,audit_obligation,wrong_purpose,missing_audit,0,0,0,0,3.0
citizen_services::GET__benefits_id_replica-5::missing_audit_log,citizen_services,GET /benefits/{id}/replica-5,missing_audit_log,auditability,audit_obligation,self_access,missing_audit,1,0,0,0,3.0
citizen_services::GET__benefits_id_replica-5::missing_audit_log,citizen_services,GET /benefits/{id}/replica-5,missing_audit_log,auditability,audit_obligation,unauthenticated,missing_audit,0,0,0,0,3.0
citizen_services::GET__benefits_id_replica-5::missing_audit_log,citizen_services,GET /benefits/{id}/replica-5,missing_audit_log,auditability,audit_obligation,sensitive_field_probe,missing_audit,1,0,0,0,3.0
citizen_services::GET__benefits_id_replica-5::missing_audit_log,citizen_services,GET /benefits/{id}/replica-5,missing_audit_log,auditability,audit_obligation,aggregation_boundary,missing_audit,1,0,0,0,3.0
citizen_services::GET__benefits_id_replica-5::missing_audit_log,citizen_services,GET /benefits/{id}/replica-5,missing_audit_log,auditability,audit_obligation,deprecated_inventory,missing_audit,1,0,0,0,3.0
citizen_services::GET__benefits_id_replica-5::deprecated_exposed,citizen_services,GET /benefits/{id}/replica-5,deprecated_exposed,inventory,endpoint_inventory,deprecated_inventory,field_exposure;deprecated_endpoint_exposed,1,3,1,5,13.0
citizen_services::GET__citizens_export_replica-5::missing_auth,citizen_services,GET /citizens/export/replica-5,missing_auth,function_auth,authentication,unauthenticated,unauthorized_allow;field_exposure,1,8,7,5,59.0
citizen_services::GET__citizens_export_replica-5::overbroad_role,citizen_services,GET /citizens/export/replica-5,overbroad_role,function_auth,function_authorization,wrong_role,unauthorized_allow;field_exposure,1,8,7,5,59.0
citizen_services::GET__citizens_export_replica-5::missing_object_check,citizen_services,GET /citizens/export/replica-5,missing_object_check,object_auth,object_scope,wrong_jurisdiction,unauthorized_allow;field_exposure,1,5,5,4,48.0
citizen_services::GET__citizens_export_replica-5::jurisdiction_bypass,citizen_services,GET /citizens/export/replica-5,jurisdiction_bypass,object_auth,jurisdiction_scope,wrong_jurisdiction,unauthorized_allow;field_exposure,1,5,5,4,48.0
citizen_services::GET__citizens_export_replica-5::purpose_bypass,citizen_services,GET /citizens/export/replica-5,purpose_bypass,purpose_scope,purpose_scope,wrong_purpose,unauthorized_allow;field_exposure,1,5,5,4,48.0
citizen_services::GET__citizens_export_replica-5::missing_field_filter,citizen_services,GET /citizens/export/replica-5,missing_field_filter,property_auth,field_minimization,valid,field_exposure,1,3,2,5,11.0
citizen_services::GET__citizens_export_replica-5::missing_field_filter,citizen_services,GET /citizens/export/replica-5,missing_field_filter,property_auth,field_minimization,self_access,field_exposure,1,3,2,5,11.0
citizen_services::GET__citizens_export_replica-5::missing_field_filter,citizen_services,GET /citizens/export/replica-5,missing_field_filter,property_auth,field_minimization,sensitive_field_probe,field_exposure,1,3,2,5,11.0
citizen_services::GET__citizens_export_replica-5::missing_field_filter,citizen_services,GET /citizens/export/replica-5,missing_field_filter,property_auth,field_minimization,aggregation_boundary,field_exposure,1,3,2,5,11.0
citizen_services::GET__citizens_export_replica-5::missing_field_filter,citizen_services,GET /citizens/export/replica-5,missing_field_filter,property_auth,field_minimization,deprecated_inventory,field_exposure,1,3,2,5,11.0
citizen_services::GET__citizens_export_replica-5::aggregation_leak,citizen_services,GET /citizens/export/replica-5,aggregation_leak,property_auth,aggregation_boundary,aggregation_boundary,field_exposure,1,3,2,5,11.0
citizen_services::GET__citizens_export_replica-5::missing_audit_log,citizen_services,GET /citizens/export/replica-5,missing_audit_log,auditability,audit_obligation,valid,missing_audit,1,0,0,0,3.0
citizen_services::GET__citizens_export_replica-5::missing_audit_log,citizen_services,GET /citizens/export/replica-5,missing_audit_log,auditability,audit_obligation,wrong_role,missing_audit,0,0,0,0,3.0
citizen_services::GET__citizens_export_replica-5::missing_audit_log,citizen_services,GET /citizens/export/replica-5,missing_audit_log,auditability,audit_obligation,wrong_jurisdiction,missing_audit,0,0,0,0,3.0
citizen_services::GET__citizens_export_replica-5::missing_audit_log,citizen_services,GET /citizens/export/replica-5,missing_audit_log,auditability,audit_obligation,wrong_purpose,missing_audit,0,0,0,0,3.0
citizen_services::GET__citizens_export_replica-5::missing_audit_log,citizen_services,GET /citizens/export/replica-5,missing_audit_log,auditability,audit_obligation,self_access,missing_audit,1,0,0,0,3.0
citizen_services::GET__citizens_export_replica-5::missing_audit_log,citizen_services,GET /citizens/export/replica-5,missing_audit_log,auditability,audit_obligation,unauthenticated,missing_audit,0,0,0,0,3.0
citizen_services::GET__citizens_export_replica-5::missing_audit_log,citizen_services,GET /citizens/export/replica-5,missing_audit_log,auditability,audit_obligation,sensitive_field_probe,missing_audit,1,0,0,0,3.0
citizen_services::GET__citizens_export_replica-5::missing_audit_log,citizen_services,GET /citizens/export/replica-5,missing_audit_log,auditability,audit_obligation,aggregation_boundary,missing_audit,1,0,0,0,3.0
citizen_services::GET__citizens_export_replica-5::missing_audit_log,citizen_services,GET /citizens/export/replica-5,missing_audit_log,auditability,audit_obligation,deprecated_inventory,missing_audit,1,0,0,0,3.0
citizen_services::GET__citizens_export_replica-5::deprecated_exposed,citizen_services,GET /citizens/export/replica-5,deprecated_exposed,inventory,endpoint_inventory,deprecated_inventory,field_exposure;deprecated_endpoint_exposed,1,3,2,5,15.0
education::GET__students_id_record_replica-5::missing_auth,education,GET /students/{id}/record/replica-5,missing_auth,function_auth,authentication,unauthenticated,unauthorized_allow;field_exposure,1,8,8,5,59.0
education::GET__students_id_record_replica-5::overbroad_role,education,GET /students/{id}/record/replica-5,overbroad_role,function_auth,function_authorization,wrong_role,unauthorized_allow;field_exposure,1,8,8,5,59.0
education::GET__students_id_record_replica-5::missing_object_check,education,GET /students/{id}/record/replica-5,missing_object_check,object_auth,object_scope,wrong_jurisdiction,unauthorized_allow;field_exposure,1,4,4,3,42.0
education::GET__students_id_record_replica-5::jurisdiction_bypass,education,GET /students/{id}/record/replica-5,jurisdiction_bypass,object_auth,jurisdiction_scope,wrong_jurisdiction,unauthorized_allow;field_exposure,1,4,4,3,42.0
education::GET__students_id_record_replica-5::purpose_bypass,education,GET /students/{id}/record/replica-5,purpose_bypass,purpose_scope,purpose_scope,wrong_purpose,unauthorized_allow;field_exposure,1,4,4,3,42.0
education::GET__students_id_record_replica-5::missing_field_filter,education,GET /students/{id}/record/replica-5,missing_field_filter,property_auth,field_minimization,valid,field_exposure,1,4,4,5,17.0
education::GET__students_id_record_replica-5::missing_field_filter,education,GET /students/{id}/record/replica-5,missing_field_filter,property_auth,field_minimization,self_access,field_exposure,1,4,4,5,17.0
education::GET__students_id_record_replica-5::missing_field_filter,education,GET /students/{id}/record/replica-5,missing_field_filter,property_auth,field_minimization,sensitive_field_probe,field_exposure,1,4,4,5,17.0
education::GET__students_id_record_replica-5::missing_field_filter,education,GET /students/{id}/record/replica-5,missing_field_filter,property_auth,field_minimization,aggregation_boundary,field_exposure,1,4,4,5,17.0
education::GET__students_id_record_replica-5::missing_field_filter,education,GET /students/{id}/record/replica-5,missing_field_filter,property_auth,field_minimization,deprecated_inventory,field_exposure,1,4,4,5,17.0
education::GET__students_id_record_replica-5::aggregation_leak,education,GET /students/{id}/record/replica-5,aggregation_leak,property_auth,aggregation_boundary,aggregation_boundary,field_exposure,1,4,4,5,17.0
education::GET__students_id_record_replica-5::missing_audit_log,education,GET /students/{id}/record/replica-5,missing_audit_log,auditability,audit_obligation,valid,missing_audit,1,0,0,0,3.0
education::GET__students_id_record_replica-5::missing_audit_log,education,GET /students/{id}/record/replica-5,missing_audit_log,auditability,audit_obligation,wrong_role,missing_audit,0,0,0,0,3.0
education::GET__students_id_record_replica-5::missing_audit_log,education,GET /students/{id}/record/replica-5,missing_audit_log,auditability,audit_obligation,wrong_jurisdiction,missing_audit,0,0,0,0,3.0
education::GET__students_id_record_replica-5::missing_audit_log,education,GET /students/{id}/record/replica-5,missing_audit_log,auditability,audit_obligation,wrong_purpose,missing_audit,0,0,0,0,3.0
education::GET__students_id_record_replica-5::missing_audit_log,education,GET /students/{id}/record/replica-5,missing_audit_log,auditability,audit_obligation,self_access,missing_audit,1,0,0,0,3.0
education::GET__students_id_record_replica-5::missing_audit_log,education,GET /students/{id}/record/replica-5,missing_audit_log,auditability,audit_obligation,unauthenticated,missing_audit,0,0,0,0,3.0
education::GET__students_id_record_replica-5::missing_audit_log,education,GET /students/{id}/record/replica-5,missing_audit_log,auditability,audit_obligation,sensitive_field_probe,missing_audit,1,0,0,0,3.0
education::GET__students_id_record_replica-5::missing_audit_log,education,GET /students/{id}/record/replica-5,missing_audit_log,auditability,audit_obligation,aggregation_boundary,missing_audit,1,0,0,0,3.0
education::GET__students_id_record_replica-5::missing_audit_log,education,GET /students/{id}/record/replica-5,missing_audit_log,auditability,audit_obligation,deprecated_inventory,missing_audit,1,0,0,0,3.0
education::GET__students_id_record_replica-5::deprecated_exposed,education,GET /students/{id}/record/replica-5,deprecated_exposed,inventory,endpoint_inventory,deprecated_inventory,field_exposure;deprecated_endpoint_exposed,1,4,4,5,21.0
education::GET__classes_id_roster_replica-5::missing_auth,education,GET /classes/{id}/roster/replica-5,missing_auth,function_auth,authentication,unauthenticated,unauthorized_allow;field_exposure,1,8,8,5,59.0
education::GET__classes_id_roster_replica-5::overbroad_role,education,GET /classes/{id}/roster/replica-5,overbroad_role,function_auth,function_authorization,wrong_role,unauthorized_allow;field_exposure,1,8,8,5,59.0
education::GET__classes_id_roster_replica-5::missing_object_check,education,GET /classes/{id}/roster/replica-5,missing_object_check,object_auth,object_scope,wrong_jurisdiction,unauthorized_allow;field_exposure,1,4,4,3,42.0
education::GET__classes_id_roster_replica-5::jurisdiction_bypass,education,GET /classes/{id}/roster/replica-5,jurisdiction_bypass,object_auth,jurisdiction_scope,wrong_jurisdiction,unauthorized_allow;field_exposure,1,4,4,3,42.0
education::GET__classes_id_roster_replica-5::purpose_bypass,education,GET /classes/{id}/roster/replica-5,purpose_bypass,purpose_scope,purpose_scope,wrong_purpose,unauthorized_allow;field_exposure,1,4,4,3,42.0
education::GET__classes_id_roster_replica-5::missing_field_filter,education,GET /classes/{id}/roster/replica-5,missing_field_filter,property_auth,field_minimization,valid,field_exposure,1,4,4,5,17.0
education::GET__classes_id_roster_replica-5::missing_field_filter,education,GET /classes/{id}/roster/replica-5,missing_field_filter,property_auth,field_minimization,self_access,field_exposure,1,4,4,5,17.0
education::GET__classes_id_roster_replica-5::missing_field_filter,education,GET /classes/{id}/roster/replica-5,missing_field_filter,property_auth,field_minimization,sensitive_field_probe,field_exposure,1,4,4,5,17.0
education::GET__classes_id_roster_replica-5::missing_field_filter,education,GET /classes/{id}/roster/replica-5,missing_field_filter,property_auth,field_minimization,aggregation_boundary,field_exposure,1,4,4,5,17.0
education::GET__classes_id_roster_replica-5::missing_field_filter,education,GET /classes/{id}/roster/replica-5,missing_field_filter,property_auth,field_minimization,deprecated_inventory,field_exposure,1,4,4,5,17.0
education::GET__classes_id_roster_replica-5::aggregation_leak,education,GET /classes/{id}/roster/replica-5,aggregation_leak,property_auth,aggregation_boundary,aggregation_boundary,field_exposure,1,4,4,5,17.0
education::GET__classes_id_roster_replica-5::missing_audit_log,education,GET /classes/{id}/roster/replica-5,missing_audit_log,auditability,audit_obligation,valid,missing_audit,1,0,0,0,3.0
education::GET__classes_id_roster_replica-5::missing_audit_log,education,GET /classes/{id}/roster/replica-5,missing_audit_log,auditability,audit_obligation,wrong_role,missing_audit,0,0,0,0,3.0
education::GET__classes_id_roster_replica-5::missing_audit_log,education,GET /classes/{id}/roster/replica-5,missing_audit_log,auditability,audit_obligation,wrong_jurisdiction,missing_audit,0,0,0,0,3.0
education::GET__classes_id_roster_replica-5::missing_audit_log,education,GET /classes/{id}/roster/replica-5,missing_audit_log,auditability,audit_obligation,wrong_purpose,missing_audit,0,0,0,0,3.0
education::GET__classes_id_roster_replica-5::missing_audit_log,education,GET /classes/{id}/roster/replica-5,missing_audit_log,auditability,audit_obligation,self_access,missing_audit,1,0,0,0,3.0
education::GET__classes_id_roster_replica-5::missing_audit_log,education,GET /classes/{id}/roster/replica-5,missing_audit_log,auditability,audit_obligation,unauthenticated,missing_audit,0,0,0,0,3.0
education::GET__classes_id_roster_replica-5::missing_audit_log,education,GET /classes/{id}/roster/replica-5,missing_audit_log,auditability,audit_obligation,sensitive_field_probe,missing_audit,1,0,0,0,3.0
education::GET__classes_id_roster_replica-5::missing_audit_log,education,GET /classes/{id}/roster/replica-5,missing_audit_log,auditability,audit_obligation,aggregation_boundary,missing_audit,1,0,0,0,3.0
education::GET__classes_id_roster_replica-5::missing_audit_log,education,GET /classes/{id}/roster/replica-5,missing_audit_log,auditability,audit_obligation,deprecated_inventory,missing_audit,1,0,0,0,3.0
education::GET__classes_id_roster_replica-5::deprecated_exposed,education,GET /classes/{id}/roster/replica-5,deprecated_exposed,inventory,endpoint_inventory,deprecated_inventory,field_exposure;deprecated_endpoint_exposed,1,4,4,5,21.0
education::GET__discipline_id_replica-5::missing_auth,education,GET /discipline/{id}/replica-5,missing_auth,function_auth,authentication,unauthenticated,unauthorized_allow;field_exposure,1,8,7,5,60.0
education::GET__discipline_id_replica-5::overbroad_role,education,GET /discipline/{id}/replica-5,overbroad_role,function_auth,function_authorization,wrong_role,unauthorized_allow;field_exposure,1,8,7,5,60.0
education::GET__discipline_id_replica-5::missing_object_check,education,GET /discipline/{id}/replica-5,missing_object_check,object_auth,object_scope,wrong_jurisdiction,unauthorized_allow;field_exposure,1,4,4,5,45.0
education::GET__discipline_id_replica-5::jurisdiction_bypass,education,GET /discipline/{id}/replica-5,jurisdiction_bypass,object_auth,jurisdiction_scope,wrong_jurisdiction,unauthorized_allow;field_exposure,1,4,4,5,45.0
education::GET__discipline_id_replica-5::purpose_bypass,education,GET /discipline/{id}/replica-5,purpose_bypass,purpose_scope,purpose_scope,wrong_purpose,unauthorized_allow;field_exposure,1,4,4,5,45.0
education::GET__discipline_id_replica-5::missing_field_filter,education,GET /discipline/{id}/replica-5,missing_field_filter,property_auth,field_minimization,valid,field_exposure,1,4,3,5,15.0
education::GET__discipline_id_replica-5::missing_field_filter,education,GET /discipline/{id}/replica-5,missing_field_filter,property_auth,field_minimization,self_access,field_exposure,1,3,2,5,10.0
education::GET__discipline_id_replica-5::missing_field_filter,education,GET /discipline/{id}/replica-5,missing_field_filter,property_auth,field_minimization,sensitive_field_probe,field_exposure,1,4,3,5,15.0
education::GET__discipline_id_replica-5::missing_field_filter,education,GET /discipline/{id}/replica-5,missing_field_filter,property_auth,field_minimization,aggregation_boundary,field_exposure,1,4,3,5,15.0
education::GET__discipline_id_replica-5::missing_field_filter,education,GET /discipline/{id}/replica-5,missing_field_filter,property_auth,field_minimization,deprecated_inventory,field_exposure,1,4,3,5,15.0
education::GET__discipline_id_replica-5::aggregation_leak,education,GET /discipline/{id}/replica-5,aggregation_leak,property_auth,aggregation_boundary,aggregation_boundary,field_exposure,1,4,3,5,15.0
education::GET__discipline_id_replica-5::missing_audit_log,education,GET /discipline/{id}/replica-5,missing_audit_log,auditability,audit_obligation,valid,missing_audit,1,0,0,0,3.0
education::GET__discipline_id_replica-5::missing_audit_log,education,GET /discipline/{id}/replica-5,missing_audit_log,auditability,audit_obligation,wrong_role,missing_audit,0,0,0,0,3.0
education::GET__discipline_id_replica-5::missing_audit_log,education,GET /discipline/{id}/replica-5,missing_audit_log,auditability,audit_obligation,wrong_jurisdiction,missing_audit,0,0,0,0,3.0
education::GET__discipline_id_replica-5::missing_audit_log,education,GET /discipline/{id}/replica-5,missing_audit_log,auditability,audit_obligation,wrong_purpose,missing_audit,0,0,0,0,3.0
education::GET__discipline_id_replica-5::missing_audit_log,education,GET /discipline/{id}/replica-5,missing_audit_log,auditability,audit_obligation,self_access,missing_audit,1,0,0,0,3.0
education::GET__discipline_id_replica-5::missing_audit_log,education,GET /discipline/{id}/replica-5,missing_audit_log,auditability,audit_obligation,unauthenticated,missing_audit,0,0,0,0,3.0
education::GET__discipline_id_replica-5::missing_audit_log,education,GET /discipline/{id}/replica-5,missing_audit_log,auditability,audit_obligation,sensitive_field_probe,missing_audit,1,0,0,0,3.0
education::GET__discipline_id_replica-5::missing_audit_log,education,GET /discipline/{id}/replica-5,missing_audit_log,auditability,audit_obligation,aggregation_boundary,missing_audit,1,0,0,0,3.0
education::GET__discipline_id_replica-5::missing_audit_log,education,GET /discipline/{id}/replica-5,missing_audit_log,auditability,audit_obligation,deprecated_inventory,missing_audit,1,0,0,0,3.0
education::GET__discipline_id_replica-5::deprecated_exposed,education,GET /discipline/{id}/replica-5,deprecated_exposed,inventory,endpoint_inventory,deprecated_inventory,field_exposure;deprecated_endpoint_exposed,1,4,3,5,19.0
business_licensing::GET__licenses_id_replica-5::missing_auth,business_licensing,GET /licenses/{id}/replica-5,missing_auth,function_auth,authentication,unauthenticated,unauthorized_allow;field_exposure,1,8,3,4,42.0
business_licensing::GET__licenses_id_replica-5::overbroad_role,business_licensing,GET /licenses/{id}/replica-5,overbroad_role,function_auth,function_authorization,wrong_role,unauthorized_allow;field_exposure,1,8,3,4,42.0
business_licensing::GET__licenses_id_replica-5::missing_object_check,business_licensing,GET /licenses/{id}/replica-5,missing_object_check,object_auth,object_scope,wrong_jurisdiction,unauthorized_allow;field_exposure,1,7,2,4,38.0
business_licensing::GET__licenses_id_replica-5::jurisdiction_bypass,business_licensing,GET /licenses/{id}/replica-5,jurisdiction_bypass,object_auth,jurisdiction_scope,wrong_jurisdiction,unauthorized_allow;field_exposure,1,7,2,4,38.0
business_licensing::GET__licenses_id_replica-5::purpose_bypass,business_licensing,GET /licenses/{id}/replica-5,purpose_bypass,purpose_scope,purpose_scope,wrong_purpose,unauthorized_allow;field_exposure,1,7,2,4,38.0
business_licensing::GET__licenses_id_replica-5::missing_field_filter,business_licensing,GET /licenses/{id}/replica-5,missing_field_filter,property_auth,field_minimization,valid,field_exposure,1,1,1,4,4.0
business_licensing::GET__licenses_id_replica-5::missing_field_filter,business_licensing,GET /licenses/{id}/replica-5,missing_field_filter,property_auth,field_minimization,self_access,field_exposure,1,2,1,4,6.0
business_licensing::GET__licenses_id_replica-5::missing_field_filter,business_licensing,GET /licenses/{id}/replica-5,missing_field_filter,property_auth,field_minimization,sensitive_field_probe,field_exposure,1,1,1,4,4.0
business_licensing::GET__licenses_id_replica-5::missing_field_filter,business_licensing,GET /licenses/{id}/replica-5,missing_field_filter,property_auth,field_minimization,aggregation_boundary,field_exposure,1,1,1,4,4.0
business_licensing::GET__licenses_id_replica-5::missing_field_filter,business_licensing,GET /licenses/{id}/replica-5,missing_field_filter,property_auth,field_minimization,deprecated_inventory,field_exposure,1,1,1,4,4.0
business_licensing::GET__licenses_id_replica-5::aggregation_leak,business_licensing,GET /licenses/{id}/replica-5,aggregation_leak,property_auth,aggregation_boundary,aggregation_boundary,field_exposure,1,1,1,4,4.0
business_licensing::GET__licenses_id_replica-5::missing_audit_log,business_licensing,GET /licenses/{id}/replica-5,missing_audit_log,auditability,audit_obligation,valid,missing_audit,1,0,0,0,3.0
business_licensing::GET__licenses_id_replica-5::missing_audit_log,business_licensing,GET /licenses/{id}/replica-5,missing_audit_log,auditability,audit_obligation,wrong_role,missing_audit,0,0,0,0,3.0
business_licensing::GET__licenses_id_replica-5::missing_audit_log,business_licensing,GET /licenses/{id}/replica-5,missing_audit_log,auditability,audit_obligation,wrong_jurisdiction,missing_audit,0,0,0,0,3.0
business_licensing::GET__licenses_id_replica-5::missing_audit_log,business_licensing,GET /licenses/{id}/replica-5,missing_audit_log,auditability,audit_obligation,wrong_purpose,missing_audit,0,0,0,0,3.0
business_licensing::GET__licenses_id_replica-5::missing_audit_log,business_licensing,GET /licenses/{id}/replica-5,missing_audit_log,auditability,audit_obligation,self_access,missing_audit,1,0,0,0,3.0
business_licensing::GET__licenses_id_replica-5::missing_audit_log,business_licensing,GET /licenses/{id}/replica-5,missing_audit_log,auditability,audit_obligation,unauthenticated,missing_audit,0,0,0,0,3.0
business_licensing::GET__licenses_id_replica-5::missing_audit_log,business_licensing,GET /licenses/{id}/replica-5,missing_audit_log,auditability,audit_obligation,sensitive_field_probe,missing_audit,1,0,0,0,3.0
business_licensing::GET__licenses_id_replica-5::missing_audit_log,business_licensing,GET /licenses/{id}/replica-5,missing_audit_log,auditability,audit_obligation,aggregation_boundary,missing_audit,1,0,0,0,3.0
business_licensing::GET__licenses_id_replica-5::missing_audit_log,business_licensing,GET /licenses/{id}/replica-5,missing_audit_log,auditability,audit_obligation,deprecated_inventory,missing_audit,1,0,0,0,3.0
business_licensing::GET__licenses_id_replica-5::deprecated_exposed,business_licensing,GET /licenses/{id}/replica-5,deprecated_exposed,inventory,endpoint_inventory,deprecated_inventory,field_exposure;deprecated_endpoint_exposed,1,1,1,4,8.0
business_licensing::GET__inspections_id_replica-5::missing_auth,business_licensing,GET /inspections/{id}/replica-5,missing_auth,function_auth,authentication,unauthenticated,unauthorized_allow;field_exposure,1,8,3,4,43.0
business_licensing::GET__inspections_id_replica-5::overbroad_role,business_licensing,GET /inspections/{id}/replica-5,overbroad_role,function_auth,function_authorization,wrong_role,unauthorized_allow;field_exposure,1,8,3,4,43.0
business_licensing::GET__inspections_id_replica-5::missing_object_check,business_licensing,GET /inspections/{id}/replica-5,missing_object_check,object_auth,object_scope,wrong_jurisdiction,unauthorized_allow;field_exposure,1,6,2,4,37.0
business_licensing::GET__inspections_id_replica-5::jurisdiction_bypass,business_licensing,GET /inspections/{id}/replica-5,jurisdiction_bypass,object_auth,jurisdiction_scope,wrong_jurisdiction,unauthorized_allow;field_exposure,1,6,2,4,37.0
business_licensing::GET__inspections_id_replica-5::purpose_bypass,business_licensing,GET /inspections/{id}/replica-5,purpose_bypass,purpose_scope,purpose_scope,wrong_purpose,unauthorized_allow;field_exposure,1,6,2,4,37.0
business_licensing::GET__inspections_id_replica-5::missing_field_filter,business_licensing,GET /inspections/{id}/replica-5,missing_field_filter,property_auth,field_minimization,valid,field_exposure,1,2,1,4,6.0
business_licensing::GET__inspections_id_replica-5::missing_field_filter,business_licensing,GET /inspections/{id}/replica-5,missing_field_filter,property_auth,field_minimization,self_access,field_exposure,1,3,2,4,10.0
business_licensing::GET__inspections_id_replica-5::missing_field_filter,business_licensing,GET /inspections/{id}/replica-5,missing_field_filter,property_auth,field_minimization,sensitive_field_probe,field_exposure,1,2,1,4,6.0
business_licensing::GET__inspections_id_replica-5::missing_field_filter,business_licensing,GET /inspections/{id}/replica-5,missing_field_filter,property_auth,field_minimization,aggregation_boundary,field_exposure,1,2,1,4,6.0
business_licensing::GET__inspections_id_replica-5::missing_field_filter,business_licensing,GET /inspections/{id}/replica-5,missing_field_filter,property_auth,field_minimization,deprecated_inventory,field_exposure,1,2,1,4,6.0
business_licensing::GET__inspections_id_replica-5::aggregation_leak,business_licensing,GET /inspections/{id}/replica-5,aggregation_leak,property_auth,aggregation_boundary,aggregation_boundary,field_exposure,1,2,1,4,6.0
business_licensing::GET__inspections_id_replica-5::missing_audit_log,business_licensing,GET /inspections/{id}/replica-5,missing_audit_log,auditability,audit_obligation,valid,missing_audit,1,0,0,0,3.0
business_licensing::GET__inspections_id_replica-5::missing_audit_log,business_licensing,GET /inspections/{id}/replica-5,missing_audit_log,auditability,audit_obligation,wrong_role,missing_audit,0,0,0,0,3.0
business_licensing::GET__inspections_id_replica-5::missing_audit_log,business_licensing,GET /inspections/{id}/replica-5,missing_audit_log,auditability,audit_obligation,wrong_jurisdiction,missing_audit,0,0,0,0,3.0
business_licensing::GET__inspections_id_replica-5::missing_audit_log,business_licensing,GET /inspections/{id}/replica-5,missing_audit_log,auditability,audit_obligation,wrong_purpose,missing_audit,0,0,0,0,3.0
business_licensing::GET__inspections_id_replica-5::missing_audit_log,business_licensing,GET /inspections/{id}/replica-5,missing_audit_log,auditability,audit_obligation,self_access,missing_audit,1,0,0,0,3.0
business_licensing::GET__inspections_id_replica-5::missing_audit_log,business_licensing,GET /inspections/{id}/replica-5,missing_audit_log,auditability,audit_obligation,unauthenticated,missing_audit,0,0,0,0,3.0
business_licensing::GET__inspections_id_replica-5::missing_audit_log,business_licensing,GET /inspections/{id}/replica-5,missing_audit_log,auditability,audit_obligation,sensitive_field_probe,missing_audit,1,0,0,0,3.0
business_licensing::GET__inspections_id_replica-5::missing_audit_log,business_licensing,GET /inspections/{id}/replica-5,missing_audit_log,auditability,audit_obligation,aggregation_boundary,missing_audit,1,0,0,0,3.0
business_licensing::GET__inspections_id_replica-5::missing_audit_log,business_licensing,GET /inspections/{id}/replica-5,missing_audit_log,auditability,audit_obligation,deprecated_inventory,missing_audit,1,0,0,0,3.0
business_licensing::GET__inspections_id_replica-5::deprecated_exposed,business_licensing,GET /inspections/{id}/replica-5,deprecated_exposed,inventory,endpoint_inventory,deprecated_inventory,field_exposure;deprecated_endpoint_exposed,1,2,1,4,10.0
business_licensing::GET__licenses_export_replica-5::missing_auth,business_licensing,GET /licenses/export/replica-5,missing_auth,function_auth,authentication,unauthenticated,unauthorized_allow;field_exposure,1,8,4,4,44.0
business_licensing::GET__licenses_export_replica-5::overbroad_role,business_licensing,GET /licenses/export/replica-5,overbroad_role,function_auth,function_authorization,wrong_role,unauthorized_allow;field_exposure,1,8,4,4,44.0
business_licensing::GET__licenses_export_replica-5::missing_object_check,business_licensing,GET /licenses/export/replica-5,missing_object_check,object_auth,object_scope,wrong_jurisdiction,unauthorized_allow;field_exposure,1,7,3,4,40.0
business_licensing::GET__licenses_export_replica-5::jurisdiction_bypass,business_licensing,GET /licenses/export/replica-5,jurisdiction_bypass,object_auth,jurisdiction_scope,wrong_jurisdiction,unauthorized_allow;field_exposure,1,7,3,4,40.0
business_licensing::GET__licenses_export_replica-5::purpose_bypass,business_licensing,GET /licenses/export/replica-5,purpose_bypass,purpose_scope,purpose_scope,wrong_purpose,unauthorized_allow;field_exposure,1,7,3,4,40.0
business_licensing::GET__licenses_export_replica-5::missing_field_filter,business_licensing,GET /licenses/export/replica-5,missing_field_filter,property_auth,field_minimization,valid,field_exposure,1,1,1,4,4.0
business_licensing::GET__licenses_export_replica-5::missing_field_filter,business_licensing,GET /licenses/export/replica-5,missing_field_filter,property_auth,field_minimization,self_access,field_exposure,1,2,1,4,6.0
business_licensing::GET__licenses_export_replica-5::missing_field_filter,business_licensing,GET /licenses/export/replica-5,missing_field_filter,property_auth,field_minimization,sensitive_field_probe,field_exposure,1,1,1,4,4.0
business_licensing::GET__licenses_export_replica-5::missing_field_filter,business_licensing,GET /licenses/export/replica-5,missing_field_filter,property_auth,field_minimization,aggregation_boundary,field_exposure,1,1,1,4,4.0
business_licensing::GET__licenses_export_replica-5::missing_field_filter,business_licensing,GET /licenses/export/replica-5,missing_field_filter,property_auth,field_minimization,deprecated_inventory,field_exposure,1,1,1,4,4.0
business_licensing::GET__licenses_export_replica-5::aggregation_leak,business_licensing,GET /licenses/export/replica-5,aggregation_leak,property_auth,aggregation_boundary,aggregation_boundary,field_exposure,1,1,1,4,4.0
business_licensing::GET__licenses_export_replica-5::missing_audit_log,business_licensing,GET /licenses/export/replica-5,missing_audit_log,auditability,audit_obligation,valid,missing_audit,1,0,0,0,3.0
business_licensing::GET__licenses_export_replica-5::missing_audit_log,business_licensing,GET /licenses/export/replica-5,missing_audit_log,auditability,audit_obligation,wrong_role,missing_audit,0,0,0,0,3.0
business_licensing::GET__licenses_export_replica-5::missing_audit_log,business_licensing,GET /licenses/export/replica-5,missing_audit_log,auditability,audit_obligation,wrong_jurisdiction,missing_audit,0,0,0,0,3.0
business_licensing::GET__licenses_export_replica-5::missing_audit_log,business_licensing,GET /licenses/export/replica-5,missing_audit_log,auditability,audit_obligation,wrong_purpose,missing_audit,0,0,0,0,3.0
business_licensing::GET__licenses_export_replica-5::missing_audit_log,business_licensing,GET /licenses/export/replica-5,missing_audit_log,auditability,audit_obligation,self_access,missing_audit,1,0,0,0,3.0
business_licensing::GET__licenses_export_replica-5::missing_audit_log,business_licensing,GET /licenses/export/replica-5,missing_audit_log,auditability,audit_obligation,unauthenticated,missing_audit,0,0,0,0,3.0
business_licensing::GET__licenses_export_replica-5::missing_audit_log,business_licensing,GET /licenses/export/replica-5,missing_audit_log,auditability,audit_obligation,sensitive_field_probe,missing_audit,1,0,0,0,3.0
business_licensing::GET__licenses_export_replica-5::missing_audit_log,business_licensing,GET /licenses/export/replica-5,missing_audit_log,auditability,audit_obligation,aggregation_boundary,missing_audit,1,0,0,0,3.0
business_licensing::GET__licenses_export_replica-5::missing_audit_log,business_licensing,GET /licenses/export/replica-5,missing_audit_log,auditability,audit_obligation,deprecated_inventory,missing_audit,1,0,0,0,3.0
business_licensing::GET__licenses_export_replica-5::deprecated_exposed,business_licensing,GET /licenses/export/replica-5,deprecated_exposed,inventory,endpoint_inventory,deprecated_inventory,field_exposure;deprecated_endpoint_exposed,1,1,1,4,8.0
health::GET__patients_id_replica-6::missing_auth,health,GET /patients/{id}/replica-6,missing_auth,function_auth,authentication,unauthenticated,unauthorized_allow;field_exposure,1,8,8,5,61.0
health::GET__patients_id_replica-6::overbroad_role,health,GET /patients/{id}/replica-6,overbroad_role,function_auth,function_authorization,wrong_role,unauthorized_allow;field_exposure,1,8,8,5,61.0
health::GET__patients_id_replica-6::missing_object_check,health,GET /patients/{id}/replica-6,missing_object_check,object_auth,object_scope,wrong_jurisdiction,unauthorized_allow;field_exposure,1,7,7,5,57.0
health::GET__patients_id_replica-6::jurisdiction_bypass,health,GET /patients/{id}/replica-6,jurisdiction_bypass,object_auth,jurisdiction_scope,wrong_jurisdiction,unauthorized_allow;field_exposure,1,7,7,5,57.0
health::GET__patients_id_replica-6::purpose_bypass,health,GET /patients/{id}/replica-6,purpose_bypass,purpose_scope,purpose_scope,wrong_purpose,unauthorized_allow;field_exposure,1,7,7,5,57.0
health::GET__patients_id_replica-6::missing_field_filter,health,GET /patients/{id}/replica-6,missing_field_filter,property_auth,field_minimization,valid,field_exposure,1,1,1,4,4.0
health::GET__patients_id_replica-6::missing_field_filter,health,GET /patients/{id}/replica-6,missing_field_filter,property_auth,field_minimization,sensitive_field_probe,field_exposure,1,1,1,4,4.0
health::GET__patients_id_replica-6::missing_field_filter,health,GET /patients/{id}/replica-6,missing_field_filter,property_auth,field_minimization,aggregation_boundary,field_exposure,1,1,1,4,4.0
health::GET__patients_id_replica-6::missing_field_filter,health,GET /patients/{id}/replica-6,missing_field_filter,property_auth,field_minimization,deprecated_inventory,field_exposure,1,1,1,4,4.0
health::GET__patients_id_replica-6::aggregation_leak,health,GET /patients/{id}/replica-6,aggregation_leak,property_auth,aggregation_boundary,aggregation_boundary,field_exposure,1,1,1,4,4.0
health::GET__patients_id_replica-6::missing_audit_log,health,GET /patients/{id}/replica-6,missing_audit_log,auditability,audit_obligation,valid,missing_audit,1,0,0,0,3.0
health::GET__patients_id_replica-6::missing_audit_log,health,GET /patients/{id}/replica-6,missing_audit_log,auditability,audit_obligation,wrong_role,missing_audit,0,0,0,0,3.0
health::GET__patients_id_replica-6::missing_audit_log,health,GET /patients/{id}/replica-6,missing_audit_log,auditability,audit_obligation,wrong_jurisdiction,missing_audit,0,0,0,0,3.0
health::GET__patients_id_replica-6::missing_audit_log,health,GET /patients/{id}/replica-6,missing_audit_log,auditability,audit_obligation,wrong_purpose,missing_audit,0,0,0,0,3.0
health::GET__patients_id_replica-6::missing_audit_log,health,GET /patients/{id}/replica-6,missing_audit_log,auditability,audit_obligation,self_access,missing_audit,1,0,0,0,3.0
health::GET__patients_id_replica-6::missing_audit_log,health,GET /patients/{id}/replica-6,missing_audit_log,auditability,audit_obligation,unauthenticated,missing_audit,0,0,0,0,3.0
health::GET__patients_id_replica-6::missing_audit_log,health,GET /patients/{id}/replica-6,missing_audit_log,auditability,audit_obligation,sensitive_field_probe,missing_audit,1,0,0,0,3.0
health::GET__patients_id_replica-6::missing_audit_log,health,GET /patients/{id}/replica-6,missing_audit_log,auditability,audit_obligation,aggregation_boundary,missing_audit,1,0,0,0,3.0
health::GET__patients_id_replica-6::missing_audit_log,health,GET /patients/{id}/replica-6,missing_audit_log,auditability,audit_obligation,deprecated_inventory,missing_audit,1,0,0,0,3.0
health::GET__patients_id_replica-6::deprecated_exposed,health,GET /patients/{id}/replica-6,deprecated_exposed,inventory,endpoint_inventory,deprecated_inventory,field_exposure;deprecated_endpoint_exposed,1,1,1,4,8.0
health::GET__encounters_id_replica-6::missing_auth,health,GET /encounters/{id}/replica-6,missing_auth,function_auth,authentication,unauthenticated,unauthorized_allow;field_exposure,1,8,7,5,61.0
health::GET__encounters_id_replica-6::overbroad_role,health,GET /encounters/{id}/replica-6,overbroad_role,function_auth,function_authorization,wrong_role,unauthorized_allow;field_exposure,1,8,7,5,61.0
health::GET__encounters_id_replica-6::missing_object_check,health,GET /encounters/{id}/replica-6,missing_object_check,object_auth,object_scope,wrong_jurisdiction,unauthorized_allow;field_exposure,1,6,5,5,53.0
health::GET__encounters_id_replica-6::jurisdiction_bypass,health,GET /encounters/{id}/replica-6,jurisdiction_bypass,object_auth,jurisdiction_scope,wrong_jurisdiction,unauthorized_allow;field_exposure,1,6,5,5,53.0
health::GET__encounters_id_replica-6::purpose_bypass,health,GET /encounters/{id}/replica-6,purpose_bypass,purpose_scope,purpose_scope,wrong_purpose,unauthorized_allow;field_exposure,1,6,5,5,53.0
health::GET__encounters_id_replica-6::missing_field_filter,health,GET /encounters/{id}/replica-6,missing_field_filter,property_auth,field_minimization,valid,field_exposure,1,2,2,4,8.0
health::GET__encounters_id_replica-6::missing_field_filter,health,GET /encounters/{id}/replica-6,missing_field_filter,property_auth,field_minimization,self_access,field_exposure,1,1,0,2,2.0
health::GET__encounters_id_replica-6::missing_field_filter,health,GET /encounters/{id}/replica-6,missing_field_filter,property_auth,field_minimization,sensitive_field_probe,field_exposure,1,2,2,4,8.0
health::GET__encounters_id_replica-6::missing_field_filter,health,GET /encounters/{id}/replica-6,missing_field_filter,property_auth,field_minimization,aggregation_boundary,field_exposure,1,2,2,4,8.0
health::GET__encounters_id_replica-6::missing_field_filter,health,GET /encounters/{id}/replica-6,missing_field_filter,property_auth,field_minimization,deprecated_inventory,field_exposure,1,2,2,4,8.0
health::GET__encounters_id_replica-6::aggregation_leak,health,GET /encounters/{id}/replica-6,aggregation_leak,property_auth,aggregation_boundary,aggregation_boundary,field_exposure,1,2,2,4,8.0
health::GET__encounters_id_replica-6::missing_audit_log,health,GET /encounters/{id}/replica-6,missing_audit_log,auditability,audit_obligation,valid,missing_audit,1,0,0,0,3.0
health::GET__encounters_id_replica-6::missing_audit_log,health,GET /encounters/{id}/replica-6,missing_audit_log,auditability,audit_obligation,wrong_role,missing_audit,0,0,0,0,3.0
health::GET__encounters_id_replica-6::missing_audit_log,health,GET /encounters/{id}/replica-6,missing_audit_log,auditability,audit_obligation,wrong_jurisdiction,missing_audit,0,0,0,0,3.0
health::GET__encounters_id_replica-6::missing_audit_log,health,GET /encounters/{id}/replica-6,missing_audit_log,auditability,audit_obligation,wrong_purpose,missing_audit,0,0,0,0,3.0
health::GET__encounters_id_replica-6::missing_audit_log,health,GET /encounters/{id}/replica-6,missing_audit_log,auditability,audit_obligation,self_access,missing_audit,1,0,0,0,3.0
health::GET__encounters_id_replica-6::missing_audit_log,health,GET /encounters/{id}/replica-6,missing_audit_log,auditability,audit_obligation,unauthenticated,missing_audit,0,0,0,0,3.0
health::GET__encounters_id_replica-6::missing_audit_log,health,GET /encounters/{id}/replica-6,missing_audit_log,auditability,audit_obligation,sensitive_field_probe,missing_audit,1,0,0,0,3.0
health::GET__encounters_id_replica-6::missing_audit_log,health,GET /encounters/{id}/replica-6,missing_audit_log,auditability,audit_obligation,aggregation_boundary,missing_audit,1,0,0,0,3.0
health::GET__encounters_id_replica-6::missing_audit_log,health,GET /encounters/{id}/replica-6,missing_audit_log,auditability,audit_obligation,deprecated_inventory,missing_audit,1,0,0,0,3.0
health::GET__encounters_id_replica-6::deprecated_exposed,health,GET /encounters/{id}/replica-6,deprecated_exposed,inventory,endpoint_inventory,deprecated_inventory,field_exposure;deprecated_endpoint_exposed,1,2,2,4,12.0
health::GET__patients_search_replica-6::missing_auth,health,GET /patients/search/replica-6,missing_auth,function_auth,authentication,unauthenticated,unauthorized_allow;field_exposure,1,8,8,5,60.0
health::GET__patients_search_replica-6::overbroad_role,health,GET /patients/search/replica-6,overbroad_role,function_auth,function_authorization,wrong_role,unauthorized_allow;field_exposure,1,8,8,5,60.0
health::GET__patients_search_replica-6::missing_object_check,health,GET /patients/search/replica-6,missing_object_check,object_auth,object_scope,wrong_jurisdiction,unauthorized_allow;field_exposure,1,7,7,5,56.0
health::GET__patients_search_replica-6::jurisdiction_bypass,health,GET /patients/search/replica-6,jurisdiction_bypass,object_auth,jurisdiction_scope,wrong_jurisdiction,unauthorized_allow;field_exposure,1,7,7,5,56.0
health::GET__patients_search_replica-6::purpose_bypass,health,GET /patients/search/replica-6,purpose_bypass,purpose_scope,purpose_scope,wrong_purpose,unauthorized_allow;field_exposure,1,7,7,5,56.0
health::GET__patients_search_replica-6::missing_field_filter,health,GET /patients/search/replica-6,missing_field_filter,property_auth,field_minimization,valid,field_exposure,1,1,1,4,4.0
health::GET__patients_search_replica-6::missing_field_filter,health,GET /patients/search/replica-6,missing_field_filter,property_auth,field_minimization,sensitive_field_probe,field_exposure,1,1,1,4,4.0
health::GET__patients_search_replica-6::missing_field_filter,health,GET /patients/search/replica-6,missing_field_filter,property_auth,field_minimization,aggregation_boundary,field_exposure,1,1,1,4,4.0
health::GET__patients_search_replica-6::missing_field_filter,health,GET /patients/search/replica-6,missing_field_filter,property_auth,field_minimization,deprecated_inventory,field_exposure,1,1,1,4,4.0
health::GET__patients_search_replica-6::aggregation_leak,health,GET /patients/search/replica-6,aggregation_leak,property_auth,aggregation_boundary,aggregation_boundary,field_exposure,1,1,1,4,4.0
health::GET__patients_search_replica-6::missing_audit_log,health,GET /patients/search/replica-6,missing_audit_log,auditability,audit_obligation,valid,missing_audit,1,0,0,0,3.0
health::GET__patients_search_replica-6::missing_audit_log,health,GET /patients/search/replica-6,missing_audit_log,auditability,audit_obligation,wrong_role,missing_audit,0,0,0,0,3.0
health::GET__patients_search_replica-6::missing_audit_log,health,GET /patients/search/replica-6,missing_audit_log,auditability,audit_obligation,wrong_jurisdiction,missing_audit,0,0,0,0,3.0
health::GET__patients_search_replica-6::missing_audit_log,health,GET /patients/search/replica-6,missing_audit_log,auditability,audit_obligation,wrong_purpose,missing_audit,0,0,0,0,3.0
health::GET__patients_search_replica-6::missing_audit_log,health,GET /patients/search/replica-6,missing_audit_log,auditability,audit_obligation,self_access,missing_audit,1,0,0,0,3.0
health::GET__patients_search_replica-6::missing_audit_log,health,GET /patients/search/replica-6,missing_audit_log,auditability,audit_obligation,unauthenticated,missing_audit,0,0,0,0,3.0
health::GET__patients_search_replica-6::missing_audit_log,health,GET /patients/search/replica-6,missing_audit_log,auditability,audit_obligation,sensitive_field_probe,missing_audit,1,0,0,0,3.0
health::GET__patients_search_replica-6::missing_audit_log,health,GET /patients/search/replica-6,missing_audit_log,auditability,audit_obligation,aggregation_boundary,missing_audit,1,0,0,0,3.0
health::GET__patients_search_replica-6::missing_audit_log,health,GET /patients/search/replica-6,missing_audit_log,auditability,audit_obligation,deprecated_inventory,missing_audit,1,0,0,0,3.0
health::GET__patients_search_replica-6::deprecated_exposed,health,GET /patients/search/replica-6,deprecated_exposed,inventory,endpoint_inventory,deprecated_inventory,field_exposure;deprecated_endpoint_exposed,1,1,1,4,8.0
citizen_services::GET__citizens_id_replica-6::missing_auth,citizen_services,GET /citizens/{id}/replica-6,missing_auth,function_auth,authentication,unauthenticated,unauthorized_allow;field_exposure,1,8,7,5,58.0
citizen_services::GET__citizens_id_replica-6::overbroad_role,citizen_services,GET /citizens/{id}/replica-6,overbroad_role,function_auth,function_authorization,wrong_role,unauthorized_allow;field_exposure,1,8,7,5,58.0
citizen_services::GET__citizens_id_replica-6::missing_object_check,citizen_services,GET /citizens/{id}/replica-6,missing_object_check,object_auth,object_scope,wrong_jurisdiction,unauthorized_allow;field_exposure,1,5,5,4,47.0
citizen_services::GET__citizens_id_replica-6::jurisdiction_bypass,citizen_services,GET /citizens/{id}/replica-6,jurisdiction_bypass,object_auth,jurisdiction_scope,wrong_jurisdiction,unauthorized_allow;field_exposure,1,5,5,4,47.0
citizen_services::GET__citizens_id_replica-6::purpose_bypass,citizen_services,GET /citizens/{id}/replica-6,purpose_bypass,purpose_scope,purpose_scope,wrong_purpose,unauthorized_allow;field_exposure,1,5,5,4,47.0
citizen_services::GET__citizens_id_replica-6::missing_field_filter,citizen_services,GET /citizens/{id}/replica-6,missing_field_filter,property_auth,field_minimization,valid,field_exposure,1,3,2,5,11.0
citizen_services::GET__citizens_id_replica-6::missing_field_filter,citizen_services,GET /citizens/{id}/replica-6,missing_field_filter,property_auth,field_minimization,self_access,field_exposure,1,3,2,5,11.0
citizen_services::GET__citizens_id_replica-6::missing_field_filter,citizen_services,GET /citizens/{id}/replica-6,missing_field_filter,property_auth,field_minimization,sensitive_field_probe,field_exposure,1,3,2,5,11.0
citizen_services::GET__citizens_id_replica-6::missing_field_filter,citizen_services,GET /citizens/{id}/replica-6,missing_field_filter,property_auth,field_minimization,aggregation_boundary,field_exposure,1,3,2,5,11.0
citizen_services::GET__citizens_id_replica-6::missing_field_filter,citizen_services,GET /citizens/{id}/replica-6,missing_field_filter,property_auth,field_minimization,deprecated_inventory,field_exposure,1,3,2,5,11.0
citizen_services::GET__citizens_id_replica-6::aggregation_leak,citizen_services,GET /citizens/{id}/replica-6,aggregation_leak,property_auth,aggregation_boundary,aggregation_boundary,field_exposure,1,3,2,5,11.0
citizen_services::GET__citizens_id_replica-6::missing_audit_log,citizen_services,GET /citizens/{id}/replica-6,missing_audit_log,auditability,audit_obligation,valid,missing_audit,1,0,0,0,3.0
citizen_services::GET__citizens_id_replica-6::missing_audit_log,citizen_services,GET /citizens/{id}/replica-6,missing_audit_log,auditability,audit_obligation,wrong_role,missing_audit,0,0,0,0,3.0
citizen_services::GET__citizens_id_replica-6::missing_audit_log,citizen_services,GET /citizens/{id}/replica-6,missing_audit_log,auditability,audit_obligation,wrong_jurisdiction,missing_audit,0,0,0,0,3.0
citizen_services::GET__citizens_id_replica-6::missing_audit_log,citizen_services,GET /citizens/{id}/replica-6,missing_audit_log,auditability,audit_obligation,wrong_purpose,missing_audit,0,0,0,0,3.0
citizen_services::GET__citizens_id_replica-6::missing_audit_log,citizen_services,GET /citizens/{id}/replica-6,missing_audit_log,auditability,audit_obligation,self_access,missing_audit,1,0,0,0,3.0
citizen_services::GET__citizens_id_replica-6::missing_audit_log,citizen_services,GET /citizens/{id}/replica-6,missing_audit_log,auditability,audit_obligation,unauthenticated,missing_audit,0,0,0,0,3.0
citizen_services::GET__citizens_id_replica-6::missing_audit_log,citizen_services,GET /citizens/{id}/replica-6,missing_audit_log,auditability,audit_obligation,sensitive_field_probe,missing_audit,1,0,0,0,3.0
citizen_services::GET__citizens_id_replica-6::missing_audit_log,citizen_services,GET /citizens/{id}/replica-6,missing_audit_log,auditability,audit_obligation,aggregation_boundary,missing_audit,1,0,0,0,3.0
citizen_services::GET__citizens_id_replica-6::missing_audit_log,citizen_services,GET /citizens/{id}/replica-6,missing_audit_log,auditability,audit_obligation,deprecated_inventory,missing_audit,1,0,0,0,3.0
citizen_services::GET__citizens_id_replica-6::deprecated_exposed,citizen_services,GET /citizens/{id}/replica-6,deprecated_exposed,inventory,endpoint_inventory,deprecated_inventory,field_exposure;deprecated_endpoint_exposed,1,3,2,5,15.0
citizen_services::GET__benefits_id_replica-6::missing_auth,citizen_services,GET /benefits/{id}/replica-6,missing_auth,function_auth,authentication,unauthenticated,unauthorized_allow;field_exposure,1,8,6,5,57.0
citizen_services::GET__benefits_id_replica-6::overbroad_role,citizen_services,GET /benefits/{id}/replica-6,overbroad_role,function_auth,function_authorization,wrong_role,unauthorized_allow;field_exposure,1,8,6,5,57.0
citizen_services::GET__benefits_id_replica-6::missing_object_check,citizen_services,GET /benefits/{id}/replica-6,missing_object_check,object_auth,object_scope,wrong_jurisdiction,unauthorized_allow;field_exposure,1,5,5,4,48.0
citizen_services::GET__benefits_id_replica-6::jurisdiction_bypass,citizen_services,GET /benefits/{id}/replica-6,jurisdiction_bypass,object_auth,jurisdiction_scope,wrong_jurisdiction,unauthorized_allow;field_exposure,1,5,5,4,48.0
citizen_services::GET__benefits_id_replica-6::purpose_bypass,citizen_services,GET /benefits/{id}/replica-6,purpose_bypass,purpose_scope,purpose_scope,wrong_purpose,unauthorized_allow;field_exposure,1,5,5,4,48.0
citizen_services::GET__benefits_id_replica-6::missing_field_filter,citizen_services,GET /benefits/{id}/replica-6,missing_field_filter,property_auth,field_minimization,valid,field_exposure,1,3,1,5,9.0
citizen_services::GET__benefits_id_replica-6::missing_field_filter,citizen_services,GET /benefits/{id}/replica-6,missing_field_filter,property_auth,field_minimization,self_access,field_exposure,1,2,1,5,7.0
citizen_services::GET__benefits_id_replica-6::missing_field_filter,citizen_services,GET /benefits/{id}/replica-6,missing_field_filter,property_auth,field_minimization,sensitive_field_probe,field_exposure,1,3,1,5,9.0
citizen_services::GET__benefits_id_replica-6::missing_field_filter,citizen_services,GET /benefits/{id}/replica-6,missing_field_filter,property_auth,field_minimization,aggregation_boundary,field_exposure,1,3,1,5,9.0
citizen_services::GET__benefits_id_replica-6::missing_field_filter,citizen_services,GET /benefits/{id}/replica-6,missing_field_filter,property_auth,field_minimization,deprecated_inventory,field_exposure,1,3,1,5,9.0
citizen_services::GET__benefits_id_replica-6::aggregation_leak,citizen_services,GET /benefits/{id}/replica-6,aggregation_leak,property_auth,aggregation_boundary,aggregation_boundary,field_exposure,1,3,1,5,9.0
citizen_services::GET__benefits_id_replica-6::missing_audit_log,citizen_services,GET /benefits/{id}/replica-6,missing_audit_log,auditability,audit_obligation,valid,missing_audit,1,0,0,0,3.0
citizen_services::GET__benefits_id_replica-6::missing_audit_log,citizen_services,GET /benefits/{id}/replica-6,missing_audit_log,auditability,audit_obligation,wrong_role,missing_audit,0,0,0,0,3.0
citizen_services::GET__benefits_id_replica-6::missing_audit_log,citizen_services,GET /benefits/{id}/replica-6,missing_audit_log,auditability,audit_obligation,wrong_jurisdiction,missing_audit,0,0,0,0,3.0
citizen_services::GET__benefits_id_replica-6::missing_audit_log,citizen_services,GET /benefits/{id}/replica-6,missing_audit_log,auditability,audit_obligation,wrong_purpose,missing_audit,0,0,0,0,3.0
citizen_services::GET__benefits_id_replica-6::missing_audit_log,citizen_services,GET /benefits/{id}/replica-6,missing_audit_log,auditability,audit_obligation,self_access,missing_audit,1,0,0,0,3.0
citizen_services::GET__benefits_id_replica-6::missing_audit_log,citizen_services,GET /benefits/{id}/replica-6,missing_audit_log,auditability,audit_obligation,unauthenticated,missing_audit,0,0,0,0,3.0
citizen_services::GET__benefits_id_replica-6::missing_audit_log,citizen_services,GET /benefits/{id}/replica-6,missing_audit_log,auditability,audit_obligation,sensitive_field_probe,missing_audit,1,0,0,0,3.0
citizen_services::GET__benefits_id_replica-6::missing_audit_log,citizen_services,GET /benefits/{id}/replica-6,missing_audit_log,auditability,audit_obligation,aggregation_boundary,missing_audit,1,0,0,0,3.0
citizen_services::GET__benefits_id_replica-6::missing_audit_log,citizen_services,GET /benefits/{id}/replica-6,missing_audit_log,auditability,audit_obligation,deprecated_inventory,missing_audit,1,0,0,0,3.0
citizen_services::GET__benefits_id_replica-6::deprecated_exposed,citizen_services,GET /benefits/{id}/replica-6,deprecated_exposed,inventory,endpoint_inventory,deprecated_inventory,field_exposure;deprecated_endpoint_exposed,1,3,1,5,13.0
citizen_services::GET__citizens_export_replica-6::missing_auth,citizen_services,GET /citizens/export/replica-6,missing_auth,function_auth,authentication,unauthenticated,unauthorized_allow;field_exposure,1,8,7,5,59.0
citizen_services::GET__citizens_export_replica-6::overbroad_role,citizen_services,GET /citizens/export/replica-6,overbroad_role,function_auth,function_authorization,wrong_role,unauthorized_allow;field_exposure,1,8,7,5,59.0
citizen_services::GET__citizens_export_replica-6::missing_object_check,citizen_services,GET /citizens/export/replica-6,missing_object_check,object_auth,object_scope,wrong_jurisdiction,unauthorized_allow;field_exposure,1,5,5,4,48.0
citizen_services::GET__citizens_export_replica-6::jurisdiction_bypass,citizen_services,GET /citizens/export/replica-6,jurisdiction_bypass,object_auth,jurisdiction_scope,wrong_jurisdiction,unauthorized_allow;field_exposure,1,5,5,4,48.0
citizen_services::GET__citizens_export_replica-6::purpose_bypass,citizen_services,GET /citizens/export/replica-6,purpose_bypass,purpose_scope,purpose_scope,wrong_purpose,unauthorized_allow;field_exposure,1,5,5,4,48.0
citizen_services::GET__citizens_export_replica-6::missing_field_filter,citizen_services,GET /citizens/export/replica-6,missing_field_filter,property_auth,field_minimization,valid,field_exposure,1,3,2,5,11.0
citizen_services::GET__citizens_export_replica-6::missing_field_filter,citizen_services,GET /citizens/export/replica-6,missing_field_filter,property_auth,field_minimization,self_access,field_exposure,1,3,2,5,11.0
citizen_services::GET__citizens_export_replica-6::missing_field_filter,citizen_services,GET /citizens/export/replica-6,missing_field_filter,property_auth,field_minimization,sensitive_field_probe,field_exposure,1,3,2,5,11.0
citizen_services::GET__citizens_export_replica-6::missing_field_filter,citizen_services,GET /citizens/export/replica-6,missing_field_filter,property_auth,field_minimization,aggregation_boundary,field_exposure,1,3,2,5,11.0
citizen_services::GET__citizens_export_replica-6::missing_field_filter,citizen_services,GET /citizens/export/replica-6,missing_field_filter,property_auth,field_minimization,deprecated_inventory,field_exposure,1,3,2,5,11.0
citizen_services::GET__citizens_export_replica-6::aggregation_leak,citizen_services,GET /citizens/export/replica-6,aggregation_leak,property_auth,aggregation_boundary,aggregation_boundary,field_exposure,1,3,2,5,11.0
citizen_services::GET__citizens_export_replica-6::missing_audit_log,citizen_services,GET /citizens/export/replica-6,missing_audit_log,auditability,audit_obligation,valid,missing_audit,1,0,0,0,3.0
citizen_services::GET__citizens_export_replica-6::missing_audit_log,citizen_services,GET /citizens/export/replica-6,missing_audit_log,auditability,audit_obligation,wrong_role,missing_audit,0,0,0,0,3.0
citizen_services::GET__citizens_export_replica-6::missing_audit_log,citizen_services,GET /citizens/export/replica-6,missing_audit_log,auditability,audit_obligation,wrong_jurisdiction,missing_audit,0,0,0,0,3.0
citizen_services::GET__citizens_export_replica-6::missing_audit_log,citizen_services,GET /citizens/export/replica-6,missing_audit_log,auditability,audit_obligation,wrong_purpose,missing_audit,0,0,0,0,3.0
citizen_services::GET__citizens_export_replica-6::missing_audit_log,citizen_services,GET /citizens/export/replica-6,missing_audit_log,auditability,audit_obligation,self_access,missing_audit,1,0,0,0,3.0
citizen_services::GET__citizens_export_replica-6::missing_audit_log,citizen_services,GET /citizens/export/replica-6,missing_audit_log,auditability,audit_obligation,unauthenticated,missing_audit,0,0,0,0,3.0
citizen_services::GET__citizens_export_replica-6::missing_audit_log,citizen_services,GET /citizens/export/replica-6,missing_audit_log,auditability,audit_obligation,sensitive_field_probe,missing_audit,1,0,0,0,3.0
citizen_services::GET__citizens_export_replica-6::missing_audit_log,citizen_services,GET /citizens/export/replica-6,missing_audit_log,auditability,audit_obligation,aggregation_boundary,missing_audit,1,0,0,0,3.0
citizen_services::GET__citizens_export_replica-6::missing_audit_log,citizen_services,GET /citizens/export/replica-6,missing_audit_log,auditability,audit_obligation,deprecated_inventory,missing_audit,1,0,0,0,3.0
citizen_services::GET__citizens_export_replica-6::deprecated_exposed,citizen_services,GET /citizens/export/replica-6,deprecated_exposed,inventory,endpoint_inventory,deprecated_inventory,field_exposure;deprecated_endpoint_exposed,1,3,2,5,15.0
education::GET__students_id_record_replica-6::missing_auth,education,GET /students/{id}/record/replica-6,missing_auth,function_auth,authentication,unauthenticated,unauthorized_allow;field_exposure,1,8,8,5,59.0
education::GET__students_id_record_replica-6::overbroad_role,education,GET /students/{id}/record/replica-6,overbroad_role,function_auth,function_authorization,wrong_role,unauthorized_allow;field_exposure,1,8,8,5,59.0
education::GET__students_id_record_replica-6::missing_object_check,education,GET /students/{id}/record/replica-6,missing_object_check,object_auth,object_scope,wrong_jurisdiction,unauthorized_allow;field_exposure,1,4,4,3,42.0
education::GET__students_id_record_replica-6::jurisdiction_bypass,education,GET /students/{id}/record/replica-6,jurisdiction_bypass,object_auth,jurisdiction_scope,wrong_jurisdiction,unauthorized_allow;field_exposure,1,4,4,3,42.0
education::GET__students_id_record_replica-6::purpose_bypass,education,GET /students/{id}/record/replica-6,purpose_bypass,purpose_scope,purpose_scope,wrong_purpose,unauthorized_allow;field_exposure,1,4,4,3,42.0
education::GET__students_id_record_replica-6::missing_field_filter,education,GET /students/{id}/record/replica-6,missing_field_filter,property_auth,field_minimization,valid,field_exposure,1,4,4,5,17.0
education::GET__students_id_record_replica-6::missing_field_filter,education,GET /students/{id}/record/replica-6,missing_field_filter,property_auth,field_minimization,self_access,field_exposure,1,4,4,5,17.0
education::GET__students_id_record_replica-6::missing_field_filter,education,GET /students/{id}/record/replica-6,missing_field_filter,property_auth,field_minimization,sensitive_field_probe,field_exposure,1,4,4,5,17.0
education::GET__students_id_record_replica-6::missing_field_filter,education,GET /students/{id}/record/replica-6,missing_field_filter,property_auth,field_minimization,aggregation_boundary,field_exposure,1,4,4,5,17.0
education::GET__students_id_record_replica-6::missing_field_filter,education,GET /students/{id}/record/replica-6,missing_field_filter,property_auth,field_minimization,deprecated_inventory,field_exposure,1,4,4,5,17.0
education::GET__students_id_record_replica-6::aggregation_leak,education,GET /students/{id}/record/replica-6,aggregation_leak,property_auth,aggregation_boundary,aggregation_boundary,field_exposure,1,4,4,5,17.0
education::GET__students_id_record_replica-6::missing_audit_log,education,GET /students/{id}/record/replica-6,missing_audit_log,auditability,audit_obligation,valid,missing_audit,1,0,0,0,3.0
education::GET__students_id_record_replica-6::missing_audit_log,education,GET /students/{id}/record/replica-6,missing_audit_log,auditability,audit_obligation,wrong_role,missing_audit,0,0,0,0,3.0
education::GET__students_id_record_replica-6::missing_audit_log,education,GET /students/{id}/record/replica-6,missing_audit_log,auditability,audit_obligation,wrong_jurisdiction,missing_audit,0,0,0,0,3.0
education::GET__students_id_record_replica-6::missing_audit_log,education,GET /students/{id}/record/replica-6,missing_audit_log,auditability,audit_obligation,wrong_purpose,missing_audit,0,0,0,0,3.0
education::GET__students_id_record_replica-6::missing_audit_log,education,GET /students/{id}/record/replica-6,missing_audit_log,auditability,audit_obligation,self_access,missing_audit,1,0,0,0,3.0
education::GET__students_id_record_replica-6::missing_audit_log,education,GET /students/{id}/record/replica-6,missing_audit_log,auditability,audit_obligation,unauthenticated,missing_audit,0,0,0,0,3.0
education::GET__students_id_record_replica-6::missing_audit_log,education,GET /students/{id}/record/replica-6,missing_audit_log,auditability,audit_obligation,sensitive_field_probe,missing_audit,1,0,0,0,3.0
education::GET__students_id_record_replica-6::missing_audit_log,education,GET /students/{id}/record/replica-6,missing_audit_log,auditability,audit_obligation,aggregation_boundary,missing_audit,1,0,0,0,3.0
education::GET__students_id_record_replica-6::missing_audit_log,education,GET /students/{id}/record/replica-6,missing_audit_log,auditability,audit_obligation,deprecated_inventory,missing_audit,1,0,0,0,3.0
education::GET__students_id_record_replica-6::deprecated_exposed,education,GET /students/{id}/record/replica-6,deprecated_exposed,inventory,endpoint_inventory,deprecated_inventory,field_exposure;deprecated_endpoint_exposed,1,4,4,5,21.0
education::GET__classes_id_roster_replica-6::missing_auth,education,GET /classes/{id}/roster/replica-6,missing_auth,function_auth,authentication,unauthenticated,unauthorized_allow;field_exposure,1,8,8,5,59.0
education::GET__classes_id_roster_replica-6::overbroad_role,education,GET /classes/{id}/roster/replica-6,overbroad_role,function_auth,function_authorization,wrong_role,unauthorized_allow;field_exposure,1,8,8,5,59.0
education::GET__classes_id_roster_replica-6::missing_object_check,education,GET /classes/{id}/roster/replica-6,missing_object_check,object_auth,object_scope,wrong_jurisdiction,unauthorized_allow;field_exposure,1,4,4,3,42.0
education::GET__classes_id_roster_replica-6::jurisdiction_bypass,education,GET /classes/{id}/roster/replica-6,jurisdiction_bypass,object_auth,jurisdiction_scope,wrong_jurisdiction,unauthorized_allow;field_exposure,1,4,4,3,42.0
education::GET__classes_id_roster_replica-6::purpose_bypass,education,GET /classes/{id}/roster/replica-6,purpose_bypass,purpose_scope,purpose_scope,wrong_purpose,unauthorized_allow;field_exposure,1,4,4,3,42.0
education::GET__classes_id_roster_replica-6::missing_field_filter,education,GET /classes/{id}/roster/replica-6,missing_field_filter,property_auth,field_minimization,valid,field_exposure,1,4,4,5,17.0
education::GET__classes_id_roster_replica-6::missing_field_filter,education,GET /classes/{id}/roster/replica-6,missing_field_filter,property_auth,field_minimization,self_access,field_exposure,1,4,4,5,17.0
education::GET__classes_id_roster_replica-6::missing_field_filter,education,GET /classes/{id}/roster/replica-6,missing_field_filter,property_auth,field_minimization,sensitive_field_probe,field_exposure,1,4,4,5,17.0
education::GET__classes_id_roster_replica-6::missing_field_filter,education,GET /classes/{id}/roster/replica-6,missing_field_filter,property_auth,field_minimization,aggregation_boundary,field_exposure,1,4,4,5,17.0
education::GET__classes_id_roster_replica-6::missing_field_filter,education,GET /classes/{id}/roster/replica-6,missing_field_filter,property_auth,field_minimization,deprecated_inventory,field_exposure,1,4,4,5,17.0
education::GET__classes_id_roster_replica-6::aggregation_leak,education,GET /classes/{id}/roster/replica-6,aggregation_leak,property_auth,aggregation_boundary,aggregation_boundary,field_exposure,1,4,4,5,17.0
education::GET__classes_id_roster_replica-6::missing_audit_log,education,GET /classes/{id}/roster/replica-6,missing_audit_log,auditability,audit_obligation,valid,missing_audit,1,0,0,0,3.0
education::GET__classes_id_roster_replica-6::missing_audit_log,education,GET /classes/{id}/roster/replica-6,missing_audit_log,auditability,audit_obligation,wrong_role,missing_audit,0,0,0,0,3.0
education::GET__classes_id_roster_replica-6::missing_audit_log,education,GET /classes/{id}/roster/replica-6,missing_audit_log,auditability,audit_obligation,wrong_jurisdiction,missing_audit,0,0,0,0,3.0
education::GET__classes_id_roster_replica-6::missing_audit_log,education,GET /classes/{id}/roster/replica-6,missing_audit_log,auditability,audit_obligation,wrong_purpose,missing_audit,0,0,0,0,3.0
education::GET__classes_id_roster_replica-6::missing_audit_log,education,GET /classes/{id}/roster/replica-6,missing_audit_log,auditability,audit_obligation,self_access,missing_audit,1,0,0,0,3.0
education::GET__classes_id_roster_replica-6::missing_audit_log,education,GET /classes/{id}/roster/replica-6,missing_audit_log,auditability,audit_obligation,unauthenticated,missing_audit,0,0,0,0,3.0
education::GET__classes_id_roster_replica-6::missing_audit_log,education,GET /classes/{id}/roster/replica-6,missing_audit_log,auditability,audit_obligation,sensitive_field_probe,missing_audit,1,0,0,0,3.0
education::GET__classes_id_roster_replica-6::missing_audit_log,education,GET /classes/{id}/roster/replica-6,missing_audit_log,auditability,audit_obligation,aggregation_boundary,missing_audit,1,0,0,0,3.0
education::GET__classes_id_roster_replica-6::missing_audit_log,education,GET /classes/{id}/roster/replica-6,missing_audit_log,auditability,audit_obligation,deprecated_inventory,missing_audit,1,0,0,0,3.0
education::GET__classes_id_roster_replica-6::deprecated_exposed,education,GET /classes/{id}/roster/replica-6,deprecated_exposed,inventory,endpoint_inventory,deprecated_inventory,field_exposure;deprecated_endpoint_exposed,1,4,4,5,21.0
education::GET__discipline_id_replica-6::missing_auth,education,GET /discipline/{id}/replica-6,missing_auth,function_auth,authentication,unauthenticated,unauthorized_allow;field_exposure,1,8,7,5,60.0
education::GET__discipline_id_replica-6::overbroad_role,education,GET /discipline/{id}/replica-6,overbroad_role,function_auth,function_authorization,wrong_role,unauthorized_allow;field_exposure,1,8,7,5,60.0
education::GET__discipline_id_replica-6::missing_object_check,education,GET /discipline/{id}/replica-6,missing_object_check,object_auth,object_scope,wrong_jurisdiction,unauthorized_allow;field_exposure,1,4,4,5,45.0
education::GET__discipline_id_replica-6::jurisdiction_bypass,education,GET /discipline/{id}/replica-6,jurisdiction_bypass,object_auth,jurisdiction_scope,wrong_jurisdiction,unauthorized_allow;field_exposure,1,4,4,5,45.0
education::GET__discipline_id_replica-6::purpose_bypass,education,GET /discipline/{id}/replica-6,purpose_bypass,purpose_scope,purpose_scope,wrong_purpose,unauthorized_allow;field_exposure,1,4,4,5,45.0
education::GET__discipline_id_replica-6::missing_field_filter,education,GET /discipline/{id}/replica-6,missing_field_filter,property_auth,field_minimization,valid,field_exposure,1,4,3,5,15.0
education::GET__discipline_id_replica-6::missing_field_filter,education,GET /discipline/{id}/replica-6,missing_field_filter,property_auth,field_minimization,self_access,field_exposure,1,3,2,5,10.0
education::GET__discipline_id_replica-6::missing_field_filter,education,GET /discipline/{id}/replica-6,missing_field_filter,property_auth,field_minimization,sensitive_field_probe,field_exposure,1,4,3,5,15.0
education::GET__discipline_id_replica-6::missing_field_filter,education,GET /discipline/{id}/replica-6,missing_field_filter,property_auth,field_minimization,aggregation_boundary,field_exposure,1,4,3,5,15.0
education::GET__discipline_id_replica-6::missing_field_filter,education,GET /discipline/{id}/replica-6,missing_field_filter,property_auth,field_minimization,deprecated_inventory,field_exposure,1,4,3,5,15.0
education::GET__discipline_id_replica-6::aggregation_leak,education,GET /discipline/{id}/replica-6,aggregation_leak,property_auth,aggregation_boundary,aggregation_boundary,field_exposure,1,4,3,5,15.0
education::GET__discipline_id_replica-6::missing_audit_log,education,GET /discipline/{id}/replica-6,missing_audit_log,auditability,audit_obligation,valid,missing_audit,1,0,0,0,3.0
education::GET__discipline_id_replica-6::missing_audit_log,education,GET /discipline/{id}/replica-6,missing_audit_log,auditability,audit_obligation,wrong_role,missing_audit,0,0,0,0,3.0
education::GET__discipline_id_replica-6::missing_audit_log,education,GET /discipline/{id}/replica-6,missing_audit_log,auditability,audit_obligation,wrong_jurisdiction,missing_audit,0,0,0,0,3.0
education::GET__discipline_id_replica-6::missing_audit_log,education,GET /discipline/{id}/replica-6,missing_audit_log,auditability,audit_obligation,wrong_purpose,missing_audit,0,0,0,0,3.0
education::GET__discipline_id_replica-6::missing_audit_log,education,GET /discipline/{id}/replica-6,missing_audit_log,auditability,audit_obligation,self_access,missing_audit,1,0,0,0,3.0
education::GET__discipline_id_replica-6::missing_audit_log,education,GET /discipline/{id}/replica-6,missing_audit_log,auditability,audit_obligation,unauthenticated,missing_audit,0,0,0,0,3.0
education::GET__discipline_id_replica-6::missing_audit_log,education,GET /discipline/{id}/replica-6,missing_audit_log,auditability,audit_obligation,sensitive_field_probe,missing_audit,1,0,0,0,3.0
education::GET__discipline_id_replica-6::missing_audit_log,education,GET /discipline/{id}/replica-6,missing_audit_log,auditability,audit_obligation,aggregation_boundary,missing_audit,1,0,0,0,3.0
education::GET__discipline_id_replica-6::missing_audit_log,education,GET /discipline/{id}/replica-6,missing_audit_log,auditability,audit_obligation,deprecated_inventory,missing_audit,1,0,0,0,3.0
education::GET__discipline_id_replica-6::deprecated_exposed,education,GET /discipline/{id}/replica-6,deprecated_exposed,inventory,endpoint_inventory,deprecated_inventory,field_exposure;deprecated_endpoint_exposed,1,4,3,5,19.0
business_licensing::GET__licenses_id_replica-6::missing_auth,business_licensing,GET /licenses/{id}/replica-6,missing_auth,function_auth,authentication,unauthenticated,unauthorized_allow;field_exposure,1,8,3,4,42.0
business_licensing::GET__licenses_id_replica-6::overbroad_role,business_licensing,GET /licenses/{id}/replica-6,overbroad_role,function_auth,function_authorization,wrong_role,unauthorized_allow;field_exposure,1,8,3,4,42.0
business_licensing::GET__licenses_id_replica-6::missing_object_check,business_licensing,GET /licenses/{id}/replica-6,missing_object_check,object_auth,object_scope,wrong_jurisdiction,unauthorized_allow;field_exposure,1,7,2,4,38.0
business_licensing::GET__licenses_id_replica-6::jurisdiction_bypass,business_licensing,GET /licenses/{id}/replica-6,jurisdiction_bypass,object_auth,jurisdiction_scope,wrong_jurisdiction,unauthorized_allow;field_exposure,1,7,2,4,38.0
business_licensing::GET__licenses_id_replica-6::purpose_bypass,business_licensing,GET /licenses/{id}/replica-6,purpose_bypass,purpose_scope,purpose_scope,wrong_purpose,unauthorized_allow;field_exposure,1,7,2,4,38.0
business_licensing::GET__licenses_id_replica-6::missing_field_filter,business_licensing,GET /licenses/{id}/replica-6,missing_field_filter,property_auth,field_minimization,valid,field_exposure,1,1,1,4,4.0
business_licensing::GET__licenses_id_replica-6::missing_field_filter,business_licensing,GET /licenses/{id}/replica-6,missing_field_filter,property_auth,field_minimization,self_access,field_exposure,1,2,1,4,6.0
business_licensing::GET__licenses_id_replica-6::missing_field_filter,business_licensing,GET /licenses/{id}/replica-6,missing_field_filter,property_auth,field_minimization,sensitive_field_probe,field_exposure,1,1,1,4,4.0
business_licensing::GET__licenses_id_replica-6::missing_field_filter,business_licensing,GET /licenses/{id}/replica-6,missing_field_filter,property_auth,field_minimization,aggregation_boundary,field_exposure,1,1,1,4,4.0
business_licensing::GET__licenses_id_replica-6::missing_field_filter,business_licensing,GET /licenses/{id}/replica-6,missing_field_filter,property_auth,field_minimization,deprecated_inventory,field_exposure,1,1,1,4,4.0
business_licensing::GET__licenses_id_replica-6::aggregation_leak,business_licensing,GET /licenses/{id}/replica-6,aggregation_leak,property_auth,aggregation_boundary,aggregation_boundary,field_exposure,1,1,1,4,4.0
business_licensing::GET__licenses_id_replica-6::missing_audit_log,business_licensing,GET /licenses/{id}/replica-6,missing_audit_log,auditability,audit_obligation,valid,missing_audit,1,0,0,0,3.0
business_licensing::GET__licenses_id_replica-6::missing_audit_log,business_licensing,GET /licenses/{id}/replica-6,missing_audit_log,auditability,audit_obligation,wrong_role,missing_audit,0,0,0,0,3.0
business_licensing::GET__licenses_id_replica-6::missing_audit_log,business_licensing,GET /licenses/{id}/replica-6,missing_audit_log,auditability,audit_obligation,wrong_jurisdiction,missing_audit,0,0,0,0,3.0
business_licensing::GET__licenses_id_replica-6::missing_audit_log,business_licensing,GET /licenses/{id}/replica-6,missing_audit_log,auditability,audit_obligation,wrong_purpose,missing_audit,0,0,0,0,3.0
business_licensing::GET__licenses_id_replica-6::missing_audit_log,business_licensing,GET /licenses/{id}/replica-6,missing_audit_log,auditability,audit_obligation,self_access,missing_audit,1,0,0,0,3.0
business_licensing::GET__licenses_id_replica-6::missing_audit_log,business_licensing,GET /licenses/{id}/replica-6,missing_audit_log,auditability,audit_obligation,unauthenticated,missing_audit,0,0,0,0,3.0
business_licensing::GET__licenses_id_replica-6::missing_audit_log,business_licensing,GET /licenses/{id}/replica-6,missing_audit_log,auditability,audit_obligation,sensitive_field_probe,missing_audit,1,0,0,0,3.0
business_licensing::GET__licenses_id_replica-6::missing_audit_log,business_licensing,GET /licenses/{id}/replica-6,missing_audit_log,auditability,audit_obligation,aggregation_boundary,missing_audit,1,0,0,0,3.0
business_licensing::GET__licenses_id_replica-6::missing_audit_log,business_licensing,GET /licenses/{id}/replica-6,missing_audit_log,auditability,audit_obligation,deprecated_inventory,missing_audit,1,0,0,0,3.0
business_licensing::GET__licenses_id_replica-6::deprecated_exposed,business_licensing,GET /licenses/{id}/replica-6,deprecated_exposed,inventory,endpoint_inventory,deprecated_inventory,field_exposure;deprecated_endpoint_exposed,1,1,1,4,8.0
business_licensing::GET__inspections_id_replica-6::missing_auth,business_licensing,GET /inspections/{id}/replica-6,missing_auth,function_auth,authentication,unauthenticated,unauthorized_allow;field_exposure,1,8,3,4,43.0
business_licensing::GET__inspections_id_replica-6::overbroad_role,business_licensing,GET /inspections/{id}/replica-6,overbroad_role,function_auth,function_authorization,wrong_role,unauthorized_allow;field_exposure,1,8,3,4,43.0
business_licensing::GET__inspections_id_replica-6::missing_object_check,business_licensing,GET /inspections/{id}/replica-6,missing_object_check,object_auth,object_scope,wrong_jurisdiction,unauthorized_allow;field_exposure,1,6,2,4,37.0
business_licensing::GET__inspections_id_replica-6::jurisdiction_bypass,business_licensing,GET /inspections/{id}/replica-6,jurisdiction_bypass,object_auth,jurisdiction_scope,wrong_jurisdiction,unauthorized_allow;field_exposure,1,6,2,4,37.0
business_licensing::GET__inspections_id_replica-6::purpose_bypass,business_licensing,GET /inspections/{id}/replica-6,purpose_bypass,purpose_scope,purpose_scope,wrong_purpose,unauthorized_allow;field_exposure,1,6,2,4,37.0
business_licensing::GET__inspections_id_replica-6::missing_field_filter,business_licensing,GET /inspections/{id}/replica-6,missing_field_filter,property_auth,field_minimization,valid,field_exposure,1,2,1,4,6.0
business_licensing::GET__inspections_id_replica-6::missing_field_filter,business_licensing,GET /inspections/{id}/replica-6,missing_field_filter,property_auth,field_minimization,self_access,field_exposure,1,3,2,4,10.0
business_licensing::GET__inspections_id_replica-6::missing_field_filter,business_licensing,GET /inspections/{id}/replica-6,missing_field_filter,property_auth,field_minimization,sensitive_field_probe,field_exposure,1,2,1,4,6.0
business_licensing::GET__inspections_id_replica-6::missing_field_filter,business_licensing,GET /inspections/{id}/replica-6,missing_field_filter,property_auth,field_minimization,aggregation_boundary,field_exposure,1,2,1,4,6.0
business_licensing::GET__inspections_id_replica-6::missing_field_filter,business_licensing,GET /inspections/{id}/replica-6,missing_field_filter,property_auth,field_minimization,deprecated_inventory,field_exposure,1,2,1,4,6.0
business_licensing::GET__inspections_id_replica-6::aggregation_leak,business_licensing,GET /inspections/{id}/replica-6,aggregation_leak,property_auth,aggregation_boundary,aggregation_boundary,field_exposure,1,2,1,4,6.0
business_licensing::GET__inspections_id_replica-6::missing_audit_log,business_licensing,GET /inspections/{id}/replica-6,missing_audit_log,auditability,audit_obligation,valid,missing_audit,1,0,0,0,3.0
business_licensing::GET__inspections_id_replica-6::missing_audit_log,business_licensing,GET /inspections/{id}/replica-6,missing_audit_log,auditability,audit_obligation,wrong_role,missing_audit,0,0,0,0,3.0
business_licensing::GET__inspections_id_replica-6::missing_audit_log,business_licensing,GET /inspections/{id}/replica-6,missing_audit_log,auditability,audit_obligation,wrong_jurisdiction,missing_audit,0,0,0,0,3.0
business_licensing::GET__inspections_id_replica-6::missing_audit_log,business_licensing,GET /inspections/{id}/replica-6,missing_audit_log,auditability,audit_obligation,wrong_purpose,missing_audit,0,0,0,0,3.0
business_licensing::GET__inspections_id_replica-6::missing_audit_log,business_licensing,GET /inspections/{id}/replica-6,missing_audit_log,auditability,audit_obligation,self_access,missing_audit,1,0,0,0,3.0
business_licensing::GET__inspections_id_replica-6::missing_audit_log,business_licensing,GET /inspections/{id}/replica-6,missing_audit_log,auditability,audit_obligation,unauthenticated,missing_audit,0,0,0,0,3.0
business_licensing::GET__inspections_id_replica-6::missing_audit_log,business_licensing,GET /inspections/{id}/replica-6,missing_audit_log,auditability,audit_obligation,sensitive_field_probe,missing_audit,1,0,0,0,3.0
business_licensing::GET__inspections_id_replica-6::missing_audit_log,business_licensing,GET /inspections/{id}/replica-6,missing_audit_log,auditability,audit_obligation,aggregation_boundary,missing_audit,1,0,0,0,3.0
business_licensing::GET__inspections_id_replica-6::missing_audit_log,business_licensing,GET /inspections/{id}/replica-6,missing_audit_log,auditability,audit_obligation,deprecated_inventory,missing_audit,1,0,0,0,3.0
business_licensing::GET__inspections_id_replica-6::deprecated_exposed,business_licensing,GET /inspections/{id}/replica-6,deprecated_exposed,inventory,endpoint_inventory,deprecated_inventory,field_exposure;deprecated_endpoint_exposed,1,2,1,4,10.0
business_licensing::GET__licenses_export_replica-6::missing_auth,business_licensing,GET /licenses/export/replica-6,missing_auth,function_auth,authentication,unauthenticated,unauthorized_allow;field_exposure,1,8,4,4,44.0
business_licensing::GET__licenses_export_replica-6::overbroad_role,business_licensing,GET /licenses/export/replica-6,overbroad_role,function_auth,function_authorization,wrong_role,unauthorized_allow;field_exposure,1,8,4,4,44.0
business_licensing::GET__licenses_export_replica-6::missing_object_check,business_licensing,GET /licenses/export/replica-6,missing_object_check,object_auth,object_scope,wrong_jurisdiction,unauthorized_allow;field_exposure,1,7,3,4,40.0
business_licensing::GET__licenses_export_replica-6::jurisdiction_bypass,business_licensing,GET /licenses/export/replica-6,jurisdiction_bypass,object_auth,jurisdiction_scope,wrong_jurisdiction,unauthorized_allow;field_exposure,1,7,3,4,40.0
business_licensing::GET__licenses_export_replica-6::purpose_bypass,business_licensing,GET /licenses/export/replica-6,purpose_bypass,purpose_scope,purpose_scope,wrong_purpose,unauthorized_allow;field_exposure,1,7,3,4,40.0
business_licensing::GET__licenses_export_replica-6::missing_field_filter,business_licensing,GET /licenses/export/replica-6,missing_field_filter,property_auth,field_minimization,valid,field_exposure,1,1,1,4,4.0
business_licensing::GET__licenses_export_replica-6::missing_field_filter,business_licensing,GET /licenses/export/replica-6,missing_field_filter,property_auth,field_minimization,self_access,field_exposure,1,2,1,4,6.0
business_licensing::GET__licenses_export_replica-6::missing_field_filter,business_licensing,GET /licenses/export/replica-6,missing_field_filter,property_auth,field_minimization,sensitive_field_probe,field_exposure,1,1,1,4,4.0
business_licensing::GET__licenses_export_replica-6::missing_field_filter,business_licensing,GET /licenses/export/replica-6,missing_field_filter,property_auth,field_minimization,aggregation_boundary,field_exposure,1,1,1,4,4.0
business_licensing::GET__licenses_export_replica-6::missing_field_filter,business_licensing,GET /licenses/export/replica-6,missing_field_filter,property_auth,field_minimization,deprecated_inventory,field_exposure,1,1,1,4,4.0
business_licensing::GET__licenses_export_replica-6::aggregation_leak,business_licensing,GET /licenses/export/replica-6,aggregation_leak,property_auth,aggregation_boundary,aggregation_boundary,field_exposure,1,1,1,4,4.0
business_licensing::GET__licenses_export_replica-6::missing_audit_log,business_licensing,GET /licenses/export/replica-6,missing_audit_log,auditability,audit_obligation,valid,missing_audit,1,0,0,0,3.0
business_licensing::GET__licenses_export_replica-6::missing_audit_log,business_licensing,GET /licenses/export/replica-6,missing_audit_log,auditability,audit_obligation,wrong_role,missing_audit,0,0,0,0,3.0
business_licensing::GET__licenses_export_replica-6::missing_audit_log,business_licensing,GET /licenses/export/replica-6,missing_audit_log,auditability,audit_obligation,wrong_jurisdiction,missing_audit,0,0,0,0,3.0
business_licensing::GET__licenses_export_replica-6::missing_audit_log,business_licensing,GET /licenses/export/replica-6,missing_audit_log,auditability,audit_obligation,wrong_purpose,missing_audit,0,0,0,0,3.0
business_licensing::GET__licenses_export_replica-6::missing_audit_log,business_licensing,GET /licenses/export/replica-6,missing_audit_log,auditability,audit_obligation,self_access,missing_audit,1,0,0,0,3.0
business_licensing::GET__licenses_export_replica-6::missing_audit_log,business_licensing,GET /licenses/export/replica-6,missing_audit_log,auditability,audit_obligation,unauthenticated,missing_audit,0,0,0,0,3.0
business_licensing::GET__licenses_export_replica-6::missing_audit_log,business_licensing,GET /licenses/export/replica-6,missing_audit_log,auditability,audit_obligation,sensitive_field_probe,missing_audit,1,0,0,0,3.0
business_licensing::GET__licenses_export_replica-6::missing_audit_log,business_licensing,GET /licenses/export/replica-6,missing_audit_log,auditability,audit_obligation,aggregation_boundary,missing_audit,1,0,0,0,3.0
business_licensing::GET__licenses_export_replica-6::missing_audit_log,business_licensing,GET /licenses/export/replica-6,missing_audit_log,auditability,audit_obligation,deprecated_inventory,missing_audit,1,0,0,0,3.0
business_licensing::GET__licenses_export_replica-6::deprecated_exposed,business_licensing,GET /licenses/export/replica-6,deprecated_exposed,inventory,endpoint_inventory,deprecated_inventory,field_exposure;deprecated_endpoint_exposed,1,1,1,4,8.0
health::GET__patients_id_replica-7::missing_auth,health,GET /patients/{id}/replica-7,missing_auth,function_auth,authentication,unauthenticated,unauthorized_allow;field_exposure,1,8,8,5,61.0
health::GET__patients_id_replica-7::overbroad_role,health,GET /patients/{id}/replica-7,overbroad_role,function_auth,function_authorization,wrong_role,unauthorized_allow;field_exposure,1,8,8,5,61.0
health::GET__patients_id_replica-7::missing_object_check,health,GET /patients/{id}/replica-7,missing_object_check,object_auth,object_scope,wrong_jurisdiction,unauthorized_allow;field_exposure,1,7,7,5,57.0
health::GET__patients_id_replica-7::jurisdiction_bypass,health,GET /patients/{id}/replica-7,jurisdiction_bypass,object_auth,jurisdiction_scope,wrong_jurisdiction,unauthorized_allow;field_exposure,1,7,7,5,57.0
health::GET__patients_id_replica-7::purpose_bypass,health,GET /patients/{id}/replica-7,purpose_bypass,purpose_scope,purpose_scope,wrong_purpose,unauthorized_allow;field_exposure,1,7,7,5,57.0
health::GET__patients_id_replica-7::missing_field_filter,health,GET /patients/{id}/replica-7,missing_field_filter,property_auth,field_minimization,valid,field_exposure,1,1,1,4,4.0
health::GET__patients_id_replica-7::missing_field_filter,health,GET /patients/{id}/replica-7,missing_field_filter,property_auth,field_minimization,sensitive_field_probe,field_exposure,1,1,1,4,4.0
health::GET__patients_id_replica-7::missing_field_filter,health,GET /patients/{id}/replica-7,missing_field_filter,property_auth,field_minimization,aggregation_boundary,field_exposure,1,1,1,4,4.0
health::GET__patients_id_replica-7::missing_field_filter,health,GET /patients/{id}/replica-7,missing_field_filter,property_auth,field_minimization,deprecated_inventory,field_exposure,1,1,1,4,4.0
health::GET__patients_id_replica-7::aggregation_leak,health,GET /patients/{id}/replica-7,aggregation_leak,property_auth,aggregation_boundary,aggregation_boundary,field_exposure,1,1,1,4,4.0
health::GET__patients_id_replica-7::missing_audit_log,health,GET /patients/{id}/replica-7,missing_audit_log,auditability,audit_obligation,valid,missing_audit,1,0,0,0,3.0
health::GET__patients_id_replica-7::missing_audit_log,health,GET /patients/{id}/replica-7,missing_audit_log,auditability,audit_obligation,wrong_role,missing_audit,0,0,0,0,3.0
health::GET__patients_id_replica-7::missing_audit_log,health,GET /patients/{id}/replica-7,missing_audit_log,auditability,audit_obligation,wrong_jurisdiction,missing_audit,0,0,0,0,3.0
health::GET__patients_id_replica-7::missing_audit_log,health,GET /patients/{id}/replica-7,missing_audit_log,auditability,audit_obligation,wrong_purpose,missing_audit,0,0,0,0,3.0
health::GET__patients_id_replica-7::missing_audit_log,health,GET /patients/{id}/replica-7,missing_audit_log,auditability,audit_obligation,self_access,missing_audit,1,0,0,0,3.0
health::GET__patients_id_replica-7::missing_audit_log,health,GET /patients/{id}/replica-7,missing_audit_log,auditability,audit_obligation,unauthenticated,missing_audit,0,0,0,0,3.0
health::GET__patients_id_replica-7::missing_audit_log,health,GET /patients/{id}/replica-7,missing_audit_log,auditability,audit_obligation,sensitive_field_probe,missing_audit,1,0,0,0,3.0
health::GET__patients_id_replica-7::missing_audit_log,health,GET /patients/{id}/replica-7,missing_audit_log,auditability,audit_obligation,aggregation_boundary,missing_audit,1,0,0,0,3.0
health::GET__patients_id_replica-7::missing_audit_log,health,GET /patients/{id}/replica-7,missing_audit_log,auditability,audit_obligation,deprecated_inventory,missing_audit,1,0,0,0,3.0
health::GET__patients_id_replica-7::deprecated_exposed,health,GET /patients/{id}/replica-7,deprecated_exposed,inventory,endpoint_inventory,deprecated_inventory,field_exposure;deprecated_endpoint_exposed,1,1,1,4,8.0
health::GET__encounters_id_replica-7::missing_auth,health,GET /encounters/{id}/replica-7,missing_auth,function_auth,authentication,unauthenticated,unauthorized_allow;field_exposure,1,8,7,5,61.0
health::GET__encounters_id_replica-7::overbroad_role,health,GET /encounters/{id}/replica-7,overbroad_role,function_auth,function_authorization,wrong_role,unauthorized_allow;field_exposure,1,8,7,5,61.0
health::GET__encounters_id_replica-7::missing_object_check,health,GET /encounters/{id}/replica-7,missing_object_check,object_auth,object_scope,wrong_jurisdiction,unauthorized_allow;field_exposure,1,6,5,5,53.0
health::GET__encounters_id_replica-7::jurisdiction_bypass,health,GET /encounters/{id}/replica-7,jurisdiction_bypass,object_auth,jurisdiction_scope,wrong_jurisdiction,unauthorized_allow;field_exposure,1,6,5,5,53.0
health::GET__encounters_id_replica-7::purpose_bypass,health,GET /encounters/{id}/replica-7,purpose_bypass,purpose_scope,purpose_scope,wrong_purpose,unauthorized_allow;field_exposure,1,6,5,5,53.0
health::GET__encounters_id_replica-7::missing_field_filter,health,GET /encounters/{id}/replica-7,missing_field_filter,property_auth,field_minimization,valid,field_exposure,1,2,2,4,8.0
health::GET__encounters_id_replica-7::missing_field_filter,health,GET /encounters/{id}/replica-7,missing_field_filter,property_auth,field_minimization,self_access,field_exposure,1,1,0,2,2.0
health::GET__encounters_id_replica-7::missing_field_filter,health,GET /encounters/{id}/replica-7,missing_field_filter,property_auth,field_minimization,sensitive_field_probe,field_exposure,1,2,2,4,8.0
health::GET__encounters_id_replica-7::missing_field_filter,health,GET /encounters/{id}/replica-7,missing_field_filter,property_auth,field_minimization,aggregation_boundary,field_exposure,1,2,2,4,8.0
health::GET__encounters_id_replica-7::missing_field_filter,health,GET /encounters/{id}/replica-7,missing_field_filter,property_auth,field_minimization,deprecated_inventory,field_exposure,1,2,2,4,8.0
health::GET__encounters_id_replica-7::aggregation_leak,health,GET /encounters/{id}/replica-7,aggregation_leak,property_auth,aggregation_boundary,aggregation_boundary,field_exposure,1,2,2,4,8.0
health::GET__encounters_id_replica-7::missing_audit_log,health,GET /encounters/{id}/replica-7,missing_audit_log,auditability,audit_obligation,valid,missing_audit,1,0,0,0,3.0
health::GET__encounters_id_replica-7::missing_audit_log,health,GET /encounters/{id}/replica-7,missing_audit_log,auditability,audit_obligation,wrong_role,missing_audit,0,0,0,0,3.0
health::GET__encounters_id_replica-7::missing_audit_log,health,GET /encounters/{id}/replica-7,missing_audit_log,auditability,audit_obligation,wrong_jurisdiction,missing_audit,0,0,0,0,3.0
health::GET__encounters_id_replica-7::missing_audit_log,health,GET /encounters/{id}/replica-7,missing_audit_log,auditability,audit_obligation,wrong_purpose,missing_audit,0,0,0,0,3.0
health::GET__encounters_id_replica-7::missing_audit_log,health,GET /encounters/{id}/replica-7,missing_audit_log,auditability,audit_obligation,self_access,missing_audit,1,0,0,0,3.0
health::GET__encounters_id_replica-7::missing_audit_log,health,GET /encounters/{id}/replica-7,missing_audit_log,auditability,audit_obligation,unauthenticated,missing_audit,0,0,0,0,3.0
health::GET__encounters_id_replica-7::missing_audit_log,health,GET /encounters/{id}/replica-7,missing_audit_log,auditability,audit_obligation,sensitive_field_probe,missing_audit,1,0,0,0,3.0
health::GET__encounters_id_replica-7::missing_audit_log,health,GET /encounters/{id}/replica-7,missing_audit_log,auditability,audit_obligation,aggregation_boundary,missing_audit,1,0,0,0,3.0
health::GET__encounters_id_replica-7::missing_audit_log,health,GET /encounters/{id}/replica-7,missing_audit_log,auditability,audit_obligation,deprecated_inventory,missing_audit,1,0,0,0,3.0
health::GET__encounters_id_replica-7::deprecated_exposed,health,GET /encounters/{id}/replica-7,deprecated_exposed,inventory,endpoint_inventory,deprecated_inventory,field_exposure;deprecated_endpoint_exposed,1,2,2,4,12.0
health::GET__patients_search_replica-7::missing_auth,health,GET /patients/search/replica-7,missing_auth,function_auth,authentication,unauthenticated,unauthorized_allow;field_exposure,1,8,8,5,60.0
health::GET__patients_search_replica-7::overbroad_role,health,GET /patients/search/replica-7,overbroad_role,function_auth,function_authorization,wrong_role,unauthorized_allow;field_exposure,1,8,8,5,60.0
health::GET__patients_search_replica-7::missing_object_check,health,GET /patients/search/replica-7,missing_object_check,object_auth,object_scope,wrong_jurisdiction,unauthorized_allow;field_exposure,1,7,7,5,56.0
health::GET__patients_search_replica-7::jurisdiction_bypass,health,GET /patients/search/replica-7,jurisdiction_bypass,object_auth,jurisdiction_scope,wrong_jurisdiction,unauthorized_allow;field_exposure,1,7,7,5,56.0
health::GET__patients_search_replica-7::purpose_bypass,health,GET /patients/search/replica-7,purpose_bypass,purpose_scope,purpose_scope,wrong_purpose,unauthorized_allow;field_exposure,1,7,7,5,56.0
health::GET__patients_search_replica-7::missing_field_filter,health,GET /patients/search/replica-7,missing_field_filter,property_auth,field_minimization,valid,field_exposure,1,1,1,4,4.0
health::GET__patients_search_replica-7::missing_field_filter,health,GET /patients/search/replica-7,missing_field_filter,property_auth,field_minimization,sensitive_field_probe,field_exposure,1,1,1,4,4.0
health::GET__patients_search_replica-7::missing_field_filter,health,GET /patients/search/replica-7,missing_field_filter,property_auth,field_minimization,aggregation_boundary,field_exposure,1,1,1,4,4.0
health::GET__patients_search_replica-7::missing_field_filter,health,GET /patients/search/replica-7,missing_field_filter,property_auth,field_minimization,deprecated_inventory,field_exposure,1,1,1,4,4.0
health::GET__patients_search_replica-7::aggregation_leak,health,GET /patients/search/replica-7,aggregation_leak,property_auth,aggregation_boundary,aggregation_boundary,field_exposure,1,1,1,4,4.0
health::GET__patients_search_replica-7::missing_audit_log,health,GET /patients/search/replica-7,missing_audit_log,auditability,audit_obligation,valid,missing_audit,1,0,0,0,3.0
health::GET__patients_search_replica-7::missing_audit_log,health,GET /patients/search/replica-7,missing_audit_log,auditability,audit_obligation,wrong_role,missing_audit,0,0,0,0,3.0
health::GET__patients_search_replica-7::missing_audit_log,health,GET /patients/search/replica-7,missing_audit_log,auditability,audit_obligation,wrong_jurisdiction,missing_audit,0,0,0,0,3.0
health::GET__patients_search_replica-7::missing_audit_log,health,GET /patients/search/replica-7,missing_audit_log,auditability,audit_obligation,wrong_purpose,missing_audit,0,0,0,0,3.0
health::GET__patients_search_replica-7::missing_audit_log,health,GET /patients/search/replica-7,missing_audit_log,auditability,audit_obligation,self_access,missing_audit,1,0,0,0,3.0
health::GET__patients_search_replica-7::missing_audit_log,health,GET /patients/search/replica-7,missing_audit_log,auditability,audit_obligation,unauthenticated,missing_audit,0,0,0,0,3.0
health::GET__patients_search_replica-7::missing_audit_log,health,GET /patients/search/replica-7,missing_audit_log,auditability,audit_obligation,sensitive_field_probe,missing_audit,1,0,0,0,3.0
health::GET__patients_search_replica-7::missing_audit_log,health,GET /patients/search/replica-7,missing_audit_log,auditability,audit_obligation,aggregation_boundary,missing_audit,1,0,0,0,3.0
health::GET__patients_search_replica-7::missing_audit_log,health,GET /patients/search/replica-7,missing_audit_log,auditability,audit_obligation,deprecated_inventory,missing_audit,1,0,0,0,3.0
health::GET__patients_search_replica-7::deprecated_exposed,health,GET /patients/search/replica-7,deprecated_exposed,inventory,endpoint_inventory,deprecated_inventory,field_exposure;deprecated_endpoint_exposed,1,1,1,4,8.0
citizen_services::GET__citizens_id_replica-7::missing_auth,citizen_services,GET /citizens/{id}/replica-7,missing_auth,function_auth,authentication,unauthenticated,unauthorized_allow;field_exposure,1,8,7,5,58.0
citizen_services::GET__citizens_id_replica-7::overbroad_role,citizen_services,GET /citizens/{id}/replica-7,overbroad_role,function_auth,function_authorization,wrong_role,unauthorized_allow;field_exposure,1,8,7,5,58.0
citizen_services::GET__citizens_id_replica-7::missing_object_check,citizen_services,GET /citizens/{id}/replica-7,missing_object_check,object_auth,object_scope,wrong_jurisdiction,unauthorized_allow;field_exposure,1,5,5,4,47.0
citizen_services::GET__citizens_id_replica-7::jurisdiction_bypass,citizen_services,GET /citizens/{id}/replica-7,jurisdiction_bypass,object_auth,jurisdiction_scope,wrong_jurisdiction,unauthorized_allow;field_exposure,1,5,5,4,47.0
citizen_services::GET__citizens_id_replica-7::purpose_bypass,citizen_services,GET /citizens/{id}/replica-7,purpose_bypass,purpose_scope,purpose_scope,wrong_purpose,unauthorized_allow;field_exposure,1,5,5,4,47.0
citizen_services::GET__citizens_id_replica-7::missing_field_filter,citizen_services,GET /citizens/{id}/replica-7,missing_field_filter,property_auth,field_minimization,valid,field_exposure,1,3,2,5,11.0
citizen_services::GET__citizens_id_replica-7::missing_field_filter,citizen_services,GET /citizens/{id}/replica-7,missing_field_filter,property_auth,field_minimization,self_access,field_exposure,1,3,2,5,11.0
citizen_services::GET__citizens_id_replica-7::missing_field_filter,citizen_services,GET /citizens/{id}/replica-7,missing_field_filter,property_auth,field_minimization,sensitive_field_probe,field_exposure,1,3,2,5,11.0
citizen_services::GET__citizens_id_replica-7::missing_field_filter,citizen_services,GET /citizens/{id}/replica-7,missing_field_filter,property_auth,field_minimization,aggregation_boundary,field_exposure,1,3,2,5,11.0
citizen_services::GET__citizens_id_replica-7::missing_field_filter,citizen_services,GET /citizens/{id}/replica-7,missing_field_filter,property_auth,field_minimization,deprecated_inventory,field_exposure,1,3,2,5,11.0
citizen_services::GET__citizens_id_replica-7::aggregation_leak,citizen_services,GET /citizens/{id}/replica-7,aggregation_leak,property_auth,aggregation_boundary,aggregation_boundary,field_exposure,1,3,2,5,11.0
citizen_services::GET__citizens_id_replica-7::missing_audit_log,citizen_services,GET /citizens/{id}/replica-7,missing_audit_log,auditability,audit_obligation,valid,missing_audit,1,0,0,0,3.0
citizen_services::GET__citizens_id_replica-7::missing_audit_log,citizen_services,GET /citizens/{id}/replica-7,missing_audit_log,auditability,audit_obligation,wrong_role,missing_audit,0,0,0,0,3.0
citizen_services::GET__citizens_id_replica-7::missing_audit_log,citizen_services,GET /citizens/{id}/replica-7,missing_audit_log,auditability,audit_obligation,wrong_jurisdiction,missing_audit,0,0,0,0,3.0
citizen_services::GET__citizens_id_replica-7::missing_audit_log,citizen_services,GET /citizens/{id}/replica-7,missing_audit_log,auditability,audit_obligation,wrong_purpose,missing_audit,0,0,0,0,3.0
citizen_services::GET__citizens_id_replica-7::missing_audit_log,citizen_services,GET /citizens/{id}/replica-7,missing_audit_log,auditability,audit_obligation,self_access,missing_audit,1,0,0,0,3.0
citizen_services::GET__citizens_id_replica-7::missing_audit_log,citizen_services,GET /citizens/{id}/replica-7,missing_audit_log,auditability,audit_obligation,unauthenticated,missing_audit,0,0,0,0,3.0
citizen_services::GET__citizens_id_replica-7::missing_audit_log,citizen_services,GET /citizens/{id}/replica-7,missing_audit_log,auditability,audit_obligation,sensitive_field_probe,missing_audit,1,0,0,0,3.0
citizen_services::GET__citizens_id_replica-7::missing_audit_log,citizen_services,GET /citizens/{id}/replica-7,missing_audit_log,auditability,audit_obligation,aggregation_boundary,missing_audit,1,0,0,0,3.0
citizen_services::GET__citizens_id_replica-7::missing_audit_log,citizen_services,GET /citizens/{id}/replica-7,missing_audit_log,auditability,audit_obligation,deprecated_inventory,missing_audit,1,0,0,0,3.0
citizen_services::GET__citizens_id_replica-7::deprecated_exposed,citizen_services,GET /citizens/{id}/replica-7,deprecated_exposed,inventory,endpoint_inventory,deprecated_inventory,field_exposure;deprecated_endpoint_exposed,1,3,2,5,15.0
citizen_services::GET__benefits_id_replica-7::missing_auth,citizen_services,GET /benefits/{id}/replica-7,missing_auth,function_auth,authentication,unauthenticated,unauthorized_allow;field_exposure,1,8,6,5,57.0
citizen_services::GET__benefits_id_replica-7::overbroad_role,citizen_services,GET /benefits/{id}/replica-7,overbroad_role,function_auth,function_authorization,wrong_role,unauthorized_allow;field_exposure,1,8,6,5,57.0
citizen_services::GET__benefits_id_replica-7::missing_object_check,citizen_services,GET /benefits/{id}/replica-7,missing_object_check,object_auth,object_scope,wrong_jurisdiction,unauthorized_allow;field_exposure,1,5,5,4,48.0
citizen_services::GET__benefits_id_replica-7::jurisdiction_bypass,citizen_services,GET /benefits/{id}/replica-7,jurisdiction_bypass,object_auth,jurisdiction_scope,wrong_jurisdiction,unauthorized_allow;field_exposure,1,5,5,4,48.0
citizen_services::GET__benefits_id_replica-7::purpose_bypass,citizen_services,GET /benefits/{id}/replica-7,purpose_bypass,purpose_scope,purpose_scope,wrong_purpose,unauthorized_allow;field_exposure,1,5,5,4,48.0
citizen_services::GET__benefits_id_replica-7::missing_field_filter,citizen_services,GET /benefits/{id}/replica-7,missing_field_filter,property_auth,field_minimization,valid,field_exposure,1,3,1,5,9.0
citizen_services::GET__benefits_id_replica-7::missing_field_filter,citizen_services,GET /benefits/{id}/replica-7,missing_field_filter,property_auth,field_minimization,self_access,field_exposure,1,2,1,5,7.0
citizen_services::GET__benefits_id_replica-7::missing_field_filter,citizen_services,GET /benefits/{id}/replica-7,missing_field_filter,property_auth,field_minimization,sensitive_field_probe,field_exposure,1,3,1,5,9.0
citizen_services::GET__benefits_id_replica-7::missing_field_filter,citizen_services,GET /benefits/{id}/replica-7,missing_field_filter,property_auth,field_minimization,aggregation_boundary,field_exposure,1,3,1,5,9.0
citizen_services::GET__benefits_id_replica-7::missing_field_filter,citizen_services,GET /benefits/{id}/replica-7,missing_field_filter,property_auth,field_minimization,deprecated_inventory,field_exposure,1,3,1,5,9.0
citizen_services::GET__benefits_id_replica-7::aggregation_leak,citizen_services,GET /benefits/{id}/replica-7,aggregation_leak,property_auth,aggregation_boundary,aggregation_boundary,field_exposure,1,3,1,5,9.0
citizen_services::GET__benefits_id_replica-7::missing_audit_log,citizen_services,GET /benefits/{id}/replica-7,missing_audit_log,auditability,audit_obligation,valid,missing_audit,1,0,0,0,3.0
citizen_services::GET__benefits_id_replica-7::missing_audit_log,citizen_services,GET /benefits/{id}/replica-7,missing_audit_log,auditability,audit_obligation,wrong_role,missing_audit,0,0,0,0,3.0
citizen_services::GET__benefits_id_replica-7::missing_audit_log,citizen_services,GET /benefits/{id}/replica-7,missing_audit_log,auditability,audit_obligation,wrong_jurisdiction,missing_audit,0,0,0,0,3.0
citizen_services::GET__benefits_id_replica-7::missing_audit_log,citizen_services,GET /benefits/{id}/replica-7,missing_audit_log,auditability,audit_obligation,wrong_purpose,missing_audit,0,0,0,0,3.0
citizen_services::GET__benefits_id_replica-7::missing_audit_log,citizen_services,GET /benefits/{id}/replica-7,missing_audit_log,auditability,audit_obligation,self_access,missing_audit,1,0,0,0,3.0
citizen_services::GET__benefits_id_replica-7::missing_audit_log,citizen_services,GET /benefits/{id}/replica-7,missing_audit_log,auditability,audit_obligation,unauthenticated,missing_audit,0,0,0,0,3.0
citizen_services::GET__benefits_id_replica-7::missing_audit_log,citizen_services,GET /benefits/{id}/replica-7,missing_audit_log,auditability,audit_obligation,sensitive_field_probe,missing_audit,1,0,0,0,3.0
citizen_services::GET__benefits_id_replica-7::missing_audit_log,citizen_services,GET /benefits/{id}/replica-7,missing_audit_log,auditability,audit_obligation,aggregation_boundary,missing_audit,1,0,0,0,3.0
citizen_services::GET__benefits_id_replica-7::missing_audit_log,citizen_services,GET /benefits/{id}/replica-7,missing_audit_log,auditability,audit_obligation,deprecated_inventory,missing_audit,1,0,0,0,3.0
citizen_services::GET__benefits_id_replica-7::deprecated_exposed,citizen_services,GET /benefits/{id}/replica-7,deprecated_exposed,inventory,endpoint_inventory,deprecated_inventory,field_exposure;deprecated_endpoint_exposed,1,3,1,5,13.0
citizen_services::GET__citizens_export_replica-7::missing_auth,citizen_services,GET /citizens/export/replica-7,missing_auth,function_auth,authentication,unauthenticated,unauthorized_allow;field_exposure,1,8,7,5,59.0
citizen_services::GET__citizens_export_replica-7::overbroad_role,citizen_services,GET /citizens/export/replica-7,overbroad_role,function_auth,function_authorization,wrong_role,unauthorized_allow;field_exposure,1,8,7,5,59.0
citizen_services::GET__citizens_export_replica-7::missing_object_check,citizen_services,GET /citizens/export/replica-7,missing_object_check,object_auth,object_scope,wrong_jurisdiction,unauthorized_allow;field_exposure,1,5,5,4,48.0
citizen_services::GET__citizens_export_replica-7::jurisdiction_bypass,citizen_services,GET /citizens/export/replica-7,jurisdiction_bypass,object_auth,jurisdiction_scope,wrong_jurisdiction,unauthorized_allow;field_exposure,1,5,5,4,48.0
citizen_services::GET__citizens_export_replica-7::purpose_bypass,citizen_services,GET /citizens/export/replica-7,purpose_bypass,purpose_scope,purpose_scope,wrong_purpose,unauthorized_allow;field_exposure,1,5,5,4,48.0
citizen_services::GET__citizens_export_replica-7::missing_field_filter,citizen_services,GET /citizens/export/replica-7,missing_field_filter,property_auth,field_minimization,valid,field_exposure,1,3,2,5,11.0
citizen_services::GET__citizens_export_replica-7::missing_field_filter,citizen_services,GET /citizens/export/replica-7,missing_field_filter,property_auth,field_minimization,self_access,field_exposure,1,3,2,5,11.0
citizen_services::GET__citizens_export_replica-7::missing_field_filter,citizen_services,GET /citizens/export/replica-7,missing_field_filter,property_auth,field_minimization,sensitive_field_probe,field_exposure,1,3,2,5,11.0
citizen_services::GET__citizens_export_replica-7::missing_field_filter,citizen_services,GET /citizens/export/replica-7,missing_field_filter,property_auth,field_minimization,aggregation_boundary,field_exposure,1,3,2,5,11.0
citizen_services::GET__citizens_export_replica-7::missing_field_filter,citizen_services,GET /citizens/export/replica-7,missing_field_filter,property_auth,field_minimization,deprecated_inventory,field_exposure,1,3,2,5,11.0
citizen_services::GET__citizens_export_replica-7::aggregation_leak,citizen_services,GET /citizens/export/replica-7,aggregation_leak,property_auth,aggregation_boundary,aggregation_boundary,field_exposure,1,3,2,5,11.0
citizen_services::GET__citizens_export_replica-7::missing_audit_log,citizen_services,GET /citizens/export/replica-7,missing_audit_log,auditability,audit_obligation,valid,missing_audit,1,0,0,0,3.0
citizen_services::GET__citizens_export_replica-7::missing_audit_log,citizen_services,GET /citizens/export/replica-7,missing_audit_log,auditability,audit_obligation,wrong_role,missing_audit,0,0,0,0,3.0
citizen_services::GET__citizens_export_replica-7::missing_audit_log,citizen_services,GET /citizens/export/replica-7,missing_audit_log,auditability,audit_obligation,wrong_jurisdiction,missing_audit,0,0,0,0,3.0
citizen_services::GET__citizens_export_replica-7::missing_audit_log,citizen_services,GET /citizens/export/replica-7,missing_audit_log,auditability,audit_obligation,wrong_purpose,missing_audit,0,0,0,0,3.0
citizen_services::GET__citizens_export_replica-7::missing_audit_log,citizen_services,GET /citizens/export/replica-7,missing_audit_log,auditability,audit_obligation,self_access,missing_audit,1,0,0,0,3.0
citizen_services::GET__citizens_export_replica-7::missing_audit_log,citizen_services,GET /citizens/export/replica-7,missing_audit_log,auditability,audit_obligation,unauthenticated,missing_audit,0,0,0,0,3.0
citizen_services::GET__citizens_export_replica-7::missing_audit_log,citizen_services,GET /citizens/export/replica-7,missing_audit_log,auditability,audit_obligation,sensitive_field_probe,missing_audit,1,0,0,0,3.0
citizen_services::GET__citizens_export_replica-7::missing_audit_log,citizen_services,GET /citizens/export/replica-7,missing_audit_log,auditability,audit_obligation,aggregation_boundary,missing_audit,1,0,0,0,3.0
citizen_services::GET__citizens_export_replica-7::missing_audit_log,citizen_services,GET /citizens/export/replica-7,missing_audit_log,auditability,audit_obligation,deprecated_inventory,missing_audit,1,0,0,0,3.0
citizen_services::GET__citizens_export_replica-7::deprecated_exposed,citizen_services,GET /citizens/export/replica-7,deprecated_exposed,inventory,endpoint_inventory,deprecated_inventory,field_exposure;deprecated_endpoint_exposed,1,3,2,5,15.0
education::GET__students_id_record_replica-7::missing_auth,education,GET /students/{id}/record/replica-7,missing_auth,function_auth,authentication,unauthenticated,unauthorized_allow;field_exposure,1,8,8,5,59.0
education::GET__students_id_record_replica-7::overbroad_role,education,GET /students/{id}/record/replica-7,overbroad_role,function_auth,function_authorization,wrong_role,unauthorized_allow;field_exposure,1,8,8,5,59.0
education::GET__students_id_record_replica-7::missing_object_check,education,GET /students/{id}/record/replica-7,missing_object_check,object_auth,object_scope,wrong_jurisdiction,unauthorized_allow;field_exposure,1,4,4,3,42.0
education::GET__students_id_record_replica-7::jurisdiction_bypass,education,GET /students/{id}/record/replica-7,jurisdiction_bypass,object_auth,jurisdiction_scope,wrong_jurisdiction,unauthorized_allow;field_exposure,1,4,4,3,42.0
education::GET__students_id_record_replica-7::purpose_bypass,education,GET /students/{id}/record/replica-7,purpose_bypass,purpose_scope,purpose_scope,wrong_purpose,unauthorized_allow;field_exposure,1,4,4,3,42.0
education::GET__students_id_record_replica-7::missing_field_filter,education,GET /students/{id}/record/replica-7,missing_field_filter,property_auth,field_minimization,valid,field_exposure,1,4,4,5,17.0
education::GET__students_id_record_replica-7::missing_field_filter,education,GET /students/{id}/record/replica-7,missing_field_filter,property_auth,field_minimization,self_access,field_exposure,1,4,4,5,17.0
education::GET__students_id_record_replica-7::missing_field_filter,education,GET /students/{id}/record/replica-7,missing_field_filter,property_auth,field_minimization,sensitive_field_probe,field_exposure,1,4,4,5,17.0
education::GET__students_id_record_replica-7::missing_field_filter,education,GET /students/{id}/record/replica-7,missing_field_filter,property_auth,field_minimization,aggregation_boundary,field_exposure,1,4,4,5,17.0
education::GET__students_id_record_replica-7::missing_field_filter,education,GET /students/{id}/record/replica-7,missing_field_filter,property_auth,field_minimization,deprecated_inventory,field_exposure,1,4,4,5,17.0
education::GET__students_id_record_replica-7::aggregation_leak,education,GET /students/{id}/record/replica-7,aggregation_leak,property_auth,aggregation_boundary,aggregation_boundary,field_exposure,1,4,4,5,17.0
education::GET__students_id_record_replica-7::missing_audit_log,education,GET /students/{id}/record/replica-7,missing_audit_log,auditability,audit_obligation,valid,missing_audit,1,0,0,0,3.0
education::GET__students_id_record_replica-7::missing_audit_log,education,GET /students/{id}/record/replica-7,missing_audit_log,auditability,audit_obligation,wrong_role,missing_audit,0,0,0,0,3.0
education::GET__students_id_record_replica-7::missing_audit_log,education,GET /students/{id}/record/replica-7,missing_audit_log,auditability,audit_obligation,wrong_jurisdiction,missing_audit,0,0,0,0,3.0
education::GET__students_id_record_replica-7::missing_audit_log,education,GET /students/{id}/record/replica-7,missing_audit_log,auditability,audit_obligation,wrong_purpose,missing_audit,0,0,0,0,3.0
education::GET__students_id_record_replica-7::missing_audit_log,education,GET /students/{id}/record/replica-7,missing_audit_log,auditability,audit_obligation,self_access,missing_audit,1,0,0,0,3.0
education::GET__students_id_record_replica-7::missing_audit_log,education,GET /students/{id}/record/replica-7,missing_audit_log,auditability,audit_obligation,unauthenticated,missing_audit,0,0,0,0,3.0
education::GET__students_id_record_replica-7::missing_audit_log,education,GET /students/{id}/record/replica-7,missing_audit_log,auditability,audit_obligation,sensitive_field_probe,missing_audit,1,0,0,0,3.0
education::GET__students_id_record_replica-7::missing_audit_log,education,GET /students/{id}/record/replica-7,missing_audit_log,auditability,audit_obligation,aggregation_boundary,missing_audit,1,0,0,0,3.0
education::GET__students_id_record_replica-7::missing_audit_log,education,GET /students/{id}/record/replica-7,missing_audit_log,auditability,audit_obligation,deprecated_inventory,missing_audit,1,0,0,0,3.0
education::GET__students_id_record_replica-7::deprecated_exposed,education,GET /students/{id}/record/replica-7,deprecated_exposed,inventory,endpoint_inventory,deprecated_inventory,field_exposure;deprecated_endpoint_exposed,1,4,4,5,21.0
education::GET__classes_id_roster_replica-7::missing_auth,education,GET /classes/{id}/roster/replica-7,missing_auth,function_auth,authentication,unauthenticated,unauthorized_allow;field_exposure,1,8,8,5,59.0
education::GET__classes_id_roster_replica-7::overbroad_role,education,GET /classes/{id}/roster/replica-7,overbroad_role,function_auth,function_authorization,wrong_role,unauthorized_allow;field_exposure,1,8,8,5,59.0
education::GET__classes_id_roster_replica-7::missing_object_check,education,GET /classes/{id}/roster/replica-7,missing_object_check,object_auth,object_scope,wrong_jurisdiction,unauthorized_allow;field_exposure,1,4,4,3,42.0
education::GET__classes_id_roster_replica-7::jurisdiction_bypass,education,GET /classes/{id}/roster/replica-7,jurisdiction_bypass,object_auth,jurisdiction_scope,wrong_jurisdiction,unauthorized_allow;field_exposure,1,4,4,3,42.0
education::GET__classes_id_roster_replica-7::purpose_bypass,education,GET /classes/{id}/roster/replica-7,purpose_bypass,purpose_scope,purpose_scope,wrong_purpose,unauthorized_allow;field_exposure,1,4,4,3,42.0
education::GET__classes_id_roster_replica-7::missing_field_filter,education,GET /classes/{id}/roster/replica-7,missing_field_filter,property_auth,field_minimization,valid,field_exposure,1,4,4,5,17.0
education::GET__classes_id_roster_replica-7::missing_field_filter,education,GET /classes/{id}/roster/replica-7,missing_field_filter,property_auth,field_minimization,self_access,field_exposure,1,4,4,5,17.0
education::GET__classes_id_roster_replica-7::missing_field_filter,education,GET /classes/{id}/roster/replica-7,missing_field_filter,property_auth,field_minimization,sensitive_field_probe,field_exposure,1,4,4,5,17.0
education::GET__classes_id_roster_replica-7::missing_field_filter,education,GET /classes/{id}/roster/replica-7,missing_field_filter,property_auth,field_minimization,aggregation_boundary,field_exposure,1,4,4,5,17.0
education::GET__classes_id_roster_replica-7::missing_field_filter,education,GET /classes/{id}/roster/replica-7,missing_field_filter,property_auth,field_minimization,deprecated_inventory,field_exposure,1,4,4,5,17.0
education::GET__classes_id_roster_replica-7::aggregation_leak,education,GET /classes/{id}/roster/replica-7,aggregation_leak,property_auth,aggregation_boundary,aggregation_boundary,field_exposure,1,4,4,5,17.0
education::GET__classes_id_roster_replica-7::missing_audit_log,education,GET /classes/{id}/roster/replica-7,missing_audit_log,auditability,audit_obligation,valid,missing_audit,1,0,0,0,3.0
education::GET__classes_id_roster_replica-7::missing_audit_log,education,GET /classes/{id}/roster/replica-7,missing_audit_log,auditability,audit_obligation,wrong_role,missing_audit,0,0,0,0,3.0
education::GET__classes_id_roster_replica-7::missing_audit_log,education,GET /classes/{id}/roster/replica-7,missing_audit_log,auditability,audit_obligation,wrong_jurisdiction,missing_audit,0,0,0,0,3.0
education::GET__classes_id_roster_replica-7::missing_audit_log,education,GET /classes/{id}/roster/replica-7,missing_audit_log,auditability,audit_obligation,wrong_purpose,missing_audit,0,0,0,0,3.0
education::GET__classes_id_roster_replica-7::missing_audit_log,education,GET /classes/{id}/roster/replica-7,missing_audit_log,auditability,audit_obligation,self_access,missing_audit,1,0,0,0,3.0
education::GET__classes_id_roster_replica-7::missing_audit_log,education,GET /classes/{id}/roster/replica-7,missing_audit_log,auditability,audit_obligation,unauthenticated,missing_audit,0,0,0,0,3.0
education::GET__classes_id_roster_replica-7::missing_audit_log,education,GET /classes/{id}/roster/replica-7,missing_audit_log,auditability,audit_obligation,sensitive_field_probe,missing_audit,1,0,0,0,3.0
education::GET__classes_id_roster_replica-7::missing_audit_log,education,GET /classes/{id}/roster/replica-7,missing_audit_log,auditability,audit_obligation,aggregation_boundary,missing_audit,1,0,0,0,3.0
education::GET__classes_id_roster_replica-7::missing_audit_log,education,GET /classes/{id}/roster/replica-7,missing_audit_log,auditability,audit_obligation,deprecated_inventory,missing_audit,1,0,0,0,3.0
education::GET__classes_id_roster_replica-7::deprecated_exposed,education,GET /classes/{id}/roster/replica-7,deprecated_exposed,inventory,endpoint_inventory,deprecated_inventory,field_exposure;deprecated_endpoint_exposed,1,4,4,5,21.0
education::GET__discipline_id_replica-7::missing_auth,education,GET /discipline/{id}/replica-7,missing_auth,function_auth,authentication,unauthenticated,unauthorized_allow;field_exposure,1,8,7,5,60.0
education::GET__discipline_id_replica-7::overbroad_role,education,GET /discipline/{id}/replica-7,overbroad_role,function_auth,function_authorization,wrong_role,unauthorized_allow;field_exposure,1,8,7,5,60.0
education::GET__discipline_id_replica-7::missing_object_check,education,GET /discipline/{id}/replica-7,missing_object_check,object_auth,object_scope,wrong_jurisdiction,unauthorized_allow;field_exposure,1,4,4,5,45.0
education::GET__discipline_id_replica-7::jurisdiction_bypass,education,GET /discipline/{id}/replica-7,jurisdiction_bypass,object_auth,jurisdiction_scope,wrong_jurisdiction,unauthorized_allow;field_exposure,1,4,4,5,45.0
education::GET__discipline_id_replica-7::purpose_bypass,education,GET /discipline/{id}/replica-7,purpose_bypass,purpose_scope,purpose_scope,wrong_purpose,unauthorized_allow;field_exposure,1,4,4,5,45.0
education::GET__discipline_id_replica-7::missing_field_filter,education,GET /discipline/{id}/replica-7,missing_field_filter,property_auth,field_minimization,valid,field_exposure,1,4,3,5,15.0
education::GET__discipline_id_replica-7::missing_field_filter,education,GET /discipline/{id}/replica-7,missing_field_filter,property_auth,field_minimization,self_access,field_exposure,1,3,2,5,10.0
education::GET__discipline_id_replica-7::missing_field_filter,education,GET /discipline/{id}/replica-7,missing_field_filter,property_auth,field_minimization,sensitive_field_probe,field_exposure,1,4,3,5,15.0
education::GET__discipline_id_replica-7::missing_field_filter,education,GET /discipline/{id}/replica-7,missing_field_filter,property_auth,field_minimization,aggregation_boundary,field_exposure,1,4,3,5,15.0
education::GET__discipline_id_replica-7::missing_field_filter,education,GET /discipline/{id}/replica-7,missing_field_filter,property_auth,field_minimization,deprecated_inventory,field_exposure,1,4,3,5,15.0
education::GET__discipline_id_replica-7::aggregation_leak,education,GET /discipline/{id}/replica-7,aggregation_leak,property_auth,aggregation_boundary,aggregation_boundary,field_exposure,1,4,3,5,15.0
education::GET__discipline_id_replica-7::missing_audit_log,education,GET /discipline/{id}/replica-7,missing_audit_log,auditability,audit_obligation,valid,missing_audit,1,0,0,0,3.0
education::GET__discipline_id_replica-7::missing_audit_log,education,GET /discipline/{id}/replica-7,missing_audit_log,auditability,audit_obligation,wrong_role,missing_audit,0,0,0,0,3.0
education::GET__discipline_id_replica-7::missing_audit_log,education,GET /discipline/{id}/replica-7,missing_audit_log,auditability,audit_obligation,wrong_jurisdiction,missing_audit,0,0,0,0,3.0
education::GET__discipline_id_replica-7::missing_audit_log,education,GET /discipline/{id}/replica-7,missing_audit_log,auditability,audit_obligation,wrong_purpose,missing_audit,0,0,0,0,3.0
education::GET__discipline_id_replica-7::missing_audit_log,education,GET /discipline/{id}/replica-7,missing_audit_log,auditability,audit_obligation,self_access,missing_audit,1,0,0,0,3.0
education::GET__discipline_id_replica-7::missing_audit_log,education,GET /discipline/{id}/replica-7,missing_audit_log,auditability,audit_obligation,unauthenticated,missing_audit,0,0,0,0,3.0
education::GET__discipline_id_replica-7::missing_audit_log,education,GET /discipline/{id}/replica-7,missing_audit_log,auditability,audit_obligation,sensitive_field_probe,missing_audit,1,0,0,0,3.0
education::GET__discipline_id_replica-7::missing_audit_log,education,GET /discipline/{id}/replica-7,missing_audit_log,auditability,audit_obligation,aggregation_boundary,missing_audit,1,0,0,0,3.0
education::GET__discipline_id_replica-7::missing_audit_log,education,GET /discipline/{id}/replica-7,missing_audit_log,auditability,audit_obligation,deprecated_inventory,missing_audit,1,0,0,0,3.0
education::GET__discipline_id_replica-7::deprecated_exposed,education,GET /discipline/{id}/replica-7,deprecated_exposed,inventory,endpoint_inventory,deprecated_inventory,field_exposure;deprecated_endpoint_exposed,1,4,3,5,19.0
business_licensing::GET__licenses_id_replica-7::missing_auth,business_licensing,GET /licenses/{id}/replica-7,missing_auth,function_auth,authentication,unauthenticated,unauthorized_allow;field_exposure,1,8,3,4,42.0
business_licensing::GET__licenses_id_replica-7::overbroad_role,business_licensing,GET /licenses/{id}/replica-7,overbroad_role,function_auth,function_authorization,wrong_role,unauthorized_allow;field_exposure,1,8,3,4,42.0
business_licensing::GET__licenses_id_replica-7::missing_object_check,business_licensing,GET /licenses/{id}/replica-7,missing_object_check,object_auth,object_scope,wrong_jurisdiction,unauthorized_allow;field_exposure,1,7,2,4,38.0
business_licensing::GET__licenses_id_replica-7::jurisdiction_bypass,business_licensing,GET /licenses/{id}/replica-7,jurisdiction_bypass,object_auth,jurisdiction_scope,wrong_jurisdiction,unauthorized_allow;field_exposure,1,7,2,4,38.0
business_licensing::GET__licenses_id_replica-7::purpose_bypass,business_licensing,GET /licenses/{id}/replica-7,purpose_bypass,purpose_scope,purpose_scope,wrong_purpose,unauthorized_allow;field_exposure,1,7,2,4,38.0
business_licensing::GET__licenses_id_replica-7::missing_field_filter,business_licensing,GET /licenses/{id}/replica-7,missing_field_filter,property_auth,field_minimization,valid,field_exposure,1,1,1,4,4.0
business_licensing::GET__licenses_id_replica-7::missing_field_filter,business_licensing,GET /licenses/{id}/replica-7,missing_field_filter,property_auth,field_minimization,self_access,field_exposure,1,2,1,4,6.0
business_licensing::GET__licenses_id_replica-7::missing_field_filter,business_licensing,GET /licenses/{id}/replica-7,missing_field_filter,property_auth,field_minimization,sensitive_field_probe,field_exposure,1,1,1,4,4.0
business_licensing::GET__licenses_id_replica-7::missing_field_filter,business_licensing,GET /licenses/{id}/replica-7,missing_field_filter,property_auth,field_minimization,aggregation_boundary,field_exposure,1,1,1,4,4.0
business_licensing::GET__licenses_id_replica-7::missing_field_filter,business_licensing,GET /licenses/{id}/replica-7,missing_field_filter,property_auth,field_minimization,deprecated_inventory,field_exposure,1,1,1,4,4.0
business_licensing::GET__licenses_id_replica-7::aggregation_leak,business_licensing,GET /licenses/{id}/replica-7,aggregation_leak,property_auth,aggregation_boundary,aggregation_boundary,field_exposure,1,1,1,4,4.0
business_licensing::GET__licenses_id_replica-7::missing_audit_log,business_licensing,GET /licenses/{id}/replica-7,missing_audit_log,auditability,audit_obligation,valid,missing_audit,1,0,0,0,3.0
business_licensing::GET__licenses_id_replica-7::missing_audit_log,business_licensing,GET /licenses/{id}/replica-7,missing_audit_log,auditability,audit_obligation,wrong_role,missing_audit,0,0,0,0,3.0
business_licensing::GET__licenses_id_replica-7::missing_audit_log,business_licensing,GET /licenses/{id}/replica-7,missing_audit_log,auditability,audit_obligation,wrong_jurisdiction,missing_audit,0,0,0,0,3.0
business_licensing::GET__licenses_id_replica-7::missing_audit_log,business_licensing,GET /licenses/{id}/replica-7,missing_audit_log,auditability,audit_obligation,wrong_purpose,missing_audit,0,0,0,0,3.0
business_licensing::GET__licenses_id_replica-7::missing_audit_log,business_licensing,GET /licenses/{id}/replica-7,missing_audit_log,auditability,audit_obligation,self_access,missing_audit,1,0,0,0,3.0
business_licensing::GET__licenses_id_replica-7::missing_audit_log,business_licensing,GET /licenses/{id}/replica-7,missing_audit_log,auditability,audit_obligation,unauthenticated,missing_audit,0,0,0,0,3.0
business_licensing::GET__licenses_id_replica-7::missing_audit_log,business_licensing,GET /licenses/{id}/replica-7,missing_audit_log,auditability,audit_obligation,sensitive_field_probe,missing_audit,1,0,0,0,3.0
business_licensing::GET__licenses_id_replica-7::missing_audit_log,business_licensing,GET /licenses/{id}/replica-7,missing_audit_log,auditability,audit_obligation,aggregation_boundary,missing_audit,1,0,0,0,3.0
business_licensing::GET__licenses_id_replica-7::missing_audit_log,business_licensing,GET /licenses/{id}/replica-7,missing_audit_log,auditability,audit_obligation,deprecated_inventory,missing_audit,1,0,0,0,3.0
business_licensing::GET__licenses_id_replica-7::deprecated_exposed,business_licensing,GET /licenses/{id}/replica-7,deprecated_exposed,inventory,endpoint_inventory,deprecated_inventory,field_exposure;deprecated_endpoint_exposed,1,1,1,4,8.0
business_licensing::GET__inspections_id_replica-7::missing_auth,business_licensing,GET /inspections/{id}/replica-7,missing_auth,function_auth,authentication,unauthenticated,unauthorized_allow;field_exposure,1,8,3,4,43.0
business_licensing::GET__inspections_id_replica-7::overbroad_role,business_licensing,GET /inspections/{id}/replica-7,overbroad_role,function_auth,function_authorization,wrong_role,unauthorized_allow;field_exposure,1,8,3,4,43.0
business_licensing::GET__inspections_id_replica-7::missing_object_check,business_licensing,GET /inspections/{id}/replica-7,missing_object_check,object_auth,object_scope,wrong_jurisdiction,unauthorized_allow;field_exposure,1,6,2,4,37.0
business_licensing::GET__inspections_id_replica-7::jurisdiction_bypass,business_licensing,GET /inspections/{id}/replica-7,jurisdiction_bypass,object_auth,jurisdiction_scope,wrong_jurisdiction,unauthorized_allow;field_exposure,1,6,2,4,37.0
business_licensing::GET__inspections_id_replica-7::purpose_bypass,business_licensing,GET /inspections/{id}/replica-7,purpose_bypass,purpose_scope,purpose_scope,wrong_purpose,unauthorized_allow;field_exposure,1,6,2,4,37.0
business_licensing::GET__inspections_id_replica-7::missing_field_filter,business_licensing,GET /inspections/{id}/replica-7,missing_field_filter,property_auth,field_minimization,valid,field_exposure,1,2,1,4,6.0
business_licensing::GET__inspections_id_replica-7::missing_field_filter,business_licensing,GET /inspections/{id}/replica-7,missing_field_filter,property_auth,field_minimization,self_access,field_exposure,1,3,2,4,10.0
business_licensing::GET__inspections_id_replica-7::missing_field_filter,business_licensing,GET /inspections/{id}/replica-7,missing_field_filter,property_auth,field_minimization,sensitive_field_probe,field_exposure,1,2,1,4,6.0
business_licensing::GET__inspections_id_replica-7::missing_field_filter,business_licensing,GET /inspections/{id}/replica-7,missing_field_filter,property_auth,field_minimization,aggregation_boundary,field_exposure,1,2,1,4,6.0
business_licensing::GET__inspections_id_replica-7::missing_field_filter,business_licensing,GET /inspections/{id}/replica-7,missing_field_filter,property_auth,field_minimization,deprecated_inventory,field_exposure,1,2,1,4,6.0
business_licensing::GET__inspections_id_replica-7::aggregation_leak,business_licensing,GET /inspections/{id}/replica-7,aggregation_leak,property_auth,aggregation_boundary,aggregation_boundary,field_exposure,1,2,1,4,6.0
business_licensing::GET__inspections_id_replica-7::missing_audit_log,business_licensing,GET /inspections/{id}/replica-7,missing_audit_log,auditability,audit_obligation,valid,missing_audit,1,0,0,0,3.0
business_licensing::GET__inspections_id_replica-7::missing_audit_log,business_licensing,GET /inspections/{id}/replica-7,missing_audit_log,auditability,audit_obligation,wrong_role,missing_audit,0,0,0,0,3.0
business_licensing::GET__inspections_id_replica-7::missing_audit_log,business_licensing,GET /inspections/{id}/replica-7,missing_audit_log,auditability,audit_obligation,wrong_jurisdiction,missing_audit,0,0,0,0,3.0
business_licensing::GET__inspections_id_replica-7::missing_audit_log,business_licensing,GET /inspections/{id}/replica-7,missing_audit_log,auditability,audit_obligation,wrong_purpose,missing_audit,0,0,0,0,3.0
business_licensing::GET__inspections_id_replica-7::missing_audit_log,business_licensing,GET /inspections/{id}/replica-7,missing_audit_log,auditability,audit_obligation,self_access,missing_audit,1,0,0,0,3.0
business_licensing::GET__inspections_id_replica-7::missing_audit_log,business_licensing,GET /inspections/{id}/replica-7,missing_audit_log,auditability,audit_obligation,unauthenticated,missing_audit,0,0,0,0,3.0
business_licensing::GET__inspections_id_replica-7::missing_audit_log,business_licensing,GET /inspections/{id}/replica-7,missing_audit_log,auditability,audit_obligation,sensitive_field_probe,missing_audit,1,0,0,0,3.0
business_licensing::GET__inspections_id_replica-7::missing_audit_log,business_licensing,GET /inspections/{id}/replica-7,missing_audit_log,auditability,audit_obligation,aggregation_boundary,missing_audit,1,0,0,0,3.0
business_licensing::GET__inspections_id_replica-7::missing_audit_log,business_licensing,GET /inspections/{id}/replica-7,missing_audit_log,auditability,audit_obligation,deprecated_inventory,missing_audit,1,0,0,0,3.0
business_licensing::GET__inspections_id_replica-7::deprecated_exposed,business_licensing,GET /inspections/{id}/replica-7,deprecated_exposed,inventory,endpoint_inventory,deprecated_inventory,field_exposure;deprecated_endpoint_exposed,1,2,1,4,10.0
business_licensing::GET__licenses_export_replica-7::missing_auth,business_licensing,GET /licenses/export/replica-7,missing_auth,function_auth,authentication,unauthenticated,unauthorized_allow;field_exposure,1,8,4,4,44.0
business_licensing::GET__licenses_export_replica-7::overbroad_role,business_licensing,GET /licenses/export/replica-7,overbroad_role,function_auth,function_authorization,wrong_role,unauthorized_allow;field_exposure,1,8,4,4,44.0
business_licensing::GET__licenses_export_replica-7::missing_object_check,business_licensing,GET /licenses/export/replica-7,missing_object_check,object_auth,object_scope,wrong_jurisdiction,unauthorized_allow;field_exposure,1,7,3,4,40.0
business_licensing::GET__licenses_export_replica-7::jurisdiction_bypass,business_licensing,GET /licenses/export/replica-7,jurisdiction_bypass,object_auth,jurisdiction_scope,wrong_jurisdiction,unauthorized_allow;field_exposure,1,7,3,4,40.0
business_licensing::GET__licenses_export_replica-7::purpose_bypass,business_licensing,GET /licenses/export/replica-7,purpose_bypass,purpose_scope,purpose_scope,wrong_purpose,unauthorized_allow;field_exposure,1,7,3,4,40.0
business_licensing::GET__licenses_export_replica-7::missing_field_filter,business_licensing,GET /licenses/export/replica-7,missing_field_filter,property_auth,field_minimization,valid,field_exposure,1,1,1,4,4.0
business_licensing::GET__licenses_export_replica-7::missing_field_filter,business_licensing,GET /licenses/export/replica-7,missing_field_filter,property_auth,field_minimization,self_access,field_exposure,1,2,1,4,6.0
business_licensing::GET__licenses_export_replica-7::missing_field_filter,business_licensing,GET /licenses/export/replica-7,missing_field_filter,property_auth,field_minimization,sensitive_field_probe,field_exposure,1,1,1,4,4.0
business_licensing::GET__licenses_export_replica-7::missing_field_filter,business_licensing,GET /licenses/export/replica-7,missing_field_filter,property_auth,field_minimization,aggregation_boundary,field_exposure,1,1,1,4,4.0
business_licensing::GET__licenses_export_replica-7::missing_field_filter,business_licensing,GET /licenses/export/replica-7,missing_field_filter,property_auth,field_minimization,deprecated_inventory,field_exposure,1,1,1,4,4.0
business_licensing::GET__licenses_export_replica-7::aggregation_leak,business_licensing,GET /licenses/export/replica-7,aggregation_leak,property_auth,aggregation_boundary,aggregation_boundary,field_exposure,1,1,1,4,4.0
business_licensing::GET__licenses_export_replica-7::missing_audit_log,business_licensing,GET /licenses/export/replica-7,missing_audit_log,auditability,audit_obligation,valid,missing_audit,1,0,0,0,3.0
business_licensing::GET__licenses_export_replica-7::missing_audit_log,business_licensing,GET /licenses/export/replica-7,missing_audit_log,auditability,audit_obligation,wrong_role,missing_audit,0,0,0,0,3.0
business_licensing::GET__licenses_export_replica-7::missing_audit_log,business_licensing,GET /licenses/export/replica-7,missing_audit_log,auditability,audit_obligation,wrong_jurisdiction,missing_audit,0,0,0,0,3.0
business_licensing::GET__licenses_export_replica-7::missing_audit_log,business_licensing,GET /licenses/export/replica-7,missing_audit_log,auditability,audit_obligation,wrong_purpose,missing_audit,0,0,0,0,3.0
business_licensing::GET__licenses_export_replica-7::missing_audit_log,business_licensing,GET /licenses/export/replica-7,missing_audit_log,auditability,audit_obligation,self_access,missing_audit,1,0,0,0,3.0
business_licensing::GET__licenses_export_replica-7::missing_audit_log,business_licensing,GET /licenses/export/replica-7,missing_audit_log,auditability,audit_obligation,unauthenticated,missing_audit,0,0,0,0,3.0
business_licensing::GET__licenses_export_replica-7::missing_audit_log,business_licensing,GET /licenses/export/replica-7,missing_audit_log,auditability,audit_obligation,sensitive_field_probe,missing_audit,1,0,0,0,3.0
business_licensing::GET__licenses_export_replica-7::missing_audit_log,business_licensing,GET /licenses/export/replica-7,missing_audit_log,auditability,audit_obligation,aggregation_boundary,missing_audit,1,0,0,0,3.0
business_licensing::GET__licenses_export_replica-7::missing_audit_log,business_licensing,GET /licenses/export/replica-7,missing_audit_log,auditability,audit_obligation,deprecated_inventory,missing_audit,1,0,0,0,3.0
business_licensing::GET__licenses_export_replica-7::deprecated_exposed,business_licensing,GET /licenses/export/replica-7,deprecated_exposed,inventory,endpoint_inventory,deprecated_inventory,field_exposure;deprecated_endpoint_exposed,1,1,1,4,8.0
health::GET__patients_id_replica-8::missing_auth,health,GET /patients/{id}/replica-8,missing_auth,function_auth,authentication,unauthenticated,unauthorized_allow;field_exposure,1,8,8,5,61.0
health::GET__patients_id_replica-8::overbroad_role,health,GET /patients/{id}/replica-8,overbroad_role,function_auth,function_authorization,wrong_role,unauthorized_allow;field_exposure,1,8,8,5,61.0
health::GET__patients_id_replica-8::missing_object_check,health,GET /patients/{id}/replica-8,missing_object_check,object_auth,object_scope,wrong_jurisdiction,unauthorized_allow;field_exposure,1,7,7,5,57.0
health::GET__patients_id_replica-8::jurisdiction_bypass,health,GET /patients/{id}/replica-8,jurisdiction_bypass,object_auth,jurisdiction_scope,wrong_jurisdiction,unauthorized_allow;field_exposure,1,7,7,5,57.0
health::GET__patients_id_replica-8::purpose_bypass,health,GET /patients/{id}/replica-8,purpose_bypass,purpose_scope,purpose_scope,wrong_purpose,unauthorized_allow;field_exposure,1,7,7,5,57.0
health::GET__patients_id_replica-8::missing_field_filter,health,GET /patients/{id}/replica-8,missing_field_filter,property_auth,field_minimization,valid,field_exposure,1,1,1,4,4.0
health::GET__patients_id_replica-8::missing_field_filter,health,GET /patients/{id}/replica-8,missing_field_filter,property_auth,field_minimization,sensitive_field_probe,field_exposure,1,1,1,4,4.0
health::GET__patients_id_replica-8::missing_field_filter,health,GET /patients/{id}/replica-8,missing_field_filter,property_auth,field_minimization,aggregation_boundary,field_exposure,1,1,1,4,4.0
health::GET__patients_id_replica-8::missing_field_filter,health,GET /patients/{id}/replica-8,missing_field_filter,property_auth,field_minimization,deprecated_inventory,field_exposure,1,1,1,4,4.0
health::GET__patients_id_replica-8::aggregation_leak,health,GET /patients/{id}/replica-8,aggregation_leak,property_auth,aggregation_boundary,aggregation_boundary,field_exposure,1,1,1,4,4.0
health::GET__patients_id_replica-8::missing_audit_log,health,GET /patients/{id}/replica-8,missing_audit_log,auditability,audit_obligation,valid,missing_audit,1,0,0,0,3.0
health::GET__patients_id_replica-8::missing_audit_log,health,GET /patients/{id}/replica-8,missing_audit_log,auditability,audit_obligation,wrong_role,missing_audit,0,0,0,0,3.0
health::GET__patients_id_replica-8::missing_audit_log,health,GET /patients/{id}/replica-8,missing_audit_log,auditability,audit_obligation,wrong_jurisdiction,missing_audit,0,0,0,0,3.0
health::GET__patients_id_replica-8::missing_audit_log,health,GET /patients/{id}/replica-8,missing_audit_log,auditability,audit_obligation,wrong_purpose,missing_audit,0,0,0,0,3.0
health::GET__patients_id_replica-8::missing_audit_log,health,GET /patients/{id}/replica-8,missing_audit_log,auditability,audit_obligation,self_access,missing_audit,1,0,0,0,3.0
health::GET__patients_id_replica-8::missing_audit_log,health,GET /patients/{id}/replica-8,missing_audit_log,auditability,audit_obligation,unauthenticated,missing_audit,0,0,0,0,3.0
health::GET__patients_id_replica-8::missing_audit_log,health,GET /patients/{id}/replica-8,missing_audit_log,auditability,audit_obligation,sensitive_field_probe,missing_audit,1,0,0,0,3.0
health::GET__patients_id_replica-8::missing_audit_log,health,GET /patients/{id}/replica-8,missing_audit_log,auditability,audit_obligation,aggregation_boundary,missing_audit,1,0,0,0,3.0
health::GET__patients_id_replica-8::missing_audit_log,health,GET /patients/{id}/replica-8,missing_audit_log,auditability,audit_obligation,deprecated_inventory,missing_audit,1,0,0,0,3.0
health::GET__patients_id_replica-8::deprecated_exposed,health,GET /patients/{id}/replica-8,deprecated_exposed,inventory,endpoint_inventory,deprecated_inventory,field_exposure;deprecated_endpoint_exposed,1,1,1,4,8.0
health::GET__encounters_id_replica-8::missing_auth,health,GET /encounters/{id}/replica-8,missing_auth,function_auth,authentication,unauthenticated,unauthorized_allow;field_exposure,1,8,7,5,61.0
health::GET__encounters_id_replica-8::overbroad_role,health,GET /encounters/{id}/replica-8,overbroad_role,function_auth,function_authorization,wrong_role,unauthorized_allow;field_exposure,1,8,7,5,61.0
health::GET__encounters_id_replica-8::missing_object_check,health,GET /encounters/{id}/replica-8,missing_object_check,object_auth,object_scope,wrong_jurisdiction,unauthorized_allow;field_exposure,1,6,5,5,53.0
health::GET__encounters_id_replica-8::jurisdiction_bypass,health,GET /encounters/{id}/replica-8,jurisdiction_bypass,object_auth,jurisdiction_scope,wrong_jurisdiction,unauthorized_allow;field_exposure,1,6,5,5,53.0
health::GET__encounters_id_replica-8::purpose_bypass,health,GET /encounters/{id}/replica-8,purpose_bypass,purpose_scope,purpose_scope,wrong_purpose,unauthorized_allow;field_exposure,1,6,5,5,53.0
health::GET__encounters_id_replica-8::missing_field_filter,health,GET /encounters/{id}/replica-8,missing_field_filter,property_auth,field_minimization,valid,field_exposure,1,2,2,4,8.0
health::GET__encounters_id_replica-8::missing_field_filter,health,GET /encounters/{id}/replica-8,missing_field_filter,property_auth,field_minimization,self_access,field_exposure,1,1,0,2,2.0
health::GET__encounters_id_replica-8::missing_field_filter,health,GET /encounters/{id}/replica-8,missing_field_filter,property_auth,field_minimization,sensitive_field_probe,field_exposure,1,2,2,4,8.0
health::GET__encounters_id_replica-8::missing_field_filter,health,GET /encounters/{id}/replica-8,missing_field_filter,property_auth,field_minimization,aggregation_boundary,field_exposure,1,2,2,4,8.0
health::GET__encounters_id_replica-8::missing_field_filter,health,GET /encounters/{id}/replica-8,missing_field_filter,property_auth,field_minimization,deprecated_inventory,field_exposure,1,2,2,4,8.0
health::GET__encounters_id_replica-8::aggregation_leak,health,GET /encounters/{id}/replica-8,aggregation_leak,property_auth,aggregation_boundary,aggregation_boundary,field_exposure,1,2,2,4,8.0
health::GET__encounters_id_replica-8::missing_audit_log,health,GET /encounters/{id}/replica-8,missing_audit_log,auditability,audit_obligation,valid,missing_audit,1,0,0,0,3.0
health::GET__encounters_id_replica-8::missing_audit_log,health,GET /encounters/{id}/replica-8,missing_audit_log,auditability,audit_obligation,wrong_role,missing_audit,0,0,0,0,3.0
health::GET__encounters_id_replica-8::missing_audit_log,health,GET /encounters/{id}/replica-8,missing_audit_log,auditability,audit_obligation,wrong_jurisdiction,missing_audit,0,0,0,0,3.0
health::GET__encounters_id_replica-8::missing_audit_log,health,GET /encounters/{id}/replica-8,missing_audit_log,auditability,audit_obligation,wrong_purpose,missing_audit,0,0,0,0,3.0
health::GET__encounters_id_replica-8::missing_audit_log,health,GET /encounters/{id}/replica-8,missing_audit_log,auditability,audit_obligation,self_access,missing_audit,1,0,0,0,3.0
health::GET__encounters_id_replica-8::missing_audit_log,health,GET /encounters/{id}/replica-8,missing_audit_log,auditability,audit_obligation,unauthenticated,missing_audit,0,0,0,0,3.0
health::GET__encounters_id_replica-8::missing_audit_log,health,GET /encounters/{id}/replica-8,missing_audit_log,auditability,audit_obligation,sensitive_field_probe,missing_audit,1,0,0,0,3.0
health::GET__encounters_id_replica-8::missing_audit_log,health,GET /encounters/{id}/replica-8,missing_audit_log,auditability,audit_obligation,aggregation_boundary,missing_audit,1,0,0,0,3.0
health::GET__encounters_id_replica-8::missing_audit_log,health,GET /encounters/{id}/replica-8,missing_audit_log,auditability,audit_obligation,deprecated_inventory,missing_audit,1,0,0,0,3.0
health::GET__encounters_id_replica-8::deprecated_exposed,health,GET /encounters/{id}/replica-8,deprecated_exposed,inventory,endpoint_inventory,deprecated_inventory,field_exposure;deprecated_endpoint_exposed,1,2,2,4,12.0
health::GET__patients_search_replica-8::missing_auth,health,GET /patients/search/replica-8,missing_auth,function_auth,authentication,unauthenticated,unauthorized_allow;field_exposure,1,8,8,5,60.0
health::GET__patients_search_replica-8::overbroad_role,health,GET /patients/search/replica-8,overbroad_role,function_auth,function_authorization,wrong_role,unauthorized_allow;field_exposure,1,8,8,5,60.0
health::GET__patients_search_replica-8::missing_object_check,health,GET /patients/search/replica-8,missing_object_check,object_auth,object_scope,wrong_jurisdiction,unauthorized_allow;field_exposure,1,7,7,5,56.0
health::GET__patients_search_replica-8::jurisdiction_bypass,health,GET /patients/search/replica-8,jurisdiction_bypass,object_auth,jurisdiction_scope,wrong_jurisdiction,unauthorized_allow;field_exposure,1,7,7,5,56.0
health::GET__patients_search_replica-8::purpose_bypass,health,GET /patients/search/replica-8,purpose_bypass,purpose_scope,purpose_scope,wrong_purpose,unauthorized_allow;field_exposure,1,7,7,5,56.0
health::GET__patients_search_replica-8::missing_field_filter,health,GET /patients/search/replica-8,missing_field_filter,property_auth,field_minimization,valid,field_exposure,1,1,1,4,4.0
health::GET__patients_search_replica-8::missing_field_filter,health,GET /patients/search/replica-8,missing_field_filter,property_auth,field_minimization,sensitive_field_probe,field_exposure,1,1,1,4,4.0
health::GET__patients_search_replica-8::missing_field_filter,health,GET /patients/search/replica-8,missing_field_filter,property_auth,field_minimization,aggregation_boundary,field_exposure,1,1,1,4,4.0
health::GET__patients_search_replica-8::missing_field_filter,health,GET /patients/search/replica-8,missing_field_filter,property_auth,field_minimization,deprecated_inventory,field_exposure,1,1,1,4,4.0
health::GET__patients_search_replica-8::aggregation_leak,health,GET /patients/search/replica-8,aggregation_leak,property_auth,aggregation_boundary,aggregation_boundary,field_exposure,1,1,1,4,4.0
health::GET__patients_search_replica-8::missing_audit_log,health,GET /patients/search/replica-8,missing_audit_log,auditability,audit_obligation,valid,missing_audit,1,0,0,0,3.0
health::GET__patients_search_replica-8::missing_audit_log,health,GET /patients/search/replica-8,missing_audit_log,auditability,audit_obligation,wrong_role,missing_audit,0,0,0,0,3.0
health::GET__patients_search_replica-8::missing_audit_log,health,GET /patients/search/replica-8,missing_audit_log,auditability,audit_obligation,wrong_jurisdiction,missing_audit,0,0,0,0,3.0
health::GET__patients_search_replica-8::missing_audit_log,health,GET /patients/search/replica-8,missing_audit_log,auditability,audit_obligation,wrong_purpose,missing_audit,0,0,0,0,3.0
health::GET__patients_search_replica-8::missing_audit_log,health,GET /patients/search/replica-8,missing_audit_log,auditability,audit_obligation,self_access,missing_audit,1,0,0,0,3.0
health::GET__patients_search_replica-8::missing_audit_log,health,GET /patients/search/replica-8,missing_audit_log,auditability,audit_obligation,unauthenticated,missing_audit,0,0,0,0,3.0
health::GET__patients_search_replica-8::missing_audit_log,health,GET /patients/search/replica-8,missing_audit_log,auditability,audit_obligation,sensitive_field_probe,missing_audit,1,0,0,0,3.0
health::GET__patients_search_replica-8::missing_audit_log,health,GET /patients/search/replica-8,missing_audit_log,auditability,audit_obligation,aggregation_boundary,missing_audit,1,0,0,0,3.0
health::GET__patients_search_replica-8::missing_audit_log,health,GET /patients/search/replica-8,missing_audit_log,auditability,audit_obligation,deprecated_inventory,missing_audit,1,0,0,0,3.0
health::GET__patients_search_replica-8::deprecated_exposed,health,GET /patients/search/replica-8,deprecated_exposed,inventory,endpoint_inventory,deprecated_inventory,field_exposure;deprecated_endpoint_exposed,1,1,1,4,8.0
citizen_services::GET__citizens_id_replica-8::missing_auth,citizen_services,GET /citizens/{id}/replica-8,missing_auth,function_auth,authentication,unauthenticated,unauthorized_allow;field_exposure,1,8,7,5,58.0
citizen_services::GET__citizens_id_replica-8::overbroad_role,citizen_services,GET /citizens/{id}/replica-8,overbroad_role,function_auth,function_authorization,wrong_role,unauthorized_allow;field_exposure,1,8,7,5,58.0
citizen_services::GET__citizens_id_replica-8::missing_object_check,citizen_services,GET /citizens/{id}/replica-8,missing_object_check,object_auth,object_scope,wrong_jurisdiction,unauthorized_allow;field_exposure,1,5,5,4,47.0
citizen_services::GET__citizens_id_replica-8::jurisdiction_bypass,citizen_services,GET /citizens/{id}/replica-8,jurisdiction_bypass,object_auth,jurisdiction_scope,wrong_jurisdiction,unauthorized_allow;field_exposure,1,5,5,4,47.0
citizen_services::GET__citizens_id_replica-8::purpose_bypass,citizen_services,GET /citizens/{id}/replica-8,purpose_bypass,purpose_scope,purpose_scope,wrong_purpose,unauthorized_allow;field_exposure,1,5,5,4,47.0
citizen_services::GET__citizens_id_replica-8::missing_field_filter,citizen_services,GET /citizens/{id}/replica-8,missing_field_filter,property_auth,field_minimization,valid,field_exposure,1,3,2,5,11.0
citizen_services::GET__citizens_id_replica-8::missing_field_filter,citizen_services,GET /citizens/{id}/replica-8,missing_field_filter,property_auth,field_minimization,self_access,field_exposure,1,3,2,5,11.0
citizen_services::GET__citizens_id_replica-8::missing_field_filter,citizen_services,GET /citizens/{id}/replica-8,missing_field_filter,property_auth,field_minimization,sensitive_field_probe,field_exposure,1,3,2,5,11.0
citizen_services::GET__citizens_id_replica-8::missing_field_filter,citizen_services,GET /citizens/{id}/replica-8,missing_field_filter,property_auth,field_minimization,aggregation_boundary,field_exposure,1,3,2,5,11.0
citizen_services::GET__citizens_id_replica-8::missing_field_filter,citizen_services,GET /citizens/{id}/replica-8,missing_field_filter,property_auth,field_minimization,deprecated_inventory,field_exposure,1,3,2,5,11.0
citizen_services::GET__citizens_id_replica-8::aggregation_leak,citizen_services,GET /citizens/{id}/replica-8,aggregation_leak,property_auth,aggregation_boundary,aggregation_boundary,field_exposure,1,3,2,5,11.0
citizen_services::GET__citizens_id_replica-8::missing_audit_log,citizen_services,GET /citizens/{id}/replica-8,missing_audit_log,auditability,audit_obligation,valid,missing_audit,1,0,0,0,3.0
citizen_services::GET__citizens_id_replica-8::missing_audit_log,citizen_services,GET /citizens/{id}/replica-8,missing_audit_log,auditability,audit_obligation,wrong_role,missing_audit,0,0,0,0,3.0
citizen_services::GET__citizens_id_replica-8::missing_audit_log,citizen_services,GET /citizens/{id}/replica-8,missing_audit_log,auditability,audit_obligation,wrong_jurisdiction,missing_audit,0,0,0,0,3.0
citizen_services::GET__citizens_id_replica-8::missing_audit_log,citizen_services,GET /citizens/{id}/replica-8,missing_audit_log,auditability,audit_obligation,wrong_purpose,missing_audit,0,0,0,0,3.0
citizen_services::GET__citizens_id_replica-8::missing_audit_log,citizen_services,GET /citizens/{id}/replica-8,missing_audit_log,auditability,audit_obligation,self_access,missing_audit,1,0,0,0,3.0
citizen_services::GET__citizens_id_replica-8::missing_audit_log,citizen_services,GET /citizens/{id}/replica-8,missing_audit_log,auditability,audit_obligation,unauthenticated,missing_audit,0,0,0,0,3.0
citizen_services::GET__citizens_id_replica-8::missing_audit_log,citizen_services,GET /citizens/{id}/replica-8,missing_audit_log,auditability,audit_obligation,sensitive_field_probe,missing_audit,1,0,0,0,3.0
citizen_services::GET__citizens_id_replica-8::missing_audit_log,citizen_services,GET /citizens/{id}/replica-8,missing_audit_log,auditability,audit_obligation,aggregation_boundary,missing_audit,1,0,0,0,3.0
citizen_services::GET__citizens_id_replica-8::missing_audit_log,citizen_services,GET /citizens/{id}/replica-8,missing_audit_log,auditability,audit_obligation,deprecated_inventory,missing_audit,1,0,0,0,3.0
citizen_services::GET__citizens_id_replica-8::deprecated_exposed,citizen_services,GET /citizens/{id}/replica-8,deprecated_exposed,inventory,endpoint_inventory,deprecated_inventory,field_exposure;deprecated_endpoint_exposed,1,3,2,5,15.0
citizen_services::GET__benefits_id_replica-8::missing_auth,citizen_services,GET /benefits/{id}/replica-8,missing_auth,function_auth,authentication,unauthenticated,unauthorized_allow;field_exposure,1,8,6,5,57.0
citizen_services::GET__benefits_id_replica-8::overbroad_role,citizen_services,GET /benefits/{id}/replica-8,overbroad_role,function_auth,function_authorization,wrong_role,unauthorized_allow;field_exposure,1,8,6,5,57.0
citizen_services::GET__benefits_id_replica-8::missing_object_check,citizen_services,GET /benefits/{id}/replica-8,missing_object_check,object_auth,object_scope,wrong_jurisdiction,unauthorized_allow;field_exposure,1,5,5,4,48.0
citizen_services::GET__benefits_id_replica-8::jurisdiction_bypass,citizen_services,GET /benefits/{id}/replica-8,jurisdiction_bypass,object_auth,jurisdiction_scope,wrong_jurisdiction,unauthorized_allow;field_exposure,1,5,5,4,48.0
citizen_services::GET__benefits_id_replica-8::purpose_bypass,citizen_services,GET /benefits/{id}/replica-8,purpose_bypass,purpose_scope,purpose_scope,wrong_purpose,unauthorized_allow;field_exposure,1,5,5,4,48.0
citizen_services::GET__benefits_id_replica-8::missing_field_filter,citizen_services,GET /benefits/{id}/replica-8,missing_field_filter,property_auth,field_minimization,valid,field_exposure,1,3,1,5,9.0
citizen_services::GET__benefits_id_replica-8::missing_field_filter,citizen_services,GET /benefits/{id}/replica-8,missing_field_filter,property_auth,field_minimization,self_access,field_exposure,1,2,1,5,7.0
citizen_services::GET__benefits_id_replica-8::missing_field_filter,citizen_services,GET /benefits/{id}/replica-8,missing_field_filter,property_auth,field_minimization,sensitive_field_probe,field_exposure,1,3,1,5,9.0
citizen_services::GET__benefits_id_replica-8::missing_field_filter,citizen_services,GET /benefits/{id}/replica-8,missing_field_filter,property_auth,field_minimization,aggregation_boundary,field_exposure,1,3,1,5,9.0
citizen_services::GET__benefits_id_replica-8::missing_field_filter,citizen_services,GET /benefits/{id}/replica-8,missing_field_filter,property_auth,field_minimization,deprecated_inventory,field_exposure,1,3,1,5,9.0
citizen_services::GET__benefits_id_replica-8::aggregation_leak,citizen_services,GET /benefits/{id}/replica-8,aggregation_leak,property_auth,aggregation_boundary,aggregation_boundary,field_exposure,1,3,1,5,9.0
citizen_services::GET__benefits_id_replica-8::missing_audit_log,citizen_services,GET /benefits/{id}/replica-8,missing_audit_log,auditability,audit_obligation,valid,missing_audit,1,0,0,0,3.0
citizen_services::GET__benefits_id_replica-8::missing_audit_log,citizen_services,GET /benefits/{id}/replica-8,missing_audit_log,auditability,audit_obligation,wrong_role,missing_audit,0,0,0,0,3.0
citizen_services::GET__benefits_id_replica-8::missing_audit_log,citizen_services,GET /benefits/{id}/replica-8,missing_audit_log,auditability,audit_obligation,wrong_jurisdiction,missing_audit,0,0,0,0,3.0
citizen_services::GET__benefits_id_replica-8::missing_audit_log,citizen_services,GET /benefits/{id}/replica-8,missing_audit_log,auditability,audit_obligation,wrong_purpose,missing_audit,0,0,0,0,3.0
citizen_services::GET__benefits_id_replica-8::missing_audit_log,citizen_services,GET /benefits/{id}/replica-8,missing_audit_log,auditability,audit_obligation,self_access,missing_audit,1,0,0,0,3.0
citizen_services::GET__benefits_id_replica-8::missing_audit_log,citizen_services,GET /benefits/{id}/replica-8,missing_audit_log,auditability,audit_obligation,unauthenticated,missing_audit,0,0,0,0,3.0
citizen_services::GET__benefits_id_replica-8::missing_audit_log,citizen_services,GET /benefits/{id}/replica-8,missing_audit_log,auditability,audit_obligation,sensitive_field_probe,missing_audit,1,0,0,0,3.0
citizen_services::GET__benefits_id_replica-8::missing_audit_log,citizen_services,GET /benefits/{id}/replica-8,missing_audit_log,auditability,audit_obligation,aggregation_boundary,missing_audit,1,0,0,0,3.0
citizen_services::GET__benefits_id_replica-8::missing_audit_log,citizen_services,GET /benefits/{id}/replica-8,missing_audit_log,auditability,audit_obligation,deprecated_inventory,missing_audit,1,0,0,0,3.0
citizen_services::GET__benefits_id_replica-8::deprecated_exposed,citizen_services,GET /benefits/{id}/replica-8,deprecated_exposed,inventory,endpoint_inventory,deprecated_inventory,field_exposure;deprecated_endpoint_exposed,1,3,1,5,13.0
citizen_services::GET__citizens_export_replica-8::missing_auth,citizen_services,GET /citizens/export/replica-8,missing_auth,function_auth,authentication,unauthenticated,unauthorized_allow;field_exposure,1,8,7,5,59.0
citizen_services::GET__citizens_export_replica-8::overbroad_role,citizen_services,GET /citizens/export/replica-8,overbroad_role,function_auth,function_authorization,wrong_role,unauthorized_allow;field_exposure,1,8,7,5,59.0
citizen_services::GET__citizens_export_replica-8::missing_object_check,citizen_services,GET /citizens/export/replica-8,missing_object_check,object_auth,object_scope,wrong_jurisdiction,unauthorized_allow;field_exposure,1,5,5,4,48.0
citizen_services::GET__citizens_export_replica-8::jurisdiction_bypass,citizen_services,GET /citizens/export/replica-8,jurisdiction_bypass,object_auth,jurisdiction_scope,wrong_jurisdiction,unauthorized_allow;field_exposure,1,5,5,4,48.0
citizen_services::GET__citizens_export_replica-8::purpose_bypass,citizen_services,GET /citizens/export/replica-8,purpose_bypass,purpose_scope,purpose_scope,wrong_purpose,unauthorized_allow;field_exposure,1,5,5,4,48.0
citizen_services::GET__citizens_export_replica-8::missing_field_filter,citizen_services,GET /citizens/export/replica-8,missing_field_filter,property_auth,field_minimization,valid,field_exposure,1,3,2,5,11.0
citizen_services::GET__citizens_export_replica-8::missing_field_filter,citizen_services,GET /citizens/export/replica-8,missing_field_filter,property_auth,field_minimization,self_access,field_exposure,1,3,2,5,11.0
citizen_services::GET__citizens_export_replica-8::missing_field_filter,citizen_services,GET /citizens/export/replica-8,missing_field_filter,property_auth,field_minimization,sensitive_field_probe,field_exposure,1,3,2,5,11.0
citizen_services::GET__citizens_export_replica-8::missing_field_filter,citizen_services,GET /citizens/export/replica-8,missing_field_filter,property_auth,field_minimization,aggregation_boundary,field_exposure,1,3,2,5,11.0
citizen_services::GET__citizens_export_replica-8::missing_field_filter,citizen_services,GET /citizens/export/replica-8,missing_field_filter,property_auth,field_minimization,deprecated_inventory,field_exposure,1,3,2,5,11.0
citizen_services::GET__citizens_export_replica-8::aggregation_leak,citizen_services,GET /citizens/export/replica-8,aggregation_leak,property_auth,aggregation_boundary,aggregation_boundary,field_exposure,1,3,2,5,11.0
citizen_services::GET__citizens_export_replica-8::missing_audit_log,citizen_services,GET /citizens/export/replica-8,missing_audit_log,auditability,audit_obligation,valid,missing_audit,1,0,0,0,3.0
citizen_services::GET__citizens_export_replica-8::missing_audit_log,citizen_services,GET /citizens/export/replica-8,missing_audit_log,auditability,audit_obligation,wrong_role,missing_audit,0,0,0,0,3.0
citizen_services::GET__citizens_export_replica-8::missing_audit_log,citizen_services,GET /citizens/export/replica-8,missing_audit_log,auditability,audit_obligation,wrong_jurisdiction,missing_audit,0,0,0,0,3.0
citizen_services::GET__citizens_export_replica-8::missing_audit_log,citizen_services,GET /citizens/export/replica-8,missing_audit_log,auditability,audit_obligation,wrong_purpose,missing_audit,0,0,0,0,3.0
citizen_services::GET__citizens_export_replica-8::missing_audit_log,citizen_services,GET /citizens/export/replica-8,missing_audit_log,auditability,audit_obligation,self_access,missing_audit,1,0,0,0,3.0
citizen_services::GET__citizens_export_replica-8::missing_audit_log,citizen_services,GET /citizens/export/replica-8,missing_audit_log,auditability,audit_obligation,unauthenticated,missing_audit,0,0,0,0,3.0
citizen_services::GET__citizens_export_replica-8::missing_audit_log,citizen_services,GET /citizens/export/replica-8,missing_audit_log,auditability,audit_obligation,sensitive_field_probe,missing_audit,1,0,0,0,3.0
citizen_services::GET__citizens_export_replica-8::missing_audit_log,citizen_services,GET /citizens/export/replica-8,missing_audit_log,auditability,audit_obligation,aggregation_boundary,missing_audit,1,0,0,0,3.0
citizen_services::GET__citizens_export_replica-8::missing_audit_log,citizen_services,GET /citizens/export/replica-8,missing_audit_log,auditability,audit_obligation,deprecated_inventory,missing_audit,1,0,0,0,3.0
citizen_services::GET__citizens_export_replica-8::deprecated_exposed,citizen_services,GET /citizens/export/replica-8,deprecated_exposed,inventory,endpoint_inventory,deprecated_inventory,field_exposure;deprecated_endpoint_exposed,1,3,2,5,15.0
education::GET__students_id_record_replica-8::missing_auth,education,GET /students/{id}/record/replica-8,missing_auth,function_auth,authentication,unauthenticated,unauthorized_allow;field_exposure,1,8,8,5,59.0
education::GET__students_id_record_replica-8::overbroad_role,education,GET /students/{id}/record/replica-8,overbroad_role,function_auth,function_authorization,wrong_role,unauthorized_allow;field_exposure,1,8,8,5,59.0
education::GET__students_id_record_replica-8::missing_object_check,education,GET /students/{id}/record/replica-8,missing_object_check,object_auth,object_scope,wrong_jurisdiction,unauthorized_allow;field_exposure,1,4,4,3,42.0
education::GET__students_id_record_replica-8::jurisdiction_bypass,education,GET /students/{id}/record/replica-8,jurisdiction_bypass,object_auth,jurisdiction_scope,wrong_jurisdiction,unauthorized_allow;field_exposure,1,4,4,3,42.0
education::GET__students_id_record_replica-8::purpose_bypass,education,GET /students/{id}/record/replica-8,purpose_bypass,purpose_scope,purpose_scope,wrong_purpose,unauthorized_allow;field_exposure,1,4,4,3,42.0
education::GET__students_id_record_replica-8::missing_field_filter,education,GET /students/{id}/record/replica-8,missing_field_filter,property_auth,field_minimization,valid,field_exposure,1,4,4,5,17.0
education::GET__students_id_record_replica-8::missing_field_filter,education,GET /students/{id}/record/replica-8,missing_field_filter,property_auth,field_minimization,self_access,field_exposure,1,4,4,5,17.0
education::GET__students_id_record_replica-8::missing_field_filter,education,GET /students/{id}/record/replica-8,missing_field_filter,property_auth,field_minimization,sensitive_field_probe,field_exposure,1,4,4,5,17.0
education::GET__students_id_record_replica-8::missing_field_filter,education,GET /students/{id}/record/replica-8,missing_field_filter,property_auth,field_minimization,aggregation_boundary,field_exposure,1,4,4,5,17.0
education::GET__students_id_record_replica-8::missing_field_filter,education,GET /students/{id}/record/replica-8,missing_field_filter,property_auth,field_minimization,deprecated_inventory,field_exposure,1,4,4,5,17.0
education::GET__students_id_record_replica-8::aggregation_leak,education,GET /students/{id}/record/replica-8,aggregation_leak,property_auth,aggregation_boundary,aggregation_boundary,field_exposure,1,4,4,5,17.0
education::GET__students_id_record_replica-8::missing_audit_log,education,GET /students/{id}/record/replica-8,missing_audit_log,auditability,audit_obligation,valid,missing_audit,1,0,0,0,3.0
education::GET__students_id_record_replica-8::missing_audit_log,education,GET /students/{id}/record/replica-8,missing_audit_log,auditability,audit_obligation,wrong_role,missing_audit,0,0,0,0,3.0
education::GET__students_id_record_replica-8::missing_audit_log,education,GET /students/{id}/record/replica-8,missing_audit_log,auditability,audit_obligation,wrong_jurisdiction,missing_audit,0,0,0,0,3.0
education::GET__students_id_record_replica-8::missing_audit_log,education,GET /students/{id}/record/replica-8,missing_audit_log,auditability,audit_obligation,wrong_purpose,missing_audit,0,0,0,0,3.0
education::GET__students_id_record_replica-8::missing_audit_log,education,GET /students/{id}/record/replica-8,missing_audit_log,auditability,audit_obligation,self_access,missing_audit,1,0,0,0,3.0
education::GET__students_id_record_replica-8::missing_audit_log,education,GET /students/{id}/record/replica-8,missing_audit_log,auditability,audit_obligation,unauthenticated,missing_audit,0,0,0,0,3.0
education::GET__students_id_record_replica-8::missing_audit_log,education,GET /students/{id}/record/replica-8,missing_audit_log,auditability,audit_obligation,sensitive_field_probe,missing_audit,1,0,0,0,3.0
education::GET__students_id_record_replica-8::missing_audit_log,education,GET /students/{id}/record/replica-8,missing_audit_log,auditability,audit_obligation,aggregation_boundary,missing_audit,1,0,0,0,3.0
education::GET__students_id_record_replica-8::missing_audit_log,education,GET /students/{id}/record/replica-8,missing_audit_log,auditability,audit_obligation,deprecated_inventory,missing_audit,1,0,0,0,3.0
education::GET__students_id_record_replica-8::deprecated_exposed,education,GET /students/{id}/record/replica-8,deprecated_exposed,inventory,endpoint_inventory,deprecated_inventory,field_exposure;deprecated_endpoint_exposed,1,4,4,5,21.0
education::GET__classes_id_roster_replica-8::missing_auth,education,GET /classes/{id}/roster/replica-8,missing_auth,function_auth,authentication,unauthenticated,unauthorized_allow;field_exposure,1,8,8,5,59.0
education::GET__classes_id_roster_replica-8::overbroad_role,education,GET /classes/{id}/roster/replica-8,overbroad_role,function_auth,function_authorization,wrong_role,unauthorized_allow;field_exposure,1,8,8,5,59.0
education::GET__classes_id_roster_replica-8::missing_object_check,education,GET /classes/{id}/roster/replica-8,missing_object_check,object_auth,object_scope,wrong_jurisdiction,unauthorized_allow;field_exposure,1,4,4,3,42.0
education::GET__classes_id_roster_replica-8::jurisdiction_bypass,education,GET /classes/{id}/roster/replica-8,jurisdiction_bypass,object_auth,jurisdiction_scope,wrong_jurisdiction,unauthorized_allow;field_exposure,1,4,4,3,42.0
education::GET__classes_id_roster_replica-8::purpose_bypass,education,GET /classes/{id}/roster/replica-8,purpose_bypass,purpose_scope,purpose_scope,wrong_purpose,unauthorized_allow;field_exposure,1,4,4,3,42.0
education::GET__classes_id_roster_replica-8::missing_field_filter,education,GET /classes/{id}/roster/replica-8,missing_field_filter,property_auth,field_minimization,valid,field_exposure,1,4,4,5,17.0
education::GET__classes_id_roster_replica-8::missing_field_filter,education,GET /classes/{id}/roster/replica-8,missing_field_filter,property_auth,field_minimization,self_access,field_exposure,1,4,4,5,17.0
education::GET__classes_id_roster_replica-8::missing_field_filter,education,GET /classes/{id}/roster/replica-8,missing_field_filter,property_auth,field_minimization,sensitive_field_probe,field_exposure,1,4,4,5,17.0
education::GET__classes_id_roster_replica-8::missing_field_filter,education,GET /classes/{id}/roster/replica-8,missing_field_filter,property_auth,field_minimization,aggregation_boundary,field_exposure,1,4,4,5,17.0
education::GET__classes_id_roster_replica-8::missing_field_filter,education,GET /classes/{id}/roster/replica-8,missing_field_filter,property_auth,field_minimization,deprecated_inventory,field_exposure,1,4,4,5,17.0
education::GET__classes_id_roster_replica-8::aggregation_leak,education,GET /classes/{id}/roster/replica-8,aggregation_leak,property_auth,aggregation_boundary,aggregation_boundary,field_exposure,1,4,4,5,17.0
education::GET__classes_id_roster_replica-8::missing_audit_log,education,GET /classes/{id}/roster/replica-8,missing_audit_log,auditability,audit_obligation,valid,missing_audit,1,0,0,0,3.0
education::GET__classes_id_roster_replica-8::missing_audit_log,education,GET /classes/{id}/roster/replica-8,missing_audit_log,auditability,audit_obligation,wrong_role,missing_audit,0,0,0,0,3.0
education::GET__classes_id_roster_replica-8::missing_audit_log,education,GET /classes/{id}/roster/replica-8,missing_audit_log,auditability,audit_obligation,wrong_jurisdiction,missing_audit,0,0,0,0,3.0
education::GET__classes_id_roster_replica-8::missing_audit_log,education,GET /classes/{id}/roster/replica-8,missing_audit_log,auditability,audit_obligation,wrong_purpose,missing_audit,0,0,0,0,3.0
education::GET__classes_id_roster_replica-8::missing_audit_log,education,GET /classes/{id}/roster/replica-8,missing_audit_log,auditability,audit_obligation,self_access,missing_audit,1,0,0,0,3.0
education::GET__classes_id_roster_replica-8::missing_audit_log,education,GET /classes/{id}/roster/replica-8,missing_audit_log,auditability,audit_obligation,unauthenticated,missing_audit,0,0,0,0,3.0
education::GET__classes_id_roster_replica-8::missing_audit_log,education,GET /classes/{id}/roster/replica-8,missing_audit_log,auditability,audit_obligation,sensitive_field_probe,missing_audit,1,0,0,0,3.0
education::GET__classes_id_roster_replica-8::missing_audit_log,education,GET /classes/{id}/roster/replica-8,missing_audit_log,auditability,audit_obligation,aggregation_boundary,missing_audit,1,0,0,0,3.0
education::GET__classes_id_roster_replica-8::missing_audit_log,education,GET /classes/{id}/roster/replica-8,missing_audit_log,auditability,audit_obligation,deprecated_inventory,missing_audit,1,0,0,0,3.0
education::GET__classes_id_roster_replica-8::deprecated_exposed,education,GET /classes/{id}/roster/replica-8,deprecated_exposed,inventory,endpoint_inventory,deprecated_inventory,field_exposure;deprecated_endpoint_exposed,1,4,4,5,21.0
education::GET__discipline_id_replica-8::missing_auth,education,GET /discipline/{id}/replica-8,missing_auth,function_auth,authentication,unauthenticated,unauthorized_allow;field_exposure,1,8,7,5,60.0
education::GET__discipline_id_replica-8::overbroad_role,education,GET /discipline/{id}/replica-8,overbroad_role,function_auth,function_authorization,wrong_role,unauthorized_allow;field_exposure,1,8,7,5,60.0
education::GET__discipline_id_replica-8::missing_object_check,education,GET /discipline/{id}/replica-8,missing_object_check,object_auth,object_scope,wrong_jurisdiction,unauthorized_allow;field_exposure,1,4,4,5,45.0
education::GET__discipline_id_replica-8::jurisdiction_bypass,education,GET /discipline/{id}/replica-8,jurisdiction_bypass,object_auth,jurisdiction_scope,wrong_jurisdiction,unauthorized_allow;field_exposure,1,4,4,5,45.0
education::GET__discipline_id_replica-8::purpose_bypass,education,GET /discipline/{id}/replica-8,purpose_bypass,purpose_scope,purpose_scope,wrong_purpose,unauthorized_allow;field_exposure,1,4,4,5,45.0
education::GET__discipline_id_replica-8::missing_field_filter,education,GET /discipline/{id}/replica-8,missing_field_filter,property_auth,field_minimization,valid,field_exposure,1,4,3,5,15.0
education::GET__discipline_id_replica-8::missing_field_filter,education,GET /discipline/{id}/replica-8,missing_field_filter,property_auth,field_minimization,self_access,field_exposure,1,3,2,5,10.0
education::GET__discipline_id_replica-8::missing_field_filter,education,GET /discipline/{id}/replica-8,missing_field_filter,property_auth,field_minimization,sensitive_field_probe,field_exposure,1,4,3,5,15.0
education::GET__discipline_id_replica-8::missing_field_filter,education,GET /discipline/{id}/replica-8,missing_field_filter,property_auth,field_minimization,aggregation_boundary,field_exposure,1,4,3,5,15.0
education::GET__discipline_id_replica-8::missing_field_filter,education,GET /discipline/{id}/replica-8,missing_field_filter,property_auth,field_minimization,deprecated_inventory,field_exposure,1,4,3,5,15.0
education::GET__discipline_id_replica-8::aggregation_leak,education,GET /discipline/{id}/replica-8,aggregation_leak,property_auth,aggregation_boundary,aggregation_boundary,field_exposure,1,4,3,5,15.0
education::GET__discipline_id_replica-8::missing_audit_log,education,GET /discipline/{id}/replica-8,missing_audit_log,auditability,audit_obligation,valid,missing_audit,1,0,0,0,3.0
education::GET__discipline_id_replica-8::missing_audit_log,education,GET /discipline/{id}/replica-8,missing_audit_log,auditability,audit_obligation,wrong_role,missing_audit,0,0,0,0,3.0
education::GET__discipline_id_replica-8::missing_audit_log,education,GET /discipline/{id}/replica-8,missing_audit_log,auditability,audit_obligation,wrong_jurisdiction,missing_audit,0,0,0,0,3.0
education::GET__discipline_id_replica-8::missing_audit_log,education,GET /discipline/{id}/replica-8,missing_audit_log,auditability,audit_obligation,wrong_purpose,missing_audit,0,0,0,0,3.0
education::GET__discipline_id_replica-8::missing_audit_log,education,GET /discipline/{id}/replica-8,missing_audit_log,auditability,audit_obligation,self_access,missing_audit,1,0,0,0,3.0
education::GET__discipline_id_replica-8::missing_audit_log,education,GET /discipline/{id}/replica-8,missing_audit_log,auditability,audit_obligation,unauthenticated,missing_audit,0,0,0,0,3.0
education::GET__discipline_id_replica-8::missing_audit_log,education,GET /discipline/{id}/replica-8,missing_audit_log,auditability,audit_obligation,sensitive_field_probe,missing_audit,1,0,0,0,3.0
education::GET__discipline_id_replica-8::missing_audit_log,education,GET /discipline/{id}/replica-8,missing_audit_log,auditability,audit_obligation,aggregation_boundary,missing_audit,1,0,0,0,3.0
education::GET__discipline_id_replica-8::missing_audit_log,education,GET /discipline/{id}/replica-8,missing_audit_log,auditability,audit_obligation,deprecated_inventory,missing_audit,1,0,0,0,3.0
education::GET__discipline_id_replica-8::deprecated_exposed,education,GET /discipline/{id}/replica-8,deprecated_exposed,inventory,endpoint_inventory,deprecated_inventory,field_exposure;deprecated_endpoint_exposed,1,4,3,5,19.0
business_licensing::GET__licenses_id_replica-8::missing_auth,business_licensing,GET /licenses/{id}/replica-8,missing_auth,function_auth,authentication,unauthenticated,unauthorized_allow;field_exposure,1,8,3,4,42.0
business_licensing::GET__licenses_id_replica-8::overbroad_role,business_licensing,GET /licenses/{id}/replica-8,overbroad_role,function_auth,function_authorization,wrong_role,unauthorized_allow;field_exposure,1,8,3,4,42.0
business_licensing::GET__licenses_id_replica-8::missing_object_check,business_licensing,GET /licenses/{id}/replica-8,missing_object_check,object_auth,object_scope,wrong_jurisdiction,unauthorized_allow;field_exposure,1,7,2,4,38.0
business_licensing::GET__licenses_id_replica-8::jurisdiction_bypass,business_licensing,GET /licenses/{id}/replica-8,jurisdiction_bypass,object_auth,jurisdiction_scope,wrong_jurisdiction,unauthorized_allow;field_exposure,1,7,2,4,38.0
business_licensing::GET__licenses_id_replica-8::purpose_bypass,business_licensing,GET /licenses/{id}/replica-8,purpose_bypass,purpose_scope,purpose_scope,wrong_purpose,unauthorized_allow;field_exposure,1,7,2,4,38.0
business_licensing::GET__licenses_id_replica-8::missing_field_filter,business_licensing,GET /licenses/{id}/replica-8,missing_field_filter,property_auth,field_minimization,valid,field_exposure,1,1,1,4,4.0
business_licensing::GET__licenses_id_replica-8::missing_field_filter,business_licensing,GET /licenses/{id}/replica-8,missing_field_filter,property_auth,field_minimization,self_access,field_exposure,1,2,1,4,6.0
business_licensing::GET__licenses_id_replica-8::missing_field_filter,business_licensing,GET /licenses/{id}/replica-8,missing_field_filter,property_auth,field_minimization,sensitive_field_probe,field_exposure,1,1,1,4,4.0
business_licensing::GET__licenses_id_replica-8::missing_field_filter,business_licensing,GET /licenses/{id}/replica-8,missing_field_filter,property_auth,field_minimization,aggregation_boundary,field_exposure,1,1,1,4,4.0
business_licensing::GET__licenses_id_replica-8::missing_field_filter,business_licensing,GET /licenses/{id}/replica-8,missing_field_filter,property_auth,field_minimization,deprecated_inventory,field_exposure,1,1,1,4,4.0
business_licensing::GET__licenses_id_replica-8::aggregation_leak,business_licensing,GET /licenses/{id}/replica-8,aggregation_leak,property_auth,aggregation_boundary,aggregation_boundary,field_exposure,1,1,1,4,4.0
business_licensing::GET__licenses_id_replica-8::missing_audit_log,business_licensing,GET /licenses/{id}/replica-8,missing_audit_log,auditability,audit_obligation,valid,missing_audit,1,0,0,0,3.0
business_licensing::GET__licenses_id_replica-8::missing_audit_log,business_licensing,GET /licenses/{id}/replica-8,missing_audit_log,auditability,audit_obligation,wrong_role,missing_audit,0,0,0,0,3.0
business_licensing::GET__licenses_id_replica-8::missing_audit_log,business_licensing,GET /licenses/{id}/replica-8,missing_audit_log,auditability,audit_obligation,wrong_jurisdiction,missing_audit,0,0,0,0,3.0
business_licensing::GET__licenses_id_replica-8::missing_audit_log,business_licensing,GET /licenses/{id}/replica-8,missing_audit_log,auditability,audit_obligation,wrong_purpose,missing_audit,0,0,0,0,3.0
business_licensing::GET__licenses_id_replica-8::missing_audit_log,business_licensing,GET /licenses/{id}/replica-8,missing_audit_log,auditability,audit_obligation,self_access,missing_audit,1,0,0,0,3.0
business_licensing::GET__licenses_id_replica-8::missing_audit_log,business_licensing,GET /licenses/{id}/replica-8,missing_audit_log,auditability,audit_obligation,unauthenticated,missing_audit,0,0,0,0,3.0
business_licensing::GET__licenses_id_replica-8::missing_audit_log,business_licensing,GET /licenses/{id}/replica-8,missing_audit_log,auditability,audit_obligation,sensitive_field_probe,missing_audit,1,0,0,0,3.0
business_licensing::GET__licenses_id_replica-8::missing_audit_log,business_licensing,GET /licenses/{id}/replica-8,missing_audit_log,auditability,audit_obligation,aggregation_boundary,missing_audit,1,0,0,0,3.0
business_licensing::GET__licenses_id_replica-8::missing_audit_log,business_licensing,GET /licenses/{id}/replica-8,missing_audit_log,auditability,audit_obligation,deprecated_inventory,missing_audit,1,0,0,0,3.0
business_licensing::GET__licenses_id_replica-8::deprecated_exposed,business_licensing,GET /licenses/{id}/replica-8,deprecated_exposed,inventory,endpoint_inventory,deprecated_inventory,field_exposure;deprecated_endpoint_exposed,1,1,1,4,8.0
business_licensing::GET__inspections_id_replica-8::missing_auth,business_licensing,GET /inspections/{id}/replica-8,missing_auth,function_auth,authentication,unauthenticated,unauthorized_allow;field_exposure,1,8,3,4,43.0
business_licensing::GET__inspections_id_replica-8::overbroad_role,business_licensing,GET /inspections/{id}/replica-8,overbroad_role,function_auth,function_authorization,wrong_role,unauthorized_allow;field_exposure,1,8,3,4,43.0
business_licensing::GET__inspections_id_replica-8::missing_object_check,business_licensing,GET /inspections/{id}/replica-8,missing_object_check,object_auth,object_scope,wrong_jurisdiction,unauthorized_allow;field_exposure,1,6,2,4,37.0
business_licensing::GET__inspections_id_replica-8::jurisdiction_bypass,business_licensing,GET /inspections/{id}/replica-8,jurisdiction_bypass,object_auth,jurisdiction_scope,wrong_jurisdiction,unauthorized_allow;field_exposure,1,6,2,4,37.0
business_licensing::GET__inspections_id_replica-8::purpose_bypass,business_licensing,GET /inspections/{id}/replica-8,purpose_bypass,purpose_scope,purpose_scope,wrong_purpose,unauthorized_allow;field_exposure,1,6,2,4,37.0
business_licensing::GET__inspections_id_replica-8::missing_field_filter,business_licensing,GET /inspections/{id}/replica-8,missing_field_filter,property_auth,field_minimization,valid,field_exposure,1,2,1,4,6.0
business_licensing::GET__inspections_id_replica-8::missing_field_filter,business_licensing,GET /inspections/{id}/replica-8,missing_field_filter,property_auth,field_minimization,self_access,field_exposure,1,3,2,4,10.0
business_licensing::GET__inspections_id_replica-8::missing_field_filter,business_licensing,GET /inspections/{id}/replica-8,missing_field_filter,property_auth,field_minimization,sensitive_field_probe,field_exposure,1,2,1,4,6.0
business_licensing::GET__inspections_id_replica-8::missing_field_filter,business_licensing,GET /inspections/{id}/replica-8,missing_field_filter,property_auth,field_minimization,aggregation_boundary,field_exposure,1,2,1,4,6.0
business_licensing::GET__inspections_id_replica-8::missing_field_filter,business_licensing,GET /inspections/{id}/replica-8,missing_field_filter,property_auth,field_minimization,deprecated_inventory,field_exposure,1,2,1,4,6.0
business_licensing::GET__inspections_id_replica-8::aggregation_leak,business_licensing,GET /inspections/{id}/replica-8,aggregation_leak,property_auth,aggregation_boundary,aggregation_boundary,field_exposure,1,2,1,4,6.0
business_licensing::GET__inspections_id_replica-8::missing_audit_log,business_licensing,GET /inspections/{id}/replica-8,missing_audit_log,auditability,audit_obligation,valid,missing_audit,1,0,0,0,3.0
business_licensing::GET__inspections_id_replica-8::missing_audit_log,business_licensing,GET /inspections/{id}/replica-8,missing_audit_log,auditability,audit_obligation,wrong_role,missing_audit,0,0,0,0,3.0
business_licensing::GET__inspections_id_replica-8::missing_audit_log,business_licensing,GET /inspections/{id}/replica-8,missing_audit_log,auditability,audit_obligation,wrong_jurisdiction,missing_audit,0,0,0,0,3.0
business_licensing::GET__inspections_id_replica-8::missing_audit_log,business_licensing,GET /inspections/{id}/replica-8,missing_audit_log,auditability,audit_obligation,wrong_purpose,missing_audit,0,0,0,0,3.0
business_licensing::GET__inspections_id_replica-8::missing_audit_log,business_licensing,GET /inspections/{id}/replica-8,missing_audit_log,auditability,audit_obligation,self_access,missing_audit,1,0,0,0,3.0
business_licensing::GET__inspections_id_replica-8::missing_audit_log,business_licensing,GET /inspections/{id}/replica-8,missing_audit_log,auditability,audit_obligation,unauthenticated,missing_audit,0,0,0,0,3.0
business_licensing::GET__inspections_id_replica-8::missing_audit_log,business_licensing,GET /inspections/{id}/replica-8,missing_audit_log,auditability,audit_obligation,sensitive_field_probe,missing_audit,1,0,0,0,3.0
business_licensing::GET__inspections_id_replica-8::missing_audit_log,business_licensing,GET /inspections/{id}/replica-8,missing_audit_log,auditability,audit_obligation,aggregation_boundary,missing_audit,1,0,0,0,3.0
business_licensing::GET__inspections_id_replica-8::missing_audit_log,business_licensing,GET /inspections/{id}/replica-8,missing_audit_log,auditability,audit_obligation,deprecated_inventory,missing_audit,1,0,0,0,3.0
business_licensing::GET__inspections_id_replica-8::deprecated_exposed,business_licensing,GET /inspections/{id}/replica-8,deprecated_exposed,inventory,endpoint_inventory,deprecated_inventory,field_exposure;deprecated_endpoint_exposed,1,2,1,4,10.0
business_licensing::GET__licenses_export_replica-8::missing_auth,business_licensing,GET /licenses/export/replica-8,missing_auth,function_auth,authentication,unauthenticated,unauthorized_allow;field_exposure,1,8,4,4,44.0
business_licensing::GET__licenses_export_replica-8::overbroad_role,business_licensing,GET /licenses/export/replica-8,overbroad_role,function_auth,function_authorization,wrong_role,unauthorized_allow;field_exposure,1,8,4,4,44.0
business_licensing::GET__licenses_export_replica-8::missing_object_check,business_licensing,GET /licenses/export/replica-8,missing_object_check,object_auth,object_scope,wrong_jurisdiction,unauthorized_allow;field_exposure,1,7,3,4,40.0
business_licensing::GET__licenses_export_replica-8::jurisdiction_bypass,business_licensing,GET /licenses/export/replica-8,jurisdiction_bypass,object_auth,jurisdiction_scope,wrong_jurisdiction,unauthorized_allow;field_exposure,1,7,3,4,40.0
business_licensing::GET__licenses_export_replica-8::purpose_bypass,business_licensing,GET /licenses/export/replica-8,purpose_bypass,purpose_scope,purpose_scope,wrong_purpose,unauthorized_allow;field_exposure,1,7,3,4,40.0
business_licensing::GET__licenses_export_replica-8::missing_field_filter,business_licensing,GET /licenses/export/replica-8,missing_field_filter,property_auth,field_minimization,valid,field_exposure,1,1,1,4,4.0
business_licensing::GET__licenses_export_replica-8::missing_field_filter,business_licensing,GET /licenses/export/replica-8,missing_field_filter,property_auth,field_minimization,self_access,field_exposure,1,2,1,4,6.0
business_licensing::GET__licenses_export_replica-8::missing_field_filter,business_licensing,GET /licenses/export/replica-8,missing_field_filter,property_auth,field_minimization,sensitive_field_probe,field_exposure,1,1,1,4,4.0
business_licensing::GET__licenses_export_replica-8::missing_field_filter,business_licensing,GET /licenses/export/replica-8,missing_field_filter,property_auth,field_minimization,aggregation_boundary,field_exposure,1,1,1,4,4.0
business_licensing::GET__licenses_export_replica-8::missing_field_filter,business_licensing,GET /licenses/export/replica-8,missing_field_filter,property_auth,field_minimization,deprecated_inventory,field_exposure,1,1,1,4,4.0
business_licensing::GET__licenses_export_replica-8::aggregation_leak,business_licensing,GET /licenses/export/replica-8,aggregation_leak,property_auth,aggregation_boundary,aggregation_boundary,field_exposure,1,1,1,4,4.0
business_licensing::GET__licenses_export_replica-8::missing_audit_log,business_licensing,GET /licenses/export/replica-8,missing_audit_log,auditability,audit_obligation,valid,missing_audit,1,0,0,0,3.0
business_licensing::GET__licenses_export_replica-8::missing_audit_log,business_licensing,GET /licenses/export/replica-8,missing_audit_log,auditability,audit_obligation,wrong_role,missing_audit,0,0,0,0,3.0
business_licensing::GET__licenses_export_replica-8::missing_audit_log,business_licensing,GET /licenses/export/replica-8,missing_audit_log,auditability,audit_obligation,wrong_jurisdiction,missing_audit,0,0,0,0,3.0
business_licensing::GET__licenses_export_replica-8::missing_audit_log,business_licensing,GET /licenses/export/replica-8,missing_audit_log,auditability,audit_obligation,wrong_purpose,missing_audit,0,0,0,0,3.0
business_licensing::GET__licenses_export_replica-8::missing_audit_log,business_licensing,GET /licenses/export/replica-8,missing_audit_log,auditability,audit_obligation,self_access,missing_audit,1,0,0,0,3.0
business_licensing::GET__licenses_export_replica-8::missing_audit_log,business_licensing,GET /licenses/export/replica-8,missing_audit_log,auditability,audit_obligation,unauthenticated,missing_audit,0,0,0,0,3.0
business_licensing::GET__licenses_export_replica-8::missing_audit_log,business_licensing,GET /licenses/export/replica-8,missing_audit_log,auditability,audit_obligation,sensitive_field_probe,missing_audit,1,0,0,0,3.0
business_licensing::GET__licenses_export_replica-8::missing_audit_log,business_licensing,GET /licenses/export/replica-8,missing_audit_log,auditability,audit_obligation,aggregation_boundary,missing_audit,1,0,0,0,3.0
business_licensing::GET__licenses_export_replica-8::missing_audit_log,business_licensing,GET /licenses/export/replica-8,missing_audit_log,auditability,audit_obligation,deprecated_inventory,missing_audit,1,0,0,0,3.0
business_licensing::GET__licenses_export_replica-8::deprecated_exposed,business_licensing,GET /licenses/export/replica-8,deprecated_exposed,inventory,endpoint_inventory,deprecated_inventory,field_exposure;deprecated_endpoint_exposed,1,1,1,4,8.0
health::GET__patients_id_replica-9::missing_auth,health,GET /patients/{id}/replica-9,missing_auth,function_auth,authentication,unauthenticated,unauthorized_allow;field_exposure,1,8,8,5,61.0
health::GET__patients_id_replica-9::overbroad_role,health,GET /patients/{id}/replica-9,overbroad_role,function_auth,function_authorization,wrong_role,unauthorized_allow;field_exposure,1,8,8,5,61.0
health::GET__patients_id_replica-9::missing_object_check,health,GET /patients/{id}/replica-9,missing_object_check,object_auth,object_scope,wrong_jurisdiction,unauthorized_allow;field_exposure,1,7,7,5,57.0
health::GET__patients_id_replica-9::jurisdiction_bypass,health,GET /patients/{id}/replica-9,jurisdiction_bypass,object_auth,jurisdiction_scope,wrong_jurisdiction,unauthorized_allow;field_exposure,1,7,7,5,57.0
health::GET__patients_id_replica-9::purpose_bypass,health,GET /patients/{id}/replica-9,purpose_bypass,purpose_scope,purpose_scope,wrong_purpose,unauthorized_allow;field_exposure,1,7,7,5,57.0
health::GET__patients_id_replica-9::missing_field_filter,health,GET /patients/{id}/replica-9,missing_field_filter,property_auth,field_minimization,valid,field_exposure,1,1,1,4,4.0
health::GET__patients_id_replica-9::missing_field_filter,health,GET /patients/{id}/replica-9,missing_field_filter,property_auth,field_minimization,sensitive_field_probe,field_exposure,1,1,1,4,4.0
health::GET__patients_id_replica-9::missing_field_filter,health,GET /patients/{id}/replica-9,missing_field_filter,property_auth,field_minimization,aggregation_boundary,field_exposure,1,1,1,4,4.0
health::GET__patients_id_replica-9::missing_field_filter,health,GET /patients/{id}/replica-9,missing_field_filter,property_auth,field_minimization,deprecated_inventory,field_exposure,1,1,1,4,4.0
health::GET__patients_id_replica-9::aggregation_leak,health,GET /patients/{id}/replica-9,aggregation_leak,property_auth,aggregation_boundary,aggregation_boundary,field_exposure,1,1,1,4,4.0
health::GET__patients_id_replica-9::missing_audit_log,health,GET /patients/{id}/replica-9,missing_audit_log,auditability,audit_obligation,valid,missing_audit,1,0,0,0,3.0
health::GET__patients_id_replica-9::missing_audit_log,health,GET /patients/{id}/replica-9,missing_audit_log,auditability,audit_obligation,wrong_role,missing_audit,0,0,0,0,3.0
health::GET__patients_id_replica-9::missing_audit_log,health,GET /patients/{id}/replica-9,missing_audit_log,auditability,audit_obligation,wrong_jurisdiction,missing_audit,0,0,0,0,3.0
health::GET__patients_id_replica-9::missing_audit_log,health,GET /patients/{id}/replica-9,missing_audit_log,auditability,audit_obligation,wrong_purpose,missing_audit,0,0,0,0,3.0
health::GET__patients_id_replica-9::missing_audit_log,health,GET /patients/{id}/replica-9,missing_audit_log,auditability,audit_obligation,self_access,missing_audit,1,0,0,0,3.0
health::GET__patients_id_replica-9::missing_audit_log,health,GET /patients/{id}/replica-9,missing_audit_log,auditability,audit_obligation,unauthenticated,missing_audit,0,0,0,0,3.0
health::GET__patients_id_replica-9::missing_audit_log,health,GET /patients/{id}/replica-9,missing_audit_log,auditability,audit_obligation,sensitive_field_probe,missing_audit,1,0,0,0,3.0
health::GET__patients_id_replica-9::missing_audit_log,health,GET /patients/{id}/replica-9,missing_audit_log,auditability,audit_obligation,aggregation_boundary,missing_audit,1,0,0,0,3.0
health::GET__patients_id_replica-9::missing_audit_log,health,GET /patients/{id}/replica-9,missing_audit_log,auditability,audit_obligation,deprecated_inventory,missing_audit,1,0,0,0,3.0
health::GET__patients_id_replica-9::deprecated_exposed,health,GET /patients/{id}/replica-9,deprecated_exposed,inventory,endpoint_inventory,deprecated_inventory,field_exposure;deprecated_endpoint_exposed,1,1,1,4,8.0
health::GET__encounters_id_replica-9::missing_auth,health,GET /encounters/{id}/replica-9,missing_auth,function_auth,authentication,unauthenticated,unauthorized_allow;field_exposure,1,8,7,5,61.0
health::GET__encounters_id_replica-9::overbroad_role,health,GET /encounters/{id}/replica-9,overbroad_role,function_auth,function_authorization,wrong_role,unauthorized_allow;field_exposure,1,8,7,5,61.0
health::GET__encounters_id_replica-9::missing_object_check,health,GET /encounters/{id}/replica-9,missing_object_check,object_auth,object_scope,wrong_jurisdiction,unauthorized_allow;field_exposure,1,6,5,5,53.0
health::GET__encounters_id_replica-9::jurisdiction_bypass,health,GET /encounters/{id}/replica-9,jurisdiction_bypass,object_auth,jurisdiction_scope,wrong_jurisdiction,unauthorized_allow;field_exposure,1,6,5,5,53.0
health::GET__encounters_id_replica-9::purpose_bypass,health,GET /encounters/{id}/replica-9,purpose_bypass,purpose_scope,purpose_scope,wrong_purpose,unauthorized_allow;field_exposure,1,6,5,5,53.0
health::GET__encounters_id_replica-9::missing_field_filter,health,GET /encounters/{id}/replica-9,missing_field_filter,property_auth,field_minimization,valid,field_exposure,1,2,2,4,8.0
health::GET__encounters_id_replica-9::missing_field_filter,health,GET /encounters/{id}/replica-9,missing_field_filter,property_auth,field_minimization,self_access,field_exposure,1,1,0,2,2.0
health::GET__encounters_id_replica-9::missing_field_filter,health,GET /encounters/{id}/replica-9,missing_field_filter,property_auth,field_minimization,sensitive_field_probe,field_exposure,1,2,2,4,8.0
health::GET__encounters_id_replica-9::missing_field_filter,health,GET /encounters/{id}/replica-9,missing_field_filter,property_auth,field_minimization,aggregation_boundary,field_exposure,1,2,2,4,8.0
health::GET__encounters_id_replica-9::missing_field_filter,health,GET /encounters/{id}/replica-9,missing_field_filter,property_auth,field_minimization,deprecated_inventory,field_exposure,1,2,2,4,8.0
health::GET__encounters_id_replica-9::aggregation_leak,health,GET /encounters/{id}/replica-9,aggregation_leak,property_auth,aggregation_boundary,aggregation_boundary,field_exposure,1,2,2,4,8.0
health::GET__encounters_id_replica-9::missing_audit_log,health,GET /encounters/{id}/replica-9,missing_audit_log,auditability,audit_obligation,valid,missing_audit,1,0,0,0,3.0
health::GET__encounters_id_replica-9::missing_audit_log,health,GET /encounters/{id}/replica-9,missing_audit_log,auditability,audit_obligation,wrong_role,missing_audit,0,0,0,0,3.0
health::GET__encounters_id_replica-9::missing_audit_log,health,GET /encounters/{id}/replica-9,missing_audit_log,auditability,audit_obligation,wrong_jurisdiction,missing_audit,0,0,0,0,3.0
health::GET__encounters_id_replica-9::missing_audit_log,health,GET /encounters/{id}/replica-9,missing_audit_log,auditability,audit_obligation,wrong_purpose,missing_audit,0,0,0,0,3.0
health::GET__encounters_id_replica-9::missing_audit_log,health,GET /encounters/{id}/replica-9,missing_audit_log,auditability,audit_obligation,self_access,missing_audit,1,0,0,0,3.0
health::GET__encounters_id_replica-9::missing_audit_log,health,GET /encounters/{id}/replica-9,missing_audit_log,auditability,audit_obligation,unauthenticated,missing_audit,0,0,0,0,3.0
health::GET__encounters_id_replica-9::missing_audit_log,health,GET /encounters/{id}/replica-9,missing_audit_log,auditability,audit_obligation,sensitive_field_probe,missing_audit,1,0,0,0,3.0
health::GET__encounters_id_replica-9::missing_audit_log,health,GET /encounters/{id}/replica-9,missing_audit_log,auditability,audit_obligation,aggregation_boundary,missing_audit,1,0,0,0,3.0
health::GET__encounters_id_replica-9::missing_audit_log,health,GET /encounters/{id}/replica-9,missing_audit_log,auditability,audit_obligation,deprecated_inventory,missing_audit,1,0,0,0,3.0
health::GET__encounters_id_replica-9::deprecated_exposed,health,GET /encounters/{id}/replica-9,deprecated_exposed,inventory,endpoint_inventory,deprecated_inventory,field_exposure;deprecated_endpoint_exposed,1,2,2,4,12.0
health::GET__patients_search_replica-9::missing_auth,health,GET /patients/search/replica-9,missing_auth,function_auth,authentication,unauthenticated,unauthorized_allow;field_exposure,1,8,8,5,60.0
health::GET__patients_search_replica-9::overbroad_role,health,GET /patients/search/replica-9,overbroad_role,function_auth,function_authorization,wrong_role,unauthorized_allow;field_exposure,1,8,8,5,60.0
health::GET__patients_search_replica-9::missing_object_check,health,GET /patients/search/replica-9,missing_object_check,object_auth,object_scope,wrong_jurisdiction,unauthorized_allow;field_exposure,1,7,7,5,56.0
health::GET__patients_search_replica-9::jurisdiction_bypass,health,GET /patients/search/replica-9,jurisdiction_bypass,object_auth,jurisdiction_scope,wrong_jurisdiction,unauthorized_allow;field_exposure,1,7,7,5,56.0
health::GET__patients_search_replica-9::purpose_bypass,health,GET /patients/search/replica-9,purpose_bypass,purpose_scope,purpose_scope,wrong_purpose,unauthorized_allow;field_exposure,1,7,7,5,56.0
health::GET__patients_search_replica-9::missing_field_filter,health,GET /patients/search/replica-9,missing_field_filter,property_auth,field_minimization,valid,field_exposure,1,1,1,4,4.0
health::GET__patients_search_replica-9::missing_field_filter,health,GET /patients/search/replica-9,missing_field_filter,property_auth,field_minimization,sensitive_field_probe,field_exposure,1,1,1,4,4.0
health::GET__patients_search_replica-9::missing_field_filter,health,GET /patients/search/replica-9,missing_field_filter,property_auth,field_minimization,aggregation_boundary,field_exposure,1,1,1,4,4.0
health::GET__patients_search_replica-9::missing_field_filter,health,GET /patients/search/replica-9,missing_field_filter,property_auth,field_minimization,deprecated_inventory,field_exposure,1,1,1,4,4.0
health::GET__patients_search_replica-9::aggregation_leak,health,GET /patients/search/replica-9,aggregation_leak,property_auth,aggregation_boundary,aggregation_boundary,field_exposure,1,1,1,4,4.0
health::GET__patients_search_replica-9::missing_audit_log,health,GET /patients/search/replica-9,missing_audit_log,auditability,audit_obligation,valid,missing_audit,1,0,0,0,3.0
health::GET__patients_search_replica-9::missing_audit_log,health,GET /patients/search/replica-9,missing_audit_log,auditability,audit_obligation,wrong_role,missing_audit,0,0,0,0,3.0
health::GET__patients_search_replica-9::missing_audit_log,health,GET /patients/search/replica-9,missing_audit_log,auditability,audit_obligation,wrong_jurisdiction,missing_audit,0,0,0,0,3.0
health::GET__patients_search_replica-9::missing_audit_log,health,GET /patients/search/replica-9,missing_audit_log,auditability,audit_obligation,wrong_purpose,missing_audit,0,0,0,0,3.0
health::GET__patients_search_replica-9::missing_audit_log,health,GET /patients/search/replica-9,missing_audit_log,auditability,audit_obligation,self_access,missing_audit,1,0,0,0,3.0
health::GET__patients_search_replica-9::missing_audit_log,health,GET /patients/search/replica-9,missing_audit_log,auditability,audit_obligation,unauthenticated,missing_audit,0,0,0,0,3.0
health::GET__patients_search_replica-9::missing_audit_log,health,GET /patients/search/replica-9,missing_audit_log,auditability,audit_obligation,sensitive_field_probe,missing_audit,1,0,0,0,3.0
health::GET__patients_search_replica-9::missing_audit_log,health,GET /patients/search/replica-9,missing_audit_log,auditability,audit_obligation,aggregation_boundary,missing_audit,1,0,0,0,3.0
health::GET__patients_search_replica-9::missing_audit_log,health,GET /patients/search/replica-9,missing_audit_log,auditability,audit_obligation,deprecated_inventory,missing_audit,1,0,0,0,3.0
health::GET__patients_search_replica-9::deprecated_exposed,health,GET /patients/search/replica-9,deprecated_exposed,inventory,endpoint_inventory,deprecated_inventory,field_exposure;deprecated_endpoint_exposed,1,1,1,4,8.0
citizen_services::GET__citizens_id_replica-9::missing_auth,citizen_services,GET /citizens/{id}/replica-9,missing_auth,function_auth,authentication,unauthenticated,unauthorized_allow;field_exposure,1,8,7,5,58.0
citizen_services::GET__citizens_id_replica-9::overbroad_role,citizen_services,GET /citizens/{id}/replica-9,overbroad_role,function_auth,function_authorization,wrong_role,unauthorized_allow;field_exposure,1,8,7,5,58.0
citizen_services::GET__citizens_id_replica-9::missing_object_check,citizen_services,GET /citizens/{id}/replica-9,missing_object_check,object_auth,object_scope,wrong_jurisdiction,unauthorized_allow;field_exposure,1,5,5,4,47.0
citizen_services::GET__citizens_id_replica-9::jurisdiction_bypass,citizen_services,GET /citizens/{id}/replica-9,jurisdiction_bypass,object_auth,jurisdiction_scope,wrong_jurisdiction,unauthorized_allow;field_exposure,1,5,5,4,47.0
citizen_services::GET__citizens_id_replica-9::purpose_bypass,citizen_services,GET /citizens/{id}/replica-9,purpose_bypass,purpose_scope,purpose_scope,wrong_purpose,unauthorized_allow;field_exposure,1,5,5,4,47.0
citizen_services::GET__citizens_id_replica-9::missing_field_filter,citizen_services,GET /citizens/{id}/replica-9,missing_field_filter,property_auth,field_minimization,valid,field_exposure,1,3,2,5,11.0
citizen_services::GET__citizens_id_replica-9::missing_field_filter,citizen_services,GET /citizens/{id}/replica-9,missing_field_filter,property_auth,field_minimization,self_access,field_exposure,1,3,2,5,11.0
citizen_services::GET__citizens_id_replica-9::missing_field_filter,citizen_services,GET /citizens/{id}/replica-9,missing_field_filter,property_auth,field_minimization,sensitive_field_probe,field_exposure,1,3,2,5,11.0
citizen_services::GET__citizens_id_replica-9::missing_field_filter,citizen_services,GET /citizens/{id}/replica-9,missing_field_filter,property_auth,field_minimization,aggregation_boundary,field_exposure,1,3,2,5,11.0
citizen_services::GET__citizens_id_replica-9::missing_field_filter,citizen_services,GET /citizens/{id}/replica-9,missing_field_filter,property_auth,field_minimization,deprecated_inventory,field_exposure,1,3,2,5,11.0
citizen_services::GET__citizens_id_replica-9::aggregation_leak,citizen_services,GET /citizens/{id}/replica-9,aggregation_leak,property_auth,aggregation_boundary,aggregation_boundary,field_exposure,1,3,2,5,11.0
citizen_services::GET__citizens_id_replica-9::missing_audit_log,citizen_services,GET /citizens/{id}/replica-9,missing_audit_log,auditability,audit_obligation,valid,missing_audit,1,0,0,0,3.0
citizen_services::GET__citizens_id_replica-9::missing_audit_log,citizen_services,GET /citizens/{id}/replica-9,missing_audit_log,auditability,audit_obligation,wrong_role,missing_audit,0,0,0,0,3.0
citizen_services::GET__citizens_id_replica-9::missing_audit_log,citizen_services,GET /citizens/{id}/replica-9,missing_audit_log,auditability,audit_obligation,wrong_jurisdiction,missing_audit,0,0,0,0,3.0
citizen_services::GET__citizens_id_replica-9::missing_audit_log,citizen_services,GET /citizens/{id}/replica-9,missing_audit_log,auditability,audit_obligation,wrong_purpose,missing_audit,0,0,0,0,3.0
citizen_services::GET__citizens_id_replica-9::missing_audit_log,citizen_services,GET /citizens/{id}/replica-9,missing_audit_log,auditability,audit_obligation,self_access,missing_audit,1,0,0,0,3.0
citizen_services::GET__citizens_id_replica-9::missing_audit_log,citizen_services,GET /citizens/{id}/replica-9,missing_audit_log,auditability,audit_obligation,unauthenticated,missing_audit,0,0,0,0,3.0
citizen_services::GET__citizens_id_replica-9::missing_audit_log,citizen_services,GET /citizens/{id}/replica-9,missing_audit_log,auditability,audit_obligation,sensitive_field_probe,missing_audit,1,0,0,0,3.0
citizen_services::GET__citizens_id_replica-9::missing_audit_log,citizen_services,GET /citizens/{id}/replica-9,missing_audit_log,auditability,audit_obligation,aggregation_boundary,missing_audit,1,0,0,0,3.0
citizen_services::GET__citizens_id_replica-9::missing_audit_log,citizen_services,GET /citizens/{id}/replica-9,missing_audit_log,auditability,audit_obligation,deprecated_inventory,missing_audit,1,0,0,0,3.0
citizen_services::GET__citizens_id_replica-9::deprecated_exposed,citizen_services,GET /citizens/{id}/replica-9,deprecated_exposed,inventory,endpoint_inventory,deprecated_inventory,field_exposure;deprecated_endpoint_exposed,1,3,2,5,15.0
citizen_services::GET__benefits_id_replica-9::missing_auth,citizen_services,GET /benefits/{id}/replica-9,missing_auth,function_auth,authentication,unauthenticated,unauthorized_allow;field_exposure,1,8,6,5,57.0
citizen_services::GET__benefits_id_replica-9::overbroad_role,citizen_services,GET /benefits/{id}/replica-9,overbroad_role,function_auth,function_authorization,wrong_role,unauthorized_allow;field_exposure,1,8,6,5,57.0
citizen_services::GET__benefits_id_replica-9::missing_object_check,citizen_services,GET /benefits/{id}/replica-9,missing_object_check,object_auth,object_scope,wrong_jurisdiction,unauthorized_allow;field_exposure,1,5,5,4,48.0
citizen_services::GET__benefits_id_replica-9::jurisdiction_bypass,citizen_services,GET /benefits/{id}/replica-9,jurisdiction_bypass,object_auth,jurisdiction_scope,wrong_jurisdiction,unauthorized_allow;field_exposure,1,5,5,4,48.0
citizen_services::GET__benefits_id_replica-9::purpose_bypass,citizen_services,GET /benefits/{id}/replica-9,purpose_bypass,purpose_scope,purpose_scope,wrong_purpose,unauthorized_allow;field_exposure,1,5,5,4,48.0
citizen_services::GET__benefits_id_replica-9::missing_field_filter,citizen_services,GET /benefits/{id}/replica-9,missing_field_filter,property_auth,field_minimization,valid,field_exposure,1,3,1,5,9.0
citizen_services::GET__benefits_id_replica-9::missing_field_filter,citizen_services,GET /benefits/{id}/replica-9,missing_field_filter,property_auth,field_minimization,self_access,field_exposure,1,2,1,5,7.0
citizen_services::GET__benefits_id_replica-9::missing_field_filter,citizen_services,GET /benefits/{id}/replica-9,missing_field_filter,property_auth,field_minimization,sensitive_field_probe,field_exposure,1,3,1,5,9.0
citizen_services::GET__benefits_id_replica-9::missing_field_filter,citizen_services,GET /benefits/{id}/replica-9,missing_field_filter,property_auth,field_minimization,aggregation_boundary,field_exposure,1,3,1,5,9.0
citizen_services::GET__benefits_id_replica-9::missing_field_filter,citizen_services,GET /benefits/{id}/replica-9,missing_field_filter,property_auth,field_minimization,deprecated_inventory,field_exposure,1,3,1,5,9.0
citizen_services::GET__benefits_id_replica-9::aggregation_leak,citizen_services,GET /benefits/{id}/replica-9,aggregation_leak,property_auth,aggregation_boundary,aggregation_boundary,field_exposure,1,3,1,5,9.0
citizen_services::GET__benefits_id_replica-9::missing_audit_log,citizen_services,GET /benefits/{id}/replica-9,missing_audit_log,auditability,audit_obligation,valid,missing_audit,1,0,0,0,3.0
citizen_services::GET__benefits_id_replica-9::missing_audit_log,citizen_services,GET /benefits/{id}/replica-9,missing_audit_log,auditability,audit_obligation,wrong_role,missing_audit,0,0,0,0,3.0
citizen_services::GET__benefits_id_replica-9::missing_audit_log,citizen_services,GET /benefits/{id}/replica-9,missing_audit_log,auditability,audit_obligation,wrong_jurisdiction,missing_audit,0,0,0,0,3.0
citizen_services::GET__benefits_id_replica-9::missing_audit_log,citizen_services,GET /benefits/{id}/replica-9,missing_audit_log,auditability,audit_obligation,wrong_purpose,missing_audit,0,0,0,0,3.0
citizen_services::GET__benefits_id_replica-9::missing_audit_log,citizen_services,GET /benefits/{id}/replica-9,missing_audit_log,auditability,audit_obligation,self_access,missing_audit,1,0,0,0,3.0
citizen_services::GET__benefits_id_replica-9::missing_audit_log,citizen_services,GET /benefits/{id}/replica-9,missing_audit_log,auditability,audit_obligation,unauthenticated,missing_audit,0,0,0,0,3.0
citizen_services::GET__benefits_id_replica-9::missing_audit_log,citizen_services,GET /benefits/{id}/replica-9,missing_audit_log,auditability,audit_obligation,sensitive_field_probe,missing_audit,1,0,0,0,3.0
citizen_services::GET__benefits_id_replica-9::missing_audit_log,citizen_services,GET /benefits/{id}/replica-9,missing_audit_log,auditability,audit_obligation,aggregation_boundary,missing_audit,1,0,0,0,3.0
citizen_services::GET__benefits_id_replica-9::missing_audit_log,citizen_services,GET /benefits/{id}/replica-9,missing_audit_log,auditability,audit_obligation,deprecated_inventory,missing_audit,1,0,0,0,3.0
citizen_services::GET__benefits_id_replica-9::deprecated_exposed,citizen_services,GET /benefits/{id}/replica-9,deprecated_exposed,inventory,endpoint_inventory,deprecated_inventory,field_exposure;deprecated_endpoint_exposed,1,3,1,5,13.0
citizen_services::GET__citizens_export_replica-9::missing_auth,citizen_services,GET /citizens/export/replica-9,missing_auth,function_auth,authentication,unauthenticated,unauthorized_allow;field_exposure,1,8,7,5,59.0
citizen_services::GET__citizens_export_replica-9::overbroad_role,citizen_services,GET /citizens/export/replica-9,overbroad_role,function_auth,function_authorization,wrong_role,unauthorized_allow;field_exposure,1,8,7,5,59.0
citizen_services::GET__citizens_export_replica-9::missing_object_check,citizen_services,GET /citizens/export/replica-9,missing_object_check,object_auth,object_scope,wrong_jurisdiction,unauthorized_allow;field_exposure,1,5,5,4,48.0
citizen_services::GET__citizens_export_replica-9::jurisdiction_bypass,citizen_services,GET /citizens/export/replica-9,jurisdiction_bypass,object_auth,jurisdiction_scope,wrong_jurisdiction,unauthorized_allow;field_exposure,1,5,5,4,48.0
citizen_services::GET__citizens_export_replica-9::purpose_bypass,citizen_services,GET /citizens/export/replica-9,purpose_bypass,purpose_scope,purpose_scope,wrong_purpose,unauthorized_allow;field_exposure,1,5,5,4,48.0
citizen_services::GET__citizens_export_replica-9::missing_field_filter,citizen_services,GET /citizens/export/replica-9,missing_field_filter,property_auth,field_minimization,valid,field_exposure,1,3,2,5,11.0
citizen_services::GET__citizens_export_replica-9::missing_field_filter,citizen_services,GET /citizens/export/replica-9,missing_field_filter,property_auth,field_minimization,self_access,field_exposure,1,3,2,5,11.0
citizen_services::GET__citizens_export_replica-9::missing_field_filter,citizen_services,GET /citizens/export/replica-9,missing_field_filter,property_auth,field_minimization,sensitive_field_probe,field_exposure,1,3,2,5,11.0
citizen_services::GET__citizens_export_replica-9::missing_field_filter,citizen_services,GET /citizens/export/replica-9,missing_field_filter,property_auth,field_minimization,aggregation_boundary,field_exposure,1,3,2,5,11.0
citizen_services::GET__citizens_export_replica-9::missing_field_filter,citizen_services,GET /citizens/export/replica-9,missing_field_filter,property_auth,field_minimization,deprecated_inventory,field_exposure,1,3,2,5,11.0
citizen_services::GET__citizens_export_replica-9::aggregation_leak,citizen_services,GET /citizens/export/replica-9,aggregation_leak,property_auth,aggregation_boundary,aggregation_boundary,field_exposure,1,3,2,5,11.0
citizen_services::GET__citizens_export_replica-9::missing_audit_log,citizen_services,GET /citizens/export/replica-9,missing_audit_log,auditability,audit_obligation,valid,missing_audit,1,0,0,0,3.0
citizen_services::GET__citizens_export_replica-9::missing_audit_log,citizen_services,GET /citizens/export/replica-9,missing_audit_log,auditability,audit_obligation,wrong_role,missing_audit,0,0,0,0,3.0
citizen_services::GET__citizens_export_replica-9::missing_audit_log,citizen_services,GET /citizens/export/replica-9,missing_audit_log,auditability,audit_obligation,wrong_jurisdiction,missing_audit,0,0,0,0,3.0
citizen_services::GET__citizens_export_replica-9::missing_audit_log,citizen_services,GET /citizens/export/replica-9,missing_audit_log,auditability,audit_obligation,wrong_purpose,missing_audit,0,0,0,0,3.0
citizen_services::GET__citizens_export_replica-9::missing_audit_log,citizen_services,GET /citizens/export/replica-9,missing_audit_log,auditability,audit_obligation,self_access,missing_audit,1,0,0,0,3.0
citizen_services::GET__citizens_export_replica-9::missing_audit_log,citizen_services,GET /citizens/export/replica-9,missing_audit_log,auditability,audit_obligation,unauthenticated,missing_audit,0,0,0,0,3.0
citizen_services::GET__citizens_export_replica-9::missing_audit_log,citizen_services,GET /citizens/export/replica-9,missing_audit_log,auditability,audit_obligation,sensitive_field_probe,missing_audit,1,0,0,0,3.0
citizen_services::GET__citizens_export_replica-9::missing_audit_log,citizen_services,GET /citizens/export/replica-9,missing_audit_log,auditability,audit_obligation,aggregation_boundary,missing_audit,1,0,0,0,3.0
citizen_services::GET__citizens_export_replica-9::missing_audit_log,citizen_services,GET /citizens/export/replica-9,missing_audit_log,auditability,audit_obligation,deprecated_inventory,missing_audit,1,0,0,0,3.0
citizen_services::GET__citizens_export_replica-9::deprecated_exposed,citizen_services,GET /citizens/export/replica-9,deprecated_exposed,inventory,endpoint_inventory,deprecated_inventory,field_exposure;deprecated_endpoint_exposed,1,3,2,5,15.0
education::GET__students_id_record_replica-9::missing_auth,education,GET /students/{id}/record/replica-9,missing_auth,function_auth,authentication,unauthenticated,unauthorized_allow;field_exposure,1,8,8,5,59.0
education::GET__students_id_record_replica-9::overbroad_role,education,GET /students/{id}/record/replica-9,overbroad_role,function_auth,function_authorization,wrong_role,unauthorized_allow;field_exposure,1,8,8,5,59.0
education::GET__students_id_record_replica-9::missing_object_check,education,GET /students/{id}/record/replica-9,missing_object_check,object_auth,object_scope,wrong_jurisdiction,unauthorized_allow;field_exposure,1,4,4,3,42.0
education::GET__students_id_record_replica-9::jurisdiction_bypass,education,GET /students/{id}/record/replica-9,jurisdiction_bypass,object_auth,jurisdiction_scope,wrong_jurisdiction,unauthorized_allow;field_exposure,1,4,4,3,42.0
education::GET__students_id_record_replica-9::purpose_bypass,education,GET /students/{id}/record/replica-9,purpose_bypass,purpose_scope,purpose_scope,wrong_purpose,unauthorized_allow;field_exposure,1,4,4,3,42.0
education::GET__students_id_record_replica-9::missing_field_filter,education,GET /students/{id}/record/replica-9,missing_field_filter,property_auth,field_minimization,valid,field_exposure,1,4,4,5,17.0
education::GET__students_id_record_replica-9::missing_field_filter,education,GET /students/{id}/record/replica-9,missing_field_filter,property_auth,field_minimization,self_access,field_exposure,1,4,4,5,17.0
education::GET__students_id_record_replica-9::missing_field_filter,education,GET /students/{id}/record/replica-9,missing_field_filter,property_auth,field_minimization,sensitive_field_probe,field_exposure,1,4,4,5,17.0
education::GET__students_id_record_replica-9::missing_field_filter,education,GET /students/{id}/record/replica-9,missing_field_filter,property_auth,field_minimization,aggregation_boundary,field_exposure,1,4,4,5,17.0
education::GET__students_id_record_replica-9::missing_field_filter,education,GET /students/{id}/record/replica-9,missing_field_filter,property_auth,field_minimization,deprecated_inventory,field_exposure,1,4,4,5,17.0
education::GET__students_id_record_replica-9::aggregation_leak,education,GET /students/{id}/record/replica-9,aggregation_leak,property_auth,aggregation_boundary,aggregation_boundary,field_exposure,1,4,4,5,17.0
education::GET__students_id_record_replica-9::missing_audit_log,education,GET /students/{id}/record/replica-9,missing_audit_log,auditability,audit_obligation,valid,missing_audit,1,0,0,0,3.0
education::GET__students_id_record_replica-9::missing_audit_log,education,GET /students/{id}/record/replica-9,missing_audit_log,auditability,audit_obligation,wrong_role,missing_audit,0,0,0,0,3.0
education::GET__students_id_record_replica-9::missing_audit_log,education,GET /students/{id}/record/replica-9,missing_audit_log,auditability,audit_obligation,wrong_jurisdiction,missing_audit,0,0,0,0,3.0
education::GET__students_id_record_replica-9::missing_audit_log,education,GET /students/{id}/record/replica-9,missing_audit_log,auditability,audit_obligation,wrong_purpose,missing_audit,0,0,0,0,3.0
education::GET__students_id_record_replica-9::missing_audit_log,education,GET /students/{id}/record/replica-9,missing_audit_log,auditability,audit_obligation,self_access,missing_audit,1,0,0,0,3.0
education::GET__students_id_record_replica-9::missing_audit_log,education,GET /students/{id}/record/replica-9,missing_audit_log,auditability,audit_obligation,unauthenticated,missing_audit,0,0,0,0,3.0
education::GET__students_id_record_replica-9::missing_audit_log,education,GET /students/{id}/record/replica-9,missing_audit_log,auditability,audit_obligation,sensitive_field_probe,missing_audit,1,0,0,0,3.0
education::GET__students_id_record_replica-9::missing_audit_log,education,GET /students/{id}/record/replica-9,missing_audit_log,auditability,audit_obligation,aggregation_boundary,missing_audit,1,0,0,0,3.0
education::GET__students_id_record_replica-9::missing_audit_log,education,GET /students/{id}/record/replica-9,missing_audit_log,auditability,audit_obligation,deprecated_inventory,missing_audit,1,0,0,0,3.0
education::GET__students_id_record_replica-9::deprecated_exposed,education,GET /students/{id}/record/replica-9,deprecated_exposed,inventory,endpoint_inventory,deprecated_inventory,field_exposure;deprecated_endpoint_exposed,1,4,4,5,21.0
education::GET__classes_id_roster_replica-9::missing_auth,education,GET /classes/{id}/roster/replica-9,missing_auth,function_auth,authentication,unauthenticated,unauthorized_allow;field_exposure,1,8,8,5,59.0
education::GET__classes_id_roster_replica-9::overbroad_role,education,GET /classes/{id}/roster/replica-9,overbroad_role,function_auth,function_authorization,wrong_role,unauthorized_allow;field_exposure,1,8,8,5,59.0
education::GET__classes_id_roster_replica-9::missing_object_check,education,GET /classes/{id}/roster/replica-9,missing_object_check,object_auth,object_scope,wrong_jurisdiction,unauthorized_allow;field_exposure,1,4,4,3,42.0
education::GET__classes_id_roster_replica-9::jurisdiction_bypass,education,GET /classes/{id}/roster/replica-9,jurisdiction_bypass,object_auth,jurisdiction_scope,wrong_jurisdiction,unauthorized_allow;field_exposure,1,4,4,3,42.0
education::GET__classes_id_roster_replica-9::purpose_bypass,education,GET /classes/{id}/roster/replica-9,purpose_bypass,purpose_scope,purpose_scope,wrong_purpose,unauthorized_allow;field_exposure,1,4,4,3,42.0
education::GET__classes_id_roster_replica-9::missing_field_filter,education,GET /classes/{id}/roster/replica-9,missing_field_filter,property_auth,field_minimization,valid,field_exposure,1,4,4,5,17.0
education::GET__classes_id_roster_replica-9::missing_field_filter,education,GET /classes/{id}/roster/replica-9,missing_field_filter,property_auth,field_minimization,self_access,field_exposure,1,4,4,5,17.0
education::GET__classes_id_roster_replica-9::missing_field_filter,education,GET /classes/{id}/roster/replica-9,missing_field_filter,property_auth,field_minimization,sensitive_field_probe,field_exposure,1,4,4,5,17.0
education::GET__classes_id_roster_replica-9::missing_field_filter,education,GET /classes/{id}/roster/replica-9,missing_field_filter,property_auth,field_minimization,aggregation_boundary,field_exposure,1,4,4,5,17.0
education::GET__classes_id_roster_replica-9::missing_field_filter,education,GET /classes/{id}/roster/replica-9,missing_field_filter,property_auth,field_minimization,deprecated_inventory,field_exposure,1,4,4,5,17.0
education::GET__classes_id_roster_replica-9::aggregation_leak,education,GET /classes/{id}/roster/replica-9,aggregation_leak,property_auth,aggregation_boundary,aggregation_boundary,field_exposure,1,4,4,5,17.0
education::GET__classes_id_roster_replica-9::missing_audit_log,education,GET /classes/{id}/roster/replica-9,missing_audit_log,auditability,audit_obligation,valid,missing_audit,1,0,0,0,3.0
education::GET__classes_id_roster_replica-9::missing_audit_log,education,GET /classes/{id}/roster/replica-9,missing_audit_log,auditability,audit_obligation,wrong_role,missing_audit,0,0,0,0,3.0
education::GET__classes_id_roster_replica-9::missing_audit_log,education,GET /classes/{id}/roster/replica-9,missing_audit_log,auditability,audit_obligation,wrong_jurisdiction,missing_audit,0,0,0,0,3.0
education::GET__classes_id_roster_replica-9::missing_audit_log,education,GET /classes/{id}/roster/replica-9,missing_audit_log,auditability,audit_obligation,wrong_purpose,missing_audit,0,0,0,0,3.0
education::GET__classes_id_roster_replica-9::missing_audit_log,education,GET /classes/{id}/roster/replica-9,missing_audit_log,auditability,audit_obligation,self_access,missing_audit,1,0,0,0,3.0
education::GET__classes_id_roster_replica-9::missing_audit_log,education,GET /classes/{id}/roster/replica-9,missing_audit_log,auditability,audit_obligation,unauthenticated,missing_audit,0,0,0,0,3.0
education::GET__classes_id_roster_replica-9::missing_audit_log,education,GET /classes/{id}/roster/replica-9,missing_audit_log,auditability,audit_obligation,sensitive_field_probe,missing_audit,1,0,0,0,3.0
education::GET__classes_id_roster_replica-9::missing_audit_log,education,GET /classes/{id}/roster/replica-9,missing_audit_log,auditability,audit_obligation,aggregation_boundary,missing_audit,1,0,0,0,3.0
education::GET__classes_id_roster_replica-9::missing_audit_log,education,GET /classes/{id}/roster/replica-9,missing_audit_log,auditability,audit_obligation,deprecated_inventory,missing_audit,1,0,0,0,3.0
education::GET__classes_id_roster_replica-9::deprecated_exposed,education,GET /classes/{id}/roster/replica-9,deprecated_exposed,inventory,endpoint_inventory,deprecated_inventory,field_exposure;deprecated_endpoint_exposed,1,4,4,5,21.0
education::GET__discipline_id_replica-9::missing_auth,education,GET /discipline/{id}/replica-9,missing_auth,function_auth,authentication,unauthenticated,unauthorized_allow;field_exposure,1,8,7,5,60.0
education::GET__discipline_id_replica-9::overbroad_role,education,GET /discipline/{id}/replica-9,overbroad_role,function_auth,function_authorization,wrong_role,unauthorized_allow;field_exposure,1,8,7,5,60.0
education::GET__discipline_id_replica-9::missing_object_check,education,GET /discipline/{id}/replica-9,missing_object_check,object_auth,object_scope,wrong_jurisdiction,unauthorized_allow;field_exposure,1,4,4,5,45.0
education::GET__discipline_id_replica-9::jurisdiction_bypass,education,GET /discipline/{id}/replica-9,jurisdiction_bypass,object_auth,jurisdiction_scope,wrong_jurisdiction,unauthorized_allow;field_exposure,1,4,4,5,45.0
education::GET__discipline_id_replica-9::purpose_bypass,education,GET /discipline/{id}/replica-9,purpose_bypass,purpose_scope,purpose_scope,wrong_purpose,unauthorized_allow;field_exposure,1,4,4,5,45.0
education::GET__discipline_id_replica-9::missing_field_filter,education,GET /discipline/{id}/replica-9,missing_field_filter,property_auth,field_minimization,valid,field_exposure,1,4,3,5,15.0
education::GET__discipline_id_replica-9::missing_field_filter,education,GET /discipline/{id}/replica-9,missing_field_filter,property_auth,field_minimization,self_access,field_exposure,1,3,2,5,10.0
education::GET__discipline_id_replica-9::missing_field_filter,education,GET /discipline/{id}/replica-9,missing_field_filter,property_auth,field_minimization,sensitive_field_probe,field_exposure,1,4,3,5,15.0
education::GET__discipline_id_replica-9::missing_field_filter,education,GET /discipline/{id}/replica-9,missing_field_filter,property_auth,field_minimization,aggregation_boundary,field_exposure,1,4,3,5,15.0
education::GET__discipline_id_replica-9::missing_field_filter,education,GET /discipline/{id}/replica-9,missing_field_filter,property_auth,field_minimization,deprecated_inventory,field_exposure,1,4,3,5,15.0
education::GET__discipline_id_replica-9::aggregation_leak,education,GET /discipline/{id}/replica-9,aggregation_leak,property_auth,aggregation_boundary,aggregation_boundary,field_exposure,1,4,3,5,15.0
education::GET__discipline_id_replica-9::missing_audit_log,education,GET /discipline/{id}/replica-9,missing_audit_log,auditability,audit_obligation,valid,missing_audit,1,0,0,0,3.0
education::GET__discipline_id_replica-9::missing_audit_log,education,GET /discipline/{id}/replica-9,missing_audit_log,auditability,audit_obligation,wrong_role,missing_audit,0,0,0,0,3.0
education::GET__discipline_id_replica-9::missing_audit_log,education,GET /discipline/{id}/replica-9,missing_audit_log,auditability,audit_obligation,wrong_jurisdiction,missing_audit,0,0,0,0,3.0
education::GET__discipline_id_replica-9::missing_audit_log,education,GET /discipline/{id}/replica-9,missing_audit_log,auditability,audit_obligation,wrong_purpose,missing_audit,0,0,0,0,3.0
education::GET__discipline_id_replica-9::missing_audit_log,education,GET /discipline/{id}/replica-9,missing_audit_log,auditability,audit_obligation,self_access,missing_audit,1,0,0,0,3.0
education::GET__discipline_id_replica-9::missing_audit_log,education,GET /discipline/{id}/replica-9,missing_audit_log,auditability,audit_obligation,unauthenticated,missing_audit,0,0,0,0,3.0
education::GET__discipline_id_replica-9::missing_audit_log,education,GET /discipline/{id}/replica-9,missing_audit_log,auditability,audit_obligation,sensitive_field_probe,missing_audit,1,0,0,0,3.0
education::GET__discipline_id_replica-9::missing_audit_log,education,GET /discipline/{id}/replica-9,missing_audit_log,auditability,audit_obligation,aggregation_boundary,missing_audit,1,0,0,0,3.0
education::GET__discipline_id_replica-9::missing_audit_log,education,GET /discipline/{id}/replica-9,missing_audit_log,auditability,audit_obligation,deprecated_inventory,missing_audit,1,0,0,0,3.0
education::GET__discipline_id_replica-9::deprecated_exposed,education,GET /discipline/{id}/replica-9,deprecated_exposed,inventory,endpoint_inventory,deprecated_inventory,field_exposure;deprecated_endpoint_exposed,1,4,3,5,19.0
business_licensing::GET__licenses_id_replica-9::missing_auth,business_licensing,GET /licenses/{id}/replica-9,missing_auth,function_auth,authentication,unauthenticated,unauthorized_allow;field_exposure,1,8,3,4,42.0
business_licensing::GET__licenses_id_replica-9::overbroad_role,business_licensing,GET /licenses/{id}/replica-9,overbroad_role,function_auth,function_authorization,wrong_role,unauthorized_allow;field_exposure,1,8,3,4,42.0
business_licensing::GET__licenses_id_replica-9::missing_object_check,business_licensing,GET /licenses/{id}/replica-9,missing_object_check,object_auth,object_scope,wrong_jurisdiction,unauthorized_allow;field_exposure,1,7,2,4,38.0
business_licensing::GET__licenses_id_replica-9::jurisdiction_bypass,business_licensing,GET /licenses/{id}/replica-9,jurisdiction_bypass,object_auth,jurisdiction_scope,wrong_jurisdiction,unauthorized_allow;field_exposure,1,7,2,4,38.0
business_licensing::GET__licenses_id_replica-9::purpose_bypass,business_licensing,GET /licenses/{id}/replica-9,purpose_bypass,purpose_scope,purpose_scope,wrong_purpose,unauthorized_allow;field_exposure,1,7,2,4,38.0
business_licensing::GET__licenses_id_replica-9::missing_field_filter,business_licensing,GET /licenses/{id}/replica-9,missing_field_filter,property_auth,field_minimization,valid,field_exposure,1,1,1,4,4.0
business_licensing::GET__licenses_id_replica-9::missing_field_filter,business_licensing,GET /licenses/{id}/replica-9,missing_field_filter,property_auth,field_minimization,self_access,field_exposure,1,2,1,4,6.0
business_licensing::GET__licenses_id_replica-9::missing_field_filter,business_licensing,GET /licenses/{id}/replica-9,missing_field_filter,property_auth,field_minimization,sensitive_field_probe,field_exposure,1,1,1,4,4.0
business_licensing::GET__licenses_id_replica-9::missing_field_filter,business_licensing,GET /licenses/{id}/replica-9,missing_field_filter,property_auth,field_minimization,aggregation_boundary,field_exposure,1,1,1,4,4.0
business_licensing::GET__licenses_id_replica-9::missing_field_filter,business_licensing,GET /licenses/{id}/replica-9,missing_field_filter,property_auth,field_minimization,deprecated_inventory,field_exposure,1,1,1,4,4.0
business_licensing::GET__licenses_id_replica-9::aggregation_leak,business_licensing,GET /licenses/{id}/replica-9,aggregation_leak,property_auth,aggregation_boundary,aggregation_boundary,field_exposure,1,1,1,4,4.0
business_licensing::GET__licenses_id_replica-9::missing_audit_log,business_licensing,GET /licenses/{id}/replica-9,missing_audit_log,auditability,audit_obligation,valid,missing_audit,1,0,0,0,3.0
business_licensing::GET__licenses_id_replica-9::missing_audit_log,business_licensing,GET /licenses/{id}/replica-9,missing_audit_log,auditability,audit_obligation,wrong_role,missing_audit,0,0,0,0,3.0
business_licensing::GET__licenses_id_replica-9::missing_audit_log,business_licensing,GET /licenses/{id}/replica-9,missing_audit_log,auditability,audit_obligation,wrong_jurisdiction,missing_audit,0,0,0,0,3.0
business_licensing::GET__licenses_id_replica-9::missing_audit_log,business_licensing,GET /licenses/{id}/replica-9,missing_audit_log,auditability,audit_obligation,wrong_purpose,missing_audit,0,0,0,0,3.0
business_licensing::GET__licenses_id_replica-9::missing_audit_log,business_licensing,GET /licenses/{id}/replica-9,missing_audit_log,auditability,audit_obligation,self_access,missing_audit,1,0,0,0,3.0
business_licensing::GET__licenses_id_replica-9::missing_audit_log,business_licensing,GET /licenses/{id}/replica-9,missing_audit_log,auditability,audit_obligation,unauthenticated,missing_audit,0,0,0,0,3.0
business_licensing::GET__licenses_id_replica-9::missing_audit_log,business_licensing,GET /licenses/{id}/replica-9,missing_audit_log,auditability,audit_obligation,sensitive_field_probe,missing_audit,1,0,0,0,3.0
business_licensing::GET__licenses_id_replica-9::missing_audit_log,business_licensing,GET /licenses/{id}/replica-9,missing_audit_log,auditability,audit_obligation,aggregation_boundary,missing_audit,1,0,0,0,3.0
business_licensing::GET__licenses_id_replica-9::missing_audit_log,business_licensing,GET /licenses/{id}/replica-9,missing_audit_log,auditability,audit_obligation,deprecated_inventory,missing_audit,1,0,0,0,3.0
business_licensing::GET__licenses_id_replica-9::deprecated_exposed,business_licensing,GET /licenses/{id}/replica-9,deprecated_exposed,inventory,endpoint_inventory,deprecated_inventory,field_exposure;deprecated_endpoint_exposed,1,1,1,4,8.0
business_licensing::GET__inspections_id_replica-9::missing_auth,business_licensing,GET /inspections/{id}/replica-9,missing_auth,function_auth,authentication,unauthenticated,unauthorized_allow;field_exposure,1,8,3,4,43.0
business_licensing::GET__inspections_id_replica-9::overbroad_role,business_licensing,GET /inspections/{id}/replica-9,overbroad_role,function_auth,function_authorization,wrong_role,unauthorized_allow;field_exposure,1,8,3,4,43.0
business_licensing::GET__inspections_id_replica-9::missing_object_check,business_licensing,GET /inspections/{id}/replica-9,missing_object_check,object_auth,object_scope,wrong_jurisdiction,unauthorized_allow;field_exposure,1,6,2,4,37.0
business_licensing::GET__inspections_id_replica-9::jurisdiction_bypass,business_licensing,GET /inspections/{id}/replica-9,jurisdiction_bypass,object_auth,jurisdiction_scope,wrong_jurisdiction,unauthorized_allow;field_exposure,1,6,2,4,37.0
business_licensing::GET__inspections_id_replica-9::purpose_bypass,business_licensing,GET /inspections/{id}/replica-9,purpose_bypass,purpose_scope,purpose_scope,wrong_purpose,unauthorized_allow;field_exposure,1,6,2,4,37.0
business_licensing::GET__inspections_id_replica-9::missing_field_filter,business_licensing,GET /inspections/{id}/replica-9,missing_field_filter,property_auth,field_minimization,valid,field_exposure,1,2,1,4,6.0
business_licensing::GET__inspections_id_replica-9::missing_field_filter,business_licensing,GET /inspections/{id}/replica-9,missing_field_filter,property_auth,field_minimization,self_access,field_exposure,1,3,2,4,10.0
business_licensing::GET__inspections_id_replica-9::missing_field_filter,business_licensing,GET /inspections/{id}/replica-9,missing_field_filter,property_auth,field_minimization,sensitive_field_probe,field_exposure,1,2,1,4,6.0
business_licensing::GET__inspections_id_replica-9::missing_field_filter,business_licensing,GET /inspections/{id}/replica-9,missing_field_filter,property_auth,field_minimization,aggregation_boundary,field_exposure,1,2,1,4,6.0
business_licensing::GET__inspections_id_replica-9::missing_field_filter,business_licensing,GET /inspections/{id}/replica-9,missing_field_filter,property_auth,field_minimization,deprecated_inventory,field_exposure,1,2,1,4,6.0
business_licensing::GET__inspections_id_replica-9::aggregation_leak,business_licensing,GET /inspections/{id}/replica-9,aggregation_leak,property_auth,aggregation_boundary,aggregation_boundary,field_exposure,1,2,1,4,6.0
business_licensing::GET__inspections_id_replica-9::missing_audit_log,business_licensing,GET /inspections/{id}/replica-9,missing_audit_log,auditability,audit_obligation,valid,missing_audit,1,0,0,0,3.0
business_licensing::GET__inspections_id_replica-9::missing_audit_log,business_licensing,GET /inspections/{id}/replica-9,missing_audit_log,auditability,audit_obligation,wrong_role,missing_audit,0,0,0,0,3.0
business_licensing::GET__inspections_id_replica-9::missing_audit_log,business_licensing,GET /inspections/{id}/replica-9,missing_audit_log,auditability,audit_obligation,wrong_jurisdiction,missing_audit,0,0,0,0,3.0
business_licensing::GET__inspections_id_replica-9::missing_audit_log,business_licensing,GET /inspections/{id}/replica-9,missing_audit_log,auditability,audit_obligation,wrong_purpose,missing_audit,0,0,0,0,3.0
business_licensing::GET__inspections_id_replica-9::missing_audit_log,business_licensing,GET /inspections/{id}/replica-9,missing_audit_log,auditability,audit_obligation,self_access,missing_audit,1,0,0,0,3.0
business_licensing::GET__inspections_id_replica-9::missing_audit_log,business_licensing,GET /inspections/{id}/replica-9,missing_audit_log,auditability,audit_obligation,unauthenticated,missing_audit,0,0,0,0,3.0
business_licensing::GET__inspections_id_replica-9::missing_audit_log,business_licensing,GET /inspections/{id}/replica-9,missing_audit_log,auditability,audit_obligation,sensitive_field_probe,missing_audit,1,0,0,0,3.0
business_licensing::GET__inspections_id_replica-9::missing_audit_log,business_licensing,GET /inspections/{id}/replica-9,missing_audit_log,auditability,audit_obligation,aggregation_boundary,missing_audit,1,0,0,0,3.0
business_licensing::GET__inspections_id_replica-9::missing_audit_log,business_licensing,GET /inspections/{id}/replica-9,missing_audit_log,auditability,audit_obligation,deprecated_inventory,missing_audit,1,0,0,0,3.0
business_licensing::GET__inspections_id_replica-9::deprecated_exposed,business_licensing,GET /inspections/{id}/replica-9,deprecated_exposed,inventory,endpoint_inventory,deprecated_inventory,field_exposure;deprecated_endpoint_exposed,1,2,1,4,10.0
business_licensing::GET__licenses_export_replica-9::missing_auth,business_licensing,GET /licenses/export/replica-9,missing_auth,function_auth,authentication,unauthenticated,unauthorized_allow;field_exposure,1,8,4,4,44.0
business_licensing::GET__licenses_export_replica-9::overbroad_role,business_licensing,GET /licenses/export/replica-9,overbroad_role,function_auth,function_authorization,wrong_role,unauthorized_allow;field_exposure,1,8,4,4,44.0
business_licensing::GET__licenses_export_replica-9::missing_object_check,business_licensing,GET /licenses/export/replica-9,missing_object_check,object_auth,object_scope,wrong_jurisdiction,unauthorized_allow;field_exposure,1,7,3,4,40.0
business_licensing::GET__licenses_export_replica-9::jurisdiction_bypass,business_licensing,GET /licenses/export/replica-9,jurisdiction_bypass,object_auth,jurisdiction_scope,wrong_jurisdiction,unauthorized_allow;field_exposure,1,7,3,4,40.0
business_licensing::GET__licenses_export_replica-9::purpose_bypass,business_licensing,GET /licenses/export/replica-9,purpose_bypass,purpose_scope,purpose_scope,wrong_purpose,unauthorized_allow;field_exposure,1,7,3,4,40.0
business_licensing::GET__licenses_export_replica-9::missing_field_filter,business_licensing,GET /licenses/export/replica-9,missing_field_filter,property_auth,field_minimization,valid,field_exposure,1,1,1,4,4.0
business_licensing::GET__licenses_export_replica-9::missing_field_filter,business_licensing,GET /licenses/export/replica-9,missing_field_filter,property_auth,field_minimization,self_access,field_exposure,1,2,1,4,6.0
business_licensing::GET__licenses_export_replica-9::missing_field_filter,business_licensing,GET /licenses/export/replica-9,missing_field_filter,property_auth,field_minimization,sensitive_field_probe,field_exposure,1,1,1,4,4.0
business_licensing::GET__licenses_export_replica-9::missing_field_filter,business_licensing,GET /licenses/export/replica-9,missing_field_filter,property_auth,field_minimization,aggregation_boundary,field_exposure,1,1,1,4,4.0
business_licensing::GET__licenses_export_replica-9::missing_field_filter,business_licensing,GET /licenses/export/replica-9,missing_field_filter,property_auth,field_minimization,deprecated_inventory,field_exposure,1,1,1,4,4.0
business_licensing::GET__licenses_export_replica-9::aggregation_leak,business_licensing,GET /licenses/export/replica-9,aggregation_leak,property_auth,aggregation_boundary,aggregation_boundary,field_exposure,1,1,1,4,4.0
business_licensing::GET__licenses_export_replica-9::missing_audit_log,business_licensing,GET /licenses/export/replica-9,missing_audit_log,auditability,audit_obligation,valid,missing_audit,1,0,0,0,3.0
business_licensing::GET__licenses_export_replica-9::missing_audit_log,business_licensing,GET /licenses/export/replica-9,missing_audit_log,auditability,audit_obligation,wrong_role,missing_audit,0,0,0,0,3.0
business_licensing::GET__licenses_export_replica-9::missing_audit_log,business_licensing,GET /licenses/export/replica-9,missing_audit_log,auditability,audit_obligation,wrong_jurisdiction,missing_audit,0,0,0,0,3.0
business_licensing::GET__licenses_export_replica-9::missing_audit_log,business_licensing,GET /licenses/export/replica-9,missing_audit_log,auditability,audit_obligation,wrong_purpose,missing_audit,0,0,0,0,3.0
business_licensing::GET__licenses_export_replica-9::missing_audit_log,business_licensing,GET /licenses/export/replica-9,missing_audit_log,auditability,audit_obligation,self_access,missing_audit,1,0,0,0,3.0
business_licensing::GET__licenses_export_replica-9::missing_audit_log,business_licensing,GET /licenses/export/replica-9,missing_audit_log,auditability,audit_obligation,unauthenticated,missing_audit,0,0,0,0,3.0
business_licensing::GET__licenses_export_replica-9::missing_audit_log,business_licensing,GET /licenses/export/replica-9,missing_audit_log,auditability,audit_obligation,sensitive_field_probe,missing_audit,1,0,0,0,3.0
business_licensing::GET__licenses_export_replica-9::missing_audit_log,business_licensing,GET /licenses/export/replica-9,missing_audit_log,auditability,audit_obligation,aggregation_boundary,missing_audit,1,0,0,0,3.0
business_licensing::GET__licenses_export_replica-9::missing_audit_log,business_licensing,GET /licenses/export/replica-9,missing_audit_log,auditability,audit_obligation,deprecated_inventory,missing_audit,1,0,0,0,3.0
business_licensing::GET__licenses_export_replica-9::deprecated_exposed,business_licensing,GET /licenses/export/replica-9,deprecated_exposed,inventory,endpoint_inventory,deprecated_inventory,field_exposure;deprecated_endpoint_exposed,1,1,1,4,8.0
