scenario_id,domain,endpoint,bug_type,primary_dimension,method,expected_violation,detected,risk,same_jurisdiction,owner_or_care_relation,consent,emergency,group_size
health_0_1_purpose_field,health,GET /patients/{id},purpose_conditioned_field,purpose_field_dependency,schema_validation,1,0,35.0,1,1,1,0,27
health_0_1_purpose_field,health,GET /patients/{id},purpose_conditioned_field,purpose_field_dependency,role_matrix,1,0,35.0,1,1,1,0,27
health_0_1_purpose_field,health,GET /patients/{id},purpose_conditioned_field,purpose_field_dependency,object_policy_tests,1,0,35.0,1,1,1,0,27
health_0_1_purpose_field,health,GET /patients/{id},purpose_conditioned_field,purpose_field_dependency,field_policy_tests,1,0,35.0,1,1,1,0,27
health_0_1_purpose_field,health,GET /patients/{id},purpose_conditioned_field,purpose_field_dependency,audit_contract_tests,1,0,35.0,1,1,1,0,27
health_0_1_purpose_field,health,GET /patients/{id},purpose_conditioned_field,purpose_field_dependency,basic_policy_aware_full,1,0,35.0,1,1,1,0,27
health_0_1_purpose_field,health,GET /patients/{id},purpose_conditioned_field,purpose_field_dependency,dependent_policy_full,1,1,35.0,1,1,1,0,27
health_0_1_purpose_field,health,GET /patients/{id},purpose_conditioned_field,purpose_field_dependency,dependent_without_consent,1,1,35.0,1,1,1,0,27
health_0_1_purpose_field,health,GET /patients/{id},purpose_conditioned_field,purpose_field_dependency,dependent_without_threshold,1,1,35.0,1,1,1,0,27
health_0_1_purpose_field,health,GET /patients/{id},purpose_conditioned_field,purpose_field_dependency,dependent_without_enhanced_audit,1,1,35.0,1,1,1,0,27
health_0_1_purpose_field,health,GET /patients/{id},purpose_conditioned_field,purpose_field_dependency,dependent_without_purpose_field,1,0,35.0,1,1,1,0,27
health_0_1_jurisdiction_field,health,GET /patients/{id},jurisdiction_conditioned_field,jurisdiction_field_dependency,schema_validation,1,0,40.0,0,1,1,0,31
health_0_1_jurisdiction_field,health,GET /patients/{id},jurisdiction_conditioned_field,jurisdiction_field_dependency,role_matrix,1,0,40.0,0,1,1,0,31
health_0_1_jurisdiction_field,health,GET /patients/{id},jurisdiction_conditioned_field,jurisdiction_field_dependency,object_policy_tests,1,0,40.0,0,1,1,0,31
health_0_1_jurisdiction_field,health,GET /patients/{id},jurisdiction_conditioned_field,jurisdiction_field_dependency,field_policy_tests,1,0,40.0,0,1,1,0,31
health_0_1_jurisdiction_field,health,GET /patients/{id},jurisdiction_conditioned_field,jurisdiction_field_dependency,audit_contract_tests,1,0,40.0,0,1,1,0,31
health_0_1_jurisdiction_field,health,GET /patients/{id},jurisdiction_conditioned_field,jurisdiction_field_dependency,basic_policy_aware_full,1,0,40.0,0,1,1,0,31
health_0_1_jurisdiction_field,health,GET /patients/{id},jurisdiction_conditioned_field,jurisdiction_field_dependency,dependent_policy_full,1,1,40.0,0,1,1,0,31
health_0_1_jurisdiction_field,health,GET /patients/{id},jurisdiction_conditioned_field,jurisdiction_field_dependency,dependent_without_consent,1,1,40.0,0,1,1,0,31
health_0_1_jurisdiction_field,health,GET /patients/{id},jurisdiction_conditioned_field,jurisdiction_field_dependency,dependent_without_threshold,1,1,40.0,0,1,1,0,31
health_0_1_jurisdiction_field,health,GET /patients/{id},jurisdiction_conditioned_field,jurisdiction_field_dependency,dependent_without_enhanced_audit,1,1,40.0,0,1,1,0,31
health_0_1_jurisdiction_field,health,GET /patients/{id},jurisdiction_conditioned_field,jurisdiction_field_dependency,dependent_without_purpose_field,1,1,40.0,0,1,1,0,31
health_0_1_consent_field,health,GET /patients/{id},consent_gated_field,consent_field_dependency,schema_validation,1,0,30.0,1,1,0,0,44
health_0_1_consent_field,health,GET /patients/{id},consent_gated_field,consent_field_dependency,role_matrix,1,0,30.0,1,1,0,0,44
health_0_1_consent_field,health,GET /patients/{id},consent_gated_field,consent_field_dependency,object_policy_tests,1,0,30.0,1,1,0,0,44
health_0_1_consent_field,health,GET /patients/{id},consent_gated_field,consent_field_dependency,field_policy_tests,1,0,30.0,1,1,0,0,44
health_0_1_consent_field,health,GET /patients/{id},consent_gated_field,consent_field_dependency,audit_contract_tests,1,0,30.0,1,1,0,0,44
health_0_1_consent_field,health,GET /patients/{id},consent_gated_field,consent_field_dependency,basic_policy_aware_full,1,0,30.0,1,1,0,0,44
health_0_1_consent_field,health,GET /patients/{id},consent_gated_field,consent_field_dependency,dependent_policy_full,1,1,30.0,1,1,0,0,44
health_0_1_consent_field,health,GET /patients/{id},consent_gated_field,consent_field_dependency,dependent_without_consent,1,0,30.0,1,1,0,0,44
health_0_1_consent_field,health,GET /patients/{id},consent_gated_field,consent_field_dependency,dependent_without_threshold,1,1,30.0,1,1,0,0,44
health_0_1_consent_field,health,GET /patients/{id},consent_gated_field,consent_field_dependency,dependent_without_enhanced_audit,1,1,30.0,1,1,0,0,44
health_0_1_consent_field,health,GET /patients/{id},consent_gated_field,consent_field_dependency,dependent_without_purpose_field,1,1,30.0,1,1,0,0,44
health_0_1_small_cell,health,GET /patients/{id},aggregation_threshold_leak,aggregation_threshold,schema_validation,1,0,25.0,1,1,1,0,4
health_0_1_small_cell,health,GET /patients/{id},aggregation_threshold_leak,aggregation_threshold,role_matrix,1,0,25.0,1,1,1,0,4
health_0_1_small_cell,health,GET /patients/{id},aggregation_threshold_leak,aggregation_threshold,object_policy_tests,1,0,25.0,1,1,1,0,4
health_0_1_small_cell,health,GET /patients/{id},aggregation_threshold_leak,aggregation_threshold,field_policy_tests,1,0,25.0,1,1,1,0,4
health_0_1_small_cell,health,GET /patients/{id},aggregation_threshold_leak,aggregation_threshold,audit_contract_tests,1,0,25.0,1,1,1,0,4
health_0_1_small_cell,health,GET /patients/{id},aggregation_threshold_leak,aggregation_threshold,basic_policy_aware_full,1,0,25.0,1,1,1,0,4
health_0_1_small_cell,health,GET /patients/{id},aggregation_threshold_leak,aggregation_threshold,dependent_policy_full,1,1,25.0,1,1,1,0,4
health_0_1_small_cell,health,GET /patients/{id},aggregation_threshold_leak,aggregation_threshold,dependent_without_consent,1,1,25.0,1,1,1,0,4
health_0_1_small_cell,health,GET /patients/{id},aggregation_threshold_leak,aggregation_threshold,dependent_without_threshold,1,0,25.0,1,1,1,0,4
health_0_1_small_cell,health,GET /patients/{id},aggregation_threshold_leak,aggregation_threshold,dependent_without_enhanced_audit,1,1,25.0,1,1,1,0,4
health_0_1_small_cell,health,GET /patients/{id},aggregation_threshold_leak,aggregation_threshold,dependent_without_purpose_field,1,1,25.0,1,1,1,0,4
health_0_1_emergency_audit,health,GET /patients/{id},emergency_audit_downgrade,enhanced_audit_dependency,schema_validation,1,0,20.0,1,1,1,1,30
health_0_1_emergency_audit,health,GET /patients/{id},emergency_audit_downgrade,enhanced_audit_dependency,role_matrix,1,0,20.0,1,1,1,1,30
health_0_1_emergency_audit,health,GET /patients/{id},emergency_audit_downgrade,enhanced_audit_dependency,object_policy_tests,1,0,20.0,1,1,1,1,30
health_0_1_emergency_audit,health,GET /patients/{id},emergency_audit_downgrade,enhanced_audit_dependency,field_policy_tests,1,0,20.0,1,1,1,1,30
health_0_1_emergency_audit,health,GET /patients/{id},emergency_audit_downgrade,enhanced_audit_dependency,audit_contract_tests,1,0,20.0,1,1,1,1,30
health_0_1_emergency_audit,health,GET /patients/{id},emergency_audit_downgrade,enhanced_audit_dependency,basic_policy_aware_full,1,0,20.0,1,1,1,1,30
health_0_1_emergency_audit,health,GET /patients/{id},emergency_audit_downgrade,enhanced_audit_dependency,dependent_policy_full,1,1,20.0,1,1,1,1,30
health_0_1_emergency_audit,health,GET /patients/{id},emergency_audit_downgrade,enhanced_audit_dependency,dependent_without_consent,1,1,20.0,1,1,1,1,30
health_0_1_emergency_audit,health,GET /patients/{id},emergency_audit_downgrade,enhanced_audit_dependency,dependent_without_threshold,1,1,20.0,1,1,1,1,30
health_0_1_emergency_audit,health,GET /patients/{id},emergency_audit_downgrade,enhanced_audit_dependency,dependent_without_enhanced_audit,1,0,20.0,1,1,1,1,30
health_0_1_emergency_audit,health,GET /patients/{id},emergency_audit_downgrade,enhanced_audit_dependency,dependent_without_purpose_field,1,1,20.0,1,1,1,1,30
health_0_1_compound_scope,health,GET /patients/{id},compound_scope_field,compound_policy_interaction,schema_validation,1,0,50.0,0,0,0,0,3
health_0_1_compound_scope,health,GET /patients/{id},compound_scope_field,compound_policy_interaction,role_matrix,1,0,50.0,0,0,0,0,3
health_0_1_compound_scope,health,GET /patients/{id},compound_scope_field,compound_policy_interaction,object_policy_tests,1,0,50.0,0,0,0,0,3
health_0_1_compound_scope,health,GET /patients/{id},compound_scope_field,compound_policy_interaction,field_policy_tests,1,0,50.0,0,0,0,0,3
health_0_1_compound_scope,health,GET /patients/{id},compound_scope_field,compound_policy_interaction,audit_contract_tests,1,0,50.0,0,0,0,0,3
health_0_1_compound_scope,health,GET /patients/{id},compound_scope_field,compound_policy_interaction,basic_policy_aware_full,1,0,50.0,0,0,0,0,3
health_0_1_compound_scope,health,GET /patients/{id},compound_scope_field,compound_policy_interaction,dependent_policy_full,1,1,50.0,0,0,0,0,3
health_0_1_compound_scope,health,GET /patients/{id},compound_scope_field,compound_policy_interaction,dependent_without_consent,1,0,50.0,0,0,0,0,3
health_0_1_compound_scope,health,GET /patients/{id},compound_scope_field,compound_policy_interaction,dependent_without_threshold,1,1,50.0,0,0,0,0,3
health_0_1_compound_scope,health,GET /patients/{id},compound_scope_field,compound_policy_interaction,dependent_without_enhanced_audit,1,1,50.0,0,0,0,0,3
health_0_1_compound_scope,health,GET /patients/{id},compound_scope_field,compound_policy_interaction,dependent_without_purpose_field,1,1,50.0,0,0,0,0,3
health_0_1_clean_dependent,health,GET /patients/{id},clean,none,schema_validation,0,0,0.0,1,1,1,0,30
health_0_1_clean_dependent,health,GET /patients/{id},clean,none,role_matrix,0,0,0.0,1,1,1,0,30
health_0_1_clean_dependent,health,GET /patients/{id},clean,none,object_policy_tests,0,0,0.0,1,1,1,0,30
health_0_1_clean_dependent,health,GET /patients/{id},clean,none,field_policy_tests,0,0,0.0,1,1,1,0,30
health_0_1_clean_dependent,health,GET /patients/{id},clean,none,audit_contract_tests,0,0,0.0,1,1,1,0,30
health_0_1_clean_dependent,health,GET /patients/{id},clean,none,basic_policy_aware_full,0,0,0.0,1,1,1,0,30
health_0_1_clean_dependent,health,GET /patients/{id},clean,none,dependent_policy_full,0,0,0.0,1,1,1,0,30
health_0_1_clean_dependent,health,GET /patients/{id},clean,none,dependent_without_consent,0,0,0.0,1,1,1,0,30
health_0_1_clean_dependent,health,GET /patients/{id},clean,none,dependent_without_threshold,0,0,0.0,1,1,1,0,30
health_0_1_clean_dependent,health,GET /patients/{id},clean,none,dependent_without_enhanced_audit,0,0,0.0,1,1,1,0,30
health_0_1_clean_dependent,health,GET /patients/{id},clean,none,dependent_without_purpose_field,0,0,0.0,1,1,1,0,30
citizen_services_0_2_purpose_field,citizen_services,GET /benefits/{id},purpose_conditioned_field,purpose_field_dependency,schema_validation,1,0,35.0,1,1,1,0,27
citizen_services_0_2_purpose_field,citizen_services,GET /benefits/{id},purpose_conditioned_field,purpose_field_dependency,role_matrix,1,0,35.0,1,1,1,0,27
citizen_services_0_2_purpose_field,citizen_services,GET /benefits/{id},purpose_conditioned_field,purpose_field_dependency,object_policy_tests,1,0,35.0,1,1,1,0,27
citizen_services_0_2_purpose_field,citizen_services,GET /benefits/{id},purpose_conditioned_field,purpose_field_dependency,field_policy_tests,1,0,35.0,1,1,1,0,27
citizen_services_0_2_purpose_field,citizen_services,GET /benefits/{id},purpose_conditioned_field,purpose_field_dependency,audit_contract_tests,1,0,35.0,1,1,1,0,27
citizen_services_0_2_purpose_field,citizen_services,GET /benefits/{id},purpose_conditioned_field,purpose_field_dependency,basic_policy_aware_full,1,0,35.0,1,1,1,0,27
citizen_services_0_2_purpose_field,citizen_services,GET /benefits/{id},purpose_conditioned_field,purpose_field_dependency,dependent_policy_full,1,1,35.0,1,1,1,0,27
citizen_services_0_2_purpose_field,citizen_services,GET /benefits/{id},purpose_conditioned_field,purpose_field_dependency,dependent_without_consent,1,1,35.0,1,1,1,0,27
citizen_services_0_2_purpose_field,citizen_services,GET /benefits/{id},purpose_conditioned_field,purpose_field_dependency,dependent_without_threshold,1,1,35.0,1,1,1,0,27
citizen_services_0_2_purpose_field,citizen_services,GET /benefits/{id},purpose_conditioned_field,purpose_field_dependency,dependent_without_enhanced_audit,1,1,35.0,1,1,1,0,27
citizen_services_0_2_purpose_field,citizen_services,GET /benefits/{id},purpose_conditioned_field,purpose_field_dependency,dependent_without_purpose_field,1,0,35.0,1,1,1,0,27
citizen_services_0_2_jurisdiction_field,citizen_services,GET /benefits/{id},jurisdiction_conditioned_field,jurisdiction_field_dependency,schema_validation,1,0,40.0,0,1,1,0,31
citizen_services_0_2_jurisdiction_field,citizen_services,GET /benefits/{id},jurisdiction_conditioned_field,jurisdiction_field_dependency,role_matrix,1,0,40.0,0,1,1,0,31
citizen_services_0_2_jurisdiction_field,citizen_services,GET /benefits/{id},jurisdiction_conditioned_field,jurisdiction_field_dependency,object_policy_tests,1,0,40.0,0,1,1,0,31
citizen_services_0_2_jurisdiction_field,citizen_services,GET /benefits/{id},jurisdiction_conditioned_field,jurisdiction_field_dependency,field_policy_tests,1,0,40.0,0,1,1,0,31
citizen_services_0_2_jurisdiction_field,citizen_services,GET /benefits/{id},jurisdiction_conditioned_field,jurisdiction_field_dependency,audit_contract_tests,1,0,40.0,0,1,1,0,31
citizen_services_0_2_jurisdiction_field,citizen_services,GET /benefits/{id},jurisdiction_conditioned_field,jurisdiction_field_dependency,basic_policy_aware_full,1,0,40.0,0,1,1,0,31
citizen_services_0_2_jurisdiction_field,citizen_services,GET /benefits/{id},jurisdiction_conditioned_field,jurisdiction_field_dependency,dependent_policy_full,1,1,40.0,0,1,1,0,31
citizen_services_0_2_jurisdiction_field,citizen_services,GET /benefits/{id},jurisdiction_conditioned_field,jurisdiction_field_dependency,dependent_without_consent,1,1,40.0,0,1,1,0,31
citizen_services_0_2_jurisdiction_field,citizen_services,GET /benefits/{id},jurisdiction_conditioned_field,jurisdiction_field_dependency,dependent_without_threshold,1,1,40.0,0,1,1,0,31
citizen_services_0_2_jurisdiction_field,citizen_services,GET /benefits/{id},jurisdiction_conditioned_field,jurisdiction_field_dependency,dependent_without_enhanced_audit,1,1,40.0,0,1,1,0,31
citizen_services_0_2_jurisdiction_field,citizen_services,GET /benefits/{id},jurisdiction_conditioned_field,jurisdiction_field_dependency,dependent_without_purpose_field,1,1,40.0,0,1,1,0,31
citizen_services_0_2_consent_field,citizen_services,GET /benefits/{id},consent_gated_field,consent_field_dependency,schema_validation,1,0,30.0,1,1,0,0,44
citizen_services_0_2_consent_field,citizen_services,GET /benefits/{id},consent_gated_field,consent_field_dependency,role_matrix,1,0,30.0,1,1,0,0,44
citizen_services_0_2_consent_field,citizen_services,GET /benefits/{id},consent_gated_field,consent_field_dependency,object_policy_tests,1,0,30.0,1,1,0,0,44
citizen_services_0_2_consent_field,citizen_services,GET /benefits/{id},consent_gated_field,consent_field_dependency,field_policy_tests,1,0,30.0,1,1,0,0,44
citizen_services_0_2_consent_field,citizen_services,GET /benefits/{id},consent_gated_field,consent_field_dependency,audit_contract_tests,1,0,30.0,1,1,0,0,44
citizen_services_0_2_consent_field,citizen_services,GET /benefits/{id},consent_gated_field,consent_field_dependency,basic_policy_aware_full,1,0,30.0,1,1,0,0,44
citizen_services_0_2_consent_field,citizen_services,GET /benefits/{id},consent_gated_field,consent_field_dependency,dependent_policy_full,1,1,30.0,1,1,0,0,44
citizen_services_0_2_consent_field,citizen_services,GET /benefits/{id},consent_gated_field,consent_field_dependency,dependent_without_consent,1,0,30.0,1,1,0,0,44
citizen_services_0_2_consent_field,citizen_services,GET /benefits/{id},consent_gated_field,consent_field_dependency,dependent_without_threshold,1,1,30.0,1,1,0,0,44
citizen_services_0_2_consent_field,citizen_services,GET /benefits/{id},consent_gated_field,consent_field_dependency,dependent_without_enhanced_audit,1,1,30.0,1,1,0,0,44
citizen_services_0_2_consent_field,citizen_services,GET /benefits/{id},consent_gated_field,consent_field_dependency,dependent_without_purpose_field,1,1,30.0,1,1,0,0,44
citizen_services_0_2_small_cell,citizen_services,GET /benefits/{id},aggregation_threshold_leak,aggregation_threshold,schema_validation,1,0,25.0,1,1,1,0,4
citizen_services_0_2_small_cell,citizen_services,GET /benefits/{id},aggregation_threshold_leak,aggregation_threshold,role_matrix,1,0,25.0,1,1,1,0,4
citizen_services_0_2_small_cell,citizen_services,GET /benefits/{id},aggregation_threshold_leak,aggregation_threshold,object_policy_tests,1,0,25.0,1,1,1,0,4
citizen_services_0_2_small_cell,citizen_services,GET /benefits/{id},aggregation_threshold_leak,aggregation_threshold,field_policy_tests,1,0,25.0,1,1,1,0,4
citizen_services_0_2_small_cell,citizen_services,GET /benefits/{id},aggregation_threshold_leak,aggregation_threshold,audit_contract_tests,1,0,25.0,1,1,1,0,4
citizen_services_0_2_small_cell,citizen_services,GET /benefits/{id},aggregation_threshold_leak,aggregation_threshold,basic_policy_aware_full,1,0,25.0,1,1,1,0,4
citizen_services_0_2_small_cell,citizen_services,GET /benefits/{id},aggregation_threshold_leak,aggregation_threshold,dependent_policy_full,1,1,25.0,1,1,1,0,4
citizen_services_0_2_small_cell,citizen_services,GET /benefits/{id},aggregation_threshold_leak,aggregation_threshold,dependent_without_consent,1,1,25.0,1,1,1,0,4
citizen_services_0_2_small_cell,citizen_services,GET /benefits/{id},aggregation_threshold_leak,aggregation_threshold,dependent_without_threshold,1,0,25.0,1,1,1,0,4
citizen_services_0_2_small_cell,citizen_services,GET /benefits/{id},aggregation_threshold_leak,aggregation_threshold,dependent_without_enhanced_audit,1,1,25.0,1,1,1,0,4
citizen_services_0_2_small_cell,citizen_services,GET /benefits/{id},aggregation_threshold_leak,aggregation_threshold,dependent_without_purpose_field,1,1,25.0,1,1,1,0,4
citizen_services_0_2_emergency_audit,citizen_services,GET /benefits/{id},emergency_audit_downgrade,enhanced_audit_dependency,schema_validation,1,0,20.0,1,1,1,1,30
citizen_services_0_2_emergency_audit,citizen_services,GET /benefits/{id},emergency_audit_downgrade,enhanced_audit_dependency,role_matrix,1,0,20.0,1,1,1,1,30
citizen_services_0_2_emergency_audit,citizen_services,GET /benefits/{id},emergency_audit_downgrade,enhanced_audit_dependency,object_policy_tests,1,0,20.0,1,1,1,1,30
citizen_services_0_2_emergency_audit,citizen_services,GET /benefits/{id},emergency_audit_downgrade,enhanced_audit_dependency,field_policy_tests,1,0,20.0,1,1,1,1,30
citizen_services_0_2_emergency_audit,citizen_services,GET /benefits/{id},emergency_audit_downgrade,enhanced_audit_dependency,audit_contract_tests,1,0,20.0,1,1,1,1,30
citizen_services_0_2_emergency_audit,citizen_services,GET /benefits/{id},emergency_audit_downgrade,enhanced_audit_dependency,basic_policy_aware_full,1,0,20.0,1,1,1,1,30
citizen_services_0_2_emergency_audit,citizen_services,GET /benefits/{id},emergency_audit_downgrade,enhanced_audit_dependency,dependent_policy_full,1,1,20.0,1,1,1,1,30
citizen_services_0_2_emergency_audit,citizen_services,GET /benefits/{id},emergency_audit_downgrade,enhanced_audit_dependency,dependent_without_consent,1,1,20.0,1,1,1,1,30
citizen_services_0_2_emergency_audit,citizen_services,GET /benefits/{id},emergency_audit_downgrade,enhanced_audit_dependency,dependent_without_threshold,1,1,20.0,1,1,1,1,30
citizen_services_0_2_emergency_audit,citizen_services,GET /benefits/{id},emergency_audit_downgrade,enhanced_audit_dependency,dependent_without_enhanced_audit,1,0,20.0,1,1,1,1,30
citizen_services_0_2_emergency_audit,citizen_services,GET /benefits/{id},emergency_audit_downgrade,enhanced_audit_dependency,dependent_without_purpose_field,1,1,20.0,1,1,1,1,30
citizen_services_0_2_compound_scope,citizen_services,GET /benefits/{id},compound_scope_field,compound_policy_interaction,schema_validation,1,0,50.0,0,0,0,0,3
citizen_services_0_2_compound_scope,citizen_services,GET /benefits/{id},compound_scope_field,compound_policy_interaction,role_matrix,1,0,50.0,0,0,0,0,3
citizen_services_0_2_compound_scope,citizen_services,GET /benefits/{id},compound_scope_field,compound_policy_interaction,object_policy_tests,1,0,50.0,0,0,0,0,3
citizen_services_0_2_compound_scope,citizen_services,GET /benefits/{id},compound_scope_field,compound_policy_interaction,field_policy_tests,1,0,50.0,0,0,0,0,3
citizen_services_0_2_compound_scope,citizen_services,GET /benefits/{id},compound_scope_field,compound_policy_interaction,audit_contract_tests,1,0,50.0,0,0,0,0,3
citizen_services_0_2_compound_scope,citizen_services,GET /benefits/{id},compound_scope_field,compound_policy_interaction,basic_policy_aware_full,1,0,50.0,0,0,0,0,3
citizen_services_0_2_compound_scope,citizen_services,GET /benefits/{id},compound_scope_field,compound_policy_interaction,dependent_policy_full,1,1,50.0,0,0,0,0,3
citizen_services_0_2_compound_scope,citizen_services,GET /benefits/{id},compound_scope_field,compound_policy_interaction,dependent_without_consent,1,0,50.0,0,0,0,0,3
citizen_services_0_2_compound_scope,citizen_services,GET /benefits/{id},compound_scope_field,compound_policy_interaction,dependent_without_threshold,1,1,50.0,0,0,0,0,3
citizen_services_0_2_compound_scope,citizen_services,GET /benefits/{id},compound_scope_field,compound_policy_interaction,dependent_without_enhanced_audit,1,1,50.0,0,0,0,0,3
citizen_services_0_2_compound_scope,citizen_services,GET /benefits/{id},compound_scope_field,compound_policy_interaction,dependent_without_purpose_field,1,1,50.0,0,0,0,0,3
citizen_services_0_2_clean_dependent,citizen_services,GET /benefits/{id},clean,none,schema_validation,0,0,0.0,1,1,1,0,30
citizen_services_0_2_clean_dependent,citizen_services,GET /benefits/{id},clean,none,role_matrix,0,0,0.0,1,1,1,0,30
citizen_services_0_2_clean_dependent,citizen_services,GET /benefits/{id},clean,none,object_policy_tests,0,0,0.0,1,1,1,0,30
citizen_services_0_2_clean_dependent,citizen_services,GET /benefits/{id},clean,none,field_policy_tests,0,0,0.0,1,1,1,0,30
citizen_services_0_2_clean_dependent,citizen_services,GET /benefits/{id},clean,none,audit_contract_tests,0,0,0.0,1,1,1,0,30
citizen_services_0_2_clean_dependent,citizen_services,GET /benefits/{id},clean,none,basic_policy_aware_full,0,0,0.0,1,1,1,0,30
citizen_services_0_2_clean_dependent,citizen_services,GET /benefits/{id},clean,none,dependent_policy_full,0,0,0.0,1,1,1,0,30
citizen_services_0_2_clean_dependent,citizen_services,GET /benefits/{id},clean,none,dependent_without_consent,0,0,0.0,1,1,1,0,30
citizen_services_0_2_clean_dependent,citizen_services,GET /benefits/{id},clean,none,dependent_without_threshold,0,0,0.0,1,1,1,0,30
citizen_services_0_2_clean_dependent,citizen_services,GET /benefits/{id},clean,none,dependent_without_enhanced_audit,0,0,0.0,1,1,1,0,30
citizen_services_0_2_clean_dependent,citizen_services,GET /benefits/{id},clean,none,dependent_without_purpose_field,0,0,0.0,1,1,1,0,30
education_0_3_purpose_field,education,GET /students/{id}/record,purpose_conditioned_field,purpose_field_dependency,schema_validation,1,0,35.0,1,1,1,0,27
education_0_3_purpose_field,education,GET /students/{id}/record,purpose_conditioned_field,purpose_field_dependency,role_matrix,1,0,35.0,1,1,1,0,27
education_0_3_purpose_field,education,GET /students/{id}/record,purpose_conditioned_field,purpose_field_dependency,object_policy_tests,1,0,35.0,1,1,1,0,27
education_0_3_purpose_field,education,GET /students/{id}/record,purpose_conditioned_field,purpose_field_dependency,field_policy_tests,1,0,35.0,1,1,1,0,27
education_0_3_purpose_field,education,GET /students/{id}/record,purpose_conditioned_field,purpose_field_dependency,audit_contract_tests,1,0,35.0,1,1,1,0,27
education_0_3_purpose_field,education,GET /students/{id}/record,purpose_conditioned_field,purpose_field_dependency,basic_policy_aware_full,1,0,35.0,1,1,1,0,27
education_0_3_purpose_field,education,GET /students/{id}/record,purpose_conditioned_field,purpose_field_dependency,dependent_policy_full,1,1,35.0,1,1,1,0,27
education_0_3_purpose_field,education,GET /students/{id}/record,purpose_conditioned_field,purpose_field_dependency,dependent_without_consent,1,1,35.0,1,1,1,0,27
education_0_3_purpose_field,education,GET /students/{id}/record,purpose_conditioned_field,purpose_field_dependency,dependent_without_threshold,1,1,35.0,1,1,1,0,27
education_0_3_purpose_field,education,GET /students/{id}/record,purpose_conditioned_field,purpose_field_dependency,dependent_without_enhanced_audit,1,1,35.0,1,1,1,0,27
education_0_3_purpose_field,education,GET /students/{id}/record,purpose_conditioned_field,purpose_field_dependency,dependent_without_purpose_field,1,0,35.0,1,1,1,0,27
education_0_3_jurisdiction_field,education,GET /students/{id}/record,jurisdiction_conditioned_field,jurisdiction_field_dependency,schema_validation,1,0,40.0,0,1,1,0,31
education_0_3_jurisdiction_field,education,GET /students/{id}/record,jurisdiction_conditioned_field,jurisdiction_field_dependency,role_matrix,1,0,40.0,0,1,1,0,31
education_0_3_jurisdiction_field,education,GET /students/{id}/record,jurisdiction_conditioned_field,jurisdiction_field_dependency,object_policy_tests,1,0,40.0,0,1,1,0,31
education_0_3_jurisdiction_field,education,GET /students/{id}/record,jurisdiction_conditioned_field,jurisdiction_field_dependency,field_policy_tests,1,0,40.0,0,1,1,0,31
education_0_3_jurisdiction_field,education,GET /students/{id}/record,jurisdiction_conditioned_field,jurisdiction_field_dependency,audit_contract_tests,1,0,40.0,0,1,1,0,31
education_0_3_jurisdiction_field,education,GET /students/{id}/record,jurisdiction_conditioned_field,jurisdiction_field_dependency,basic_policy_aware_full,1,0,40.0,0,1,1,0,31
education_0_3_jurisdiction_field,education,GET /students/{id}/record,jurisdiction_conditioned_field,jurisdiction_field_dependency,dependent_policy_full,1,1,40.0,0,1,1,0,31
education_0_3_jurisdiction_field,education,GET /students/{id}/record,jurisdiction_conditioned_field,jurisdiction_field_dependency,dependent_without_consent,1,1,40.0,0,1,1,0,31
education_0_3_jurisdiction_field,education,GET /students/{id}/record,jurisdiction_conditioned_field,jurisdiction_field_dependency,dependent_without_threshold,1,1,40.0,0,1,1,0,31
education_0_3_jurisdiction_field,education,GET /students/{id}/record,jurisdiction_conditioned_field,jurisdiction_field_dependency,dependent_without_enhanced_audit,1,1,40.0,0,1,1,0,31
education_0_3_jurisdiction_field,education,GET /students/{id}/record,jurisdiction_conditioned_field,jurisdiction_field_dependency,dependent_without_purpose_field,1,1,40.0,0,1,1,0,31
education_0_3_consent_field,education,GET /students/{id}/record,consent_gated_field,consent_field_dependency,schema_validation,1,0,30.0,1,1,0,0,44
education_0_3_consent_field,education,GET /students/{id}/record,consent_gated_field,consent_field_dependency,role_matrix,1,0,30.0,1,1,0,0,44
education_0_3_consent_field,education,GET /students/{id}/record,consent_gated_field,consent_field_dependency,object_policy_tests,1,0,30.0,1,1,0,0,44
education_0_3_consent_field,education,GET /students/{id}/record,consent_gated_field,consent_field_dependency,field_policy_tests,1,0,30.0,1,1,0,0,44
education_0_3_consent_field,education,GET /students/{id}/record,consent_gated_field,consent_field_dependency,audit_contract_tests,1,0,30.0,1,1,0,0,44
education_0_3_consent_field,education,GET /students/{id}/record,consent_gated_field,consent_field_dependency,basic_policy_aware_full,1,0,30.0,1,1,0,0,44
education_0_3_consent_field,education,GET /students/{id}/record,consent_gated_field,consent_field_dependency,dependent_policy_full,1,1,30.0,1,1,0,0,44
education_0_3_consent_field,education,GET /students/{id}/record,consent_gated_field,consent_field_dependency,dependent_without_consent,1,0,30.0,1,1,0,0,44
education_0_3_consent_field,education,GET /students/{id}/record,consent_gated_field,consent_field_dependency,dependent_without_threshold,1,1,30.0,1,1,0,0,44
education_0_3_consent_field,education,GET /students/{id}/record,consent_gated_field,consent_field_dependency,dependent_without_enhanced_audit,1,1,30.0,1,1,0,0,44
education_0_3_consent_field,education,GET /students/{id}/record,consent_gated_field,consent_field_dependency,dependent_without_purpose_field,1,1,30.0,1,1,0,0,44
education_0_3_small_cell,education,GET /students/{id}/record,aggregation_threshold_leak,aggregation_threshold,schema_validation,1,0,25.0,1,1,1,0,4
education_0_3_small_cell,education,GET /students/{id}/record,aggregation_threshold_leak,aggregation_threshold,role_matrix,1,0,25.0,1,1,1,0,4
education_0_3_small_cell,education,GET /students/{id}/record,aggregation_threshold_leak,aggregation_threshold,object_policy_tests,1,0,25.0,1,1,1,0,4
education_0_3_small_cell,education,GET /students/{id}/record,aggregation_threshold_leak,aggregation_threshold,field_policy_tests,1,0,25.0,1,1,1,0,4
education_0_3_small_cell,education,GET /students/{id}/record,aggregation_threshold_leak,aggregation_threshold,audit_contract_tests,1,0,25.0,1,1,1,0,4
education_0_3_small_cell,education,GET /students/{id}/record,aggregation_threshold_leak,aggregation_threshold,basic_policy_aware_full,1,0,25.0,1,1,1,0,4
education_0_3_small_cell,education,GET /students/{id}/record,aggregation_threshold_leak,aggregation_threshold,dependent_policy_full,1,1,25.0,1,1,1,0,4
education_0_3_small_cell,education,GET /students/{id}/record,aggregation_threshold_leak,aggregation_threshold,dependent_without_consent,1,1,25.0,1,1,1,0,4
education_0_3_small_cell,education,GET /students/{id}/record,aggregation_threshold_leak,aggregation_threshold,dependent_without_threshold,1,0,25.0,1,1,1,0,4
education_0_3_small_cell,education,GET /students/{id}/record,aggregation_threshold_leak,aggregation_threshold,dependent_without_enhanced_audit,1,1,25.0,1,1,1,0,4
education_0_3_small_cell,education,GET /students/{id}/record,aggregation_threshold_leak,aggregation_threshold,dependent_without_purpose_field,1,1,25.0,1,1,1,0,4
education_0_3_emergency_audit,education,GET /students/{id}/record,emergency_audit_downgrade,enhanced_audit_dependency,schema_validation,1,0,20.0,1,1,1,1,30
education_0_3_emergency_audit,education,GET /students/{id}/record,emergency_audit_downgrade,enhanced_audit_dependency,role_matrix,1,0,20.0,1,1,1,1,30
education_0_3_emergency_audit,education,GET /students/{id}/record,emergency_audit_downgrade,enhanced_audit_dependency,object_policy_tests,1,0,20.0,1,1,1,1,30
education_0_3_emergency_audit,education,GET /students/{id}/record,emergency_audit_downgrade,enhanced_audit_dependency,field_policy_tests,1,0,20.0,1,1,1,1,30
education_0_3_emergency_audit,education,GET /students/{id}/record,emergency_audit_downgrade,enhanced_audit_dependency,audit_contract_tests,1,0,20.0,1,1,1,1,30
education_0_3_emergency_audit,education,GET /students/{id}/record,emergency_audit_downgrade,enhanced_audit_dependency,basic_policy_aware_full,1,0,20.0,1,1,1,1,30
education_0_3_emergency_audit,education,GET /students/{id}/record,emergency_audit_downgrade,enhanced_audit_dependency,dependent_policy_full,1,1,20.0,1,1,1,1,30
education_0_3_emergency_audit,education,GET /students/{id}/record,emergency_audit_downgrade,enhanced_audit_dependency,dependent_without_consent,1,1,20.0,1,1,1,1,30
education_0_3_emergency_audit,education,GET /students/{id}/record,emergency_audit_downgrade,enhanced_audit_dependency,dependent_without_threshold,1,1,20.0,1,1,1,1,30
education_0_3_emergency_audit,education,GET /students/{id}/record,emergency_audit_downgrade,enhanced_audit_dependency,dependent_without_enhanced_audit,1,0,20.0,1,1,1,1,30
education_0_3_emergency_audit,education,GET /students/{id}/record,emergency_audit_downgrade,enhanced_audit_dependency,dependent_without_purpose_field,1,1,20.0,1,1,1,1,30
education_0_3_compound_scope,education,GET /students/{id}/record,compound_scope_field,compound_policy_interaction,schema_validation,1,0,50.0,0,0,0,0,3
education_0_3_compound_scope,education,GET /students/{id}/record,compound_scope_field,compound_policy_interaction,role_matrix,1,0,50.0,0,0,0,0,3
education_0_3_compound_scope,education,GET /students/{id}/record,compound_scope_field,compound_policy_interaction,object_policy_tests,1,0,50.0,0,0,0,0,3
education_0_3_compound_scope,education,GET /students/{id}/record,compound_scope_field,compound_policy_interaction,field_policy_tests,1,0,50.0,0,0,0,0,3
education_0_3_compound_scope,education,GET /students/{id}/record,compound_scope_field,compound_policy_interaction,audit_contract_tests,1,0,50.0,0,0,0,0,3
education_0_3_compound_scope,education,GET /students/{id}/record,compound_scope_field,compound_policy_interaction,basic_policy_aware_full,1,0,50.0,0,0,0,0,3
education_0_3_compound_scope,education,GET /students/{id}/record,compound_scope_field,compound_policy_interaction,dependent_policy_full,1,1,50.0,0,0,0,0,3
education_0_3_compound_scope,education,GET /students/{id}/record,compound_scope_field,compound_policy_interaction,dependent_without_consent,1,0,50.0,0,0,0,0,3
education_0_3_compound_scope,education,GET /students/{id}/record,compound_scope_field,compound_policy_interaction,dependent_without_threshold,1,1,50.0,0,0,0,0,3
education_0_3_compound_scope,education,GET /students/{id}/record,compound_scope_field,compound_policy_interaction,dependent_without_enhanced_audit,1,1,50.0,0,0,0,0,3
education_0_3_compound_scope,education,GET /students/{id}/record,compound_scope_field,compound_policy_interaction,dependent_without_purpose_field,1,1,50.0,0,0,0,0,3
education_0_3_clean_dependent,education,GET /students/{id}/record,clean,none,schema_validation,0,0,0.0,1,1,1,0,30
education_0_3_clean_dependent,education,GET /students/{id}/record,clean,none,role_matrix,0,0,0.0,1,1,1,0,30
education_0_3_clean_dependent,education,GET /students/{id}/record,clean,none,object_policy_tests,0,0,0.0,1,1,1,0,30
education_0_3_clean_dependent,education,GET /students/{id}/record,clean,none,field_policy_tests,0,0,0.0,1,1,1,0,30
education_0_3_clean_dependent,education,GET /students/{id}/record,clean,none,audit_contract_tests,0,0,0.0,1,1,1,0,30
education_0_3_clean_dependent,education,GET /students/{id}/record,clean,none,basic_policy_aware_full,0,0,0.0,1,1,1,0,30
education_0_3_clean_dependent,education,GET /students/{id}/record,clean,none,dependent_policy_full,0,0,0.0,1,1,1,0,30
education_0_3_clean_dependent,education,GET /students/{id}/record,clean,none,dependent_without_consent,0,0,0.0,1,1,1,0,30
education_0_3_clean_dependent,education,GET /students/{id}/record,clean,none,dependent_without_threshold,0,0,0.0,1,1,1,0,30
education_0_3_clean_dependent,education,GET /students/{id}/record,clean,none,dependent_without_enhanced_audit,0,0,0.0,1,1,1,0,30
education_0_3_clean_dependent,education,GET /students/{id}/record,clean,none,dependent_without_purpose_field,0,0,0.0,1,1,1,0,30
business_licensing_0_4_purpose_field,business_licensing,GET /licenses/export,purpose_conditioned_field,purpose_field_dependency,schema_validation,1,0,28.0,1,1,1,0,27
business_licensing_0_4_purpose_field,business_licensing,GET /licenses/export,purpose_conditioned_field,purpose_field_dependency,role_matrix,1,0,28.0,1,1,1,0,27
business_licensing_0_4_purpose_field,business_licensing,GET /licenses/export,purpose_conditioned_field,purpose_field_dependency,object_policy_tests,1,0,28.0,1,1,1,0,27
business_licensing_0_4_purpose_field,business_licensing,GET /licenses/export,purpose_conditioned_field,purpose_field_dependency,field_policy_tests,1,0,28.0,1,1,1,0,27
business_licensing_0_4_purpose_field,business_licensing,GET /licenses/export,purpose_conditioned_field,purpose_field_dependency,audit_contract_tests,1,0,28.0,1,1,1,0,27
business_licensing_0_4_purpose_field,business_licensing,GET /licenses/export,purpose_conditioned_field,purpose_field_dependency,basic_policy_aware_full,1,0,28.0,1,1,1,0,27
business_licensing_0_4_purpose_field,business_licensing,GET /licenses/export,purpose_conditioned_field,purpose_field_dependency,dependent_policy_full,1,1,28.0,1,1,1,0,27
business_licensing_0_4_purpose_field,business_licensing,GET /licenses/export,purpose_conditioned_field,purpose_field_dependency,dependent_without_consent,1,1,28.0,1,1,1,0,27
business_licensing_0_4_purpose_field,business_licensing,GET /licenses/export,purpose_conditioned_field,purpose_field_dependency,dependent_without_threshold,1,1,28.0,1,1,1,0,27
business_licensing_0_4_purpose_field,business_licensing,GET /licenses/export,purpose_conditioned_field,purpose_field_dependency,dependent_without_enhanced_audit,1,1,28.0,1,1,1,0,27
business_licensing_0_4_purpose_field,business_licensing,GET /licenses/export,purpose_conditioned_field,purpose_field_dependency,dependent_without_purpose_field,1,0,28.0,1,1,1,0,27
business_licensing_0_4_jurisdiction_field,business_licensing,GET /licenses/export,jurisdiction_conditioned_field,jurisdiction_field_dependency,schema_validation,1,0,32.0,0,1,1,0,31
business_licensing_0_4_jurisdiction_field,business_licensing,GET /licenses/export,jurisdiction_conditioned_field,jurisdiction_field_dependency,role_matrix,1,0,32.0,0,1,1,0,31
business_licensing_0_4_jurisdiction_field,business_licensing,GET /licenses/export,jurisdiction_conditioned_field,jurisdiction_field_dependency,object_policy_tests,1,0,32.0,0,1,1,0,31
business_licensing_0_4_jurisdiction_field,business_licensing,GET /licenses/export,jurisdiction_conditioned_field,jurisdiction_field_dependency,field_policy_tests,1,0,32.0,0,1,1,0,31
business_licensing_0_4_jurisdiction_field,business_licensing,GET /licenses/export,jurisdiction_conditioned_field,jurisdiction_field_dependency,audit_contract_tests,1,0,32.0,0,1,1,0,31
business_licensing_0_4_jurisdiction_field,business_licensing,GET /licenses/export,jurisdiction_conditioned_field,jurisdiction_field_dependency,basic_policy_aware_full,1,0,32.0,0,1,1,0,31
business_licensing_0_4_jurisdiction_field,business_licensing,GET /licenses/export,jurisdiction_conditioned_field,jurisdiction_field_dependency,dependent_policy_full,1,1,32.0,0,1,1,0,31
business_licensing_0_4_jurisdiction_field,business_licensing,GET /licenses/export,jurisdiction_conditioned_field,jurisdiction_field_dependency,dependent_without_consent,1,1,32.0,0,1,1,0,31
business_licensing_0_4_jurisdiction_field,business_licensing,GET /licenses/export,jurisdiction_conditioned_field,jurisdiction_field_dependency,dependent_without_threshold,1,1,32.0,0,1,1,0,31
business_licensing_0_4_jurisdiction_field,business_licensing,GET /licenses/export,jurisdiction_conditioned_field,jurisdiction_field_dependency,dependent_without_enhanced_audit,1,1,32.0,0,1,1,0,31
business_licensing_0_4_jurisdiction_field,business_licensing,GET /licenses/export,jurisdiction_conditioned_field,jurisdiction_field_dependency,dependent_without_purpose_field,1,1,32.0,0,1,1,0,31
business_licensing_0_4_consent_field,business_licensing,GET /licenses/export,consent_gated_field,consent_field_dependency,schema_validation,1,0,24.0,1,1,0,0,44
business_licensing_0_4_consent_field,business_licensing,GET /licenses/export,consent_gated_field,consent_field_dependency,role_matrix,1,0,24.0,1,1,0,0,44
business_licensing_0_4_consent_field,business_licensing,GET /licenses/export,consent_gated_field,consent_field_dependency,object_policy_tests,1,0,24.0,1,1,0,0,44
business_licensing_0_4_consent_field,business_licensing,GET /licenses/export,consent_gated_field,consent_field_dependency,field_policy_tests,1,0,24.0,1,1,0,0,44
business_licensing_0_4_consent_field,business_licensing,GET /licenses/export,consent_gated_field,consent_field_dependency,audit_contract_tests,1,0,24.0,1,1,0,0,44
business_licensing_0_4_consent_field,business_licensing,GET /licenses/export,consent_gated_field,consent_field_dependency,basic_policy_aware_full,1,0,24.0,1,1,0,0,44
business_licensing_0_4_consent_field,business_licensing,GET /licenses/export,consent_gated_field,consent_field_dependency,dependent_policy_full,1,1,24.0,1,1,0,0,44
business_licensing_0_4_consent_field,business_licensing,GET /licenses/export,consent_gated_field,consent_field_dependency,dependent_without_consent,1,0,24.0,1,1,0,0,44
business_licensing_0_4_consent_field,business_licensing,GET /licenses/export,consent_gated_field,consent_field_dependency,dependent_without_threshold,1,1,24.0,1,1,0,0,44
business_licensing_0_4_consent_field,business_licensing,GET /licenses/export,consent_gated_field,consent_field_dependency,dependent_without_enhanced_audit,1,1,24.0,1,1,0,0,44
business_licensing_0_4_consent_field,business_licensing,GET /licenses/export,consent_gated_field,consent_field_dependency,dependent_without_purpose_field,1,1,24.0,1,1,0,0,44
business_licensing_0_4_small_cell,business_licensing,GET /licenses/export,aggregation_threshold_leak,aggregation_threshold,schema_validation,1,0,20.0,1,1,1,0,4
business_licensing_0_4_small_cell,business_licensing,GET /licenses/export,aggregation_threshold_leak,aggregation_threshold,role_matrix,1,0,20.0,1,1,1,0,4
business_licensing_0_4_small_cell,business_licensing,GET /licenses/export,aggregation_threshold_leak,aggregation_threshold,object_policy_tests,1,0,20.0,1,1,1,0,4
business_licensing_0_4_small_cell,business_licensing,GET /licenses/export,aggregation_threshold_leak,aggregation_threshold,field_policy_tests,1,0,20.0,1,1,1,0,4
business_licensing_0_4_small_cell,business_licensing,GET /licenses/export,aggregation_threshold_leak,aggregation_threshold,audit_contract_tests,1,0,20.0,1,1,1,0,4
business_licensing_0_4_small_cell,business_licensing,GET /licenses/export,aggregation_threshold_leak,aggregation_threshold,basic_policy_aware_full,1,0,20.0,1,1,1,0,4
business_licensing_0_4_small_cell,business_licensing,GET /licenses/export,aggregation_threshold_leak,aggregation_threshold,dependent_policy_full,1,1,20.0,1,1,1,0,4
business_licensing_0_4_small_cell,business_licensing,GET /licenses/export,aggregation_threshold_leak,aggregation_threshold,dependent_without_consent,1,1,20.0,1,1,1,0,4
business_licensing_0_4_small_cell,business_licensing,GET /licenses/export,aggregation_threshold_leak,aggregation_threshold,dependent_without_threshold,1,0,20.0,1,1,1,0,4
business_licensing_0_4_small_cell,business_licensing,GET /licenses/export,aggregation_threshold_leak,aggregation_threshold,dependent_without_enhanced_audit,1,1,20.0,1,1,1,0,4
business_licensing_0_4_small_cell,business_licensing,GET /licenses/export,aggregation_threshold_leak,aggregation_threshold,dependent_without_purpose_field,1,1,20.0,1,1,1,0,4
business_licensing_0_4_emergency_audit,business_licensing,GET /licenses/export,emergency_audit_downgrade,enhanced_audit_dependency,schema_validation,1,0,16.0,1,1,1,1,30
business_licensing_0_4_emergency_audit,business_licensing,GET /licenses/export,emergency_audit_downgrade,enhanced_audit_dependency,role_matrix,1,0,16.0,1,1,1,1,30
business_licensing_0_4_emergency_audit,business_licensing,GET /licenses/export,emergency_audit_downgrade,enhanced_audit_dependency,object_policy_tests,1,0,16.0,1,1,1,1,30
business_licensing_0_4_emergency_audit,business_licensing,GET /licenses/export,emergency_audit_downgrade,enhanced_audit_dependency,field_policy_tests,1,0,16.0,1,1,1,1,30
business_licensing_0_4_emergency_audit,business_licensing,GET /licenses/export,emergency_audit_downgrade,enhanced_audit_dependency,audit_contract_tests,1,0,16.0,1,1,1,1,30
business_licensing_0_4_emergency_audit,business_licensing,GET /licenses/export,emergency_audit_downgrade,enhanced_audit_dependency,basic_policy_aware_full,1,0,16.0,1,1,1,1,30
business_licensing_0_4_emergency_audit,business_licensing,GET /licenses/export,emergency_audit_downgrade,enhanced_audit_dependency,dependent_policy_full,1,1,16.0,1,1,1,1,30
business_licensing_0_4_emergency_audit,business_licensing,GET /licenses/export,emergency_audit_downgrade,enhanced_audit_dependency,dependent_without_consent,1,1,16.0,1,1,1,1,30
business_licensing_0_4_emergency_audit,business_licensing,GET /licenses/export,emergency_audit_downgrade,enhanced_audit_dependency,dependent_without_threshold,1,1,16.0,1,1,1,1,30
business_licensing_0_4_emergency_audit,business_licensing,GET /licenses/export,emergency_audit_downgrade,enhanced_audit_dependency,dependent_without_enhanced_audit,1,0,16.0,1,1,1,1,30
business_licensing_0_4_emergency_audit,business_licensing,GET /licenses/export,emergency_audit_downgrade,enhanced_audit_dependency,dependent_without_purpose_field,1,1,16.0,1,1,1,1,30
business_licensing_0_4_compound_scope,business_licensing,GET /licenses/export,compound_scope_field,compound_policy_interaction,schema_validation,1,0,40.0,0,0,0,0,3
business_licensing_0_4_compound_scope,business_licensing,GET /licenses/export,compound_scope_field,compound_policy_interaction,role_matrix,1,0,40.0,0,0,0,0,3
business_licensing_0_4_compound_scope,business_licensing,GET /licenses/export,compound_scope_field,compound_policy_interaction,object_policy_tests,1,0,40.0,0,0,0,0,3
business_licensing_0_4_compound_scope,business_licensing,GET /licenses/export,compound_scope_field,compound_policy_interaction,field_policy_tests,1,0,40.0,0,0,0,0,3
business_licensing_0_4_compound_scope,business_licensing,GET /licenses/export,compound_scope_field,compound_policy_interaction,audit_contract_tests,1,0,40.0,0,0,0,0,3
business_licensing_0_4_compound_scope,business_licensing,GET /licenses/export,compound_scope_field,compound_policy_interaction,basic_policy_aware_full,1,0,40.0,0,0,0,0,3
business_licensing_0_4_compound_scope,business_licensing,GET /licenses/export,compound_scope_field,compound_policy_interaction,dependent_policy_full,1,1,40.0,0,0,0,0,3
business_licensing_0_4_compound_scope,business_licensing,GET /licenses/export,compound_scope_field,compound_policy_interaction,dependent_without_consent,1,0,40.0,0,0,0,0,3
business_licensing_0_4_compound_scope,business_licensing,GET /licenses/export,compound_scope_field,compound_policy_interaction,dependent_without_threshold,1,1,40.0,0,0,0,0,3
business_licensing_0_4_compound_scope,business_licensing,GET /licenses/export,compound_scope_field,compound_policy_interaction,dependent_without_enhanced_audit,1,1,40.0,0,0,0,0,3
business_licensing_0_4_compound_scope,business_licensing,GET /licenses/export,compound_scope_field,compound_policy_interaction,dependent_without_purpose_field,1,1,40.0,0,0,0,0,3
business_licensing_0_4_clean_dependent,business_licensing,GET /licenses/export,clean,none,schema_validation,0,0,0.0,1,1,1,0,30
business_licensing_0_4_clean_dependent,business_licensing,GET /licenses/export,clean,none,role_matrix,0,0,0.0,1,1,1,0,30
business_licensing_0_4_clean_dependent,business_licensing,GET /licenses/export,clean,none,object_policy_tests,0,0,0.0,1,1,1,0,30
business_licensing_0_4_clean_dependent,business_licensing,GET /licenses/export,clean,none,field_policy_tests,0,0,0.0,1,1,1,0,30
business_licensing_0_4_clean_dependent,business_licensing,GET /licenses/export,clean,none,audit_contract_tests,0,0,0.0,1,1,1,0,30
business_licensing_0_4_clean_dependent,business_licensing,GET /licenses/export,clean,none,basic_policy_aware_full,0,0,0.0,1,1,1,0,30
business_licensing_0_4_clean_dependent,business_licensing,GET /licenses/export,clean,none,dependent_policy_full,0,0,0.0,1,1,1,0,30
business_licensing_0_4_clean_dependent,business_licensing,GET /licenses/export,clean,none,dependent_without_consent,0,0,0.0,1,1,1,0,30
business_licensing_0_4_clean_dependent,business_licensing,GET /licenses/export,clean,none,dependent_without_threshold,0,0,0.0,1,1,1,0,30
business_licensing_0_4_clean_dependent,business_licensing,GET /licenses/export,clean,none,dependent_without_enhanced_audit,0,0,0.0,1,1,1,0,30
business_licensing_0_4_clean_dependent,business_licensing,GET /licenses/export,clean,none,dependent_without_purpose_field,0,0,0.0,1,1,1,0,30
health_1_1_purpose_field,health,GET /patients/{id}/dependent-replica-1,purpose_conditioned_field,purpose_field_dependency,schema_validation,1,0,35.0,1,1,1,0,27
health_1_1_purpose_field,health,GET /patients/{id}/dependent-replica-1,purpose_conditioned_field,purpose_field_dependency,role_matrix,1,0,35.0,1,1,1,0,27
health_1_1_purpose_field,health,GET /patients/{id}/dependent-replica-1,purpose_conditioned_field,purpose_field_dependency,object_policy_tests,1,0,35.0,1,1,1,0,27
health_1_1_purpose_field,health,GET /patients/{id}/dependent-replica-1,purpose_conditioned_field,purpose_field_dependency,field_policy_tests,1,0,35.0,1,1,1,0,27
health_1_1_purpose_field,health,GET /patients/{id}/dependent-replica-1,purpose_conditioned_field,purpose_field_dependency,audit_contract_tests,1,0,35.0,1,1,1,0,27
health_1_1_purpose_field,health,GET /patients/{id}/dependent-replica-1,purpose_conditioned_field,purpose_field_dependency,basic_policy_aware_full,1,0,35.0,1,1,1,0,27
health_1_1_purpose_field,health,GET /patients/{id}/dependent-replica-1,purpose_conditioned_field,purpose_field_dependency,dependent_policy_full,1,1,35.0,1,1,1,0,27
health_1_1_purpose_field,health,GET /patients/{id}/dependent-replica-1,purpose_conditioned_field,purpose_field_dependency,dependent_without_consent,1,1,35.0,1,1,1,0,27
health_1_1_purpose_field,health,GET /patients/{id}/dependent-replica-1,purpose_conditioned_field,purpose_field_dependency,dependent_without_threshold,1,1,35.0,1,1,1,0,27
health_1_1_purpose_field,health,GET /patients/{id}/dependent-replica-1,purpose_conditioned_field,purpose_field_dependency,dependent_without_enhanced_audit,1,1,35.0,1,1,1,0,27
health_1_1_purpose_field,health,GET /patients/{id}/dependent-replica-1,purpose_conditioned_field,purpose_field_dependency,dependent_without_purpose_field,1,0,35.0,1,1,1,0,27
health_1_1_jurisdiction_field,health,GET /patients/{id}/dependent-replica-1,jurisdiction_conditioned_field,jurisdiction_field_dependency,schema_validation,1,0,40.0,0,1,1,0,31
health_1_1_jurisdiction_field,health,GET /patients/{id}/dependent-replica-1,jurisdiction_conditioned_field,jurisdiction_field_dependency,role_matrix,1,0,40.0,0,1,1,0,31
health_1_1_jurisdiction_field,health,GET /patients/{id}/dependent-replica-1,jurisdiction_conditioned_field,jurisdiction_field_dependency,object_policy_tests,1,0,40.0,0,1,1,0,31
health_1_1_jurisdiction_field,health,GET /patients/{id}/dependent-replica-1,jurisdiction_conditioned_field,jurisdiction_field_dependency,field_policy_tests,1,0,40.0,0,1,1,0,31
health_1_1_jurisdiction_field,health,GET /patients/{id}/dependent-replica-1,jurisdiction_conditioned_field,jurisdiction_field_dependency,audit_contract_tests,1,0,40.0,0,1,1,0,31
health_1_1_jurisdiction_field,health,GET /patients/{id}/dependent-replica-1,jurisdiction_conditioned_field,jurisdiction_field_dependency,basic_policy_aware_full,1,0,40.0,0,1,1,0,31
health_1_1_jurisdiction_field,health,GET /patients/{id}/dependent-replica-1,jurisdiction_conditioned_field,jurisdiction_field_dependency,dependent_policy_full,1,1,40.0,0,1,1,0,31
health_1_1_jurisdiction_field,health,GET /patients/{id}/dependent-replica-1,jurisdiction_conditioned_field,jurisdiction_field_dependency,dependent_without_consent,1,1,40.0,0,1,1,0,31
health_1_1_jurisdiction_field,health,GET /patients/{id}/dependent-replica-1,jurisdiction_conditioned_field,jurisdiction_field_dependency,dependent_without_threshold,1,1,40.0,0,1,1,0,31
health_1_1_jurisdiction_field,health,GET /patients/{id}/dependent-replica-1,jurisdiction_conditioned_field,jurisdiction_field_dependency,dependent_without_enhanced_audit,1,1,40.0,0,1,1,0,31
health_1_1_jurisdiction_field,health,GET /patients/{id}/dependent-replica-1,jurisdiction_conditioned_field,jurisdiction_field_dependency,dependent_without_purpose_field,1,1,40.0,0,1,1,0,31
health_1_1_consent_field,health,GET /patients/{id}/dependent-replica-1,consent_gated_field,consent_field_dependency,schema_validation,1,0,30.0,1,1,0,0,44
health_1_1_consent_field,health,GET /patients/{id}/dependent-replica-1,consent_gated_field,consent_field_dependency,role_matrix,1,0,30.0,1,1,0,0,44
health_1_1_consent_field,health,GET /patients/{id}/dependent-replica-1,consent_gated_field,consent_field_dependency,object_policy_tests,1,0,30.0,1,1,0,0,44
health_1_1_consent_field,health,GET /patients/{id}/dependent-replica-1,consent_gated_field,consent_field_dependency,field_policy_tests,1,0,30.0,1,1,0,0,44
health_1_1_consent_field,health,GET /patients/{id}/dependent-replica-1,consent_gated_field,consent_field_dependency,audit_contract_tests,1,0,30.0,1,1,0,0,44
health_1_1_consent_field,health,GET /patients/{id}/dependent-replica-1,consent_gated_field,consent_field_dependency,basic_policy_aware_full,1,0,30.0,1,1,0,0,44
health_1_1_consent_field,health,GET /patients/{id}/dependent-replica-1,consent_gated_field,consent_field_dependency,dependent_policy_full,1,1,30.0,1,1,0,0,44
health_1_1_consent_field,health,GET /patients/{id}/dependent-replica-1,consent_gated_field,consent_field_dependency,dependent_without_consent,1,0,30.0,1,1,0,0,44
health_1_1_consent_field,health,GET /patients/{id}/dependent-replica-1,consent_gated_field,consent_field_dependency,dependent_without_threshold,1,1,30.0,1,1,0,0,44
health_1_1_consent_field,health,GET /patients/{id}/dependent-replica-1,consent_gated_field,consent_field_dependency,dependent_without_enhanced_audit,1,1,30.0,1,1,0,0,44
health_1_1_consent_field,health,GET /patients/{id}/dependent-replica-1,consent_gated_field,consent_field_dependency,dependent_without_purpose_field,1,1,30.0,1,1,0,0,44
health_1_1_small_cell,health,GET /patients/{id}/dependent-replica-1,aggregation_threshold_leak,aggregation_threshold,schema_validation,1,0,25.0,1,1,1,0,4
health_1_1_small_cell,health,GET /patients/{id}/dependent-replica-1,aggregation_threshold_leak,aggregation_threshold,role_matrix,1,0,25.0,1,1,1,0,4
health_1_1_small_cell,health,GET /patients/{id}/dependent-replica-1,aggregation_threshold_leak,aggregation_threshold,object_policy_tests,1,0,25.0,1,1,1,0,4
health_1_1_small_cell,health,GET /patients/{id}/dependent-replica-1,aggregation_threshold_leak,aggregation_threshold,field_policy_tests,1,0,25.0,1,1,1,0,4
health_1_1_small_cell,health,GET /patients/{id}/dependent-replica-1,aggregation_threshold_leak,aggregation_threshold,audit_contract_tests,1,0,25.0,1,1,1,0,4
health_1_1_small_cell,health,GET /patients/{id}/dependent-replica-1,aggregation_threshold_leak,aggregation_threshold,basic_policy_aware_full,1,0,25.0,1,1,1,0,4
health_1_1_small_cell,health,GET /patients/{id}/dependent-replica-1,aggregation_threshold_leak,aggregation_threshold,dependent_policy_full,1,1,25.0,1,1,1,0,4
health_1_1_small_cell,health,GET /patients/{id}/dependent-replica-1,aggregation_threshold_leak,aggregation_threshold,dependent_without_consent,1,1,25.0,1,1,1,0,4
health_1_1_small_cell,health,GET /patients/{id}/dependent-replica-1,aggregation_threshold_leak,aggregation_threshold,dependent_without_threshold,1,0,25.0,1,1,1,0,4
health_1_1_small_cell,health,GET /patients/{id}/dependent-replica-1,aggregation_threshold_leak,aggregation_threshold,dependent_without_enhanced_audit,1,1,25.0,1,1,1,0,4
health_1_1_small_cell,health,GET /patients/{id}/dependent-replica-1,aggregation_threshold_leak,aggregation_threshold,dependent_without_purpose_field,1,1,25.0,1,1,1,0,4
health_1_1_emergency_audit,health,GET /patients/{id}/dependent-replica-1,emergency_audit_downgrade,enhanced_audit_dependency,schema_validation,1,0,20.0,1,1,1,1,30
health_1_1_emergency_audit,health,GET /patients/{id}/dependent-replica-1,emergency_audit_downgrade,enhanced_audit_dependency,role_matrix,1,0,20.0,1,1,1,1,30
health_1_1_emergency_audit,health,GET /patients/{id}/dependent-replica-1,emergency_audit_downgrade,enhanced_audit_dependency,object_policy_tests,1,0,20.0,1,1,1,1,30
health_1_1_emergency_audit,health,GET /patients/{id}/dependent-replica-1,emergency_audit_downgrade,enhanced_audit_dependency,field_policy_tests,1,0,20.0,1,1,1,1,30
health_1_1_emergency_audit,health,GET /patients/{id}/dependent-replica-1,emergency_audit_downgrade,enhanced_audit_dependency,audit_contract_tests,1,0,20.0,1,1,1,1,30
health_1_1_emergency_audit,health,GET /patients/{id}/dependent-replica-1,emergency_audit_downgrade,enhanced_audit_dependency,basic_policy_aware_full,1,0,20.0,1,1,1,1,30
health_1_1_emergency_audit,health,GET /patients/{id}/dependent-replica-1,emergency_audit_downgrade,enhanced_audit_dependency,dependent_policy_full,1,1,20.0,1,1,1,1,30
health_1_1_emergency_audit,health,GET /patients/{id}/dependent-replica-1,emergency_audit_downgrade,enhanced_audit_dependency,dependent_without_consent,1,1,20.0,1,1,1,1,30
health_1_1_emergency_audit,health,GET /patients/{id}/dependent-replica-1,emergency_audit_downgrade,enhanced_audit_dependency,dependent_without_threshold,1,1,20.0,1,1,1,1,30
health_1_1_emergency_audit,health,GET /patients/{id}/dependent-replica-1,emergency_audit_downgrade,enhanced_audit_dependency,dependent_without_enhanced_audit,1,0,20.0,1,1,1,1,30
health_1_1_emergency_audit,health,GET /patients/{id}/dependent-replica-1,emergency_audit_downgrade,enhanced_audit_dependency,dependent_without_purpose_field,1,1,20.0,1,1,1,1,30
health_1_1_compound_scope,health,GET /patients/{id}/dependent-replica-1,compound_scope_field,compound_policy_interaction,schema_validation,1,0,50.0,0,0,0,0,3
health_1_1_compound_scope,health,GET /patients/{id}/dependent-replica-1,compound_scope_field,compound_policy_interaction,role_matrix,1,0,50.0,0,0,0,0,3
health_1_1_compound_scope,health,GET /patients/{id}/dependent-replica-1,compound_scope_field,compound_policy_interaction,object_policy_tests,1,0,50.0,0,0,0,0,3
health_1_1_compound_scope,health,GET /patients/{id}/dependent-replica-1,compound_scope_field,compound_policy_interaction,field_policy_tests,1,0,50.0,0,0,0,0,3
health_1_1_compound_scope,health,GET /patients/{id}/dependent-replica-1,compound_scope_field,compound_policy_interaction,audit_contract_tests,1,0,50.0,0,0,0,0,3
health_1_1_compound_scope,health,GET /patients/{id}/dependent-replica-1,compound_scope_field,compound_policy_interaction,basic_policy_aware_full,1,0,50.0,0,0,0,0,3
health_1_1_compound_scope,health,GET /patients/{id}/dependent-replica-1,compound_scope_field,compound_policy_interaction,dependent_policy_full,1,1,50.0,0,0,0,0,3
health_1_1_compound_scope,health,GET /patients/{id}/dependent-replica-1,compound_scope_field,compound_policy_interaction,dependent_without_consent,1,0,50.0,0,0,0,0,3
health_1_1_compound_scope,health,GET /patients/{id}/dependent-replica-1,compound_scope_field,compound_policy_interaction,dependent_without_threshold,1,1,50.0,0,0,0,0,3
health_1_1_compound_scope,health,GET /patients/{id}/dependent-replica-1,compound_scope_field,compound_policy_interaction,dependent_without_enhanced_audit,1,1,50.0,0,0,0,0,3
health_1_1_compound_scope,health,GET /patients/{id}/dependent-replica-1,compound_scope_field,compound_policy_interaction,dependent_without_purpose_field,1,1,50.0,0,0,0,0,3
health_1_1_clean_dependent,health,GET /patients/{id}/dependent-replica-1,clean,none,schema_validation,0,0,0.0,1,1,1,0,30
health_1_1_clean_dependent,health,GET /patients/{id}/dependent-replica-1,clean,none,role_matrix,0,0,0.0,1,1,1,0,30
health_1_1_clean_dependent,health,GET /patients/{id}/dependent-replica-1,clean,none,object_policy_tests,0,0,0.0,1,1,1,0,30
health_1_1_clean_dependent,health,GET /patients/{id}/dependent-replica-1,clean,none,field_policy_tests,0,0,0.0,1,1,1,0,30
health_1_1_clean_dependent,health,GET /patients/{id}/dependent-replica-1,clean,none,audit_contract_tests,0,0,0.0,1,1,1,0,30
health_1_1_clean_dependent,health,GET /patients/{id}/dependent-replica-1,clean,none,basic_policy_aware_full,0,0,0.0,1,1,1,0,30
health_1_1_clean_dependent,health,GET /patients/{id}/dependent-replica-1,clean,none,dependent_policy_full,0,0,0.0,1,1,1,0,30
health_1_1_clean_dependent,health,GET /patients/{id}/dependent-replica-1,clean,none,dependent_without_consent,0,0,0.0,1,1,1,0,30
health_1_1_clean_dependent,health,GET /patients/{id}/dependent-replica-1,clean,none,dependent_without_threshold,0,0,0.0,1,1,1,0,30
health_1_1_clean_dependent,health,GET /patients/{id}/dependent-replica-1,clean,none,dependent_without_enhanced_audit,0,0,0.0,1,1,1,0,30
health_1_1_clean_dependent,health,GET /patients/{id}/dependent-replica-1,clean,none,dependent_without_purpose_field,0,0,0.0,1,1,1,0,30
citizen_services_1_2_purpose_field,citizen_services,GET /benefits/{id}/dependent-replica-1,purpose_conditioned_field,purpose_field_dependency,schema_validation,1,0,35.0,1,1,1,0,27
citizen_services_1_2_purpose_field,citizen_services,GET /benefits/{id}/dependent-replica-1,purpose_conditioned_field,purpose_field_dependency,role_matrix,1,0,35.0,1,1,1,0,27
citizen_services_1_2_purpose_field,citizen_services,GET /benefits/{id}/dependent-replica-1,purpose_conditioned_field,purpose_field_dependency,object_policy_tests,1,0,35.0,1,1,1,0,27
citizen_services_1_2_purpose_field,citizen_services,GET /benefits/{id}/dependent-replica-1,purpose_conditioned_field,purpose_field_dependency,field_policy_tests,1,0,35.0,1,1,1,0,27
citizen_services_1_2_purpose_field,citizen_services,GET /benefits/{id}/dependent-replica-1,purpose_conditioned_field,purpose_field_dependency,audit_contract_tests,1,0,35.0,1,1,1,0,27
citizen_services_1_2_purpose_field,citizen_services,GET /benefits/{id}/dependent-replica-1,purpose_conditioned_field,purpose_field_dependency,basic_policy_aware_full,1,0,35.0,1,1,1,0,27
citizen_services_1_2_purpose_field,citizen_services,GET /benefits/{id}/dependent-replica-1,purpose_conditioned_field,purpose_field_dependency,dependent_policy_full,1,1,35.0,1,1,1,0,27
citizen_services_1_2_purpose_field,citizen_services,GET /benefits/{id}/dependent-replica-1,purpose_conditioned_field,purpose_field_dependency,dependent_without_consent,1,1,35.0,1,1,1,0,27
citizen_services_1_2_purpose_field,citizen_services,GET /benefits/{id}/dependent-replica-1,purpose_conditioned_field,purpose_field_dependency,dependent_without_threshold,1,1,35.0,1,1,1,0,27
citizen_services_1_2_purpose_field,citizen_services,GET /benefits/{id}/dependent-replica-1,purpose_conditioned_field,purpose_field_dependency,dependent_without_enhanced_audit,1,1,35.0,1,1,1,0,27
citizen_services_1_2_purpose_field,citizen_services,GET /benefits/{id}/dependent-replica-1,purpose_conditioned_field,purpose_field_dependency,dependent_without_purpose_field,1,0,35.0,1,1,1,0,27
citizen_services_1_2_jurisdiction_field,citizen_services,GET /benefits/{id}/dependent-replica-1,jurisdiction_conditioned_field,jurisdiction_field_dependency,schema_validation,1,0,40.0,0,1,1,0,31
citizen_services_1_2_jurisdiction_field,citizen_services,GET /benefits/{id}/dependent-replica-1,jurisdiction_conditioned_field,jurisdiction_field_dependency,role_matrix,1,0,40.0,0,1,1,0,31
citizen_services_1_2_jurisdiction_field,citizen_services,GET /benefits/{id}/dependent-replica-1,jurisdiction_conditioned_field,jurisdiction_field_dependency,object_policy_tests,1,0,40.0,0,1,1,0,31
citizen_services_1_2_jurisdiction_field,citizen_services,GET /benefits/{id}/dependent-replica-1,jurisdiction_conditioned_field,jurisdiction_field_dependency,field_policy_tests,1,0,40.0,0,1,1,0,31
citizen_services_1_2_jurisdiction_field,citizen_services,GET /benefits/{id}/dependent-replica-1,jurisdiction_conditioned_field,jurisdiction_field_dependency,audit_contract_tests,1,0,40.0,0,1,1,0,31
citizen_services_1_2_jurisdiction_field,citizen_services,GET /benefits/{id}/dependent-replica-1,jurisdiction_conditioned_field,jurisdiction_field_dependency,basic_policy_aware_full,1,0,40.0,0,1,1,0,31
citizen_services_1_2_jurisdiction_field,citizen_services,GET /benefits/{id}/dependent-replica-1,jurisdiction_conditioned_field,jurisdiction_field_dependency,dependent_policy_full,1,1,40.0,0,1,1,0,31
citizen_services_1_2_jurisdiction_field,citizen_services,GET /benefits/{id}/dependent-replica-1,jurisdiction_conditioned_field,jurisdiction_field_dependency,dependent_without_consent,1,1,40.0,0,1,1,0,31
citizen_services_1_2_jurisdiction_field,citizen_services,GET /benefits/{id}/dependent-replica-1,jurisdiction_conditioned_field,jurisdiction_field_dependency,dependent_without_threshold,1,1,40.0,0,1,1,0,31
citizen_services_1_2_jurisdiction_field,citizen_services,GET /benefits/{id}/dependent-replica-1,jurisdiction_conditioned_field,jurisdiction_field_dependency,dependent_without_enhanced_audit,1,1,40.0,0,1,1,0,31
citizen_services_1_2_jurisdiction_field,citizen_services,GET /benefits/{id}/dependent-replica-1,jurisdiction_conditioned_field,jurisdiction_field_dependency,dependent_without_purpose_field,1,1,40.0,0,1,1,0,31
citizen_services_1_2_consent_field,citizen_services,GET /benefits/{id}/dependent-replica-1,consent_gated_field,consent_field_dependency,schema_validation,1,0,30.0,1,1,0,0,44
citizen_services_1_2_consent_field,citizen_services,GET /benefits/{id}/dependent-replica-1,consent_gated_field,consent_field_dependency,role_matrix,1,0,30.0,1,1,0,0,44
citizen_services_1_2_consent_field,citizen_services,GET /benefits/{id}/dependent-replica-1,consent_gated_field,consent_field_dependency,object_policy_tests,1,0,30.0,1,1,0,0,44
citizen_services_1_2_consent_field,citizen_services,GET /benefits/{id}/dependent-replica-1,consent_gated_field,consent_field_dependency,field_policy_tests,1,0,30.0,1,1,0,0,44
citizen_services_1_2_consent_field,citizen_services,GET /benefits/{id}/dependent-replica-1,consent_gated_field,consent_field_dependency,audit_contract_tests,1,0,30.0,1,1,0,0,44
citizen_services_1_2_consent_field,citizen_services,GET /benefits/{id}/dependent-replica-1,consent_gated_field,consent_field_dependency,basic_policy_aware_full,1,0,30.0,1,1,0,0,44
citizen_services_1_2_consent_field,citizen_services,GET /benefits/{id}/dependent-replica-1,consent_gated_field,consent_field_dependency,dependent_policy_full,1,1,30.0,1,1,0,0,44
citizen_services_1_2_consent_field,citizen_services,GET /benefits/{id}/dependent-replica-1,consent_gated_field,consent_field_dependency,dependent_without_consent,1,0,30.0,1,1,0,0,44
citizen_services_1_2_consent_field,citizen_services,GET /benefits/{id}/dependent-replica-1,consent_gated_field,consent_field_dependency,dependent_without_threshold,1,1,30.0,1,1,0,0,44
citizen_services_1_2_consent_field,citizen_services,GET /benefits/{id}/dependent-replica-1,consent_gated_field,consent_field_dependency,dependent_without_enhanced_audit,1,1,30.0,1,1,0,0,44
citizen_services_1_2_consent_field,citizen_services,GET /benefits/{id}/dependent-replica-1,consent_gated_field,consent_field_dependency,dependent_without_purpose_field,1,1,30.0,1,1,0,0,44
citizen_services_1_2_small_cell,citizen_services,GET /benefits/{id}/dependent-replica-1,aggregation_threshold_leak,aggregation_threshold,schema_validation,1,0,25.0,1,1,1,0,4
citizen_services_1_2_small_cell,citizen_services,GET /benefits/{id}/dependent-replica-1,aggregation_threshold_leak,aggregation_threshold,role_matrix,1,0,25.0,1,1,1,0,4
citizen_services_1_2_small_cell,citizen_services,GET /benefits/{id}/dependent-replica-1,aggregation_threshold_leak,aggregation_threshold,object_policy_tests,1,0,25.0,1,1,1,0,4
citizen_services_1_2_small_cell,citizen_services,GET /benefits/{id}/dependent-replica-1,aggregation_threshold_leak,aggregation_threshold,field_policy_tests,1,0,25.0,1,1,1,0,4
citizen_services_1_2_small_cell,citizen_services,GET /benefits/{id}/dependent-replica-1,aggregation_threshold_leak,aggregation_threshold,audit_contract_tests,1,0,25.0,1,1,1,0,4
citizen_services_1_2_small_cell,citizen_services,GET /benefits/{id}/dependent-replica-1,aggregation_threshold_leak,aggregation_threshold,basic_policy_aware_full,1,0,25.0,1,1,1,0,4
citizen_services_1_2_small_cell,citizen_services,GET /benefits/{id}/dependent-replica-1,aggregation_threshold_leak,aggregation_threshold,dependent_policy_full,1,1,25.0,1,1,1,0,4
citizen_services_1_2_small_cell,citizen_services,GET /benefits/{id}/dependent-replica-1,aggregation_threshold_leak,aggregation_threshold,dependent_without_consent,1,1,25.0,1,1,1,0,4
citizen_services_1_2_small_cell,citizen_services,GET /benefits/{id}/dependent-replica-1,aggregation_threshold_leak,aggregation_threshold,dependent_without_threshold,1,0,25.0,1,1,1,0,4
citizen_services_1_2_small_cell,citizen_services,GET /benefits/{id}/dependent-replica-1,aggregation_threshold_leak,aggregation_threshold,dependent_without_enhanced_audit,1,1,25.0,1,1,1,0,4
citizen_services_1_2_small_cell,citizen_services,GET /benefits/{id}/dependent-replica-1,aggregation_threshold_leak,aggregation_threshold,dependent_without_purpose_field,1,1,25.0,1,1,1,0,4
citizen_services_1_2_emergency_audit,citizen_services,GET /benefits/{id}/dependent-replica-1,emergency_audit_downgrade,enhanced_audit_dependency,schema_validation,1,0,20.0,1,1,1,1,30
citizen_services_1_2_emergency_audit,citizen_services,GET /benefits/{id}/dependent-replica-1,emergency_audit_downgrade,enhanced_audit_dependency,role_matrix,1,0,20.0,1,1,1,1,30
citizen_services_1_2_emergency_audit,citizen_services,GET /benefits/{id}/dependent-replica-1,emergency_audit_downgrade,enhanced_audit_dependency,object_policy_tests,1,0,20.0,1,1,1,1,30
citizen_services_1_2_emergency_audit,citizen_services,GET /benefits/{id}/dependent-replica-1,emergency_audit_downgrade,enhanced_audit_dependency,field_policy_tests,1,0,20.0,1,1,1,1,30
citizen_services_1_2_emergency_audit,citizen_services,GET /benefits/{id}/dependent-replica-1,emergency_audit_downgrade,enhanced_audit_dependency,audit_contract_tests,1,0,20.0,1,1,1,1,30
citizen_services_1_2_emergency_audit,citizen_services,GET /benefits/{id}/dependent-replica-1,emergency_audit_downgrade,enhanced_audit_dependency,basic_policy_aware_full,1,0,20.0,1,1,1,1,30
citizen_services_1_2_emergency_audit,citizen_services,GET /benefits/{id}/dependent-replica-1,emergency_audit_downgrade,enhanced_audit_dependency,dependent_policy_full,1,1,20.0,1,1,1,1,30
citizen_services_1_2_emergency_audit,citizen_services,GET /benefits/{id}/dependent-replica-1,emergency_audit_downgrade,enhanced_audit_dependency,dependent_without_consent,1,1,20.0,1,1,1,1,30
citizen_services_1_2_emergency_audit,citizen_services,GET /benefits/{id}/dependent-replica-1,emergency_audit_downgrade,enhanced_audit_dependency,dependent_without_threshold,1,1,20.0,1,1,1,1,30
citizen_services_1_2_emergency_audit,citizen_services,GET /benefits/{id}/dependent-replica-1,emergency_audit_downgrade,enhanced_audit_dependency,dependent_without_enhanced_audit,1,0,20.0,1,1,1,1,30
citizen_services_1_2_emergency_audit,citizen_services,GET /benefits/{id}/dependent-replica-1,emergency_audit_downgrade,enhanced_audit_dependency,dependent_without_purpose_field,1,1,20.0,1,1,1,1,30
citizen_services_1_2_compound_scope,citizen_services,GET /benefits/{id}/dependent-replica-1,compound_scope_field,compound_policy_interaction,schema_validation,1,0,50.0,0,0,0,0,3
citizen_services_1_2_compound_scope,citizen_services,GET /benefits/{id}/dependent-replica-1,compound_scope_field,compound_policy_interaction,role_matrix,1,0,50.0,0,0,0,0,3
citizen_services_1_2_compound_scope,citizen_services,GET /benefits/{id}/dependent-replica-1,compound_scope_field,compound_policy_interaction,object_policy_tests,1,0,50.0,0,0,0,0,3
citizen_services_1_2_compound_scope,citizen_services,GET /benefits/{id}/dependent-replica-1,compound_scope_field,compound_policy_interaction,field_policy_tests,1,0,50.0,0,0,0,0,3
citizen_services_1_2_compound_scope,citizen_services,GET /benefits/{id}/dependent-replica-1,compound_scope_field,compound_policy_interaction,audit_contract_tests,1,0,50.0,0,0,0,0,3
citizen_services_1_2_compound_scope,citizen_services,GET /benefits/{id}/dependent-replica-1,compound_scope_field,compound_policy_interaction,basic_policy_aware_full,1,0,50.0,0,0,0,0,3
citizen_services_1_2_compound_scope,citizen_services,GET /benefits/{id}/dependent-replica-1,compound_scope_field,compound_policy_interaction,dependent_policy_full,1,1,50.0,0,0,0,0,3
citizen_services_1_2_compound_scope,citizen_services,GET /benefits/{id}/dependent-replica-1,compound_scope_field,compound_policy_interaction,dependent_without_consent,1,0,50.0,0,0,0,0,3
citizen_services_1_2_compound_scope,citizen_services,GET /benefits/{id}/dependent-replica-1,compound_scope_field,compound_policy_interaction,dependent_without_threshold,1,1,50.0,0,0,0,0,3
citizen_services_1_2_compound_scope,citizen_services,GET /benefits/{id}/dependent-replica-1,compound_scope_field,compound_policy_interaction,dependent_without_enhanced_audit,1,1,50.0,0,0,0,0,3
citizen_services_1_2_compound_scope,citizen_services,GET /benefits/{id}/dependent-replica-1,compound_scope_field,compound_policy_interaction,dependent_without_purpose_field,1,1,50.0,0,0,0,0,3
citizen_services_1_2_clean_dependent,citizen_services,GET /benefits/{id}/dependent-replica-1,clean,none,schema_validation,0,0,0.0,1,1,1,0,30
citizen_services_1_2_clean_dependent,citizen_services,GET /benefits/{id}/dependent-replica-1,clean,none,role_matrix,0,0,0.0,1,1,1,0,30
citizen_services_1_2_clean_dependent,citizen_services,GET /benefits/{id}/dependent-replica-1,clean,none,object_policy_tests,0,0,0.0,1,1,1,0,30
citizen_services_1_2_clean_dependent,citizen_services,GET /benefits/{id}/dependent-replica-1,clean,none,field_policy_tests,0,0,0.0,1,1,1,0,30
citizen_services_1_2_clean_dependent,citizen_services,GET /benefits/{id}/dependent-replica-1,clean,none,audit_contract_tests,0,0,0.0,1,1,1,0,30
citizen_services_1_2_clean_dependent,citizen_services,GET /benefits/{id}/dependent-replica-1,clean,none,basic_policy_aware_full,0,0,0.0,1,1,1,0,30
citizen_services_1_2_clean_dependent,citizen_services,GET /benefits/{id}/dependent-replica-1,clean,none,dependent_policy_full,0,0,0.0,1,1,1,0,30
citizen_services_1_2_clean_dependent,citizen_services,GET /benefits/{id}/dependent-replica-1,clean,none,dependent_without_consent,0,0,0.0,1,1,1,0,30
citizen_services_1_2_clean_dependent,citizen_services,GET /benefits/{id}/dependent-replica-1,clean,none,dependent_without_threshold,0,0,0.0,1,1,1,0,30
citizen_services_1_2_clean_dependent,citizen_services,GET /benefits/{id}/dependent-replica-1,clean,none,dependent_without_enhanced_audit,0,0,0.0,1,1,1,0,30
citizen_services_1_2_clean_dependent,citizen_services,GET /benefits/{id}/dependent-replica-1,clean,none,dependent_without_purpose_field,0,0,0.0,1,1,1,0,30
education_1_3_purpose_field,education,GET /students/{id}/record/dependent-replica-1,purpose_conditioned_field,purpose_field_dependency,schema_validation,1,0,35.0,1,1,1,0,27
education_1_3_purpose_field,education,GET /students/{id}/record/dependent-replica-1,purpose_conditioned_field,purpose_field_dependency,role_matrix,1,0,35.0,1,1,1,0,27
education_1_3_purpose_field,education,GET /students/{id}/record/dependent-replica-1,purpose_conditioned_field,purpose_field_dependency,object_policy_tests,1,0,35.0,1,1,1,0,27
education_1_3_purpose_field,education,GET /students/{id}/record/dependent-replica-1,purpose_conditioned_field,purpose_field_dependency,field_policy_tests,1,0,35.0,1,1,1,0,27
education_1_3_purpose_field,education,GET /students/{id}/record/dependent-replica-1,purpose_conditioned_field,purpose_field_dependency,audit_contract_tests,1,0,35.0,1,1,1,0,27
education_1_3_purpose_field,education,GET /students/{id}/record/dependent-replica-1,purpose_conditioned_field,purpose_field_dependency,basic_policy_aware_full,1,0,35.0,1,1,1,0,27
education_1_3_purpose_field,education,GET /students/{id}/record/dependent-replica-1,purpose_conditioned_field,purpose_field_dependency,dependent_policy_full,1,1,35.0,1,1,1,0,27
education_1_3_purpose_field,education,GET /students/{id}/record/dependent-replica-1,purpose_conditioned_field,purpose_field_dependency,dependent_without_consent,1,1,35.0,1,1,1,0,27
education_1_3_purpose_field,education,GET /students/{id}/record/dependent-replica-1,purpose_conditioned_field,purpose_field_dependency,dependent_without_threshold,1,1,35.0,1,1,1,0,27
education_1_3_purpose_field,education,GET /students/{id}/record/dependent-replica-1,purpose_conditioned_field,purpose_field_dependency,dependent_without_enhanced_audit,1,1,35.0,1,1,1,0,27
education_1_3_purpose_field,education,GET /students/{id}/record/dependent-replica-1,purpose_conditioned_field,purpose_field_dependency,dependent_without_purpose_field,1,0,35.0,1,1,1,0,27
education_1_3_jurisdiction_field,education,GET /students/{id}/record/dependent-replica-1,jurisdiction_conditioned_field,jurisdiction_field_dependency,schema_validation,1,0,40.0,0,1,1,0,31
education_1_3_jurisdiction_field,education,GET /students/{id}/record/dependent-replica-1,jurisdiction_conditioned_field,jurisdiction_field_dependency,role_matrix,1,0,40.0,0,1,1,0,31
education_1_3_jurisdiction_field,education,GET /students/{id}/record/dependent-replica-1,jurisdiction_conditioned_field,jurisdiction_field_dependency,object_policy_tests,1,0,40.0,0,1,1,0,31
education_1_3_jurisdiction_field,education,GET /students/{id}/record/dependent-replica-1,jurisdiction_conditioned_field,jurisdiction_field_dependency,field_policy_tests,1,0,40.0,0,1,1,0,31
education_1_3_jurisdiction_field,education,GET /students/{id}/record/dependent-replica-1,jurisdiction_conditioned_field,jurisdiction_field_dependency,audit_contract_tests,1,0,40.0,0,1,1,0,31
education_1_3_jurisdiction_field,education,GET /students/{id}/record/dependent-replica-1,jurisdiction_conditioned_field,jurisdiction_field_dependency,basic_policy_aware_full,1,0,40.0,0,1,1,0,31
education_1_3_jurisdiction_field,education,GET /students/{id}/record/dependent-replica-1,jurisdiction_conditioned_field,jurisdiction_field_dependency,dependent_policy_full,1,1,40.0,0,1,1,0,31
education_1_3_jurisdiction_field,education,GET /students/{id}/record/dependent-replica-1,jurisdiction_conditioned_field,jurisdiction_field_dependency,dependent_without_consent,1,1,40.0,0,1,1,0,31
education_1_3_jurisdiction_field,education,GET /students/{id}/record/dependent-replica-1,jurisdiction_conditioned_field,jurisdiction_field_dependency,dependent_without_threshold,1,1,40.0,0,1,1,0,31
education_1_3_jurisdiction_field,education,GET /students/{id}/record/dependent-replica-1,jurisdiction_conditioned_field,jurisdiction_field_dependency,dependent_without_enhanced_audit,1,1,40.0,0,1,1,0,31
education_1_3_jurisdiction_field,education,GET /students/{id}/record/dependent-replica-1,jurisdiction_conditioned_field,jurisdiction_field_dependency,dependent_without_purpose_field,1,1,40.0,0,1,1,0,31
education_1_3_consent_field,education,GET /students/{id}/record/dependent-replica-1,consent_gated_field,consent_field_dependency,schema_validation,1,0,30.0,1,1,0,0,44
education_1_3_consent_field,education,GET /students/{id}/record/dependent-replica-1,consent_gated_field,consent_field_dependency,role_matrix,1,0,30.0,1,1,0,0,44
education_1_3_consent_field,education,GET /students/{id}/record/dependent-replica-1,consent_gated_field,consent_field_dependency,object_policy_tests,1,0,30.0,1,1,0,0,44
education_1_3_consent_field,education,GET /students/{id}/record/dependent-replica-1,consent_gated_field,consent_field_dependency,field_policy_tests,1,0,30.0,1,1,0,0,44
education_1_3_consent_field,education,GET /students/{id}/record/dependent-replica-1,consent_gated_field,consent_field_dependency,audit_contract_tests,1,0,30.0,1,1,0,0,44
education_1_3_consent_field,education,GET /students/{id}/record/dependent-replica-1,consent_gated_field,consent_field_dependency,basic_policy_aware_full,1,0,30.0,1,1,0,0,44
education_1_3_consent_field,education,GET /students/{id}/record/dependent-replica-1,consent_gated_field,consent_field_dependency,dependent_policy_full,1,1,30.0,1,1,0,0,44
education_1_3_consent_field,education,GET /students/{id}/record/dependent-replica-1,consent_gated_field,consent_field_dependency,dependent_without_consent,1,0,30.0,1,1,0,0,44
education_1_3_consent_field,education,GET /students/{id}/record/dependent-replica-1,consent_gated_field,consent_field_dependency,dependent_without_threshold,1,1,30.0,1,1,0,0,44
education_1_3_consent_field,education,GET /students/{id}/record/dependent-replica-1,consent_gated_field,consent_field_dependency,dependent_without_enhanced_audit,1,1,30.0,1,1,0,0,44
education_1_3_consent_field,education,GET /students/{id}/record/dependent-replica-1,consent_gated_field,consent_field_dependency,dependent_without_purpose_field,1,1,30.0,1,1,0,0,44
education_1_3_small_cell,education,GET /students/{id}/record/dependent-replica-1,aggregation_threshold_leak,aggregation_threshold,schema_validation,1,0,25.0,1,1,1,0,4
education_1_3_small_cell,education,GET /students/{id}/record/dependent-replica-1,aggregation_threshold_leak,aggregation_threshold,role_matrix,1,0,25.0,1,1,1,0,4
education_1_3_small_cell,education,GET /students/{id}/record/dependent-replica-1,aggregation_threshold_leak,aggregation_threshold,object_policy_tests,1,0,25.0,1,1,1,0,4
education_1_3_small_cell,education,GET /students/{id}/record/dependent-replica-1,aggregation_threshold_leak,aggregation_threshold,field_policy_tests,1,0,25.0,1,1,1,0,4
education_1_3_small_cell,education,GET /students/{id}/record/dependent-replica-1,aggregation_threshold_leak,aggregation_threshold,audit_contract_tests,1,0,25.0,1,1,1,0,4
education_1_3_small_cell,education,GET /students/{id}/record/dependent-replica-1,aggregation_threshold_leak,aggregation_threshold,basic_policy_aware_full,1,0,25.0,1,1,1,0,4
education_1_3_small_cell,education,GET /students/{id}/record/dependent-replica-1,aggregation_threshold_leak,aggregation_threshold,dependent_policy_full,1,1,25.0,1,1,1,0,4
education_1_3_small_cell,education,GET /students/{id}/record/dependent-replica-1,aggregation_threshold_leak,aggregation_threshold,dependent_without_consent,1,1,25.0,1,1,1,0,4
education_1_3_small_cell,education,GET /students/{id}/record/dependent-replica-1,aggregation_threshold_leak,aggregation_threshold,dependent_without_threshold,1,0,25.0,1,1,1,0,4
education_1_3_small_cell,education,GET /students/{id}/record/dependent-replica-1,aggregation_threshold_leak,aggregation_threshold,dependent_without_enhanced_audit,1,1,25.0,1,1,1,0,4
education_1_3_small_cell,education,GET /students/{id}/record/dependent-replica-1,aggregation_threshold_leak,aggregation_threshold,dependent_without_purpose_field,1,1,25.0,1,1,1,0,4
education_1_3_emergency_audit,education,GET /students/{id}/record/dependent-replica-1,emergency_audit_downgrade,enhanced_audit_dependency,schema_validation,1,0,20.0,1,1,1,1,30
education_1_3_emergency_audit,education,GET /students/{id}/record/dependent-replica-1,emergency_audit_downgrade,enhanced_audit_dependency,role_matrix,1,0,20.0,1,1,1,1,30
education_1_3_emergency_audit,education,GET /students/{id}/record/dependent-replica-1,emergency_audit_downgrade,enhanced_audit_dependency,object_policy_tests,1,0,20.0,1,1,1,1,30
education_1_3_emergency_audit,education,GET /students/{id}/record/dependent-replica-1,emergency_audit_downgrade,enhanced_audit_dependency,field_policy_tests,1,0,20.0,1,1,1,1,30
education_1_3_emergency_audit,education,GET /students/{id}/record/dependent-replica-1,emergency_audit_downgrade,enhanced_audit_dependency,audit_contract_tests,1,0,20.0,1,1,1,1,30
education_1_3_emergency_audit,education,GET /students/{id}/record/dependent-replica-1,emergency_audit_downgrade,enhanced_audit_dependency,basic_policy_aware_full,1,0,20.0,1,1,1,1,30
education_1_3_emergency_audit,education,GET /students/{id}/record/dependent-replica-1,emergency_audit_downgrade,enhanced_audit_dependency,dependent_policy_full,1,1,20.0,1,1,1,1,30
education_1_3_emergency_audit,education,GET /students/{id}/record/dependent-replica-1,emergency_audit_downgrade,enhanced_audit_dependency,dependent_without_consent,1,1,20.0,1,1,1,1,30
education_1_3_emergency_audit,education,GET /students/{id}/record/dependent-replica-1,emergency_audit_downgrade,enhanced_audit_dependency,dependent_without_threshold,1,1,20.0,1,1,1,1,30
education_1_3_emergency_audit,education,GET /students/{id}/record/dependent-replica-1,emergency_audit_downgrade,enhanced_audit_dependency,dependent_without_enhanced_audit,1,0,20.0,1,1,1,1,30
education_1_3_emergency_audit,education,GET /students/{id}/record/dependent-replica-1,emergency_audit_downgrade,enhanced_audit_dependency,dependent_without_purpose_field,1,1,20.0,1,1,1,1,30
education_1_3_compound_scope,education,GET /students/{id}/record/dependent-replica-1,compound_scope_field,compound_policy_interaction,schema_validation,1,0,50.0,0,0,0,0,3
education_1_3_compound_scope,education,GET /students/{id}/record/dependent-replica-1,compound_scope_field,compound_policy_interaction,role_matrix,1,0,50.0,0,0,0,0,3
education_1_3_compound_scope,education,GET /students/{id}/record/dependent-replica-1,compound_scope_field,compound_policy_interaction,object_policy_tests,1,0,50.0,0,0,0,0,3
education_1_3_compound_scope,education,GET /students/{id}/record/dependent-replica-1,compound_scope_field,compound_policy_interaction,field_policy_tests,1,0,50.0,0,0,0,0,3
education_1_3_compound_scope,education,GET /students/{id}/record/dependent-replica-1,compound_scope_field,compound_policy_interaction,audit_contract_tests,1,0,50.0,0,0,0,0,3
education_1_3_compound_scope,education,GET /students/{id}/record/dependent-replica-1,compound_scope_field,compound_policy_interaction,basic_policy_aware_full,1,0,50.0,0,0,0,0,3
education_1_3_compound_scope,education,GET /students/{id}/record/dependent-replica-1,compound_scope_field,compound_policy_interaction,dependent_policy_full,1,1,50.0,0,0,0,0,3
education_1_3_compound_scope,education,GET /students/{id}/record/dependent-replica-1,compound_scope_field,compound_policy_interaction,dependent_without_consent,1,0,50.0,0,0,0,0,3
education_1_3_compound_scope,education,GET /students/{id}/record/dependent-replica-1,compound_scope_field,compound_policy_interaction,dependent_without_threshold,1,1,50.0,0,0,0,0,3
education_1_3_compound_scope,education,GET /students/{id}/record/dependent-replica-1,compound_scope_field,compound_policy_interaction,dependent_without_enhanced_audit,1,1,50.0,0,0,0,0,3
education_1_3_compound_scope,education,GET /students/{id}/record/dependent-replica-1,compound_scope_field,compound_policy_interaction,dependent_without_purpose_field,1,1,50.0,0,0,0,0,3
education_1_3_clean_dependent,education,GET /students/{id}/record/dependent-replica-1,clean,none,schema_validation,0,0,0.0,1,1,1,0,30
education_1_3_clean_dependent,education,GET /students/{id}/record/dependent-replica-1,clean,none,role_matrix,0,0,0.0,1,1,1,0,30
education_1_3_clean_dependent,education,GET /students/{id}/record/dependent-replica-1,clean,none,object_policy_tests,0,0,0.0,1,1,1,0,30
education_1_3_clean_dependent,education,GET /students/{id}/record/dependent-replica-1,clean,none,field_policy_tests,0,0,0.0,1,1,1,0,30
education_1_3_clean_dependent,education,GET /students/{id}/record/dependent-replica-1,clean,none,audit_contract_tests,0,0,0.0,1,1,1,0,30
education_1_3_clean_dependent,education,GET /students/{id}/record/dependent-replica-1,clean,none,basic_policy_aware_full,0,0,0.0,1,1,1,0,30
education_1_3_clean_dependent,education,GET /students/{id}/record/dependent-replica-1,clean,none,dependent_policy_full,0,0,0.0,1,1,1,0,30
education_1_3_clean_dependent,education,GET /students/{id}/record/dependent-replica-1,clean,none,dependent_without_consent,0,0,0.0,1,1,1,0,30
education_1_3_clean_dependent,education,GET /students/{id}/record/dependent-replica-1,clean,none,dependent_without_threshold,0,0,0.0,1,1,1,0,30
education_1_3_clean_dependent,education,GET /students/{id}/record/dependent-replica-1,clean,none,dependent_without_enhanced_audit,0,0,0.0,1,1,1,0,30
education_1_3_clean_dependent,education,GET /students/{id}/record/dependent-replica-1,clean,none,dependent_without_purpose_field,0,0,0.0,1,1,1,0,30
business_licensing_1_4_purpose_field,business_licensing,GET /licenses/export/dependent-replica-1,purpose_conditioned_field,purpose_field_dependency,schema_validation,1,0,28.0,1,1,1,0,27
business_licensing_1_4_purpose_field,business_licensing,GET /licenses/export/dependent-replica-1,purpose_conditioned_field,purpose_field_dependency,role_matrix,1,0,28.0,1,1,1,0,27
business_licensing_1_4_purpose_field,business_licensing,GET /licenses/export/dependent-replica-1,purpose_conditioned_field,purpose_field_dependency,object_policy_tests,1,0,28.0,1,1,1,0,27
business_licensing_1_4_purpose_field,business_licensing,GET /licenses/export/dependent-replica-1,purpose_conditioned_field,purpose_field_dependency,field_policy_tests,1,0,28.0,1,1,1,0,27
business_licensing_1_4_purpose_field,business_licensing,GET /licenses/export/dependent-replica-1,purpose_conditioned_field,purpose_field_dependency,audit_contract_tests,1,0,28.0,1,1,1,0,27
business_licensing_1_4_purpose_field,business_licensing,GET /licenses/export/dependent-replica-1,purpose_conditioned_field,purpose_field_dependency,basic_policy_aware_full,1,0,28.0,1,1,1,0,27
business_licensing_1_4_purpose_field,business_licensing,GET /licenses/export/dependent-replica-1,purpose_conditioned_field,purpose_field_dependency,dependent_policy_full,1,1,28.0,1,1,1,0,27
business_licensing_1_4_purpose_field,business_licensing,GET /licenses/export/dependent-replica-1,purpose_conditioned_field,purpose_field_dependency,dependent_without_consent,1,1,28.0,1,1,1,0,27
business_licensing_1_4_purpose_field,business_licensing,GET /licenses/export/dependent-replica-1,purpose_conditioned_field,purpose_field_dependency,dependent_without_threshold,1,1,28.0,1,1,1,0,27
business_licensing_1_4_purpose_field,business_licensing,GET /licenses/export/dependent-replica-1,purpose_conditioned_field,purpose_field_dependency,dependent_without_enhanced_audit,1,1,28.0,1,1,1,0,27
business_licensing_1_4_purpose_field,business_licensing,GET /licenses/export/dependent-replica-1,purpose_conditioned_field,purpose_field_dependency,dependent_without_purpose_field,1,0,28.0,1,1,1,0,27
business_licensing_1_4_jurisdiction_field,business_licensing,GET /licenses/export/dependent-replica-1,jurisdiction_conditioned_field,jurisdiction_field_dependency,schema_validation,1,0,32.0,0,1,1,0,31
business_licensing_1_4_jurisdiction_field,business_licensing,GET /licenses/export/dependent-replica-1,jurisdiction_conditioned_field,jurisdiction_field_dependency,role_matrix,1,0,32.0,0,1,1,0,31
business_licensing_1_4_jurisdiction_field,business_licensing,GET /licenses/export/dependent-replica-1,jurisdiction_conditioned_field,jurisdiction_field_dependency,object_policy_tests,1,0,32.0,0,1,1,0,31
business_licensing_1_4_jurisdiction_field,business_licensing,GET /licenses/export/dependent-replica-1,jurisdiction_conditioned_field,jurisdiction_field_dependency,field_policy_tests,1,0,32.0,0,1,1,0,31
business_licensing_1_4_jurisdiction_field,business_licensing,GET /licenses/export/dependent-replica-1,jurisdiction_conditioned_field,jurisdiction_field_dependency,audit_contract_tests,1,0,32.0,0,1,1,0,31
business_licensing_1_4_jurisdiction_field,business_licensing,GET /licenses/export/dependent-replica-1,jurisdiction_conditioned_field,jurisdiction_field_dependency,basic_policy_aware_full,1,0,32.0,0,1,1,0,31
business_licensing_1_4_jurisdiction_field,business_licensing,GET /licenses/export/dependent-replica-1,jurisdiction_conditioned_field,jurisdiction_field_dependency,dependent_policy_full,1,1,32.0,0,1,1,0,31
business_licensing_1_4_jurisdiction_field,business_licensing,GET /licenses/export/dependent-replica-1,jurisdiction_conditioned_field,jurisdiction_field_dependency,dependent_without_consent,1,1,32.0,0,1,1,0,31
business_licensing_1_4_jurisdiction_field,business_licensing,GET /licenses/export/dependent-replica-1,jurisdiction_conditioned_field,jurisdiction_field_dependency,dependent_without_threshold,1,1,32.0,0,1,1,0,31
business_licensing_1_4_jurisdiction_field,business_licensing,GET /licenses/export/dependent-replica-1,jurisdiction_conditioned_field,jurisdiction_field_dependency,dependent_without_enhanced_audit,1,1,32.0,0,1,1,0,31
business_licensing_1_4_jurisdiction_field,business_licensing,GET /licenses/export/dependent-replica-1,jurisdiction_conditioned_field,jurisdiction_field_dependency,dependent_without_purpose_field,1,1,32.0,0,1,1,0,31
business_licensing_1_4_consent_field,business_licensing,GET /licenses/export/dependent-replica-1,consent_gated_field,consent_field_dependency,schema_validation,1,0,24.0,1,1,0,0,44
business_licensing_1_4_consent_field,business_licensing,GET /licenses/export/dependent-replica-1,consent_gated_field,consent_field_dependency,role_matrix,1,0,24.0,1,1,0,0,44
business_licensing_1_4_consent_field,business_licensing,GET /licenses/export/dependent-replica-1,consent_gated_field,consent_field_dependency,object_policy_tests,1,0,24.0,1,1,0,0,44
business_licensing_1_4_consent_field,business_licensing,GET /licenses/export/dependent-replica-1,consent_gated_field,consent_field_dependency,field_policy_tests,1,0,24.0,1,1,0,0,44
business_licensing_1_4_consent_field,business_licensing,GET /licenses/export/dependent-replica-1,consent_gated_field,consent_field_dependency,audit_contract_tests,1,0,24.0,1,1,0,0,44
business_licensing_1_4_consent_field,business_licensing,GET /licenses/export/dependent-replica-1,consent_gated_field,consent_field_dependency,basic_policy_aware_full,1,0,24.0,1,1,0,0,44
business_licensing_1_4_consent_field,business_licensing,GET /licenses/export/dependent-replica-1,consent_gated_field,consent_field_dependency,dependent_policy_full,1,1,24.0,1,1,0,0,44
business_licensing_1_4_consent_field,business_licensing,GET /licenses/export/dependent-replica-1,consent_gated_field,consent_field_dependency,dependent_without_consent,1,0,24.0,1,1,0,0,44
business_licensing_1_4_consent_field,business_licensing,GET /licenses/export/dependent-replica-1,consent_gated_field,consent_field_dependency,dependent_without_threshold,1,1,24.0,1,1,0,0,44
business_licensing_1_4_consent_field,business_licensing,GET /licenses/export/dependent-replica-1,consent_gated_field,consent_field_dependency,dependent_without_enhanced_audit,1,1,24.0,1,1,0,0,44
business_licensing_1_4_consent_field,business_licensing,GET /licenses/export/dependent-replica-1,consent_gated_field,consent_field_dependency,dependent_without_purpose_field,1,1,24.0,1,1,0,0,44
business_licensing_1_4_small_cell,business_licensing,GET /licenses/export/dependent-replica-1,aggregation_threshold_leak,aggregation_threshold,schema_validation,1,0,20.0,1,1,1,0,4
business_licensing_1_4_small_cell,business_licensing,GET /licenses/export/dependent-replica-1,aggregation_threshold_leak,aggregation_threshold,role_matrix,1,0,20.0,1,1,1,0,4
business_licensing_1_4_small_cell,business_licensing,GET /licenses/export/dependent-replica-1,aggregation_threshold_leak,aggregation_threshold,object_policy_tests,1,0,20.0,1,1,1,0,4
business_licensing_1_4_small_cell,business_licensing,GET /licenses/export/dependent-replica-1,aggregation_threshold_leak,aggregation_threshold,field_policy_tests,1,0,20.0,1,1,1,0,4
business_licensing_1_4_small_cell,business_licensing,GET /licenses/export/dependent-replica-1,aggregation_threshold_leak,aggregation_threshold,audit_contract_tests,1,0,20.0,1,1,1,0,4
business_licensing_1_4_small_cell,business_licensing,GET /licenses/export/dependent-replica-1,aggregation_threshold_leak,aggregation_threshold,basic_policy_aware_full,1,0,20.0,1,1,1,0,4
business_licensing_1_4_small_cell,business_licensing,GET /licenses/export/dependent-replica-1,aggregation_threshold_leak,aggregation_threshold,dependent_policy_full,1,1,20.0,1,1,1,0,4
business_licensing_1_4_small_cell,business_licensing,GET /licenses/export/dependent-replica-1,aggregation_threshold_leak,aggregation_threshold,dependent_without_consent,1,1,20.0,1,1,1,0,4
business_licensing_1_4_small_cell,business_licensing,GET /licenses/export/dependent-replica-1,aggregation_threshold_leak,aggregation_threshold,dependent_without_threshold,1,0,20.0,1,1,1,0,4
business_licensing_1_4_small_cell,business_licensing,GET /licenses/export/dependent-replica-1,aggregation_threshold_leak,aggregation_threshold,dependent_without_enhanced_audit,1,1,20.0,1,1,1,0,4
business_licensing_1_4_small_cell,business_licensing,GET /licenses/export/dependent-replica-1,aggregation_threshold_leak,aggregation_threshold,dependent_without_purpose_field,1,1,20.0,1,1,1,0,4
business_licensing_1_4_emergency_audit,business_licensing,GET /licenses/export/dependent-replica-1,emergency_audit_downgrade,enhanced_audit_dependency,schema_validation,1,0,16.0,1,1,1,1,30
business_licensing_1_4_emergency_audit,business_licensing,GET /licenses/export/dependent-replica-1,emergency_audit_downgrade,enhanced_audit_dependency,role_matrix,1,0,16.0,1,1,1,1,30
business_licensing_1_4_emergency_audit,business_licensing,GET /licenses/export/dependent-replica-1,emergency_audit_downgrade,enhanced_audit_dependency,object_policy_tests,1,0,16.0,1,1,1,1,30
business_licensing_1_4_emergency_audit,business_licensing,GET /licenses/export/dependent-replica-1,emergency_audit_downgrade,enhanced_audit_dependency,field_policy_tests,1,0,16.0,1,1,1,1,30
business_licensing_1_4_emergency_audit,business_licensing,GET /licenses/export/dependent-replica-1,emergency_audit_downgrade,enhanced_audit_dependency,audit_contract_tests,1,0,16.0,1,1,1,1,30
business_licensing_1_4_emergency_audit,business_licensing,GET /licenses/export/dependent-replica-1,emergency_audit_downgrade,enhanced_audit_dependency,basic_policy_aware_full,1,0,16.0,1,1,1,1,30
business_licensing_1_4_emergency_audit,business_licensing,GET /licenses/export/dependent-replica-1,emergency_audit_downgrade,enhanced_audit_dependency,dependent_policy_full,1,1,16.0,1,1,1,1,30
business_licensing_1_4_emergency_audit,business_licensing,GET /licenses/export/dependent-replica-1,emergency_audit_downgrade,enhanced_audit_dependency,dependent_without_consent,1,1,16.0,1,1,1,1,30
business_licensing_1_4_emergency_audit,business_licensing,GET /licenses/export/dependent-replica-1,emergency_audit_downgrade,enhanced_audit_dependency,dependent_without_threshold,1,1,16.0,1,1,1,1,30
business_licensing_1_4_emergency_audit,business_licensing,GET /licenses/export/dependent-replica-1,emergency_audit_downgrade,enhanced_audit_dependency,dependent_without_enhanced_audit,1,0,16.0,1,1,1,1,30
business_licensing_1_4_emergency_audit,business_licensing,GET /licenses/export/dependent-replica-1,emergency_audit_downgrade,enhanced_audit_dependency,dependent_without_purpose_field,1,1,16.0,1,1,1,1,30
business_licensing_1_4_compound_scope,business_licensing,GET /licenses/export/dependent-replica-1,compound_scope_field,compound_policy_interaction,schema_validation,1,0,40.0,0,0,0,0,3
business_licensing_1_4_compound_scope,business_licensing,GET /licenses/export/dependent-replica-1,compound_scope_field,compound_policy_interaction,role_matrix,1,0,40.0,0,0,0,0,3
business_licensing_1_4_compound_scope,business_licensing,GET /licenses/export/dependent-replica-1,compound_scope_field,compound_policy_interaction,object_policy_tests,1,0,40.0,0,0,0,0,3
business_licensing_1_4_compound_scope,business_licensing,GET /licenses/export/dependent-replica-1,compound_scope_field,compound_policy_interaction,field_policy_tests,1,0,40.0,0,0,0,0,3
business_licensing_1_4_compound_scope,business_licensing,GET /licenses/export/dependent-replica-1,compound_scope_field,compound_policy_interaction,audit_contract_tests,1,0,40.0,0,0,0,0,3
business_licensing_1_4_compound_scope,business_licensing,GET /licenses/export/dependent-replica-1,compound_scope_field,compound_policy_interaction,basic_policy_aware_full,1,0,40.0,0,0,0,0,3
business_licensing_1_4_compound_scope,business_licensing,GET /licenses/export/dependent-replica-1,compound_scope_field,compound_policy_interaction,dependent_policy_full,1,1,40.0,0,0,0,0,3
business_licensing_1_4_compound_scope,business_licensing,GET /licenses/export/dependent-replica-1,compound_scope_field,compound_policy_interaction,dependent_without_consent,1,0,40.0,0,0,0,0,3
business_licensing_1_4_compound_scope,business_licensing,GET /licenses/export/dependent-replica-1,compound_scope_field,compound_policy_interaction,dependent_without_threshold,1,1,40.0,0,0,0,0,3
business_licensing_1_4_compound_scope,business_licensing,GET /licenses/export/dependent-replica-1,compound_scope_field,compound_policy_interaction,dependent_without_enhanced_audit,1,1,40.0,0,0,0,0,3
business_licensing_1_4_compound_scope,business_licensing,GET /licenses/export/dependent-replica-1,compound_scope_field,compound_policy_interaction,dependent_without_purpose_field,1,1,40.0,0,0,0,0,3
business_licensing_1_4_clean_dependent,business_licensing,GET /licenses/export/dependent-replica-1,clean,none,schema_validation,0,0,0.0,1,1,1,0,30
business_licensing_1_4_clean_dependent,business_licensing,GET /licenses/export/dependent-replica-1,clean,none,role_matrix,0,0,0.0,1,1,1,0,30
business_licensing_1_4_clean_dependent,business_licensing,GET /licenses/export/dependent-replica-1,clean,none,object_policy_tests,0,0,0.0,1,1,1,0,30
business_licensing_1_4_clean_dependent,business_licensing,GET /licenses/export/dependent-replica-1,clean,none,field_policy_tests,0,0,0.0,1,1,1,0,30
business_licensing_1_4_clean_dependent,business_licensing,GET /licenses/export/dependent-replica-1,clean,none,audit_contract_tests,0,0,0.0,1,1,1,0,30
business_licensing_1_4_clean_dependent,business_licensing,GET /licenses/export/dependent-replica-1,clean,none,basic_policy_aware_full,0,0,0.0,1,1,1,0,30
business_licensing_1_4_clean_dependent,business_licensing,GET /licenses/export/dependent-replica-1,clean,none,dependent_policy_full,0,0,0.0,1,1,1,0,30
business_licensing_1_4_clean_dependent,business_licensing,GET /licenses/export/dependent-replica-1,clean,none,dependent_without_consent,0,0,0.0,1,1,1,0,30
business_licensing_1_4_clean_dependent,business_licensing,GET /licenses/export/dependent-replica-1,clean,none,dependent_without_threshold,0,0,0.0,1,1,1,0,30
business_licensing_1_4_clean_dependent,business_licensing,GET /licenses/export/dependent-replica-1,clean,none,dependent_without_enhanced_audit,0,0,0.0,1,1,1,0,30
business_licensing_1_4_clean_dependent,business_licensing,GET /licenses/export/dependent-replica-1,clean,none,dependent_without_purpose_field,0,0,0.0,1,1,1,0,30
health_2_1_purpose_field,health,GET /patients/{id}/dependent-replica-2,purpose_conditioned_field,purpose_field_dependency,schema_validation,1,0,35.0,1,1,1,0,27
health_2_1_purpose_field,health,GET /patients/{id}/dependent-replica-2,purpose_conditioned_field,purpose_field_dependency,role_matrix,1,0,35.0,1,1,1,0,27
health_2_1_purpose_field,health,GET /patients/{id}/dependent-replica-2,purpose_conditioned_field,purpose_field_dependency,object_policy_tests,1,0,35.0,1,1,1,0,27
health_2_1_purpose_field,health,GET /patients/{id}/dependent-replica-2,purpose_conditioned_field,purpose_field_dependency,field_policy_tests,1,0,35.0,1,1,1,0,27
health_2_1_purpose_field,health,GET /patients/{id}/dependent-replica-2,purpose_conditioned_field,purpose_field_dependency,audit_contract_tests,1,0,35.0,1,1,1,0,27
health_2_1_purpose_field,health,GET /patients/{id}/dependent-replica-2,purpose_conditioned_field,purpose_field_dependency,basic_policy_aware_full,1,0,35.0,1,1,1,0,27
health_2_1_purpose_field,health,GET /patients/{id}/dependent-replica-2,purpose_conditioned_field,purpose_field_dependency,dependent_policy_full,1,1,35.0,1,1,1,0,27
health_2_1_purpose_field,health,GET /patients/{id}/dependent-replica-2,purpose_conditioned_field,purpose_field_dependency,dependent_without_consent,1,1,35.0,1,1,1,0,27
health_2_1_purpose_field,health,GET /patients/{id}/dependent-replica-2,purpose_conditioned_field,purpose_field_dependency,dependent_without_threshold,1,1,35.0,1,1,1,0,27
health_2_1_purpose_field,health,GET /patients/{id}/dependent-replica-2,purpose_conditioned_field,purpose_field_dependency,dependent_without_enhanced_audit,1,1,35.0,1,1,1,0,27
health_2_1_purpose_field,health,GET /patients/{id}/dependent-replica-2,purpose_conditioned_field,purpose_field_dependency,dependent_without_purpose_field,1,0,35.0,1,1,1,0,27
health_2_1_jurisdiction_field,health,GET /patients/{id}/dependent-replica-2,jurisdiction_conditioned_field,jurisdiction_field_dependency,schema_validation,1,0,40.0,0,1,1,0,31
health_2_1_jurisdiction_field,health,GET /patients/{id}/dependent-replica-2,jurisdiction_conditioned_field,jurisdiction_field_dependency,role_matrix,1,0,40.0,0,1,1,0,31
health_2_1_jurisdiction_field,health,GET /patients/{id}/dependent-replica-2,jurisdiction_conditioned_field,jurisdiction_field_dependency,object_policy_tests,1,0,40.0,0,1,1,0,31
health_2_1_jurisdiction_field,health,GET /patients/{id}/dependent-replica-2,jurisdiction_conditioned_field,jurisdiction_field_dependency,field_policy_tests,1,0,40.0,0,1,1,0,31
health_2_1_jurisdiction_field,health,GET /patients/{id}/dependent-replica-2,jurisdiction_conditioned_field,jurisdiction_field_dependency,audit_contract_tests,1,0,40.0,0,1,1,0,31
health_2_1_jurisdiction_field,health,GET /patients/{id}/dependent-replica-2,jurisdiction_conditioned_field,jurisdiction_field_dependency,basic_policy_aware_full,1,0,40.0,0,1,1,0,31
health_2_1_jurisdiction_field,health,GET /patients/{id}/dependent-replica-2,jurisdiction_conditioned_field,jurisdiction_field_dependency,dependent_policy_full,1,1,40.0,0,1,1,0,31
health_2_1_jurisdiction_field,health,GET /patients/{id}/dependent-replica-2,jurisdiction_conditioned_field,jurisdiction_field_dependency,dependent_without_consent,1,1,40.0,0,1,1,0,31
health_2_1_jurisdiction_field,health,GET /patients/{id}/dependent-replica-2,jurisdiction_conditioned_field,jurisdiction_field_dependency,dependent_without_threshold,1,1,40.0,0,1,1,0,31
health_2_1_jurisdiction_field,health,GET /patients/{id}/dependent-replica-2,jurisdiction_conditioned_field,jurisdiction_field_dependency,dependent_without_enhanced_audit,1,1,40.0,0,1,1,0,31
health_2_1_jurisdiction_field,health,GET /patients/{id}/dependent-replica-2,jurisdiction_conditioned_field,jurisdiction_field_dependency,dependent_without_purpose_field,1,1,40.0,0,1,1,0,31
health_2_1_consent_field,health,GET /patients/{id}/dependent-replica-2,consent_gated_field,consent_field_dependency,schema_validation,1,0,30.0,1,1,0,0,44
health_2_1_consent_field,health,GET /patients/{id}/dependent-replica-2,consent_gated_field,consent_field_dependency,role_matrix,1,0,30.0,1,1,0,0,44
health_2_1_consent_field,health,GET /patients/{id}/dependent-replica-2,consent_gated_field,consent_field_dependency,object_policy_tests,1,0,30.0,1,1,0,0,44
health_2_1_consent_field,health,GET /patients/{id}/dependent-replica-2,consent_gated_field,consent_field_dependency,field_policy_tests,1,0,30.0,1,1,0,0,44
health_2_1_consent_field,health,GET /patients/{id}/dependent-replica-2,consent_gated_field,consent_field_dependency,audit_contract_tests,1,0,30.0,1,1,0,0,44
health_2_1_consent_field,health,GET /patients/{id}/dependent-replica-2,consent_gated_field,consent_field_dependency,basic_policy_aware_full,1,0,30.0,1,1,0,0,44
health_2_1_consent_field,health,GET /patients/{id}/dependent-replica-2,consent_gated_field,consent_field_dependency,dependent_policy_full,1,1,30.0,1,1,0,0,44
health_2_1_consent_field,health,GET /patients/{id}/dependent-replica-2,consent_gated_field,consent_field_dependency,dependent_without_consent,1,0,30.0,1,1,0,0,44
health_2_1_consent_field,health,GET /patients/{id}/dependent-replica-2,consent_gated_field,consent_field_dependency,dependent_without_threshold,1,1,30.0,1,1,0,0,44
health_2_1_consent_field,health,GET /patients/{id}/dependent-replica-2,consent_gated_field,consent_field_dependency,dependent_without_enhanced_audit,1,1,30.0,1,1,0,0,44
health_2_1_consent_field,health,GET /patients/{id}/dependent-replica-2,consent_gated_field,consent_field_dependency,dependent_without_purpose_field,1,1,30.0,1,1,0,0,44
health_2_1_small_cell,health,GET /patients/{id}/dependent-replica-2,aggregation_threshold_leak,aggregation_threshold,schema_validation,1,0,25.0,1,1,1,0,4
health_2_1_small_cell,health,GET /patients/{id}/dependent-replica-2,aggregation_threshold_leak,aggregation_threshold,role_matrix,1,0,25.0,1,1,1,0,4
health_2_1_small_cell,health,GET /patients/{id}/dependent-replica-2,aggregation_threshold_leak,aggregation_threshold,object_policy_tests,1,0,25.0,1,1,1,0,4
health_2_1_small_cell,health,GET /patients/{id}/dependent-replica-2,aggregation_threshold_leak,aggregation_threshold,field_policy_tests,1,0,25.0,1,1,1,0,4
health_2_1_small_cell,health,GET /patients/{id}/dependent-replica-2,aggregation_threshold_leak,aggregation_threshold,audit_contract_tests,1,0,25.0,1,1,1,0,4
health_2_1_small_cell,health,GET /patients/{id}/dependent-replica-2,aggregation_threshold_leak,aggregation_threshold,basic_policy_aware_full,1,0,25.0,1,1,1,0,4
health_2_1_small_cell,health,GET /patients/{id}/dependent-replica-2,aggregation_threshold_leak,aggregation_threshold,dependent_policy_full,1,1,25.0,1,1,1,0,4
health_2_1_small_cell,health,GET /patients/{id}/dependent-replica-2,aggregation_threshold_leak,aggregation_threshold,dependent_without_consent,1,1,25.0,1,1,1,0,4
health_2_1_small_cell,health,GET /patients/{id}/dependent-replica-2,aggregation_threshold_leak,aggregation_threshold,dependent_without_threshold,1,0,25.0,1,1,1,0,4
health_2_1_small_cell,health,GET /patients/{id}/dependent-replica-2,aggregation_threshold_leak,aggregation_threshold,dependent_without_enhanced_audit,1,1,25.0,1,1,1,0,4
health_2_1_small_cell,health,GET /patients/{id}/dependent-replica-2,aggregation_threshold_leak,aggregation_threshold,dependent_without_purpose_field,1,1,25.0,1,1,1,0,4
health_2_1_emergency_audit,health,GET /patients/{id}/dependent-replica-2,emergency_audit_downgrade,enhanced_audit_dependency,schema_validation,1,0,20.0,1,1,1,1,30
health_2_1_emergency_audit,health,GET /patients/{id}/dependent-replica-2,emergency_audit_downgrade,enhanced_audit_dependency,role_matrix,1,0,20.0,1,1,1,1,30
health_2_1_emergency_audit,health,GET /patients/{id}/dependent-replica-2,emergency_audit_downgrade,enhanced_audit_dependency,object_policy_tests,1,0,20.0,1,1,1,1,30
health_2_1_emergency_audit,health,GET /patients/{id}/dependent-replica-2,emergency_audit_downgrade,enhanced_audit_dependency,field_policy_tests,1,0,20.0,1,1,1,1,30
health_2_1_emergency_audit,health,GET /patients/{id}/dependent-replica-2,emergency_audit_downgrade,enhanced_audit_dependency,audit_contract_tests,1,0,20.0,1,1,1,1,30
health_2_1_emergency_audit,health,GET /patients/{id}/dependent-replica-2,emergency_audit_downgrade,enhanced_audit_dependency,basic_policy_aware_full,1,0,20.0,1,1,1,1,30
health_2_1_emergency_audit,health,GET /patients/{id}/dependent-replica-2,emergency_audit_downgrade,enhanced_audit_dependency,dependent_policy_full,1,1,20.0,1,1,1,1,30
health_2_1_emergency_audit,health,GET /patients/{id}/dependent-replica-2,emergency_audit_downgrade,enhanced_audit_dependency,dependent_without_consent,1,1,20.0,1,1,1,1,30
health_2_1_emergency_audit,health,GET /patients/{id}/dependent-replica-2,emergency_audit_downgrade,enhanced_audit_dependency,dependent_without_threshold,1,1,20.0,1,1,1,1,30
health_2_1_emergency_audit,health,GET /patients/{id}/dependent-replica-2,emergency_audit_downgrade,enhanced_audit_dependency,dependent_without_enhanced_audit,1,0,20.0,1,1,1,1,30
health_2_1_emergency_audit,health,GET /patients/{id}/dependent-replica-2,emergency_audit_downgrade,enhanced_audit_dependency,dependent_without_purpose_field,1,1,20.0,1,1,1,1,30
health_2_1_compound_scope,health,GET /patients/{id}/dependent-replica-2,compound_scope_field,compound_policy_interaction,schema_validation,1,0,50.0,0,0,0,0,3
health_2_1_compound_scope,health,GET /patients/{id}/dependent-replica-2,compound_scope_field,compound_policy_interaction,role_matrix,1,0,50.0,0,0,0,0,3
health_2_1_compound_scope,health,GET /patients/{id}/dependent-replica-2,compound_scope_field,compound_policy_interaction,object_policy_tests,1,0,50.0,0,0,0,0,3
health_2_1_compound_scope,health,GET /patients/{id}/dependent-replica-2,compound_scope_field,compound_policy_interaction,field_policy_tests,1,0,50.0,0,0,0,0,3
health_2_1_compound_scope,health,GET /patients/{id}/dependent-replica-2,compound_scope_field,compound_policy_interaction,audit_contract_tests,1,0,50.0,0,0,0,0,3
health_2_1_compound_scope,health,GET /patients/{id}/dependent-replica-2,compound_scope_field,compound_policy_interaction,basic_policy_aware_full,1,0,50.0,0,0,0,0,3
health_2_1_compound_scope,health,GET /patients/{id}/dependent-replica-2,compound_scope_field,compound_policy_interaction,dependent_policy_full,1,1,50.0,0,0,0,0,3
health_2_1_compound_scope,health,GET /patients/{id}/dependent-replica-2,compound_scope_field,compound_policy_interaction,dependent_without_consent,1,0,50.0,0,0,0,0,3
health_2_1_compound_scope,health,GET /patients/{id}/dependent-replica-2,compound_scope_field,compound_policy_interaction,dependent_without_threshold,1,1,50.0,0,0,0,0,3
health_2_1_compound_scope,health,GET /patients/{id}/dependent-replica-2,compound_scope_field,compound_policy_interaction,dependent_without_enhanced_audit,1,1,50.0,0,0,0,0,3
health_2_1_compound_scope,health,GET /patients/{id}/dependent-replica-2,compound_scope_field,compound_policy_interaction,dependent_without_purpose_field,1,1,50.0,0,0,0,0,3
health_2_1_clean_dependent,health,GET /patients/{id}/dependent-replica-2,clean,none,schema_validation,0,0,0.0,1,1,1,0,30
health_2_1_clean_dependent,health,GET /patients/{id}/dependent-replica-2,clean,none,role_matrix,0,0,0.0,1,1,1,0,30
health_2_1_clean_dependent,health,GET /patients/{id}/dependent-replica-2,clean,none,object_policy_tests,0,0,0.0,1,1,1,0,30
health_2_1_clean_dependent,health,GET /patients/{id}/dependent-replica-2,clean,none,field_policy_tests,0,0,0.0,1,1,1,0,30
health_2_1_clean_dependent,health,GET /patients/{id}/dependent-replica-2,clean,none,audit_contract_tests,0,0,0.0,1,1,1,0,30
health_2_1_clean_dependent,health,GET /patients/{id}/dependent-replica-2,clean,none,basic_policy_aware_full,0,0,0.0,1,1,1,0,30
health_2_1_clean_dependent,health,GET /patients/{id}/dependent-replica-2,clean,none,dependent_policy_full,0,0,0.0,1,1,1,0,30
health_2_1_clean_dependent,health,GET /patients/{id}/dependent-replica-2,clean,none,dependent_without_consent,0,0,0.0,1,1,1,0,30
health_2_1_clean_dependent,health,GET /patients/{id}/dependent-replica-2,clean,none,dependent_without_threshold,0,0,0.0,1,1,1,0,30
health_2_1_clean_dependent,health,GET /patients/{id}/dependent-replica-2,clean,none,dependent_without_enhanced_audit,0,0,0.0,1,1,1,0,30
health_2_1_clean_dependent,health,GET /patients/{id}/dependent-replica-2,clean,none,dependent_without_purpose_field,0,0,0.0,1,1,1,0,30
citizen_services_2_2_purpose_field,citizen_services,GET /benefits/{id}/dependent-replica-2,purpose_conditioned_field,purpose_field_dependency,schema_validation,1,0,35.0,1,1,1,0,27
citizen_services_2_2_purpose_field,citizen_services,GET /benefits/{id}/dependent-replica-2,purpose_conditioned_field,purpose_field_dependency,role_matrix,1,0,35.0,1,1,1,0,27
citizen_services_2_2_purpose_field,citizen_services,GET /benefits/{id}/dependent-replica-2,purpose_conditioned_field,purpose_field_dependency,object_policy_tests,1,0,35.0,1,1,1,0,27
citizen_services_2_2_purpose_field,citizen_services,GET /benefits/{id}/dependent-replica-2,purpose_conditioned_field,purpose_field_dependency,field_policy_tests,1,0,35.0,1,1,1,0,27
citizen_services_2_2_purpose_field,citizen_services,GET /benefits/{id}/dependent-replica-2,purpose_conditioned_field,purpose_field_dependency,audit_contract_tests,1,0,35.0,1,1,1,0,27
citizen_services_2_2_purpose_field,citizen_services,GET /benefits/{id}/dependent-replica-2,purpose_conditioned_field,purpose_field_dependency,basic_policy_aware_full,1,0,35.0,1,1,1,0,27
citizen_services_2_2_purpose_field,citizen_services,GET /benefits/{id}/dependent-replica-2,purpose_conditioned_field,purpose_field_dependency,dependent_policy_full,1,1,35.0,1,1,1,0,27
citizen_services_2_2_purpose_field,citizen_services,GET /benefits/{id}/dependent-replica-2,purpose_conditioned_field,purpose_field_dependency,dependent_without_consent,1,1,35.0,1,1,1,0,27
citizen_services_2_2_purpose_field,citizen_services,GET /benefits/{id}/dependent-replica-2,purpose_conditioned_field,purpose_field_dependency,dependent_without_threshold,1,1,35.0,1,1,1,0,27
citizen_services_2_2_purpose_field,citizen_services,GET /benefits/{id}/dependent-replica-2,purpose_conditioned_field,purpose_field_dependency,dependent_without_enhanced_audit,1,1,35.0,1,1,1,0,27
citizen_services_2_2_purpose_field,citizen_services,GET /benefits/{id}/dependent-replica-2,purpose_conditioned_field,purpose_field_dependency,dependent_without_purpose_field,1,0,35.0,1,1,1,0,27
citizen_services_2_2_jurisdiction_field,citizen_services,GET /benefits/{id}/dependent-replica-2,jurisdiction_conditioned_field,jurisdiction_field_dependency,schema_validation,1,0,40.0,0,1,1,0,31
citizen_services_2_2_jurisdiction_field,citizen_services,GET /benefits/{id}/dependent-replica-2,jurisdiction_conditioned_field,jurisdiction_field_dependency,role_matrix,1,0,40.0,0,1,1,0,31
citizen_services_2_2_jurisdiction_field,citizen_services,GET /benefits/{id}/dependent-replica-2,jurisdiction_conditioned_field,jurisdiction_field_dependency,object_policy_tests,1,0,40.0,0,1,1,0,31
citizen_services_2_2_jurisdiction_field,citizen_services,GET /benefits/{id}/dependent-replica-2,jurisdiction_conditioned_field,jurisdiction_field_dependency,field_policy_tests,1,0,40.0,0,1,1,0,31
citizen_services_2_2_jurisdiction_field,citizen_services,GET /benefits/{id}/dependent-replica-2,jurisdiction_conditioned_field,jurisdiction_field_dependency,audit_contract_tests,1,0,40.0,0,1,1,0,31
citizen_services_2_2_jurisdiction_field,citizen_services,GET /benefits/{id}/dependent-replica-2,jurisdiction_conditioned_field,jurisdiction_field_dependency,basic_policy_aware_full,1,0,40.0,0,1,1,0,31
citizen_services_2_2_jurisdiction_field,citizen_services,GET /benefits/{id}/dependent-replica-2,jurisdiction_conditioned_field,jurisdiction_field_dependency,dependent_policy_full,1,1,40.0,0,1,1,0,31
citizen_services_2_2_jurisdiction_field,citizen_services,GET /benefits/{id}/dependent-replica-2,jurisdiction_conditioned_field,jurisdiction_field_dependency,dependent_without_consent,1,1,40.0,0,1,1,0,31
citizen_services_2_2_jurisdiction_field,citizen_services,GET /benefits/{id}/dependent-replica-2,jurisdiction_conditioned_field,jurisdiction_field_dependency,dependent_without_threshold,1,1,40.0,0,1,1,0,31
citizen_services_2_2_jurisdiction_field,citizen_services,GET /benefits/{id}/dependent-replica-2,jurisdiction_conditioned_field,jurisdiction_field_dependency,dependent_without_enhanced_audit,1,1,40.0,0,1,1,0,31
citizen_services_2_2_jurisdiction_field,citizen_services,GET /benefits/{id}/dependent-replica-2,jurisdiction_conditioned_field,jurisdiction_field_dependency,dependent_without_purpose_field,1,1,40.0,0,1,1,0,31
citizen_services_2_2_consent_field,citizen_services,GET /benefits/{id}/dependent-replica-2,consent_gated_field,consent_field_dependency,schema_validation,1,0,30.0,1,1,0,0,44
citizen_services_2_2_consent_field,citizen_services,GET /benefits/{id}/dependent-replica-2,consent_gated_field,consent_field_dependency,role_matrix,1,0,30.0,1,1,0,0,44
citizen_services_2_2_consent_field,citizen_services,GET /benefits/{id}/dependent-replica-2,consent_gated_field,consent_field_dependency,object_policy_tests,1,0,30.0,1,1,0,0,44
citizen_services_2_2_consent_field,citizen_services,GET /benefits/{id}/dependent-replica-2,consent_gated_field,consent_field_dependency,field_policy_tests,1,0,30.0,1,1,0,0,44
citizen_services_2_2_consent_field,citizen_services,GET /benefits/{id}/dependent-replica-2,consent_gated_field,consent_field_dependency,audit_contract_tests,1,0,30.0,1,1,0,0,44
citizen_services_2_2_consent_field,citizen_services,GET /benefits/{id}/dependent-replica-2,consent_gated_field,consent_field_dependency,basic_policy_aware_full,1,0,30.0,1,1,0,0,44
citizen_services_2_2_consent_field,citizen_services,GET /benefits/{id}/dependent-replica-2,consent_gated_field,consent_field_dependency,dependent_policy_full,1,1,30.0,1,1,0,0,44
citizen_services_2_2_consent_field,citizen_services,GET /benefits/{id}/dependent-replica-2,consent_gated_field,consent_field_dependency,dependent_without_consent,1,0,30.0,1,1,0,0,44
citizen_services_2_2_consent_field,citizen_services,GET /benefits/{id}/dependent-replica-2,consent_gated_field,consent_field_dependency,dependent_without_threshold,1,1,30.0,1,1,0,0,44
citizen_services_2_2_consent_field,citizen_services,GET /benefits/{id}/dependent-replica-2,consent_gated_field,consent_field_dependency,dependent_without_enhanced_audit,1,1,30.0,1,1,0,0,44
citizen_services_2_2_consent_field,citizen_services,GET /benefits/{id}/dependent-replica-2,consent_gated_field,consent_field_dependency,dependent_without_purpose_field,1,1,30.0,1,1,0,0,44
citizen_services_2_2_small_cell,citizen_services,GET /benefits/{id}/dependent-replica-2,aggregation_threshold_leak,aggregation_threshold,schema_validation,1,0,25.0,1,1,1,0,4
citizen_services_2_2_small_cell,citizen_services,GET /benefits/{id}/dependent-replica-2,aggregation_threshold_leak,aggregation_threshold,role_matrix,1,0,25.0,1,1,1,0,4
citizen_services_2_2_small_cell,citizen_services,GET /benefits/{id}/dependent-replica-2,aggregation_threshold_leak,aggregation_threshold,object_policy_tests,1,0,25.0,1,1,1,0,4
citizen_services_2_2_small_cell,citizen_services,GET /benefits/{id}/dependent-replica-2,aggregation_threshold_leak,aggregation_threshold,field_policy_tests,1,0,25.0,1,1,1,0,4
citizen_services_2_2_small_cell,citizen_services,GET /benefits/{id}/dependent-replica-2,aggregation_threshold_leak,aggregation_threshold,audit_contract_tests,1,0,25.0,1,1,1,0,4
citizen_services_2_2_small_cell,citizen_services,GET /benefits/{id}/dependent-replica-2,aggregation_threshold_leak,aggregation_threshold,basic_policy_aware_full,1,0,25.0,1,1,1,0,4
citizen_services_2_2_small_cell,citizen_services,GET /benefits/{id}/dependent-replica-2,aggregation_threshold_leak,aggregation_threshold,dependent_policy_full,1,1,25.0,1,1,1,0,4
citizen_services_2_2_small_cell,citizen_services,GET /benefits/{id}/dependent-replica-2,aggregation_threshold_leak,aggregation_threshold,dependent_without_consent,1,1,25.0,1,1,1,0,4
citizen_services_2_2_small_cell,citizen_services,GET /benefits/{id}/dependent-replica-2,aggregation_threshold_leak,aggregation_threshold,dependent_without_threshold,1,0,25.0,1,1,1,0,4
citizen_services_2_2_small_cell,citizen_services,GET /benefits/{id}/dependent-replica-2,aggregation_threshold_leak,aggregation_threshold,dependent_without_enhanced_audit,1,1,25.0,1,1,1,0,4
citizen_services_2_2_small_cell,citizen_services,GET /benefits/{id}/dependent-replica-2,aggregation_threshold_leak,aggregation_threshold,dependent_without_purpose_field,1,1,25.0,1,1,1,0,4
citizen_services_2_2_emergency_audit,citizen_services,GET /benefits/{id}/dependent-replica-2,emergency_audit_downgrade,enhanced_audit_dependency,schema_validation,1,0,20.0,1,1,1,1,30
citizen_services_2_2_emergency_audit,citizen_services,GET /benefits/{id}/dependent-replica-2,emergency_audit_downgrade,enhanced_audit_dependency,role_matrix,1,0,20.0,1,1,1,1,30
citizen_services_2_2_emergency_audit,citizen_services,GET /benefits/{id}/dependent-replica-2,emergency_audit_downgrade,enhanced_audit_dependency,object_policy_tests,1,0,20.0,1,1,1,1,30
citizen_services_2_2_emergency_audit,citizen_services,GET /benefits/{id}/dependent-replica-2,emergency_audit_downgrade,enhanced_audit_dependency,field_policy_tests,1,0,20.0,1,1,1,1,30
citizen_services_2_2_emergency_audit,citizen_services,GET /benefits/{id}/dependent-replica-2,emergency_audit_downgrade,enhanced_audit_dependency,audit_contract_tests,1,0,20.0,1,1,1,1,30
citizen_services_2_2_emergency_audit,citizen_services,GET /benefits/{id}/dependent-replica-2,emergency_audit_downgrade,enhanced_audit_dependency,basic_policy_aware_full,1,0,20.0,1,1,1,1,30
citizen_services_2_2_emergency_audit,citizen_services,GET /benefits/{id}/dependent-replica-2,emergency_audit_downgrade,enhanced_audit_dependency,dependent_policy_full,1,1,20.0,1,1,1,1,30
citizen_services_2_2_emergency_audit,citizen_services,GET /benefits/{id}/dependent-replica-2,emergency_audit_downgrade,enhanced_audit_dependency,dependent_without_consent,1,1,20.0,1,1,1,1,30
citizen_services_2_2_emergency_audit,citizen_services,GET /benefits/{id}/dependent-replica-2,emergency_audit_downgrade,enhanced_audit_dependency,dependent_without_threshold,1,1,20.0,1,1,1,1,30
citizen_services_2_2_emergency_audit,citizen_services,GET /benefits/{id}/dependent-replica-2,emergency_audit_downgrade,enhanced_audit_dependency,dependent_without_enhanced_audit,1,0,20.0,1,1,1,1,30
citizen_services_2_2_emergency_audit,citizen_services,GET /benefits/{id}/dependent-replica-2,emergency_audit_downgrade,enhanced_audit_dependency,dependent_without_purpose_field,1,1,20.0,1,1,1,1,30
citizen_services_2_2_compound_scope,citizen_services,GET /benefits/{id}/dependent-replica-2,compound_scope_field,compound_policy_interaction,schema_validation,1,0,50.0,0,0,0,0,3
citizen_services_2_2_compound_scope,citizen_services,GET /benefits/{id}/dependent-replica-2,compound_scope_field,compound_policy_interaction,role_matrix,1,0,50.0,0,0,0,0,3
citizen_services_2_2_compound_scope,citizen_services,GET /benefits/{id}/dependent-replica-2,compound_scope_field,compound_policy_interaction,object_policy_tests,1,0,50.0,0,0,0,0,3
citizen_services_2_2_compound_scope,citizen_services,GET /benefits/{id}/dependent-replica-2,compound_scope_field,compound_policy_interaction,field_policy_tests,1,0,50.0,0,0,0,0,3
citizen_services_2_2_compound_scope,citizen_services,GET /benefits/{id}/dependent-replica-2,compound_scope_field,compound_policy_interaction,audit_contract_tests,1,0,50.0,0,0,0,0,3
citizen_services_2_2_compound_scope,citizen_services,GET /benefits/{id}/dependent-replica-2,compound_scope_field,compound_policy_interaction,basic_policy_aware_full,1,0,50.0,0,0,0,0,3
citizen_services_2_2_compound_scope,citizen_services,GET /benefits/{id}/dependent-replica-2,compound_scope_field,compound_policy_interaction,dependent_policy_full,1,1,50.0,0,0,0,0,3
citizen_services_2_2_compound_scope,citizen_services,GET /benefits/{id}/dependent-replica-2,compound_scope_field,compound_policy_interaction,dependent_without_consent,1,0,50.0,0,0,0,0,3
citizen_services_2_2_compound_scope,citizen_services,GET /benefits/{id}/dependent-replica-2,compound_scope_field,compound_policy_interaction,dependent_without_threshold,1,1,50.0,0,0,0,0,3
citizen_services_2_2_compound_scope,citizen_services,GET /benefits/{id}/dependent-replica-2,compound_scope_field,compound_policy_interaction,dependent_without_enhanced_audit,1,1,50.0,0,0,0,0,3
citizen_services_2_2_compound_scope,citizen_services,GET /benefits/{id}/dependent-replica-2,compound_scope_field,compound_policy_interaction,dependent_without_purpose_field,1,1,50.0,0,0,0,0,3
citizen_services_2_2_clean_dependent,citizen_services,GET /benefits/{id}/dependent-replica-2,clean,none,schema_validation,0,0,0.0,1,1,1,0,30
citizen_services_2_2_clean_dependent,citizen_services,GET /benefits/{id}/dependent-replica-2,clean,none,role_matrix,0,0,0.0,1,1,1,0,30
citizen_services_2_2_clean_dependent,citizen_services,GET /benefits/{id}/dependent-replica-2,clean,none,object_policy_tests,0,0,0.0,1,1,1,0,30
citizen_services_2_2_clean_dependent,citizen_services,GET /benefits/{id}/dependent-replica-2,clean,none,field_policy_tests,0,0,0.0,1,1,1,0,30
citizen_services_2_2_clean_dependent,citizen_services,GET /benefits/{id}/dependent-replica-2,clean,none,audit_contract_tests,0,0,0.0,1,1,1,0,30
citizen_services_2_2_clean_dependent,citizen_services,GET /benefits/{id}/dependent-replica-2,clean,none,basic_policy_aware_full,0,0,0.0,1,1,1,0,30
citizen_services_2_2_clean_dependent,citizen_services,GET /benefits/{id}/dependent-replica-2,clean,none,dependent_policy_full,0,0,0.0,1,1,1,0,30
citizen_services_2_2_clean_dependent,citizen_services,GET /benefits/{id}/dependent-replica-2,clean,none,dependent_without_consent,0,0,0.0,1,1,1,0,30
citizen_services_2_2_clean_dependent,citizen_services,GET /benefits/{id}/dependent-replica-2,clean,none,dependent_without_threshold,0,0,0.0,1,1,1,0,30
citizen_services_2_2_clean_dependent,citizen_services,GET /benefits/{id}/dependent-replica-2,clean,none,dependent_without_enhanced_audit,0,0,0.0,1,1,1,0,30
citizen_services_2_2_clean_dependent,citizen_services,GET /benefits/{id}/dependent-replica-2,clean,none,dependent_without_purpose_field,0,0,0.0,1,1,1,0,30
education_2_3_purpose_field,education,GET /students/{id}/record/dependent-replica-2,purpose_conditioned_field,purpose_field_dependency,schema_validation,1,0,35.0,1,1,1,0,27
education_2_3_purpose_field,education,GET /students/{id}/record/dependent-replica-2,purpose_conditioned_field,purpose_field_dependency,role_matrix,1,0,35.0,1,1,1,0,27
education_2_3_purpose_field,education,GET /students/{id}/record/dependent-replica-2,purpose_conditioned_field,purpose_field_dependency,object_policy_tests,1,0,35.0,1,1,1,0,27
education_2_3_purpose_field,education,GET /students/{id}/record/dependent-replica-2,purpose_conditioned_field,purpose_field_dependency,field_policy_tests,1,0,35.0,1,1,1,0,27
education_2_3_purpose_field,education,GET /students/{id}/record/dependent-replica-2,purpose_conditioned_field,purpose_field_dependency,audit_contract_tests,1,0,35.0,1,1,1,0,27
education_2_3_purpose_field,education,GET /students/{id}/record/dependent-replica-2,purpose_conditioned_field,purpose_field_dependency,basic_policy_aware_full,1,0,35.0,1,1,1,0,27
education_2_3_purpose_field,education,GET /students/{id}/record/dependent-replica-2,purpose_conditioned_field,purpose_field_dependency,dependent_policy_full,1,1,35.0,1,1,1,0,27
education_2_3_purpose_field,education,GET /students/{id}/record/dependent-replica-2,purpose_conditioned_field,purpose_field_dependency,dependent_without_consent,1,1,35.0,1,1,1,0,27
education_2_3_purpose_field,education,GET /students/{id}/record/dependent-replica-2,purpose_conditioned_field,purpose_field_dependency,dependent_without_threshold,1,1,35.0,1,1,1,0,27
education_2_3_purpose_field,education,GET /students/{id}/record/dependent-replica-2,purpose_conditioned_field,purpose_field_dependency,dependent_without_enhanced_audit,1,1,35.0,1,1,1,0,27
education_2_3_purpose_field,education,GET /students/{id}/record/dependent-replica-2,purpose_conditioned_field,purpose_field_dependency,dependent_without_purpose_field,1,0,35.0,1,1,1,0,27
education_2_3_jurisdiction_field,education,GET /students/{id}/record/dependent-replica-2,jurisdiction_conditioned_field,jurisdiction_field_dependency,schema_validation,1,0,40.0,0,1,1,0,31
education_2_3_jurisdiction_field,education,GET /students/{id}/record/dependent-replica-2,jurisdiction_conditioned_field,jurisdiction_field_dependency,role_matrix,1,0,40.0,0,1,1,0,31
education_2_3_jurisdiction_field,education,GET /students/{id}/record/dependent-replica-2,jurisdiction_conditioned_field,jurisdiction_field_dependency,object_policy_tests,1,0,40.0,0,1,1,0,31
education_2_3_jurisdiction_field,education,GET /students/{id}/record/dependent-replica-2,jurisdiction_conditioned_field,jurisdiction_field_dependency,field_policy_tests,1,0,40.0,0,1,1,0,31
education_2_3_jurisdiction_field,education,GET /students/{id}/record/dependent-replica-2,jurisdiction_conditioned_field,jurisdiction_field_dependency,audit_contract_tests,1,0,40.0,0,1,1,0,31
education_2_3_jurisdiction_field,education,GET /students/{id}/record/dependent-replica-2,jurisdiction_conditioned_field,jurisdiction_field_dependency,basic_policy_aware_full,1,0,40.0,0,1,1,0,31
education_2_3_jurisdiction_field,education,GET /students/{id}/record/dependent-replica-2,jurisdiction_conditioned_field,jurisdiction_field_dependency,dependent_policy_full,1,1,40.0,0,1,1,0,31
education_2_3_jurisdiction_field,education,GET /students/{id}/record/dependent-replica-2,jurisdiction_conditioned_field,jurisdiction_field_dependency,dependent_without_consent,1,1,40.0,0,1,1,0,31
education_2_3_jurisdiction_field,education,GET /students/{id}/record/dependent-replica-2,jurisdiction_conditioned_field,jurisdiction_field_dependency,dependent_without_threshold,1,1,40.0,0,1,1,0,31
education_2_3_jurisdiction_field,education,GET /students/{id}/record/dependent-replica-2,jurisdiction_conditioned_field,jurisdiction_field_dependency,dependent_without_enhanced_audit,1,1,40.0,0,1,1,0,31
education_2_3_jurisdiction_field,education,GET /students/{id}/record/dependent-replica-2,jurisdiction_conditioned_field,jurisdiction_field_dependency,dependent_without_purpose_field,1,1,40.0,0,1,1,0,31
education_2_3_consent_field,education,GET /students/{id}/record/dependent-replica-2,consent_gated_field,consent_field_dependency,schema_validation,1,0,30.0,1,1,0,0,44
education_2_3_consent_field,education,GET /students/{id}/record/dependent-replica-2,consent_gated_field,consent_field_dependency,role_matrix,1,0,30.0,1,1,0,0,44
education_2_3_consent_field,education,GET /students/{id}/record/dependent-replica-2,consent_gated_field,consent_field_dependency,object_policy_tests,1,0,30.0,1,1,0,0,44
education_2_3_consent_field,education,GET /students/{id}/record/dependent-replica-2,consent_gated_field,consent_field_dependency,field_policy_tests,1,0,30.0,1,1,0,0,44
education_2_3_consent_field,education,GET /students/{id}/record/dependent-replica-2,consent_gated_field,consent_field_dependency,audit_contract_tests,1,0,30.0,1,1,0,0,44
education_2_3_consent_field,education,GET /students/{id}/record/dependent-replica-2,consent_gated_field,consent_field_dependency,basic_policy_aware_full,1,0,30.0,1,1,0,0,44
education_2_3_consent_field,education,GET /students/{id}/record/dependent-replica-2,consent_gated_field,consent_field_dependency,dependent_policy_full,1,1,30.0,1,1,0,0,44
education_2_3_consent_field,education,GET /students/{id}/record/dependent-replica-2,consent_gated_field,consent_field_dependency,dependent_without_consent,1,0,30.0,1,1,0,0,44
education_2_3_consent_field,education,GET /students/{id}/record/dependent-replica-2,consent_gated_field,consent_field_dependency,dependent_without_threshold,1,1,30.0,1,1,0,0,44
education_2_3_consent_field,education,GET /students/{id}/record/dependent-replica-2,consent_gated_field,consent_field_dependency,dependent_without_enhanced_audit,1,1,30.0,1,1,0,0,44
education_2_3_consent_field,education,GET /students/{id}/record/dependent-replica-2,consent_gated_field,consent_field_dependency,dependent_without_purpose_field,1,1,30.0,1,1,0,0,44
education_2_3_small_cell,education,GET /students/{id}/record/dependent-replica-2,aggregation_threshold_leak,aggregation_threshold,schema_validation,1,0,25.0,1,1,1,0,4
education_2_3_small_cell,education,GET /students/{id}/record/dependent-replica-2,aggregation_threshold_leak,aggregation_threshold,role_matrix,1,0,25.0,1,1,1,0,4
education_2_3_small_cell,education,GET /students/{id}/record/dependent-replica-2,aggregation_threshold_leak,aggregation_threshold,object_policy_tests,1,0,25.0,1,1,1,0,4
education_2_3_small_cell,education,GET /students/{id}/record/dependent-replica-2,aggregation_threshold_leak,aggregation_threshold,field_policy_tests,1,0,25.0,1,1,1,0,4
education_2_3_small_cell,education,GET /students/{id}/record/dependent-replica-2,aggregation_threshold_leak,aggregation_threshold,audit_contract_tests,1,0,25.0,1,1,1,0,4
education_2_3_small_cell,education,GET /students/{id}/record/dependent-replica-2,aggregation_threshold_leak,aggregation_threshold,basic_policy_aware_full,1,0,25.0,1,1,1,0,4
education_2_3_small_cell,education,GET /students/{id}/record/dependent-replica-2,aggregation_threshold_leak,aggregation_threshold,dependent_policy_full,1,1,25.0,1,1,1,0,4
education_2_3_small_cell,education,GET /students/{id}/record/dependent-replica-2,aggregation_threshold_leak,aggregation_threshold,dependent_without_consent,1,1,25.0,1,1,1,0,4
education_2_3_small_cell,education,GET /students/{id}/record/dependent-replica-2,aggregation_threshold_leak,aggregation_threshold,dependent_without_threshold,1,0,25.0,1,1,1,0,4
education_2_3_small_cell,education,GET /students/{id}/record/dependent-replica-2,aggregation_threshold_leak,aggregation_threshold,dependent_without_enhanced_audit,1,1,25.0,1,1,1,0,4
education_2_3_small_cell,education,GET /students/{id}/record/dependent-replica-2,aggregation_threshold_leak,aggregation_threshold,dependent_without_purpose_field,1,1,25.0,1,1,1,0,4
education_2_3_emergency_audit,education,GET /students/{id}/record/dependent-replica-2,emergency_audit_downgrade,enhanced_audit_dependency,schema_validation,1,0,20.0,1,1,1,1,30
education_2_3_emergency_audit,education,GET /students/{id}/record/dependent-replica-2,emergency_audit_downgrade,enhanced_audit_dependency,role_matrix,1,0,20.0,1,1,1,1,30
education_2_3_emergency_audit,education,GET /students/{id}/record/dependent-replica-2,emergency_audit_downgrade,enhanced_audit_dependency,object_policy_tests,1,0,20.0,1,1,1,1,30
education_2_3_emergency_audit,education,GET /students/{id}/record/dependent-replica-2,emergency_audit_downgrade,enhanced_audit_dependency,field_policy_tests,1,0,20.0,1,1,1,1,30
education_2_3_emergency_audit,education,GET /students/{id}/record/dependent-replica-2,emergency_audit_downgrade,enhanced_audit_dependency,audit_contract_tests,1,0,20.0,1,1,1,1,30
education_2_3_emergency_audit,education,GET /students/{id}/record/dependent-replica-2,emergency_audit_downgrade,enhanced_audit_dependency,basic_policy_aware_full,1,0,20.0,1,1,1,1,30
education_2_3_emergency_audit,education,GET /students/{id}/record/dependent-replica-2,emergency_audit_downgrade,enhanced_audit_dependency,dependent_policy_full,1,1,20.0,1,1,1,1,30
education_2_3_emergency_audit,education,GET /students/{id}/record/dependent-replica-2,emergency_audit_downgrade,enhanced_audit_dependency,dependent_without_consent,1,1,20.0,1,1,1,1,30
education_2_3_emergency_audit,education,GET /students/{id}/record/dependent-replica-2,emergency_audit_downgrade,enhanced_audit_dependency,dependent_without_threshold,1,1,20.0,1,1,1,1,30
education_2_3_emergency_audit,education,GET /students/{id}/record/dependent-replica-2,emergency_audit_downgrade,enhanced_audit_dependency,dependent_without_enhanced_audit,1,0,20.0,1,1,1,1,30
education_2_3_emergency_audit,education,GET /students/{id}/record/dependent-replica-2,emergency_audit_downgrade,enhanced_audit_dependency,dependent_without_purpose_field,1,1,20.0,1,1,1,1,30
education_2_3_compound_scope,education,GET /students/{id}/record/dependent-replica-2,compound_scope_field,compound_policy_interaction,schema_validation,1,0,50.0,0,0,0,0,3
education_2_3_compound_scope,education,GET /students/{id}/record/dependent-replica-2,compound_scope_field,compound_policy_interaction,role_matrix,1,0,50.0,0,0,0,0,3
education_2_3_compound_scope,education,GET /students/{id}/record/dependent-replica-2,compound_scope_field,compound_policy_interaction,object_policy_tests,1,0,50.0,0,0,0,0,3
education_2_3_compound_scope,education,GET /students/{id}/record/dependent-replica-2,compound_scope_field,compound_policy_interaction,field_policy_tests,1,0,50.0,0,0,0,0,3
education_2_3_compound_scope,education,GET /students/{id}/record/dependent-replica-2,compound_scope_field,compound_policy_interaction,audit_contract_tests,1,0,50.0,0,0,0,0,3
education_2_3_compound_scope,education,GET /students/{id}/record/dependent-replica-2,compound_scope_field,compound_policy_interaction,basic_policy_aware_full,1,0,50.0,0,0,0,0,3
education_2_3_compound_scope,education,GET /students/{id}/record/dependent-replica-2,compound_scope_field,compound_policy_interaction,dependent_policy_full,1,1,50.0,0,0,0,0,3
education_2_3_compound_scope,education,GET /students/{id}/record/dependent-replica-2,compound_scope_field,compound_policy_interaction,dependent_without_consent,1,0,50.0,0,0,0,0,3
education_2_3_compound_scope,education,GET /students/{id}/record/dependent-replica-2,compound_scope_field,compound_policy_interaction,dependent_without_threshold,1,1,50.0,0,0,0,0,3
education_2_3_compound_scope,education,GET /students/{id}/record/dependent-replica-2,compound_scope_field,compound_policy_interaction,dependent_without_enhanced_audit,1,1,50.0,0,0,0,0,3
education_2_3_compound_scope,education,GET /students/{id}/record/dependent-replica-2,compound_scope_field,compound_policy_interaction,dependent_without_purpose_field,1,1,50.0,0,0,0,0,3
education_2_3_clean_dependent,education,GET /students/{id}/record/dependent-replica-2,clean,none,schema_validation,0,0,0.0,1,1,1,0,30
education_2_3_clean_dependent,education,GET /students/{id}/record/dependent-replica-2,clean,none,role_matrix,0,0,0.0,1,1,1,0,30
education_2_3_clean_dependent,education,GET /students/{id}/record/dependent-replica-2,clean,none,object_policy_tests,0,0,0.0,1,1,1,0,30
education_2_3_clean_dependent,education,GET /students/{id}/record/dependent-replica-2,clean,none,field_policy_tests,0,0,0.0,1,1,1,0,30
education_2_3_clean_dependent,education,GET /students/{id}/record/dependent-replica-2,clean,none,audit_contract_tests,0,0,0.0,1,1,1,0,30
education_2_3_clean_dependent,education,GET /students/{id}/record/dependent-replica-2,clean,none,basic_policy_aware_full,0,0,0.0,1,1,1,0,30
education_2_3_clean_dependent,education,GET /students/{id}/record/dependent-replica-2,clean,none,dependent_policy_full,0,0,0.0,1,1,1,0,30
education_2_3_clean_dependent,education,GET /students/{id}/record/dependent-replica-2,clean,none,dependent_without_consent,0,0,0.0,1,1,1,0,30
education_2_3_clean_dependent,education,GET /students/{id}/record/dependent-replica-2,clean,none,dependent_without_threshold,0,0,0.0,1,1,1,0,30
education_2_3_clean_dependent,education,GET /students/{id}/record/dependent-replica-2,clean,none,dependent_without_enhanced_audit,0,0,0.0,1,1,1,0,30
education_2_3_clean_dependent,education,GET /students/{id}/record/dependent-replica-2,clean,none,dependent_without_purpose_field,0,0,0.0,1,1,1,0,30
business_licensing_2_4_purpose_field,business_licensing,GET /licenses/export/dependent-replica-2,purpose_conditioned_field,purpose_field_dependency,schema_validation,1,0,28.0,1,1,1,0,27
business_licensing_2_4_purpose_field,business_licensing,GET /licenses/export/dependent-replica-2,purpose_conditioned_field,purpose_field_dependency,role_matrix,1,0,28.0,1,1,1,0,27
business_licensing_2_4_purpose_field,business_licensing,GET /licenses/export/dependent-replica-2,purpose_conditioned_field,purpose_field_dependency,object_policy_tests,1,0,28.0,1,1,1,0,27
business_licensing_2_4_purpose_field,business_licensing,GET /licenses/export/dependent-replica-2,purpose_conditioned_field,purpose_field_dependency,field_policy_tests,1,0,28.0,1,1,1,0,27
business_licensing_2_4_purpose_field,business_licensing,GET /licenses/export/dependent-replica-2,purpose_conditioned_field,purpose_field_dependency,audit_contract_tests,1,0,28.0,1,1,1,0,27
business_licensing_2_4_purpose_field,business_licensing,GET /licenses/export/dependent-replica-2,purpose_conditioned_field,purpose_field_dependency,basic_policy_aware_full,1,0,28.0,1,1,1,0,27
business_licensing_2_4_purpose_field,business_licensing,GET /licenses/export/dependent-replica-2,purpose_conditioned_field,purpose_field_dependency,dependent_policy_full,1,1,28.0,1,1,1,0,27
business_licensing_2_4_purpose_field,business_licensing,GET /licenses/export/dependent-replica-2,purpose_conditioned_field,purpose_field_dependency,dependent_without_consent,1,1,28.0,1,1,1,0,27
business_licensing_2_4_purpose_field,business_licensing,GET /licenses/export/dependent-replica-2,purpose_conditioned_field,purpose_field_dependency,dependent_without_threshold,1,1,28.0,1,1,1,0,27
business_licensing_2_4_purpose_field,business_licensing,GET /licenses/export/dependent-replica-2,purpose_conditioned_field,purpose_field_dependency,dependent_without_enhanced_audit,1,1,28.0,1,1,1,0,27
business_licensing_2_4_purpose_field,business_licensing,GET /licenses/export/dependent-replica-2,purpose_conditioned_field,purpose_field_dependency,dependent_without_purpose_field,1,0,28.0,1,1,1,0,27
business_licensing_2_4_jurisdiction_field,business_licensing,GET /licenses/export/dependent-replica-2,jurisdiction_conditioned_field,jurisdiction_field_dependency,schema_validation,1,0,32.0,0,1,1,0,31
business_licensing_2_4_jurisdiction_field,business_licensing,GET /licenses/export/dependent-replica-2,jurisdiction_conditioned_field,jurisdiction_field_dependency,role_matrix,1,0,32.0,0,1,1,0,31
business_licensing_2_4_jurisdiction_field,business_licensing,GET /licenses/export/dependent-replica-2,jurisdiction_conditioned_field,jurisdiction_field_dependency,object_policy_tests,1,0,32.0,0,1,1,0,31
business_licensing_2_4_jurisdiction_field,business_licensing,GET /licenses/export/dependent-replica-2,jurisdiction_conditioned_field,jurisdiction_field_dependency,field_policy_tests,1,0,32.0,0,1,1,0,31
business_licensing_2_4_jurisdiction_field,business_licensing,GET /licenses/export/dependent-replica-2,jurisdiction_conditioned_field,jurisdiction_field_dependency,audit_contract_tests,1,0,32.0,0,1,1,0,31
business_licensing_2_4_jurisdiction_field,business_licensing,GET /licenses/export/dependent-replica-2,jurisdiction_conditioned_field,jurisdiction_field_dependency,basic_policy_aware_full,1,0,32.0,0,1,1,0,31
business_licensing_2_4_jurisdiction_field,business_licensing,GET /licenses/export/dependent-replica-2,jurisdiction_conditioned_field,jurisdiction_field_dependency,dependent_policy_full,1,1,32.0,0,1,1,0,31
business_licensing_2_4_jurisdiction_field,business_licensing,GET /licenses/export/dependent-replica-2,jurisdiction_conditioned_field,jurisdiction_field_dependency,dependent_without_consent,1,1,32.0,0,1,1,0,31
business_licensing_2_4_jurisdiction_field,business_licensing,GET /licenses/export/dependent-replica-2,jurisdiction_conditioned_field,jurisdiction_field_dependency,dependent_without_threshold,1,1,32.0,0,1,1,0,31
business_licensing_2_4_jurisdiction_field,business_licensing,GET /licenses/export/dependent-replica-2,jurisdiction_conditioned_field,jurisdiction_field_dependency,dependent_without_enhanced_audit,1,1,32.0,0,1,1,0,31
business_licensing_2_4_jurisdiction_field,business_licensing,GET /licenses/export/dependent-replica-2,jurisdiction_conditioned_field,jurisdiction_field_dependency,dependent_without_purpose_field,1,1,32.0,0,1,1,0,31
business_licensing_2_4_consent_field,business_licensing,GET /licenses/export/dependent-replica-2,consent_gated_field,consent_field_dependency,schema_validation,1,0,24.0,1,1,0,0,44
business_licensing_2_4_consent_field,business_licensing,GET /licenses/export/dependent-replica-2,consent_gated_field,consent_field_dependency,role_matrix,1,0,24.0,1,1,0,0,44
business_licensing_2_4_consent_field,business_licensing,GET /licenses/export/dependent-replica-2,consent_gated_field,consent_field_dependency,object_policy_tests,1,0,24.0,1,1,0,0,44
business_licensing_2_4_consent_field,business_licensing,GET /licenses/export/dependent-replica-2,consent_gated_field,consent_field_dependency,field_policy_tests,1,0,24.0,1,1,0,0,44
business_licensing_2_4_consent_field,business_licensing,GET /licenses/export/dependent-replica-2,consent_gated_field,consent_field_dependency,audit_contract_tests,1,0,24.0,1,1,0,0,44
business_licensing_2_4_consent_field,business_licensing,GET /licenses/export/dependent-replica-2,consent_gated_field,consent_field_dependency,basic_policy_aware_full,1,0,24.0,1,1,0,0,44
business_licensing_2_4_consent_field,business_licensing,GET /licenses/export/dependent-replica-2,consent_gated_field,consent_field_dependency,dependent_policy_full,1,1,24.0,1,1,0,0,44
business_licensing_2_4_consent_field,business_licensing,GET /licenses/export/dependent-replica-2,consent_gated_field,consent_field_dependency,dependent_without_consent,1,0,24.0,1,1,0,0,44
business_licensing_2_4_consent_field,business_licensing,GET /licenses/export/dependent-replica-2,consent_gated_field,consent_field_dependency,dependent_without_threshold,1,1,24.0,1,1,0,0,44
business_licensing_2_4_consent_field,business_licensing,GET /licenses/export/dependent-replica-2,consent_gated_field,consent_field_dependency,dependent_without_enhanced_audit,1,1,24.0,1,1,0,0,44
business_licensing_2_4_consent_field,business_licensing,GET /licenses/export/dependent-replica-2,consent_gated_field,consent_field_dependency,dependent_without_purpose_field,1,1,24.0,1,1,0,0,44
business_licensing_2_4_small_cell,business_licensing,GET /licenses/export/dependent-replica-2,aggregation_threshold_leak,aggregation_threshold,schema_validation,1,0,20.0,1,1,1,0,4
business_licensing_2_4_small_cell,business_licensing,GET /licenses/export/dependent-replica-2,aggregation_threshold_leak,aggregation_threshold,role_matrix,1,0,20.0,1,1,1,0,4
business_licensing_2_4_small_cell,business_licensing,GET /licenses/export/dependent-replica-2,aggregation_threshold_leak,aggregation_threshold,object_policy_tests,1,0,20.0,1,1,1,0,4
business_licensing_2_4_small_cell,business_licensing,GET /licenses/export/dependent-replica-2,aggregation_threshold_leak,aggregation_threshold,field_policy_tests,1,0,20.0,1,1,1,0,4
business_licensing_2_4_small_cell,business_licensing,GET /licenses/export/dependent-replica-2,aggregation_threshold_leak,aggregation_threshold,audit_contract_tests,1,0,20.0,1,1,1,0,4
business_licensing_2_4_small_cell,business_licensing,GET /licenses/export/dependent-replica-2,aggregation_threshold_leak,aggregation_threshold,basic_policy_aware_full,1,0,20.0,1,1,1,0,4
business_licensing_2_4_small_cell,business_licensing,GET /licenses/export/dependent-replica-2,aggregation_threshold_leak,aggregation_threshold,dependent_policy_full,1,1,20.0,1,1,1,0,4
business_licensing_2_4_small_cell,business_licensing,GET /licenses/export/dependent-replica-2,aggregation_threshold_leak,aggregation_threshold,dependent_without_consent,1,1,20.0,1,1,1,0,4
business_licensing_2_4_small_cell,business_licensing,GET /licenses/export/dependent-replica-2,aggregation_threshold_leak,aggregation_threshold,dependent_without_threshold,1,0,20.0,1,1,1,0,4
business_licensing_2_4_small_cell,business_licensing,GET /licenses/export/dependent-replica-2,aggregation_threshold_leak,aggregation_threshold,dependent_without_enhanced_audit,1,1,20.0,1,1,1,0,4
business_licensing_2_4_small_cell,business_licensing,GET /licenses/export/dependent-replica-2,aggregation_threshold_leak,aggregation_threshold,dependent_without_purpose_field,1,1,20.0,1,1,1,0,4
business_licensing_2_4_emergency_audit,business_licensing,GET /licenses/export/dependent-replica-2,emergency_audit_downgrade,enhanced_audit_dependency,schema_validation,1,0,16.0,1,1,1,1,30
business_licensing_2_4_emergency_audit,business_licensing,GET /licenses/export/dependent-replica-2,emergency_audit_downgrade,enhanced_audit_dependency,role_matrix,1,0,16.0,1,1,1,1,30
business_licensing_2_4_emergency_audit,business_licensing,GET /licenses/export/dependent-replica-2,emergency_audit_downgrade,enhanced_audit_dependency,object_policy_tests,1,0,16.0,1,1,1,1,30
business_licensing_2_4_emergency_audit,business_licensing,GET /licenses/export/dependent-replica-2,emergency_audit_downgrade,enhanced_audit_dependency,field_policy_tests,1,0,16.0,1,1,1,1,30
business_licensing_2_4_emergency_audit,business_licensing,GET /licenses/export/dependent-replica-2,emergency_audit_downgrade,enhanced_audit_dependency,audit_contract_tests,1,0,16.0,1,1,1,1,30
business_licensing_2_4_emergency_audit,business_licensing,GET /licenses/export/dependent-replica-2,emergency_audit_downgrade,enhanced_audit_dependency,basic_policy_aware_full,1,0,16.0,1,1,1,1,30
business_licensing_2_4_emergency_audit,business_licensing,GET /licenses/export/dependent-replica-2,emergency_audit_downgrade,enhanced_audit_dependency,dependent_policy_full,1,1,16.0,1,1,1,1,30
business_licensing_2_4_emergency_audit,business_licensing,GET /licenses/export/dependent-replica-2,emergency_audit_downgrade,enhanced_audit_dependency,dependent_without_consent,1,1,16.0,1,1,1,1,30
business_licensing_2_4_emergency_audit,business_licensing,GET /licenses/export/dependent-replica-2,emergency_audit_downgrade,enhanced_audit_dependency,dependent_without_threshold,1,1,16.0,1,1,1,1,30
business_licensing_2_4_emergency_audit,business_licensing,GET /licenses/export/dependent-replica-2,emergency_audit_downgrade,enhanced_audit_dependency,dependent_without_enhanced_audit,1,0,16.0,1,1,1,1,30
business_licensing_2_4_emergency_audit,business_licensing,GET /licenses/export/dependent-replica-2,emergency_audit_downgrade,enhanced_audit_dependency,dependent_without_purpose_field,1,1,16.0,1,1,1,1,30
business_licensing_2_4_compound_scope,business_licensing,GET /licenses/export/dependent-replica-2,compound_scope_field,compound_policy_interaction,schema_validation,1,0,40.0,0,0,0,0,3
business_licensing_2_4_compound_scope,business_licensing,GET /licenses/export/dependent-replica-2,compound_scope_field,compound_policy_interaction,role_matrix,1,0,40.0,0,0,0,0,3
business_licensing_2_4_compound_scope,business_licensing,GET /licenses/export/dependent-replica-2,compound_scope_field,compound_policy_interaction,object_policy_tests,1,0,40.0,0,0,0,0,3
business_licensing_2_4_compound_scope,business_licensing,GET /licenses/export/dependent-replica-2,compound_scope_field,compound_policy_interaction,field_policy_tests,1,0,40.0,0,0,0,0,3
business_licensing_2_4_compound_scope,business_licensing,GET /licenses/export/dependent-replica-2,compound_scope_field,compound_policy_interaction,audit_contract_tests,1,0,40.0,0,0,0,0,3
business_licensing_2_4_compound_scope,business_licensing,GET /licenses/export/dependent-replica-2,compound_scope_field,compound_policy_interaction,basic_policy_aware_full,1,0,40.0,0,0,0,0,3
business_licensing_2_4_compound_scope,business_licensing,GET /licenses/export/dependent-replica-2,compound_scope_field,compound_policy_interaction,dependent_policy_full,1,1,40.0,0,0,0,0,3
business_licensing_2_4_compound_scope,business_licensing,GET /licenses/export/dependent-replica-2,compound_scope_field,compound_policy_interaction,dependent_without_consent,1,0,40.0,0,0,0,0,3
business_licensing_2_4_compound_scope,business_licensing,GET /licenses/export/dependent-replica-2,compound_scope_field,compound_policy_interaction,dependent_without_threshold,1,1,40.0,0,0,0,0,3
business_licensing_2_4_compound_scope,business_licensing,GET /licenses/export/dependent-replica-2,compound_scope_field,compound_policy_interaction,dependent_without_enhanced_audit,1,1,40.0,0,0,0,0,3
business_licensing_2_4_compound_scope,business_licensing,GET /licenses/export/dependent-replica-2,compound_scope_field,compound_policy_interaction,dependent_without_purpose_field,1,1,40.0,0,0,0,0,3
business_licensing_2_4_clean_dependent,business_licensing,GET /licenses/export/dependent-replica-2,clean,none,schema_validation,0,0,0.0,1,1,1,0,30
business_licensing_2_4_clean_dependent,business_licensing,GET /licenses/export/dependent-replica-2,clean,none,role_matrix,0,0,0.0,1,1,1,0,30
business_licensing_2_4_clean_dependent,business_licensing,GET /licenses/export/dependent-replica-2,clean,none,object_policy_tests,0,0,0.0,1,1,1,0,30
business_licensing_2_4_clean_dependent,business_licensing,GET /licenses/export/dependent-replica-2,clean,none,field_policy_tests,0,0,0.0,1,1,1,0,30
business_licensing_2_4_clean_dependent,business_licensing,GET /licenses/export/dependent-replica-2,clean,none,audit_contract_tests,0,0,0.0,1,1,1,0,30
business_licensing_2_4_clean_dependent,business_licensing,GET /licenses/export/dependent-replica-2,clean,none,basic_policy_aware_full,0,0,0.0,1,1,1,0,30
business_licensing_2_4_clean_dependent,business_licensing,GET /licenses/export/dependent-replica-2,clean,none,dependent_policy_full,0,0,0.0,1,1,1,0,30
business_licensing_2_4_clean_dependent,business_licensing,GET /licenses/export/dependent-replica-2,clean,none,dependent_without_consent,0,0,0.0,1,1,1,0,30
business_licensing_2_4_clean_dependent,business_licensing,GET /licenses/export/dependent-replica-2,clean,none,dependent_without_threshold,0,0,0.0,1,1,1,0,30
business_licensing_2_4_clean_dependent,business_licensing,GET /licenses/export/dependent-replica-2,clean,none,dependent_without_enhanced_audit,0,0,0.0,1,1,1,0,30
business_licensing_2_4_clean_dependent,business_licensing,GET /licenses/export/dependent-replica-2,clean,none,dependent_without_purpose_field,0,0,0.0,1,1,1,0,30
health_3_1_purpose_field,health,GET /patients/{id}/dependent-replica-3,purpose_conditioned_field,purpose_field_dependency,schema_validation,1,0,35.0,1,1,1,0,27
health_3_1_purpose_field,health,GET /patients/{id}/dependent-replica-3,purpose_conditioned_field,purpose_field_dependency,role_matrix,1,0,35.0,1,1,1,0,27
health_3_1_purpose_field,health,GET /patients/{id}/dependent-replica-3,purpose_conditioned_field,purpose_field_dependency,object_policy_tests,1,0,35.0,1,1,1,0,27
health_3_1_purpose_field,health,GET /patients/{id}/dependent-replica-3,purpose_conditioned_field,purpose_field_dependency,field_policy_tests,1,0,35.0,1,1,1,0,27
health_3_1_purpose_field,health,GET /patients/{id}/dependent-replica-3,purpose_conditioned_field,purpose_field_dependency,audit_contract_tests,1,0,35.0,1,1,1,0,27
health_3_1_purpose_field,health,GET /patients/{id}/dependent-replica-3,purpose_conditioned_field,purpose_field_dependency,basic_policy_aware_full,1,0,35.0,1,1,1,0,27
health_3_1_purpose_field,health,GET /patients/{id}/dependent-replica-3,purpose_conditioned_field,purpose_field_dependency,dependent_policy_full,1,1,35.0,1,1,1,0,27
health_3_1_purpose_field,health,GET /patients/{id}/dependent-replica-3,purpose_conditioned_field,purpose_field_dependency,dependent_without_consent,1,1,35.0,1,1,1,0,27
health_3_1_purpose_field,health,GET /patients/{id}/dependent-replica-3,purpose_conditioned_field,purpose_field_dependency,dependent_without_threshold,1,1,35.0,1,1,1,0,27
health_3_1_purpose_field,health,GET /patients/{id}/dependent-replica-3,purpose_conditioned_field,purpose_field_dependency,dependent_without_enhanced_audit,1,1,35.0,1,1,1,0,27
health_3_1_purpose_field,health,GET /patients/{id}/dependent-replica-3,purpose_conditioned_field,purpose_field_dependency,dependent_without_purpose_field,1,0,35.0,1,1,1,0,27
health_3_1_jurisdiction_field,health,GET /patients/{id}/dependent-replica-3,jurisdiction_conditioned_field,jurisdiction_field_dependency,schema_validation,1,0,40.0,0,1,1,0,31
health_3_1_jurisdiction_field,health,GET /patients/{id}/dependent-replica-3,jurisdiction_conditioned_field,jurisdiction_field_dependency,role_matrix,1,0,40.0,0,1,1,0,31
health_3_1_jurisdiction_field,health,GET /patients/{id}/dependent-replica-3,jurisdiction_conditioned_field,jurisdiction_field_dependency,object_policy_tests,1,0,40.0,0,1,1,0,31
health_3_1_jurisdiction_field,health,GET /patients/{id}/dependent-replica-3,jurisdiction_conditioned_field,jurisdiction_field_dependency,field_policy_tests,1,0,40.0,0,1,1,0,31
health_3_1_jurisdiction_field,health,GET /patients/{id}/dependent-replica-3,jurisdiction_conditioned_field,jurisdiction_field_dependency,audit_contract_tests,1,0,40.0,0,1,1,0,31
health_3_1_jurisdiction_field,health,GET /patients/{id}/dependent-replica-3,jurisdiction_conditioned_field,jurisdiction_field_dependency,basic_policy_aware_full,1,0,40.0,0,1,1,0,31
health_3_1_jurisdiction_field,health,GET /patients/{id}/dependent-replica-3,jurisdiction_conditioned_field,jurisdiction_field_dependency,dependent_policy_full,1,1,40.0,0,1,1,0,31
health_3_1_jurisdiction_field,health,GET /patients/{id}/dependent-replica-3,jurisdiction_conditioned_field,jurisdiction_field_dependency,dependent_without_consent,1,1,40.0,0,1,1,0,31
health_3_1_jurisdiction_field,health,GET /patients/{id}/dependent-replica-3,jurisdiction_conditioned_field,jurisdiction_field_dependency,dependent_without_threshold,1,1,40.0,0,1,1,0,31
health_3_1_jurisdiction_field,health,GET /patients/{id}/dependent-replica-3,jurisdiction_conditioned_field,jurisdiction_field_dependency,dependent_without_enhanced_audit,1,1,40.0,0,1,1,0,31
health_3_1_jurisdiction_field,health,GET /patients/{id}/dependent-replica-3,jurisdiction_conditioned_field,jurisdiction_field_dependency,dependent_without_purpose_field,1,1,40.0,0,1,1,0,31
health_3_1_consent_field,health,GET /patients/{id}/dependent-replica-3,consent_gated_field,consent_field_dependency,schema_validation,1,0,30.0,1,1,0,0,44
health_3_1_consent_field,health,GET /patients/{id}/dependent-replica-3,consent_gated_field,consent_field_dependency,role_matrix,1,0,30.0,1,1,0,0,44
health_3_1_consent_field,health,GET /patients/{id}/dependent-replica-3,consent_gated_field,consent_field_dependency,object_policy_tests,1,0,30.0,1,1,0,0,44
health_3_1_consent_field,health,GET /patients/{id}/dependent-replica-3,consent_gated_field,consent_field_dependency,field_policy_tests,1,0,30.0,1,1,0,0,44
health_3_1_consent_field,health,GET /patients/{id}/dependent-replica-3,consent_gated_field,consent_field_dependency,audit_contract_tests,1,0,30.0,1,1,0,0,44
health_3_1_consent_field,health,GET /patients/{id}/dependent-replica-3,consent_gated_field,consent_field_dependency,basic_policy_aware_full,1,0,30.0,1,1,0,0,44
health_3_1_consent_field,health,GET /patients/{id}/dependent-replica-3,consent_gated_field,consent_field_dependency,dependent_policy_full,1,1,30.0,1,1,0,0,44
health_3_1_consent_field,health,GET /patients/{id}/dependent-replica-3,consent_gated_field,consent_field_dependency,dependent_without_consent,1,0,30.0,1,1,0,0,44
health_3_1_consent_field,health,GET /patients/{id}/dependent-replica-3,consent_gated_field,consent_field_dependency,dependent_without_threshold,1,1,30.0,1,1,0,0,44
health_3_1_consent_field,health,GET /patients/{id}/dependent-replica-3,consent_gated_field,consent_field_dependency,dependent_without_enhanced_audit,1,1,30.0,1,1,0,0,44
health_3_1_consent_field,health,GET /patients/{id}/dependent-replica-3,consent_gated_field,consent_field_dependency,dependent_without_purpose_field,1,1,30.0,1,1,0,0,44
health_3_1_small_cell,health,GET /patients/{id}/dependent-replica-3,aggregation_threshold_leak,aggregation_threshold,schema_validation,1,0,25.0,1,1,1,0,4
health_3_1_small_cell,health,GET /patients/{id}/dependent-replica-3,aggregation_threshold_leak,aggregation_threshold,role_matrix,1,0,25.0,1,1,1,0,4
health_3_1_small_cell,health,GET /patients/{id}/dependent-replica-3,aggregation_threshold_leak,aggregation_threshold,object_policy_tests,1,0,25.0,1,1,1,0,4
health_3_1_small_cell,health,GET /patients/{id}/dependent-replica-3,aggregation_threshold_leak,aggregation_threshold,field_policy_tests,1,0,25.0,1,1,1,0,4
health_3_1_small_cell,health,GET /patients/{id}/dependent-replica-3,aggregation_threshold_leak,aggregation_threshold,audit_contract_tests,1,0,25.0,1,1,1,0,4
health_3_1_small_cell,health,GET /patients/{id}/dependent-replica-3,aggregation_threshold_leak,aggregation_threshold,basic_policy_aware_full,1,0,25.0,1,1,1,0,4
health_3_1_small_cell,health,GET /patients/{id}/dependent-replica-3,aggregation_threshold_leak,aggregation_threshold,dependent_policy_full,1,1,25.0,1,1,1,0,4
health_3_1_small_cell,health,GET /patients/{id}/dependent-replica-3,aggregation_threshold_leak,aggregation_threshold,dependent_without_consent,1,1,25.0,1,1,1,0,4
health_3_1_small_cell,health,GET /patients/{id}/dependent-replica-3,aggregation_threshold_leak,aggregation_threshold,dependent_without_threshold,1,0,25.0,1,1,1,0,4
health_3_1_small_cell,health,GET /patients/{id}/dependent-replica-3,aggregation_threshold_leak,aggregation_threshold,dependent_without_enhanced_audit,1,1,25.0,1,1,1,0,4
health_3_1_small_cell,health,GET /patients/{id}/dependent-replica-3,aggregation_threshold_leak,aggregation_threshold,dependent_without_purpose_field,1,1,25.0,1,1,1,0,4
health_3_1_emergency_audit,health,GET /patients/{id}/dependent-replica-3,emergency_audit_downgrade,enhanced_audit_dependency,schema_validation,1,0,20.0,1,1,1,1,30
health_3_1_emergency_audit,health,GET /patients/{id}/dependent-replica-3,emergency_audit_downgrade,enhanced_audit_dependency,role_matrix,1,0,20.0,1,1,1,1,30
health_3_1_emergency_audit,health,GET /patients/{id}/dependent-replica-3,emergency_audit_downgrade,enhanced_audit_dependency,object_policy_tests,1,0,20.0,1,1,1,1,30
health_3_1_emergency_audit,health,GET /patients/{id}/dependent-replica-3,emergency_audit_downgrade,enhanced_audit_dependency,field_policy_tests,1,0,20.0,1,1,1,1,30
health_3_1_emergency_audit,health,GET /patients/{id}/dependent-replica-3,emergency_audit_downgrade,enhanced_audit_dependency,audit_contract_tests,1,0,20.0,1,1,1,1,30
health_3_1_emergency_audit,health,GET /patients/{id}/dependent-replica-3,emergency_audit_downgrade,enhanced_audit_dependency,basic_policy_aware_full,1,0,20.0,1,1,1,1,30
health_3_1_emergency_audit,health,GET /patients/{id}/dependent-replica-3,emergency_audit_downgrade,enhanced_audit_dependency,dependent_policy_full,1,1,20.0,1,1,1,1,30
health_3_1_emergency_audit,health,GET /patients/{id}/dependent-replica-3,emergency_audit_downgrade,enhanced_audit_dependency,dependent_without_consent,1,1,20.0,1,1,1,1,30
health_3_1_emergency_audit,health,GET /patients/{id}/dependent-replica-3,emergency_audit_downgrade,enhanced_audit_dependency,dependent_without_threshold,1,1,20.0,1,1,1,1,30
health_3_1_emergency_audit,health,GET /patients/{id}/dependent-replica-3,emergency_audit_downgrade,enhanced_audit_dependency,dependent_without_enhanced_audit,1,0,20.0,1,1,1,1,30
health_3_1_emergency_audit,health,GET /patients/{id}/dependent-replica-3,emergency_audit_downgrade,enhanced_audit_dependency,dependent_without_purpose_field,1,1,20.0,1,1,1,1,30
health_3_1_compound_scope,health,GET /patients/{id}/dependent-replica-3,compound_scope_field,compound_policy_interaction,schema_validation,1,0,50.0,0,0,0,0,3
health_3_1_compound_scope,health,GET /patients/{id}/dependent-replica-3,compound_scope_field,compound_policy_interaction,role_matrix,1,0,50.0,0,0,0,0,3
health_3_1_compound_scope,health,GET /patients/{id}/dependent-replica-3,compound_scope_field,compound_policy_interaction,object_policy_tests,1,0,50.0,0,0,0,0,3
health_3_1_compound_scope,health,GET /patients/{id}/dependent-replica-3,compound_scope_field,compound_policy_interaction,field_policy_tests,1,0,50.0,0,0,0,0,3
health_3_1_compound_scope,health,GET /patients/{id}/dependent-replica-3,compound_scope_field,compound_policy_interaction,audit_contract_tests,1,0,50.0,0,0,0,0,3
health_3_1_compound_scope,health,GET /patients/{id}/dependent-replica-3,compound_scope_field,compound_policy_interaction,basic_policy_aware_full,1,0,50.0,0,0,0,0,3
health_3_1_compound_scope,health,GET /patients/{id}/dependent-replica-3,compound_scope_field,compound_policy_interaction,dependent_policy_full,1,1,50.0,0,0,0,0,3
health_3_1_compound_scope,health,GET /patients/{id}/dependent-replica-3,compound_scope_field,compound_policy_interaction,dependent_without_consent,1,0,50.0,0,0,0,0,3
health_3_1_compound_scope,health,GET /patients/{id}/dependent-replica-3,compound_scope_field,compound_policy_interaction,dependent_without_threshold,1,1,50.0,0,0,0,0,3
health_3_1_compound_scope,health,GET /patients/{id}/dependent-replica-3,compound_scope_field,compound_policy_interaction,dependent_without_enhanced_audit,1,1,50.0,0,0,0,0,3
health_3_1_compound_scope,health,GET /patients/{id}/dependent-replica-3,compound_scope_field,compound_policy_interaction,dependent_without_purpose_field,1,1,50.0,0,0,0,0,3
health_3_1_clean_dependent,health,GET /patients/{id}/dependent-replica-3,clean,none,schema_validation,0,0,0.0,1,1,1,0,30
health_3_1_clean_dependent,health,GET /patients/{id}/dependent-replica-3,clean,none,role_matrix,0,0,0.0,1,1,1,0,30
health_3_1_clean_dependent,health,GET /patients/{id}/dependent-replica-3,clean,none,object_policy_tests,0,0,0.0,1,1,1,0,30
health_3_1_clean_dependent,health,GET /patients/{id}/dependent-replica-3,clean,none,field_policy_tests,0,0,0.0,1,1,1,0,30
health_3_1_clean_dependent,health,GET /patients/{id}/dependent-replica-3,clean,none,audit_contract_tests,0,0,0.0,1,1,1,0,30
health_3_1_clean_dependent,health,GET /patients/{id}/dependent-replica-3,clean,none,basic_policy_aware_full,0,0,0.0,1,1,1,0,30
health_3_1_clean_dependent,health,GET /patients/{id}/dependent-replica-3,clean,none,dependent_policy_full,0,0,0.0,1,1,1,0,30
health_3_1_clean_dependent,health,GET /patients/{id}/dependent-replica-3,clean,none,dependent_without_consent,0,0,0.0,1,1,1,0,30
health_3_1_clean_dependent,health,GET /patients/{id}/dependent-replica-3,clean,none,dependent_without_threshold,0,0,0.0,1,1,1,0,30
health_3_1_clean_dependent,health,GET /patients/{id}/dependent-replica-3,clean,none,dependent_without_enhanced_audit,0,0,0.0,1,1,1,0,30
health_3_1_clean_dependent,health,GET /patients/{id}/dependent-replica-3,clean,none,dependent_without_purpose_field,0,0,0.0,1,1,1,0,30
citizen_services_3_2_purpose_field,citizen_services,GET /benefits/{id}/dependent-replica-3,purpose_conditioned_field,purpose_field_dependency,schema_validation,1,0,35.0,1,1,1,0,27
citizen_services_3_2_purpose_field,citizen_services,GET /benefits/{id}/dependent-replica-3,purpose_conditioned_field,purpose_field_dependency,role_matrix,1,0,35.0,1,1,1,0,27
citizen_services_3_2_purpose_field,citizen_services,GET /benefits/{id}/dependent-replica-3,purpose_conditioned_field,purpose_field_dependency,object_policy_tests,1,0,35.0,1,1,1,0,27
citizen_services_3_2_purpose_field,citizen_services,GET /benefits/{id}/dependent-replica-3,purpose_conditioned_field,purpose_field_dependency,field_policy_tests,1,0,35.0,1,1,1,0,27
citizen_services_3_2_purpose_field,citizen_services,GET /benefits/{id}/dependent-replica-3,purpose_conditioned_field,purpose_field_dependency,audit_contract_tests,1,0,35.0,1,1,1,0,27
citizen_services_3_2_purpose_field,citizen_services,GET /benefits/{id}/dependent-replica-3,purpose_conditioned_field,purpose_field_dependency,basic_policy_aware_full,1,0,35.0,1,1,1,0,27
citizen_services_3_2_purpose_field,citizen_services,GET /benefits/{id}/dependent-replica-3,purpose_conditioned_field,purpose_field_dependency,dependent_policy_full,1,1,35.0,1,1,1,0,27
citizen_services_3_2_purpose_field,citizen_services,GET /benefits/{id}/dependent-replica-3,purpose_conditioned_field,purpose_field_dependency,dependent_without_consent,1,1,35.0,1,1,1,0,27
citizen_services_3_2_purpose_field,citizen_services,GET /benefits/{id}/dependent-replica-3,purpose_conditioned_field,purpose_field_dependency,dependent_without_threshold,1,1,35.0,1,1,1,0,27
citizen_services_3_2_purpose_field,citizen_services,GET /benefits/{id}/dependent-replica-3,purpose_conditioned_field,purpose_field_dependency,dependent_without_enhanced_audit,1,1,35.0,1,1,1,0,27
citizen_services_3_2_purpose_field,citizen_services,GET /benefits/{id}/dependent-replica-3,purpose_conditioned_field,purpose_field_dependency,dependent_without_purpose_field,1,0,35.0,1,1,1,0,27
citizen_services_3_2_jurisdiction_field,citizen_services,GET /benefits/{id}/dependent-replica-3,jurisdiction_conditioned_field,jurisdiction_field_dependency,schema_validation,1,0,40.0,0,1,1,0,31
citizen_services_3_2_jurisdiction_field,citizen_services,GET /benefits/{id}/dependent-replica-3,jurisdiction_conditioned_field,jurisdiction_field_dependency,role_matrix,1,0,40.0,0,1,1,0,31
citizen_services_3_2_jurisdiction_field,citizen_services,GET /benefits/{id}/dependent-replica-3,jurisdiction_conditioned_field,jurisdiction_field_dependency,object_policy_tests,1,0,40.0,0,1,1,0,31
citizen_services_3_2_jurisdiction_field,citizen_services,GET /benefits/{id}/dependent-replica-3,jurisdiction_conditioned_field,jurisdiction_field_dependency,field_policy_tests,1,0,40.0,0,1,1,0,31
citizen_services_3_2_jurisdiction_field,citizen_services,GET /benefits/{id}/dependent-replica-3,jurisdiction_conditioned_field,jurisdiction_field_dependency,audit_contract_tests,1,0,40.0,0,1,1,0,31
citizen_services_3_2_jurisdiction_field,citizen_services,GET /benefits/{id}/dependent-replica-3,jurisdiction_conditioned_field,jurisdiction_field_dependency,basic_policy_aware_full,1,0,40.0,0,1,1,0,31
citizen_services_3_2_jurisdiction_field,citizen_services,GET /benefits/{id}/dependent-replica-3,jurisdiction_conditioned_field,jurisdiction_field_dependency,dependent_policy_full,1,1,40.0,0,1,1,0,31
citizen_services_3_2_jurisdiction_field,citizen_services,GET /benefits/{id}/dependent-replica-3,jurisdiction_conditioned_field,jurisdiction_field_dependency,dependent_without_consent,1,1,40.0,0,1,1,0,31
citizen_services_3_2_jurisdiction_field,citizen_services,GET /benefits/{id}/dependent-replica-3,jurisdiction_conditioned_field,jurisdiction_field_dependency,dependent_without_threshold,1,1,40.0,0,1,1,0,31
citizen_services_3_2_jurisdiction_field,citizen_services,GET /benefits/{id}/dependent-replica-3,jurisdiction_conditioned_field,jurisdiction_field_dependency,dependent_without_enhanced_audit,1,1,40.0,0,1,1,0,31
citizen_services_3_2_jurisdiction_field,citizen_services,GET /benefits/{id}/dependent-replica-3,jurisdiction_conditioned_field,jurisdiction_field_dependency,dependent_without_purpose_field,1,1,40.0,0,1,1,0,31
citizen_services_3_2_consent_field,citizen_services,GET /benefits/{id}/dependent-replica-3,consent_gated_field,consent_field_dependency,schema_validation,1,0,30.0,1,1,0,0,44
citizen_services_3_2_consent_field,citizen_services,GET /benefits/{id}/dependent-replica-3,consent_gated_field,consent_field_dependency,role_matrix,1,0,30.0,1,1,0,0,44
citizen_services_3_2_consent_field,citizen_services,GET /benefits/{id}/dependent-replica-3,consent_gated_field,consent_field_dependency,object_policy_tests,1,0,30.0,1,1,0,0,44
citizen_services_3_2_consent_field,citizen_services,GET /benefits/{id}/dependent-replica-3,consent_gated_field,consent_field_dependency,field_policy_tests,1,0,30.0,1,1,0,0,44
citizen_services_3_2_consent_field,citizen_services,GET /benefits/{id}/dependent-replica-3,consent_gated_field,consent_field_dependency,audit_contract_tests,1,0,30.0,1,1,0,0,44
citizen_services_3_2_consent_field,citizen_services,GET /benefits/{id}/dependent-replica-3,consent_gated_field,consent_field_dependency,basic_policy_aware_full,1,0,30.0,1,1,0,0,44
citizen_services_3_2_consent_field,citizen_services,GET /benefits/{id}/dependent-replica-3,consent_gated_field,consent_field_dependency,dependent_policy_full,1,1,30.0,1,1,0,0,44
citizen_services_3_2_consent_field,citizen_services,GET /benefits/{id}/dependent-replica-3,consent_gated_field,consent_field_dependency,dependent_without_consent,1,0,30.0,1,1,0,0,44
citizen_services_3_2_consent_field,citizen_services,GET /benefits/{id}/dependent-replica-3,consent_gated_field,consent_field_dependency,dependent_without_threshold,1,1,30.0,1,1,0,0,44
citizen_services_3_2_consent_field,citizen_services,GET /benefits/{id}/dependent-replica-3,consent_gated_field,consent_field_dependency,dependent_without_enhanced_audit,1,1,30.0,1,1,0,0,44
citizen_services_3_2_consent_field,citizen_services,GET /benefits/{id}/dependent-replica-3,consent_gated_field,consent_field_dependency,dependent_without_purpose_field,1,1,30.0,1,1,0,0,44
citizen_services_3_2_small_cell,citizen_services,GET /benefits/{id}/dependent-replica-3,aggregation_threshold_leak,aggregation_threshold,schema_validation,1,0,25.0,1,1,1,0,4
citizen_services_3_2_small_cell,citizen_services,GET /benefits/{id}/dependent-replica-3,aggregation_threshold_leak,aggregation_threshold,role_matrix,1,0,25.0,1,1,1,0,4
citizen_services_3_2_small_cell,citizen_services,GET /benefits/{id}/dependent-replica-3,aggregation_threshold_leak,aggregation_threshold,object_policy_tests,1,0,25.0,1,1,1,0,4
citizen_services_3_2_small_cell,citizen_services,GET /benefits/{id}/dependent-replica-3,aggregation_threshold_leak,aggregation_threshold,field_policy_tests,1,0,25.0,1,1,1,0,4
citizen_services_3_2_small_cell,citizen_services,GET /benefits/{id}/dependent-replica-3,aggregation_threshold_leak,aggregation_threshold,audit_contract_tests,1,0,25.0,1,1,1,0,4
citizen_services_3_2_small_cell,citizen_services,GET /benefits/{id}/dependent-replica-3,aggregation_threshold_leak,aggregation_threshold,basic_policy_aware_full,1,0,25.0,1,1,1,0,4
citizen_services_3_2_small_cell,citizen_services,GET /benefits/{id}/dependent-replica-3,aggregation_threshold_leak,aggregation_threshold,dependent_policy_full,1,1,25.0,1,1,1,0,4
citizen_services_3_2_small_cell,citizen_services,GET /benefits/{id}/dependent-replica-3,aggregation_threshold_leak,aggregation_threshold,dependent_without_consent,1,1,25.0,1,1,1,0,4
citizen_services_3_2_small_cell,citizen_services,GET /benefits/{id}/dependent-replica-3,aggregation_threshold_leak,aggregation_threshold,dependent_without_threshold,1,0,25.0,1,1,1,0,4
citizen_services_3_2_small_cell,citizen_services,GET /benefits/{id}/dependent-replica-3,aggregation_threshold_leak,aggregation_threshold,dependent_without_enhanced_audit,1,1,25.0,1,1,1,0,4
citizen_services_3_2_small_cell,citizen_services,GET /benefits/{id}/dependent-replica-3,aggregation_threshold_leak,aggregation_threshold,dependent_without_purpose_field,1,1,25.0,1,1,1,0,4
citizen_services_3_2_emergency_audit,citizen_services,GET /benefits/{id}/dependent-replica-3,emergency_audit_downgrade,enhanced_audit_dependency,schema_validation,1,0,20.0,1,1,1,1,30
citizen_services_3_2_emergency_audit,citizen_services,GET /benefits/{id}/dependent-replica-3,emergency_audit_downgrade,enhanced_audit_dependency,role_matrix,1,0,20.0,1,1,1,1,30
citizen_services_3_2_emergency_audit,citizen_services,GET /benefits/{id}/dependent-replica-3,emergency_audit_downgrade,enhanced_audit_dependency,object_policy_tests,1,0,20.0,1,1,1,1,30
citizen_services_3_2_emergency_audit,citizen_services,GET /benefits/{id}/dependent-replica-3,emergency_audit_downgrade,enhanced_audit_dependency,field_policy_tests,1,0,20.0,1,1,1,1,30
citizen_services_3_2_emergency_audit,citizen_services,GET /benefits/{id}/dependent-replica-3,emergency_audit_downgrade,enhanced_audit_dependency,audit_contract_tests,1,0,20.0,1,1,1,1,30
citizen_services_3_2_emergency_audit,citizen_services,GET /benefits/{id}/dependent-replica-3,emergency_audit_downgrade,enhanced_audit_dependency,basic_policy_aware_full,1,0,20.0,1,1,1,1,30
citizen_services_3_2_emergency_audit,citizen_services,GET /benefits/{id}/dependent-replica-3,emergency_audit_downgrade,enhanced_audit_dependency,dependent_policy_full,1,1,20.0,1,1,1,1,30
citizen_services_3_2_emergency_audit,citizen_services,GET /benefits/{id}/dependent-replica-3,emergency_audit_downgrade,enhanced_audit_dependency,dependent_without_consent,1,1,20.0,1,1,1,1,30
citizen_services_3_2_emergency_audit,citizen_services,GET /benefits/{id}/dependent-replica-3,emergency_audit_downgrade,enhanced_audit_dependency,dependent_without_threshold,1,1,20.0,1,1,1,1,30
citizen_services_3_2_emergency_audit,citizen_services,GET /benefits/{id}/dependent-replica-3,emergency_audit_downgrade,enhanced_audit_dependency,dependent_without_enhanced_audit,1,0,20.0,1,1,1,1,30
citizen_services_3_2_emergency_audit,citizen_services,GET /benefits/{id}/dependent-replica-3,emergency_audit_downgrade,enhanced_audit_dependency,dependent_without_purpose_field,1,1,20.0,1,1,1,1,30
citizen_services_3_2_compound_scope,citizen_services,GET /benefits/{id}/dependent-replica-3,compound_scope_field,compound_policy_interaction,schema_validation,1,0,50.0,0,0,0,0,3
citizen_services_3_2_compound_scope,citizen_services,GET /benefits/{id}/dependent-replica-3,compound_scope_field,compound_policy_interaction,role_matrix,1,0,50.0,0,0,0,0,3
citizen_services_3_2_compound_scope,citizen_services,GET /benefits/{id}/dependent-replica-3,compound_scope_field,compound_policy_interaction,object_policy_tests,1,0,50.0,0,0,0,0,3
citizen_services_3_2_compound_scope,citizen_services,GET /benefits/{id}/dependent-replica-3,compound_scope_field,compound_policy_interaction,field_policy_tests,1,0,50.0,0,0,0,0,3
citizen_services_3_2_compound_scope,citizen_services,GET /benefits/{id}/dependent-replica-3,compound_scope_field,compound_policy_interaction,audit_contract_tests,1,0,50.0,0,0,0,0,3
citizen_services_3_2_compound_scope,citizen_services,GET /benefits/{id}/dependent-replica-3,compound_scope_field,compound_policy_interaction,basic_policy_aware_full,1,0,50.0,0,0,0,0,3
citizen_services_3_2_compound_scope,citizen_services,GET /benefits/{id}/dependent-replica-3,compound_scope_field,compound_policy_interaction,dependent_policy_full,1,1,50.0,0,0,0,0,3
citizen_services_3_2_compound_scope,citizen_services,GET /benefits/{id}/dependent-replica-3,compound_scope_field,compound_policy_interaction,dependent_without_consent,1,0,50.0,0,0,0,0,3
citizen_services_3_2_compound_scope,citizen_services,GET /benefits/{id}/dependent-replica-3,compound_scope_field,compound_policy_interaction,dependent_without_threshold,1,1,50.0,0,0,0,0,3
citizen_services_3_2_compound_scope,citizen_services,GET /benefits/{id}/dependent-replica-3,compound_scope_field,compound_policy_interaction,dependent_without_enhanced_audit,1,1,50.0,0,0,0,0,3
citizen_services_3_2_compound_scope,citizen_services,GET /benefits/{id}/dependent-replica-3,compound_scope_field,compound_policy_interaction,dependent_without_purpose_field,1,1,50.0,0,0,0,0,3
citizen_services_3_2_clean_dependent,citizen_services,GET /benefits/{id}/dependent-replica-3,clean,none,schema_validation,0,0,0.0,1,1,1,0,30
citizen_services_3_2_clean_dependent,citizen_services,GET /benefits/{id}/dependent-replica-3,clean,none,role_matrix,0,0,0.0,1,1,1,0,30
citizen_services_3_2_clean_dependent,citizen_services,GET /benefits/{id}/dependent-replica-3,clean,none,object_policy_tests,0,0,0.0,1,1,1,0,30
citizen_services_3_2_clean_dependent,citizen_services,GET /benefits/{id}/dependent-replica-3,clean,none,field_policy_tests,0,0,0.0,1,1,1,0,30
citizen_services_3_2_clean_dependent,citizen_services,GET /benefits/{id}/dependent-replica-3,clean,none,audit_contract_tests,0,0,0.0,1,1,1,0,30
citizen_services_3_2_clean_dependent,citizen_services,GET /benefits/{id}/dependent-replica-3,clean,none,basic_policy_aware_full,0,0,0.0,1,1,1,0,30
citizen_services_3_2_clean_dependent,citizen_services,GET /benefits/{id}/dependent-replica-3,clean,none,dependent_policy_full,0,0,0.0,1,1,1,0,30
citizen_services_3_2_clean_dependent,citizen_services,GET /benefits/{id}/dependent-replica-3,clean,none,dependent_without_consent,0,0,0.0,1,1,1,0,30
citizen_services_3_2_clean_dependent,citizen_services,GET /benefits/{id}/dependent-replica-3,clean,none,dependent_without_threshold,0,0,0.0,1,1,1,0,30
citizen_services_3_2_clean_dependent,citizen_services,GET /benefits/{id}/dependent-replica-3,clean,none,dependent_without_enhanced_audit,0,0,0.0,1,1,1,0,30
citizen_services_3_2_clean_dependent,citizen_services,GET /benefits/{id}/dependent-replica-3,clean,none,dependent_without_purpose_field,0,0,0.0,1,1,1,0,30
education_3_3_purpose_field,education,GET /students/{id}/record/dependent-replica-3,purpose_conditioned_field,purpose_field_dependency,schema_validation,1,0,35.0,1,1,1,0,27
education_3_3_purpose_field,education,GET /students/{id}/record/dependent-replica-3,purpose_conditioned_field,purpose_field_dependency,role_matrix,1,0,35.0,1,1,1,0,27
education_3_3_purpose_field,education,GET /students/{id}/record/dependent-replica-3,purpose_conditioned_field,purpose_field_dependency,object_policy_tests,1,0,35.0,1,1,1,0,27
education_3_3_purpose_field,education,GET /students/{id}/record/dependent-replica-3,purpose_conditioned_field,purpose_field_dependency,field_policy_tests,1,0,35.0,1,1,1,0,27
education_3_3_purpose_field,education,GET /students/{id}/record/dependent-replica-3,purpose_conditioned_field,purpose_field_dependency,audit_contract_tests,1,0,35.0,1,1,1,0,27
education_3_3_purpose_field,education,GET /students/{id}/record/dependent-replica-3,purpose_conditioned_field,purpose_field_dependency,basic_policy_aware_full,1,0,35.0,1,1,1,0,27
education_3_3_purpose_field,education,GET /students/{id}/record/dependent-replica-3,purpose_conditioned_field,purpose_field_dependency,dependent_policy_full,1,1,35.0,1,1,1,0,27
education_3_3_purpose_field,education,GET /students/{id}/record/dependent-replica-3,purpose_conditioned_field,purpose_field_dependency,dependent_without_consent,1,1,35.0,1,1,1,0,27
education_3_3_purpose_field,education,GET /students/{id}/record/dependent-replica-3,purpose_conditioned_field,purpose_field_dependency,dependent_without_threshold,1,1,35.0,1,1,1,0,27
education_3_3_purpose_field,education,GET /students/{id}/record/dependent-replica-3,purpose_conditioned_field,purpose_field_dependency,dependent_without_enhanced_audit,1,1,35.0,1,1,1,0,27
education_3_3_purpose_field,education,GET /students/{id}/record/dependent-replica-3,purpose_conditioned_field,purpose_field_dependency,dependent_without_purpose_field,1,0,35.0,1,1,1,0,27
education_3_3_jurisdiction_field,education,GET /students/{id}/record/dependent-replica-3,jurisdiction_conditioned_field,jurisdiction_field_dependency,schema_validation,1,0,40.0,0,1,1,0,31
education_3_3_jurisdiction_field,education,GET /students/{id}/record/dependent-replica-3,jurisdiction_conditioned_field,jurisdiction_field_dependency,role_matrix,1,0,40.0,0,1,1,0,31
education_3_3_jurisdiction_field,education,GET /students/{id}/record/dependent-replica-3,jurisdiction_conditioned_field,jurisdiction_field_dependency,object_policy_tests,1,0,40.0,0,1,1,0,31
education_3_3_jurisdiction_field,education,GET /students/{id}/record/dependent-replica-3,jurisdiction_conditioned_field,jurisdiction_field_dependency,field_policy_tests,1,0,40.0,0,1,1,0,31
education_3_3_jurisdiction_field,education,GET /students/{id}/record/dependent-replica-3,jurisdiction_conditioned_field,jurisdiction_field_dependency,audit_contract_tests,1,0,40.0,0,1,1,0,31
education_3_3_jurisdiction_field,education,GET /students/{id}/record/dependent-replica-3,jurisdiction_conditioned_field,jurisdiction_field_dependency,basic_policy_aware_full,1,0,40.0,0,1,1,0,31
education_3_3_jurisdiction_field,education,GET /students/{id}/record/dependent-replica-3,jurisdiction_conditioned_field,jurisdiction_field_dependency,dependent_policy_full,1,1,40.0,0,1,1,0,31
education_3_3_jurisdiction_field,education,GET /students/{id}/record/dependent-replica-3,jurisdiction_conditioned_field,jurisdiction_field_dependency,dependent_without_consent,1,1,40.0,0,1,1,0,31
education_3_3_jurisdiction_field,education,GET /students/{id}/record/dependent-replica-3,jurisdiction_conditioned_field,jurisdiction_field_dependency,dependent_without_threshold,1,1,40.0,0,1,1,0,31
education_3_3_jurisdiction_field,education,GET /students/{id}/record/dependent-replica-3,jurisdiction_conditioned_field,jurisdiction_field_dependency,dependent_without_enhanced_audit,1,1,40.0,0,1,1,0,31
education_3_3_jurisdiction_field,education,GET /students/{id}/record/dependent-replica-3,jurisdiction_conditioned_field,jurisdiction_field_dependency,dependent_without_purpose_field,1,1,40.0,0,1,1,0,31
education_3_3_consent_field,education,GET /students/{id}/record/dependent-replica-3,consent_gated_field,consent_field_dependency,schema_validation,1,0,30.0,1,1,0,0,44
education_3_3_consent_field,education,GET /students/{id}/record/dependent-replica-3,consent_gated_field,consent_field_dependency,role_matrix,1,0,30.0,1,1,0,0,44
education_3_3_consent_field,education,GET /students/{id}/record/dependent-replica-3,consent_gated_field,consent_field_dependency,object_policy_tests,1,0,30.0,1,1,0,0,44
education_3_3_consent_field,education,GET /students/{id}/record/dependent-replica-3,consent_gated_field,consent_field_dependency,field_policy_tests,1,0,30.0,1,1,0,0,44
education_3_3_consent_field,education,GET /students/{id}/record/dependent-replica-3,consent_gated_field,consent_field_dependency,audit_contract_tests,1,0,30.0,1,1,0,0,44
education_3_3_consent_field,education,GET /students/{id}/record/dependent-replica-3,consent_gated_field,consent_field_dependency,basic_policy_aware_full,1,0,30.0,1,1,0,0,44
education_3_3_consent_field,education,GET /students/{id}/record/dependent-replica-3,consent_gated_field,consent_field_dependency,dependent_policy_full,1,1,30.0,1,1,0,0,44
education_3_3_consent_field,education,GET /students/{id}/record/dependent-replica-3,consent_gated_field,consent_field_dependency,dependent_without_consent,1,0,30.0,1,1,0,0,44
education_3_3_consent_field,education,GET /students/{id}/record/dependent-replica-3,consent_gated_field,consent_field_dependency,dependent_without_threshold,1,1,30.0,1,1,0,0,44
education_3_3_consent_field,education,GET /students/{id}/record/dependent-replica-3,consent_gated_field,consent_field_dependency,dependent_without_enhanced_audit,1,1,30.0,1,1,0,0,44
education_3_3_consent_field,education,GET /students/{id}/record/dependent-replica-3,consent_gated_field,consent_field_dependency,dependent_without_purpose_field,1,1,30.0,1,1,0,0,44
education_3_3_small_cell,education,GET /students/{id}/record/dependent-replica-3,aggregation_threshold_leak,aggregation_threshold,schema_validation,1,0,25.0,1,1,1,0,4
education_3_3_small_cell,education,GET /students/{id}/record/dependent-replica-3,aggregation_threshold_leak,aggregation_threshold,role_matrix,1,0,25.0,1,1,1,0,4
education_3_3_small_cell,education,GET /students/{id}/record/dependent-replica-3,aggregation_threshold_leak,aggregation_threshold,object_policy_tests,1,0,25.0,1,1,1,0,4
education_3_3_small_cell,education,GET /students/{id}/record/dependent-replica-3,aggregation_threshold_leak,aggregation_threshold,field_policy_tests,1,0,25.0,1,1,1,0,4
education_3_3_small_cell,education,GET /students/{id}/record/dependent-replica-3,aggregation_threshold_leak,aggregation_threshold,audit_contract_tests,1,0,25.0,1,1,1,0,4
education_3_3_small_cell,education,GET /students/{id}/record/dependent-replica-3,aggregation_threshold_leak,aggregation_threshold,basic_policy_aware_full,1,0,25.0,1,1,1,0,4
education_3_3_small_cell,education,GET /students/{id}/record/dependent-replica-3,aggregation_threshold_leak,aggregation_threshold,dependent_policy_full,1,1,25.0,1,1,1,0,4
education_3_3_small_cell,education,GET /students/{id}/record/dependent-replica-3,aggregation_threshold_leak,aggregation_threshold,dependent_without_consent,1,1,25.0,1,1,1,0,4
education_3_3_small_cell,education,GET /students/{id}/record/dependent-replica-3,aggregation_threshold_leak,aggregation_threshold,dependent_without_threshold,1,0,25.0,1,1,1,0,4
education_3_3_small_cell,education,GET /students/{id}/record/dependent-replica-3,aggregation_threshold_leak,aggregation_threshold,dependent_without_enhanced_audit,1,1,25.0,1,1,1,0,4
education_3_3_small_cell,education,GET /students/{id}/record/dependent-replica-3,aggregation_threshold_leak,aggregation_threshold,dependent_without_purpose_field,1,1,25.0,1,1,1,0,4
education_3_3_emergency_audit,education,GET /students/{id}/record/dependent-replica-3,emergency_audit_downgrade,enhanced_audit_dependency,schema_validation,1,0,20.0,1,1,1,1,30
education_3_3_emergency_audit,education,GET /students/{id}/record/dependent-replica-3,emergency_audit_downgrade,enhanced_audit_dependency,role_matrix,1,0,20.0,1,1,1,1,30
education_3_3_emergency_audit,education,GET /students/{id}/record/dependent-replica-3,emergency_audit_downgrade,enhanced_audit_dependency,object_policy_tests,1,0,20.0,1,1,1,1,30
education_3_3_emergency_audit,education,GET /students/{id}/record/dependent-replica-3,emergency_audit_downgrade,enhanced_audit_dependency,field_policy_tests,1,0,20.0,1,1,1,1,30
education_3_3_emergency_audit,education,GET /students/{id}/record/dependent-replica-3,emergency_audit_downgrade,enhanced_audit_dependency,audit_contract_tests,1,0,20.0,1,1,1,1,30
education_3_3_emergency_audit,education,GET /students/{id}/record/dependent-replica-3,emergency_audit_downgrade,enhanced_audit_dependency,basic_policy_aware_full,1,0,20.0,1,1,1,1,30
education_3_3_emergency_audit,education,GET /students/{id}/record/dependent-replica-3,emergency_audit_downgrade,enhanced_audit_dependency,dependent_policy_full,1,1,20.0,1,1,1,1,30
education_3_3_emergency_audit,education,GET /students/{id}/record/dependent-replica-3,emergency_audit_downgrade,enhanced_audit_dependency,dependent_without_consent,1,1,20.0,1,1,1,1,30
education_3_3_emergency_audit,education,GET /students/{id}/record/dependent-replica-3,emergency_audit_downgrade,enhanced_audit_dependency,dependent_without_threshold,1,1,20.0,1,1,1,1,30
education_3_3_emergency_audit,education,GET /students/{id}/record/dependent-replica-3,emergency_audit_downgrade,enhanced_audit_dependency,dependent_without_enhanced_audit,1,0,20.0,1,1,1,1,30
education_3_3_emergency_audit,education,GET /students/{id}/record/dependent-replica-3,emergency_audit_downgrade,enhanced_audit_dependency,dependent_without_purpose_field,1,1,20.0,1,1,1,1,30
education_3_3_compound_scope,education,GET /students/{id}/record/dependent-replica-3,compound_scope_field,compound_policy_interaction,schema_validation,1,0,50.0,0,0,0,0,3
education_3_3_compound_scope,education,GET /students/{id}/record/dependent-replica-3,compound_scope_field,compound_policy_interaction,role_matrix,1,0,50.0,0,0,0,0,3
education_3_3_compound_scope,education,GET /students/{id}/record/dependent-replica-3,compound_scope_field,compound_policy_interaction,object_policy_tests,1,0,50.0,0,0,0,0,3
education_3_3_compound_scope,education,GET /students/{id}/record/dependent-replica-3,compound_scope_field,compound_policy_interaction,field_policy_tests,1,0,50.0,0,0,0,0,3
education_3_3_compound_scope,education,GET /students/{id}/record/dependent-replica-3,compound_scope_field,compound_policy_interaction,audit_contract_tests,1,0,50.0,0,0,0,0,3
education_3_3_compound_scope,education,GET /students/{id}/record/dependent-replica-3,compound_scope_field,compound_policy_interaction,basic_policy_aware_full,1,0,50.0,0,0,0,0,3
education_3_3_compound_scope,education,GET /students/{id}/record/dependent-replica-3,compound_scope_field,compound_policy_interaction,dependent_policy_full,1,1,50.0,0,0,0,0,3
education_3_3_compound_scope,education,GET /students/{id}/record/dependent-replica-3,compound_scope_field,compound_policy_interaction,dependent_without_consent,1,0,50.0,0,0,0,0,3
education_3_3_compound_scope,education,GET /students/{id}/record/dependent-replica-3,compound_scope_field,compound_policy_interaction,dependent_without_threshold,1,1,50.0,0,0,0,0,3
education_3_3_compound_scope,education,GET /students/{id}/record/dependent-replica-3,compound_scope_field,compound_policy_interaction,dependent_without_enhanced_audit,1,1,50.0,0,0,0,0,3
education_3_3_compound_scope,education,GET /students/{id}/record/dependent-replica-3,compound_scope_field,compound_policy_interaction,dependent_without_purpose_field,1,1,50.0,0,0,0,0,3
education_3_3_clean_dependent,education,GET /students/{id}/record/dependent-replica-3,clean,none,schema_validation,0,0,0.0,1,1,1,0,30
education_3_3_clean_dependent,education,GET /students/{id}/record/dependent-replica-3,clean,none,role_matrix,0,0,0.0,1,1,1,0,30
education_3_3_clean_dependent,education,GET /students/{id}/record/dependent-replica-3,clean,none,object_policy_tests,0,0,0.0,1,1,1,0,30
education_3_3_clean_dependent,education,GET /students/{id}/record/dependent-replica-3,clean,none,field_policy_tests,0,0,0.0,1,1,1,0,30
education_3_3_clean_dependent,education,GET /students/{id}/record/dependent-replica-3,clean,none,audit_contract_tests,0,0,0.0,1,1,1,0,30
education_3_3_clean_dependent,education,GET /students/{id}/record/dependent-replica-3,clean,none,basic_policy_aware_full,0,0,0.0,1,1,1,0,30
education_3_3_clean_dependent,education,GET /students/{id}/record/dependent-replica-3,clean,none,dependent_policy_full,0,0,0.0,1,1,1,0,30
education_3_3_clean_dependent,education,GET /students/{id}/record/dependent-replica-3,clean,none,dependent_without_consent,0,0,0.0,1,1,1,0,30
education_3_3_clean_dependent,education,GET /students/{id}/record/dependent-replica-3,clean,none,dependent_without_threshold,0,0,0.0,1,1,1,0,30
education_3_3_clean_dependent,education,GET /students/{id}/record/dependent-replica-3,clean,none,dependent_without_enhanced_audit,0,0,0.0,1,1,1,0,30
education_3_3_clean_dependent,education,GET /students/{id}/record/dependent-replica-3,clean,none,dependent_without_purpose_field,0,0,0.0,1,1,1,0,30
business_licensing_3_4_purpose_field,business_licensing,GET /licenses/export/dependent-replica-3,purpose_conditioned_field,purpose_field_dependency,schema_validation,1,0,28.0,1,1,1,0,27
business_licensing_3_4_purpose_field,business_licensing,GET /licenses/export/dependent-replica-3,purpose_conditioned_field,purpose_field_dependency,role_matrix,1,0,28.0,1,1,1,0,27
business_licensing_3_4_purpose_field,business_licensing,GET /licenses/export/dependent-replica-3,purpose_conditioned_field,purpose_field_dependency,object_policy_tests,1,0,28.0,1,1,1,0,27
business_licensing_3_4_purpose_field,business_licensing,GET /licenses/export/dependent-replica-3,purpose_conditioned_field,purpose_field_dependency,field_policy_tests,1,0,28.0,1,1,1,0,27
business_licensing_3_4_purpose_field,business_licensing,GET /licenses/export/dependent-replica-3,purpose_conditioned_field,purpose_field_dependency,audit_contract_tests,1,0,28.0,1,1,1,0,27
business_licensing_3_4_purpose_field,business_licensing,GET /licenses/export/dependent-replica-3,purpose_conditioned_field,purpose_field_dependency,basic_policy_aware_full,1,0,28.0,1,1,1,0,27
business_licensing_3_4_purpose_field,business_licensing,GET /licenses/export/dependent-replica-3,purpose_conditioned_field,purpose_field_dependency,dependent_policy_full,1,1,28.0,1,1,1,0,27
business_licensing_3_4_purpose_field,business_licensing,GET /licenses/export/dependent-replica-3,purpose_conditioned_field,purpose_field_dependency,dependent_without_consent,1,1,28.0,1,1,1,0,27
business_licensing_3_4_purpose_field,business_licensing,GET /licenses/export/dependent-replica-3,purpose_conditioned_field,purpose_field_dependency,dependent_without_threshold,1,1,28.0,1,1,1,0,27
business_licensing_3_4_purpose_field,business_licensing,GET /licenses/export/dependent-replica-3,purpose_conditioned_field,purpose_field_dependency,dependent_without_enhanced_audit,1,1,28.0,1,1,1,0,27
business_licensing_3_4_purpose_field,business_licensing,GET /licenses/export/dependent-replica-3,purpose_conditioned_field,purpose_field_dependency,dependent_without_purpose_field,1,0,28.0,1,1,1,0,27
business_licensing_3_4_jurisdiction_field,business_licensing,GET /licenses/export/dependent-replica-3,jurisdiction_conditioned_field,jurisdiction_field_dependency,schema_validation,1,0,32.0,0,1,1,0,31
business_licensing_3_4_jurisdiction_field,business_licensing,GET /licenses/export/dependent-replica-3,jurisdiction_conditioned_field,jurisdiction_field_dependency,role_matrix,1,0,32.0,0,1,1,0,31
business_licensing_3_4_jurisdiction_field,business_licensing,GET /licenses/export/dependent-replica-3,jurisdiction_conditioned_field,jurisdiction_field_dependency,object_policy_tests,1,0,32.0,0,1,1,0,31
business_licensing_3_4_jurisdiction_field,business_licensing,GET /licenses/export/dependent-replica-3,jurisdiction_conditioned_field,jurisdiction_field_dependency,field_policy_tests,1,0,32.0,0,1,1,0,31
business_licensing_3_4_jurisdiction_field,business_licensing,GET /licenses/export/dependent-replica-3,jurisdiction_conditioned_field,jurisdiction_field_dependency,audit_contract_tests,1,0,32.0,0,1,1,0,31
business_licensing_3_4_jurisdiction_field,business_licensing,GET /licenses/export/dependent-replica-3,jurisdiction_conditioned_field,jurisdiction_field_dependency,basic_policy_aware_full,1,0,32.0,0,1,1,0,31
business_licensing_3_4_jurisdiction_field,business_licensing,GET /licenses/export/dependent-replica-3,jurisdiction_conditioned_field,jurisdiction_field_dependency,dependent_policy_full,1,1,32.0,0,1,1,0,31
business_licensing_3_4_jurisdiction_field,business_licensing,GET /licenses/export/dependent-replica-3,jurisdiction_conditioned_field,jurisdiction_field_dependency,dependent_without_consent,1,1,32.0,0,1,1,0,31
business_licensing_3_4_jurisdiction_field,business_licensing,GET /licenses/export/dependent-replica-3,jurisdiction_conditioned_field,jurisdiction_field_dependency,dependent_without_threshold,1,1,32.0,0,1,1,0,31
business_licensing_3_4_jurisdiction_field,business_licensing,GET /licenses/export/dependent-replica-3,jurisdiction_conditioned_field,jurisdiction_field_dependency,dependent_without_enhanced_audit,1,1,32.0,0,1,1,0,31
business_licensing_3_4_jurisdiction_field,business_licensing,GET /licenses/export/dependent-replica-3,jurisdiction_conditioned_field,jurisdiction_field_dependency,dependent_without_purpose_field,1,1,32.0,0,1,1,0,31
business_licensing_3_4_consent_field,business_licensing,GET /licenses/export/dependent-replica-3,consent_gated_field,consent_field_dependency,schema_validation,1,0,24.0,1,1,0,0,44
business_licensing_3_4_consent_field,business_licensing,GET /licenses/export/dependent-replica-3,consent_gated_field,consent_field_dependency,role_matrix,1,0,24.0,1,1,0,0,44
business_licensing_3_4_consent_field,business_licensing,GET /licenses/export/dependent-replica-3,consent_gated_field,consent_field_dependency,object_policy_tests,1,0,24.0,1,1,0,0,44
business_licensing_3_4_consent_field,business_licensing,GET /licenses/export/dependent-replica-3,consent_gated_field,consent_field_dependency,field_policy_tests,1,0,24.0,1,1,0,0,44
business_licensing_3_4_consent_field,business_licensing,GET /licenses/export/dependent-replica-3,consent_gated_field,consent_field_dependency,audit_contract_tests,1,0,24.0,1,1,0,0,44
business_licensing_3_4_consent_field,business_licensing,GET /licenses/export/dependent-replica-3,consent_gated_field,consent_field_dependency,basic_policy_aware_full,1,0,24.0,1,1,0,0,44
business_licensing_3_4_consent_field,business_licensing,GET /licenses/export/dependent-replica-3,consent_gated_field,consent_field_dependency,dependent_policy_full,1,1,24.0,1,1,0,0,44
business_licensing_3_4_consent_field,business_licensing,GET /licenses/export/dependent-replica-3,consent_gated_field,consent_field_dependency,dependent_without_consent,1,0,24.0,1,1,0,0,44
business_licensing_3_4_consent_field,business_licensing,GET /licenses/export/dependent-replica-3,consent_gated_field,consent_field_dependency,dependent_without_threshold,1,1,24.0,1,1,0,0,44
business_licensing_3_4_consent_field,business_licensing,GET /licenses/export/dependent-replica-3,consent_gated_field,consent_field_dependency,dependent_without_enhanced_audit,1,1,24.0,1,1,0,0,44
business_licensing_3_4_consent_field,business_licensing,GET /licenses/export/dependent-replica-3,consent_gated_field,consent_field_dependency,dependent_without_purpose_field,1,1,24.0,1,1,0,0,44
business_licensing_3_4_small_cell,business_licensing,GET /licenses/export/dependent-replica-3,aggregation_threshold_leak,aggregation_threshold,schema_validation,1,0,20.0,1,1,1,0,4
business_licensing_3_4_small_cell,business_licensing,GET /licenses/export/dependent-replica-3,aggregation_threshold_leak,aggregation_threshold,role_matrix,1,0,20.0,1,1,1,0,4
business_licensing_3_4_small_cell,business_licensing,GET /licenses/export/dependent-replica-3,aggregation_threshold_leak,aggregation_threshold,object_policy_tests,1,0,20.0,1,1,1,0,4
business_licensing_3_4_small_cell,business_licensing,GET /licenses/export/dependent-replica-3,aggregation_threshold_leak,aggregation_threshold,field_policy_tests,1,0,20.0,1,1,1,0,4
business_licensing_3_4_small_cell,business_licensing,GET /licenses/export/dependent-replica-3,aggregation_threshold_leak,aggregation_threshold,audit_contract_tests,1,0,20.0,1,1,1,0,4
business_licensing_3_4_small_cell,business_licensing,GET /licenses/export/dependent-replica-3,aggregation_threshold_leak,aggregation_threshold,basic_policy_aware_full,1,0,20.0,1,1,1,0,4
business_licensing_3_4_small_cell,business_licensing,GET /licenses/export/dependent-replica-3,aggregation_threshold_leak,aggregation_threshold,dependent_policy_full,1,1,20.0,1,1,1,0,4
business_licensing_3_4_small_cell,business_licensing,GET /licenses/export/dependent-replica-3,aggregation_threshold_leak,aggregation_threshold,dependent_without_consent,1,1,20.0,1,1,1,0,4
business_licensing_3_4_small_cell,business_licensing,GET /licenses/export/dependent-replica-3,aggregation_threshold_leak,aggregation_threshold,dependent_without_threshold,1,0,20.0,1,1,1,0,4
business_licensing_3_4_small_cell,business_licensing,GET /licenses/export/dependent-replica-3,aggregation_threshold_leak,aggregation_threshold,dependent_without_enhanced_audit,1,1,20.0,1,1,1,0,4
business_licensing_3_4_small_cell,business_licensing,GET /licenses/export/dependent-replica-3,aggregation_threshold_leak,aggregation_threshold,dependent_without_purpose_field,1,1,20.0,1,1,1,0,4
business_licensing_3_4_emergency_audit,business_licensing,GET /licenses/export/dependent-replica-3,emergency_audit_downgrade,enhanced_audit_dependency,schema_validation,1,0,16.0,1,1,1,1,30
business_licensing_3_4_emergency_audit,business_licensing,GET /licenses/export/dependent-replica-3,emergency_audit_downgrade,enhanced_audit_dependency,role_matrix,1,0,16.0,1,1,1,1,30
business_licensing_3_4_emergency_audit,business_licensing,GET /licenses/export/dependent-replica-3,emergency_audit_downgrade,enhanced_audit_dependency,object_policy_tests,1,0,16.0,1,1,1,1,30
business_licensing_3_4_emergency_audit,business_licensing,GET /licenses/export/dependent-replica-3,emergency_audit_downgrade,enhanced_audit_dependency,field_policy_tests,1,0,16.0,1,1,1,1,30
business_licensing_3_4_emergency_audit,business_licensing,GET /licenses/export/dependent-replica-3,emergency_audit_downgrade,enhanced_audit_dependency,audit_contract_tests,1,0,16.0,1,1,1,1,30
business_licensing_3_4_emergency_audit,business_licensing,GET /licenses/export/dependent-replica-3,emergency_audit_downgrade,enhanced_audit_dependency,basic_policy_aware_full,1,0,16.0,1,1,1,1,30
business_licensing_3_4_emergency_audit,business_licensing,GET /licenses/export/dependent-replica-3,emergency_audit_downgrade,enhanced_audit_dependency,dependent_policy_full,1,1,16.0,1,1,1,1,30
business_licensing_3_4_emergency_audit,business_licensing,GET /licenses/export/dependent-replica-3,emergency_audit_downgrade,enhanced_audit_dependency,dependent_without_consent,1,1,16.0,1,1,1,1,30
business_licensing_3_4_emergency_audit,business_licensing,GET /licenses/export/dependent-replica-3,emergency_audit_downgrade,enhanced_audit_dependency,dependent_without_threshold,1,1,16.0,1,1,1,1,30
business_licensing_3_4_emergency_audit,business_licensing,GET /licenses/export/dependent-replica-3,emergency_audit_downgrade,enhanced_audit_dependency,dependent_without_enhanced_audit,1,0,16.0,1,1,1,1,30
business_licensing_3_4_emergency_audit,business_licensing,GET /licenses/export/dependent-replica-3,emergency_audit_downgrade,enhanced_audit_dependency,dependent_without_purpose_field,1,1,16.0,1,1,1,1,30
business_licensing_3_4_compound_scope,business_licensing,GET /licenses/export/dependent-replica-3,compound_scope_field,compound_policy_interaction,schema_validation,1,0,40.0,0,0,0,0,3
business_licensing_3_4_compound_scope,business_licensing,GET /licenses/export/dependent-replica-3,compound_scope_field,compound_policy_interaction,role_matrix,1,0,40.0,0,0,0,0,3
business_licensing_3_4_compound_scope,business_licensing,GET /licenses/export/dependent-replica-3,compound_scope_field,compound_policy_interaction,object_policy_tests,1,0,40.0,0,0,0,0,3
business_licensing_3_4_compound_scope,business_licensing,GET /licenses/export/dependent-replica-3,compound_scope_field,compound_policy_interaction,field_policy_tests,1,0,40.0,0,0,0,0,3
business_licensing_3_4_compound_scope,business_licensing,GET /licenses/export/dependent-replica-3,compound_scope_field,compound_policy_interaction,audit_contract_tests,1,0,40.0,0,0,0,0,3
business_licensing_3_4_compound_scope,business_licensing,GET /licenses/export/dependent-replica-3,compound_scope_field,compound_policy_interaction,basic_policy_aware_full,1,0,40.0,0,0,0,0,3
business_licensing_3_4_compound_scope,business_licensing,GET /licenses/export/dependent-replica-3,compound_scope_field,compound_policy_interaction,dependent_policy_full,1,1,40.0,0,0,0,0,3
business_licensing_3_4_compound_scope,business_licensing,GET /licenses/export/dependent-replica-3,compound_scope_field,compound_policy_interaction,dependent_without_consent,1,0,40.0,0,0,0,0,3
business_licensing_3_4_compound_scope,business_licensing,GET /licenses/export/dependent-replica-3,compound_scope_field,compound_policy_interaction,dependent_without_threshold,1,1,40.0,0,0,0,0,3
business_licensing_3_4_compound_scope,business_licensing,GET /licenses/export/dependent-replica-3,compound_scope_field,compound_policy_interaction,dependent_without_enhanced_audit,1,1,40.0,0,0,0,0,3
business_licensing_3_4_compound_scope,business_licensing,GET /licenses/export/dependent-replica-3,compound_scope_field,compound_policy_interaction,dependent_without_purpose_field,1,1,40.0,0,0,0,0,3
business_licensing_3_4_clean_dependent,business_licensing,GET /licenses/export/dependent-replica-3,clean,none,schema_validation,0,0,0.0,1,1,1,0,30
business_licensing_3_4_clean_dependent,business_licensing,GET /licenses/export/dependent-replica-3,clean,none,role_matrix,0,0,0.0,1,1,1,0,30
business_licensing_3_4_clean_dependent,business_licensing,GET /licenses/export/dependent-replica-3,clean,none,object_policy_tests,0,0,0.0,1,1,1,0,30
business_licensing_3_4_clean_dependent,business_licensing,GET /licenses/export/dependent-replica-3,clean,none,field_policy_tests,0,0,0.0,1,1,1,0,30
business_licensing_3_4_clean_dependent,business_licensing,GET /licenses/export/dependent-replica-3,clean,none,audit_contract_tests,0,0,0.0,1,1,1,0,30
business_licensing_3_4_clean_dependent,business_licensing,GET /licenses/export/dependent-replica-3,clean,none,basic_policy_aware_full,0,0,0.0,1,1,1,0,30
business_licensing_3_4_clean_dependent,business_licensing,GET /licenses/export/dependent-replica-3,clean,none,dependent_policy_full,0,0,0.0,1,1,1,0,30
business_licensing_3_4_clean_dependent,business_licensing,GET /licenses/export/dependent-replica-3,clean,none,dependent_without_consent,0,0,0.0,1,1,1,0,30
business_licensing_3_4_clean_dependent,business_licensing,GET /licenses/export/dependent-replica-3,clean,none,dependent_without_threshold,0,0,0.0,1,1,1,0,30
business_licensing_3_4_clean_dependent,business_licensing,GET /licenses/export/dependent-replica-3,clean,none,dependent_without_enhanced_audit,0,0,0.0,1,1,1,0,30
business_licensing_3_4_clean_dependent,business_licensing,GET /licenses/export/dependent-replica-3,clean,none,dependent_without_purpose_field,0,0,0.0,1,1,1,0,30
health_4_1_purpose_field,health,GET /patients/{id}/dependent-replica-4,purpose_conditioned_field,purpose_field_dependency,schema_validation,1,0,35.0,1,1,1,0,27
health_4_1_purpose_field,health,GET /patients/{id}/dependent-replica-4,purpose_conditioned_field,purpose_field_dependency,role_matrix,1,0,35.0,1,1,1,0,27
health_4_1_purpose_field,health,GET /patients/{id}/dependent-replica-4,purpose_conditioned_field,purpose_field_dependency,object_policy_tests,1,0,35.0,1,1,1,0,27
health_4_1_purpose_field,health,GET /patients/{id}/dependent-replica-4,purpose_conditioned_field,purpose_field_dependency,field_policy_tests,1,0,35.0,1,1,1,0,27
health_4_1_purpose_field,health,GET /patients/{id}/dependent-replica-4,purpose_conditioned_field,purpose_field_dependency,audit_contract_tests,1,0,35.0,1,1,1,0,27
health_4_1_purpose_field,health,GET /patients/{id}/dependent-replica-4,purpose_conditioned_field,purpose_field_dependency,basic_policy_aware_full,1,0,35.0,1,1,1,0,27
health_4_1_purpose_field,health,GET /patients/{id}/dependent-replica-4,purpose_conditioned_field,purpose_field_dependency,dependent_policy_full,1,1,35.0,1,1,1,0,27
health_4_1_purpose_field,health,GET /patients/{id}/dependent-replica-4,purpose_conditioned_field,purpose_field_dependency,dependent_without_consent,1,1,35.0,1,1,1,0,27
health_4_1_purpose_field,health,GET /patients/{id}/dependent-replica-4,purpose_conditioned_field,purpose_field_dependency,dependent_without_threshold,1,1,35.0,1,1,1,0,27
health_4_1_purpose_field,health,GET /patients/{id}/dependent-replica-4,purpose_conditioned_field,purpose_field_dependency,dependent_without_enhanced_audit,1,1,35.0,1,1,1,0,27
health_4_1_purpose_field,health,GET /patients/{id}/dependent-replica-4,purpose_conditioned_field,purpose_field_dependency,dependent_without_purpose_field,1,0,35.0,1,1,1,0,27
health_4_1_jurisdiction_field,health,GET /patients/{id}/dependent-replica-4,jurisdiction_conditioned_field,jurisdiction_field_dependency,schema_validation,1,0,40.0,0,1,1,0,31
health_4_1_jurisdiction_field,health,GET /patients/{id}/dependent-replica-4,jurisdiction_conditioned_field,jurisdiction_field_dependency,role_matrix,1,0,40.0,0,1,1,0,31
health_4_1_jurisdiction_field,health,GET /patients/{id}/dependent-replica-4,jurisdiction_conditioned_field,jurisdiction_field_dependency,object_policy_tests,1,0,40.0,0,1,1,0,31
health_4_1_jurisdiction_field,health,GET /patients/{id}/dependent-replica-4,jurisdiction_conditioned_field,jurisdiction_field_dependency,field_policy_tests,1,0,40.0,0,1,1,0,31
health_4_1_jurisdiction_field,health,GET /patients/{id}/dependent-replica-4,jurisdiction_conditioned_field,jurisdiction_field_dependency,audit_contract_tests,1,0,40.0,0,1,1,0,31
health_4_1_jurisdiction_field,health,GET /patients/{id}/dependent-replica-4,jurisdiction_conditioned_field,jurisdiction_field_dependency,basic_policy_aware_full,1,0,40.0,0,1,1,0,31
health_4_1_jurisdiction_field,health,GET /patients/{id}/dependent-replica-4,jurisdiction_conditioned_field,jurisdiction_field_dependency,dependent_policy_full,1,1,40.0,0,1,1,0,31
health_4_1_jurisdiction_field,health,GET /patients/{id}/dependent-replica-4,jurisdiction_conditioned_field,jurisdiction_field_dependency,dependent_without_consent,1,1,40.0,0,1,1,0,31
health_4_1_jurisdiction_field,health,GET /patients/{id}/dependent-replica-4,jurisdiction_conditioned_field,jurisdiction_field_dependency,dependent_without_threshold,1,1,40.0,0,1,1,0,31
health_4_1_jurisdiction_field,health,GET /patients/{id}/dependent-replica-4,jurisdiction_conditioned_field,jurisdiction_field_dependency,dependent_without_enhanced_audit,1,1,40.0,0,1,1,0,31
health_4_1_jurisdiction_field,health,GET /patients/{id}/dependent-replica-4,jurisdiction_conditioned_field,jurisdiction_field_dependency,dependent_without_purpose_field,1,1,40.0,0,1,1,0,31
health_4_1_consent_field,health,GET /patients/{id}/dependent-replica-4,consent_gated_field,consent_field_dependency,schema_validation,1,0,30.0,1,1,0,0,44
health_4_1_consent_field,health,GET /patients/{id}/dependent-replica-4,consent_gated_field,consent_field_dependency,role_matrix,1,0,30.0,1,1,0,0,44
health_4_1_consent_field,health,GET /patients/{id}/dependent-replica-4,consent_gated_field,consent_field_dependency,object_policy_tests,1,0,30.0,1,1,0,0,44
health_4_1_consent_field,health,GET /patients/{id}/dependent-replica-4,consent_gated_field,consent_field_dependency,field_policy_tests,1,0,30.0,1,1,0,0,44
health_4_1_consent_field,health,GET /patients/{id}/dependent-replica-4,consent_gated_field,consent_field_dependency,audit_contract_tests,1,0,30.0,1,1,0,0,44
health_4_1_consent_field,health,GET /patients/{id}/dependent-replica-4,consent_gated_field,consent_field_dependency,basic_policy_aware_full,1,0,30.0,1,1,0,0,44
health_4_1_consent_field,health,GET /patients/{id}/dependent-replica-4,consent_gated_field,consent_field_dependency,dependent_policy_full,1,1,30.0,1,1,0,0,44
health_4_1_consent_field,health,GET /patients/{id}/dependent-replica-4,consent_gated_field,consent_field_dependency,dependent_without_consent,1,0,30.0,1,1,0,0,44
health_4_1_consent_field,health,GET /patients/{id}/dependent-replica-4,consent_gated_field,consent_field_dependency,dependent_without_threshold,1,1,30.0,1,1,0,0,44
health_4_1_consent_field,health,GET /patients/{id}/dependent-replica-4,consent_gated_field,consent_field_dependency,dependent_without_enhanced_audit,1,1,30.0,1,1,0,0,44
health_4_1_consent_field,health,GET /patients/{id}/dependent-replica-4,consent_gated_field,consent_field_dependency,dependent_without_purpose_field,1,1,30.0,1,1,0,0,44
health_4_1_small_cell,health,GET /patients/{id}/dependent-replica-4,aggregation_threshold_leak,aggregation_threshold,schema_validation,1,0,25.0,1,1,1,0,4
health_4_1_small_cell,health,GET /patients/{id}/dependent-replica-4,aggregation_threshold_leak,aggregation_threshold,role_matrix,1,0,25.0,1,1,1,0,4
health_4_1_small_cell,health,GET /patients/{id}/dependent-replica-4,aggregation_threshold_leak,aggregation_threshold,object_policy_tests,1,0,25.0,1,1,1,0,4
health_4_1_small_cell,health,GET /patients/{id}/dependent-replica-4,aggregation_threshold_leak,aggregation_threshold,field_policy_tests,1,0,25.0,1,1,1,0,4
health_4_1_small_cell,health,GET /patients/{id}/dependent-replica-4,aggregation_threshold_leak,aggregation_threshold,audit_contract_tests,1,0,25.0,1,1,1,0,4
health_4_1_small_cell,health,GET /patients/{id}/dependent-replica-4,aggregation_threshold_leak,aggregation_threshold,basic_policy_aware_full,1,0,25.0,1,1,1,0,4
health_4_1_small_cell,health,GET /patients/{id}/dependent-replica-4,aggregation_threshold_leak,aggregation_threshold,dependent_policy_full,1,1,25.0,1,1,1,0,4
health_4_1_small_cell,health,GET /patients/{id}/dependent-replica-4,aggregation_threshold_leak,aggregation_threshold,dependent_without_consent,1,1,25.0,1,1,1,0,4
health_4_1_small_cell,health,GET /patients/{id}/dependent-replica-4,aggregation_threshold_leak,aggregation_threshold,dependent_without_threshold,1,0,25.0,1,1,1,0,4
health_4_1_small_cell,health,GET /patients/{id}/dependent-replica-4,aggregation_threshold_leak,aggregation_threshold,dependent_without_enhanced_audit,1,1,25.0,1,1,1,0,4
health_4_1_small_cell,health,GET /patients/{id}/dependent-replica-4,aggregation_threshold_leak,aggregation_threshold,dependent_without_purpose_field,1,1,25.0,1,1,1,0,4
health_4_1_emergency_audit,health,GET /patients/{id}/dependent-replica-4,emergency_audit_downgrade,enhanced_audit_dependency,schema_validation,1,0,20.0,1,1,1,1,30
health_4_1_emergency_audit,health,GET /patients/{id}/dependent-replica-4,emergency_audit_downgrade,enhanced_audit_dependency,role_matrix,1,0,20.0,1,1,1,1,30
health_4_1_emergency_audit,health,GET /patients/{id}/dependent-replica-4,emergency_audit_downgrade,enhanced_audit_dependency,object_policy_tests,1,0,20.0,1,1,1,1,30
health_4_1_emergency_audit,health,GET /patients/{id}/dependent-replica-4,emergency_audit_downgrade,enhanced_audit_dependency,field_policy_tests,1,0,20.0,1,1,1,1,30
health_4_1_emergency_audit,health,GET /patients/{id}/dependent-replica-4,emergency_audit_downgrade,enhanced_audit_dependency,audit_contract_tests,1,0,20.0,1,1,1,1,30
health_4_1_emergency_audit,health,GET /patients/{id}/dependent-replica-4,emergency_audit_downgrade,enhanced_audit_dependency,basic_policy_aware_full,1,0,20.0,1,1,1,1,30
health_4_1_emergency_audit,health,GET /patients/{id}/dependent-replica-4,emergency_audit_downgrade,enhanced_audit_dependency,dependent_policy_full,1,1,20.0,1,1,1,1,30
health_4_1_emergency_audit,health,GET /patients/{id}/dependent-replica-4,emergency_audit_downgrade,enhanced_audit_dependency,dependent_without_consent,1,1,20.0,1,1,1,1,30
health_4_1_emergency_audit,health,GET /patients/{id}/dependent-replica-4,emergency_audit_downgrade,enhanced_audit_dependency,dependent_without_threshold,1,1,20.0,1,1,1,1,30
health_4_1_emergency_audit,health,GET /patients/{id}/dependent-replica-4,emergency_audit_downgrade,enhanced_audit_dependency,dependent_without_enhanced_audit,1,0,20.0,1,1,1,1,30
health_4_1_emergency_audit,health,GET /patients/{id}/dependent-replica-4,emergency_audit_downgrade,enhanced_audit_dependency,dependent_without_purpose_field,1,1,20.0,1,1,1,1,30
health_4_1_compound_scope,health,GET /patients/{id}/dependent-replica-4,compound_scope_field,compound_policy_interaction,schema_validation,1,0,50.0,0,0,0,0,3
health_4_1_compound_scope,health,GET /patients/{id}/dependent-replica-4,compound_scope_field,compound_policy_interaction,role_matrix,1,0,50.0,0,0,0,0,3
health_4_1_compound_scope,health,GET /patients/{id}/dependent-replica-4,compound_scope_field,compound_policy_interaction,object_policy_tests,1,0,50.0,0,0,0,0,3
health_4_1_compound_scope,health,GET /patients/{id}/dependent-replica-4,compound_scope_field,compound_policy_interaction,field_policy_tests,1,0,50.0,0,0,0,0,3
health_4_1_compound_scope,health,GET /patients/{id}/dependent-replica-4,compound_scope_field,compound_policy_interaction,audit_contract_tests,1,0,50.0,0,0,0,0,3
health_4_1_compound_scope,health,GET /patients/{id}/dependent-replica-4,compound_scope_field,compound_policy_interaction,basic_policy_aware_full,1,0,50.0,0,0,0,0,3
health_4_1_compound_scope,health,GET /patients/{id}/dependent-replica-4,compound_scope_field,compound_policy_interaction,dependent_policy_full,1,1,50.0,0,0,0,0,3
health_4_1_compound_scope,health,GET /patients/{id}/dependent-replica-4,compound_scope_field,compound_policy_interaction,dependent_without_consent,1,0,50.0,0,0,0,0,3
health_4_1_compound_scope,health,GET /patients/{id}/dependent-replica-4,compound_scope_field,compound_policy_interaction,dependent_without_threshold,1,1,50.0,0,0,0,0,3
health_4_1_compound_scope,health,GET /patients/{id}/dependent-replica-4,compound_scope_field,compound_policy_interaction,dependent_without_enhanced_audit,1,1,50.0,0,0,0,0,3
health_4_1_compound_scope,health,GET /patients/{id}/dependent-replica-4,compound_scope_field,compound_policy_interaction,dependent_without_purpose_field,1,1,50.0,0,0,0,0,3
health_4_1_clean_dependent,health,GET /patients/{id}/dependent-replica-4,clean,none,schema_validation,0,0,0.0,1,1,1,0,30
health_4_1_clean_dependent,health,GET /patients/{id}/dependent-replica-4,clean,none,role_matrix,0,0,0.0,1,1,1,0,30
health_4_1_clean_dependent,health,GET /patients/{id}/dependent-replica-4,clean,none,object_policy_tests,0,0,0.0,1,1,1,0,30
health_4_1_clean_dependent,health,GET /patients/{id}/dependent-replica-4,clean,none,field_policy_tests,0,0,0.0,1,1,1,0,30
health_4_1_clean_dependent,health,GET /patients/{id}/dependent-replica-4,clean,none,audit_contract_tests,0,0,0.0,1,1,1,0,30
health_4_1_clean_dependent,health,GET /patients/{id}/dependent-replica-4,clean,none,basic_policy_aware_full,0,0,0.0,1,1,1,0,30
health_4_1_clean_dependent,health,GET /patients/{id}/dependent-replica-4,clean,none,dependent_policy_full,0,0,0.0,1,1,1,0,30
health_4_1_clean_dependent,health,GET /patients/{id}/dependent-replica-4,clean,none,dependent_without_consent,0,0,0.0,1,1,1,0,30
health_4_1_clean_dependent,health,GET /patients/{id}/dependent-replica-4,clean,none,dependent_without_threshold,0,0,0.0,1,1,1,0,30
health_4_1_clean_dependent,health,GET /patients/{id}/dependent-replica-4,clean,none,dependent_without_enhanced_audit,0,0,0.0,1,1,1,0,30
health_4_1_clean_dependent,health,GET /patients/{id}/dependent-replica-4,clean,none,dependent_without_purpose_field,0,0,0.0,1,1,1,0,30
citizen_services_4_2_purpose_field,citizen_services,GET /benefits/{id}/dependent-replica-4,purpose_conditioned_field,purpose_field_dependency,schema_validation,1,0,35.0,1,1,1,0,27
citizen_services_4_2_purpose_field,citizen_services,GET /benefits/{id}/dependent-replica-4,purpose_conditioned_field,purpose_field_dependency,role_matrix,1,0,35.0,1,1,1,0,27
citizen_services_4_2_purpose_field,citizen_services,GET /benefits/{id}/dependent-replica-4,purpose_conditioned_field,purpose_field_dependency,object_policy_tests,1,0,35.0,1,1,1,0,27
citizen_services_4_2_purpose_field,citizen_services,GET /benefits/{id}/dependent-replica-4,purpose_conditioned_field,purpose_field_dependency,field_policy_tests,1,0,35.0,1,1,1,0,27
citizen_services_4_2_purpose_field,citizen_services,GET /benefits/{id}/dependent-replica-4,purpose_conditioned_field,purpose_field_dependency,audit_contract_tests,1,0,35.0,1,1,1,0,27
citizen_services_4_2_purpose_field,citizen_services,GET /benefits/{id}/dependent-replica-4,purpose_conditioned_field,purpose_field_dependency,basic_policy_aware_full,1,0,35.0,1,1,1,0,27
citizen_services_4_2_purpose_field,citizen_services,GET /benefits/{id}/dependent-replica-4,purpose_conditioned_field,purpose_field_dependency,dependent_policy_full,1,1,35.0,1,1,1,0,27
citizen_services_4_2_purpose_field,citizen_services,GET /benefits/{id}/dependent-replica-4,purpose_conditioned_field,purpose_field_dependency,dependent_without_consent,1,1,35.0,1,1,1,0,27
citizen_services_4_2_purpose_field,citizen_services,GET /benefits/{id}/dependent-replica-4,purpose_conditioned_field,purpose_field_dependency,dependent_without_threshold,1,1,35.0,1,1,1,0,27
citizen_services_4_2_purpose_field,citizen_services,GET /benefits/{id}/dependent-replica-4,purpose_conditioned_field,purpose_field_dependency,dependent_without_enhanced_audit,1,1,35.0,1,1,1,0,27
citizen_services_4_2_purpose_field,citizen_services,GET /benefits/{id}/dependent-replica-4,purpose_conditioned_field,purpose_field_dependency,dependent_without_purpose_field,1,0,35.0,1,1,1,0,27
citizen_services_4_2_jurisdiction_field,citizen_services,GET /benefits/{id}/dependent-replica-4,jurisdiction_conditioned_field,jurisdiction_field_dependency,schema_validation,1,0,40.0,0,1,1,0,31
citizen_services_4_2_jurisdiction_field,citizen_services,GET /benefits/{id}/dependent-replica-4,jurisdiction_conditioned_field,jurisdiction_field_dependency,role_matrix,1,0,40.0,0,1,1,0,31
citizen_services_4_2_jurisdiction_field,citizen_services,GET /benefits/{id}/dependent-replica-4,jurisdiction_conditioned_field,jurisdiction_field_dependency,object_policy_tests,1,0,40.0,0,1,1,0,31
citizen_services_4_2_jurisdiction_field,citizen_services,GET /benefits/{id}/dependent-replica-4,jurisdiction_conditioned_field,jurisdiction_field_dependency,field_policy_tests,1,0,40.0,0,1,1,0,31
citizen_services_4_2_jurisdiction_field,citizen_services,GET /benefits/{id}/dependent-replica-4,jurisdiction_conditioned_field,jurisdiction_field_dependency,audit_contract_tests,1,0,40.0,0,1,1,0,31
citizen_services_4_2_jurisdiction_field,citizen_services,GET /benefits/{id}/dependent-replica-4,jurisdiction_conditioned_field,jurisdiction_field_dependency,basic_policy_aware_full,1,0,40.0,0,1,1,0,31
citizen_services_4_2_jurisdiction_field,citizen_services,GET /benefits/{id}/dependent-replica-4,jurisdiction_conditioned_field,jurisdiction_field_dependency,dependent_policy_full,1,1,40.0,0,1,1,0,31
citizen_services_4_2_jurisdiction_field,citizen_services,GET /benefits/{id}/dependent-replica-4,jurisdiction_conditioned_field,jurisdiction_field_dependency,dependent_without_consent,1,1,40.0,0,1,1,0,31
citizen_services_4_2_jurisdiction_field,citizen_services,GET /benefits/{id}/dependent-replica-4,jurisdiction_conditioned_field,jurisdiction_field_dependency,dependent_without_threshold,1,1,40.0,0,1,1,0,31
citizen_services_4_2_jurisdiction_field,citizen_services,GET /benefits/{id}/dependent-replica-4,jurisdiction_conditioned_field,jurisdiction_field_dependency,dependent_without_enhanced_audit,1,1,40.0,0,1,1,0,31
citizen_services_4_2_jurisdiction_field,citizen_services,GET /benefits/{id}/dependent-replica-4,jurisdiction_conditioned_field,jurisdiction_field_dependency,dependent_without_purpose_field,1,1,40.0,0,1,1,0,31
citizen_services_4_2_consent_field,citizen_services,GET /benefits/{id}/dependent-replica-4,consent_gated_field,consent_field_dependency,schema_validation,1,0,30.0,1,1,0,0,44
citizen_services_4_2_consent_field,citizen_services,GET /benefits/{id}/dependent-replica-4,consent_gated_field,consent_field_dependency,role_matrix,1,0,30.0,1,1,0,0,44
citizen_services_4_2_consent_field,citizen_services,GET /benefits/{id}/dependent-replica-4,consent_gated_field,consent_field_dependency,object_policy_tests,1,0,30.0,1,1,0,0,44
citizen_services_4_2_consent_field,citizen_services,GET /benefits/{id}/dependent-replica-4,consent_gated_field,consent_field_dependency,field_policy_tests,1,0,30.0,1,1,0,0,44
citizen_services_4_2_consent_field,citizen_services,GET /benefits/{id}/dependent-replica-4,consent_gated_field,consent_field_dependency,audit_contract_tests,1,0,30.0,1,1,0,0,44
citizen_services_4_2_consent_field,citizen_services,GET /benefits/{id}/dependent-replica-4,consent_gated_field,consent_field_dependency,basic_policy_aware_full,1,0,30.0,1,1,0,0,44
citizen_services_4_2_consent_field,citizen_services,GET /benefits/{id}/dependent-replica-4,consent_gated_field,consent_field_dependency,dependent_policy_full,1,1,30.0,1,1,0,0,44
citizen_services_4_2_consent_field,citizen_services,GET /benefits/{id}/dependent-replica-4,consent_gated_field,consent_field_dependency,dependent_without_consent,1,0,30.0,1,1,0,0,44
citizen_services_4_2_consent_field,citizen_services,GET /benefits/{id}/dependent-replica-4,consent_gated_field,consent_field_dependency,dependent_without_threshold,1,1,30.0,1,1,0,0,44
citizen_services_4_2_consent_field,citizen_services,GET /benefits/{id}/dependent-replica-4,consent_gated_field,consent_field_dependency,dependent_without_enhanced_audit,1,1,30.0,1,1,0,0,44
citizen_services_4_2_consent_field,citizen_services,GET /benefits/{id}/dependent-replica-4,consent_gated_field,consent_field_dependency,dependent_without_purpose_field,1,1,30.0,1,1,0,0,44
citizen_services_4_2_small_cell,citizen_services,GET /benefits/{id}/dependent-replica-4,aggregation_threshold_leak,aggregation_threshold,schema_validation,1,0,25.0,1,1,1,0,4
citizen_services_4_2_small_cell,citizen_services,GET /benefits/{id}/dependent-replica-4,aggregation_threshold_leak,aggregation_threshold,role_matrix,1,0,25.0,1,1,1,0,4
citizen_services_4_2_small_cell,citizen_services,GET /benefits/{id}/dependent-replica-4,aggregation_threshold_leak,aggregation_threshold,object_policy_tests,1,0,25.0,1,1,1,0,4
citizen_services_4_2_small_cell,citizen_services,GET /benefits/{id}/dependent-replica-4,aggregation_threshold_leak,aggregation_threshold,field_policy_tests,1,0,25.0,1,1,1,0,4
citizen_services_4_2_small_cell,citizen_services,GET /benefits/{id}/dependent-replica-4,aggregation_threshold_leak,aggregation_threshold,audit_contract_tests,1,0,25.0,1,1,1,0,4
citizen_services_4_2_small_cell,citizen_services,GET /benefits/{id}/dependent-replica-4,aggregation_threshold_leak,aggregation_threshold,basic_policy_aware_full,1,0,25.0,1,1,1,0,4
citizen_services_4_2_small_cell,citizen_services,GET /benefits/{id}/dependent-replica-4,aggregation_threshold_leak,aggregation_threshold,dependent_policy_full,1,1,25.0,1,1,1,0,4
citizen_services_4_2_small_cell,citizen_services,GET /benefits/{id}/dependent-replica-4,aggregation_threshold_leak,aggregation_threshold,dependent_without_consent,1,1,25.0,1,1,1,0,4
citizen_services_4_2_small_cell,citizen_services,GET /benefits/{id}/dependent-replica-4,aggregation_threshold_leak,aggregation_threshold,dependent_without_threshold,1,0,25.0,1,1,1,0,4
citizen_services_4_2_small_cell,citizen_services,GET /benefits/{id}/dependent-replica-4,aggregation_threshold_leak,aggregation_threshold,dependent_without_enhanced_audit,1,1,25.0,1,1,1,0,4
citizen_services_4_2_small_cell,citizen_services,GET /benefits/{id}/dependent-replica-4,aggregation_threshold_leak,aggregation_threshold,dependent_without_purpose_field,1,1,25.0,1,1,1,0,4
citizen_services_4_2_emergency_audit,citizen_services,GET /benefits/{id}/dependent-replica-4,emergency_audit_downgrade,enhanced_audit_dependency,schema_validation,1,0,20.0,1,1,1,1,30
citizen_services_4_2_emergency_audit,citizen_services,GET /benefits/{id}/dependent-replica-4,emergency_audit_downgrade,enhanced_audit_dependency,role_matrix,1,0,20.0,1,1,1,1,30
citizen_services_4_2_emergency_audit,citizen_services,GET /benefits/{id}/dependent-replica-4,emergency_audit_downgrade,enhanced_audit_dependency,object_policy_tests,1,0,20.0,1,1,1,1,30
citizen_services_4_2_emergency_audit,citizen_services,GET /benefits/{id}/dependent-replica-4,emergency_audit_downgrade,enhanced_audit_dependency,field_policy_tests,1,0,20.0,1,1,1,1,30
citizen_services_4_2_emergency_audit,citizen_services,GET /benefits/{id}/dependent-replica-4,emergency_audit_downgrade,enhanced_audit_dependency,audit_contract_tests,1,0,20.0,1,1,1,1,30
citizen_services_4_2_emergency_audit,citizen_services,GET /benefits/{id}/dependent-replica-4,emergency_audit_downgrade,enhanced_audit_dependency,basic_policy_aware_full,1,0,20.0,1,1,1,1,30
citizen_services_4_2_emergency_audit,citizen_services,GET /benefits/{id}/dependent-replica-4,emergency_audit_downgrade,enhanced_audit_dependency,dependent_policy_full,1,1,20.0,1,1,1,1,30
citizen_services_4_2_emergency_audit,citizen_services,GET /benefits/{id}/dependent-replica-4,emergency_audit_downgrade,enhanced_audit_dependency,dependent_without_consent,1,1,20.0,1,1,1,1,30
citizen_services_4_2_emergency_audit,citizen_services,GET /benefits/{id}/dependent-replica-4,emergency_audit_downgrade,enhanced_audit_dependency,dependent_without_threshold,1,1,20.0,1,1,1,1,30
citizen_services_4_2_emergency_audit,citizen_services,GET /benefits/{id}/dependent-replica-4,emergency_audit_downgrade,enhanced_audit_dependency,dependent_without_enhanced_audit,1,0,20.0,1,1,1,1,30
citizen_services_4_2_emergency_audit,citizen_services,GET /benefits/{id}/dependent-replica-4,emergency_audit_downgrade,enhanced_audit_dependency,dependent_without_purpose_field,1,1,20.0,1,1,1,1,30
citizen_services_4_2_compound_scope,citizen_services,GET /benefits/{id}/dependent-replica-4,compound_scope_field,compound_policy_interaction,schema_validation,1,0,50.0,0,0,0,0,3
citizen_services_4_2_compound_scope,citizen_services,GET /benefits/{id}/dependent-replica-4,compound_scope_field,compound_policy_interaction,role_matrix,1,0,50.0,0,0,0,0,3
citizen_services_4_2_compound_scope,citizen_services,GET /benefits/{id}/dependent-replica-4,compound_scope_field,compound_policy_interaction,object_policy_tests,1,0,50.0,0,0,0,0,3
citizen_services_4_2_compound_scope,citizen_services,GET /benefits/{id}/dependent-replica-4,compound_scope_field,compound_policy_interaction,field_policy_tests,1,0,50.0,0,0,0,0,3
citizen_services_4_2_compound_scope,citizen_services,GET /benefits/{id}/dependent-replica-4,compound_scope_field,compound_policy_interaction,audit_contract_tests,1,0,50.0,0,0,0,0,3
citizen_services_4_2_compound_scope,citizen_services,GET /benefits/{id}/dependent-replica-4,compound_scope_field,compound_policy_interaction,basic_policy_aware_full,1,0,50.0,0,0,0,0,3
citizen_services_4_2_compound_scope,citizen_services,GET /benefits/{id}/dependent-replica-4,compound_scope_field,compound_policy_interaction,dependent_policy_full,1,1,50.0,0,0,0,0,3
citizen_services_4_2_compound_scope,citizen_services,GET /benefits/{id}/dependent-replica-4,compound_scope_field,compound_policy_interaction,dependent_without_consent,1,0,50.0,0,0,0,0,3
citizen_services_4_2_compound_scope,citizen_services,GET /benefits/{id}/dependent-replica-4,compound_scope_field,compound_policy_interaction,dependent_without_threshold,1,1,50.0,0,0,0,0,3
citizen_services_4_2_compound_scope,citizen_services,GET /benefits/{id}/dependent-replica-4,compound_scope_field,compound_policy_interaction,dependent_without_enhanced_audit,1,1,50.0,0,0,0,0,3
citizen_services_4_2_compound_scope,citizen_services,GET /benefits/{id}/dependent-replica-4,compound_scope_field,compound_policy_interaction,dependent_without_purpose_field,1,1,50.0,0,0,0,0,3
citizen_services_4_2_clean_dependent,citizen_services,GET /benefits/{id}/dependent-replica-4,clean,none,schema_validation,0,0,0.0,1,1,1,0,30
citizen_services_4_2_clean_dependent,citizen_services,GET /benefits/{id}/dependent-replica-4,clean,none,role_matrix,0,0,0.0,1,1,1,0,30
citizen_services_4_2_clean_dependent,citizen_services,GET /benefits/{id}/dependent-replica-4,clean,none,object_policy_tests,0,0,0.0,1,1,1,0,30
citizen_services_4_2_clean_dependent,citizen_services,GET /benefits/{id}/dependent-replica-4,clean,none,field_policy_tests,0,0,0.0,1,1,1,0,30
citizen_services_4_2_clean_dependent,citizen_services,GET /benefits/{id}/dependent-replica-4,clean,none,audit_contract_tests,0,0,0.0,1,1,1,0,30
citizen_services_4_2_clean_dependent,citizen_services,GET /benefits/{id}/dependent-replica-4,clean,none,basic_policy_aware_full,0,0,0.0,1,1,1,0,30
citizen_services_4_2_clean_dependent,citizen_services,GET /benefits/{id}/dependent-replica-4,clean,none,dependent_policy_full,0,0,0.0,1,1,1,0,30
citizen_services_4_2_clean_dependent,citizen_services,GET /benefits/{id}/dependent-replica-4,clean,none,dependent_without_consent,0,0,0.0,1,1,1,0,30
citizen_services_4_2_clean_dependent,citizen_services,GET /benefits/{id}/dependent-replica-4,clean,none,dependent_without_threshold,0,0,0.0,1,1,1,0,30
citizen_services_4_2_clean_dependent,citizen_services,GET /benefits/{id}/dependent-replica-4,clean,none,dependent_without_enhanced_audit,0,0,0.0,1,1,1,0,30
citizen_services_4_2_clean_dependent,citizen_services,GET /benefits/{id}/dependent-replica-4,clean,none,dependent_without_purpose_field,0,0,0.0,1,1,1,0,30
education_4_3_purpose_field,education,GET /students/{id}/record/dependent-replica-4,purpose_conditioned_field,purpose_field_dependency,schema_validation,1,0,35.0,1,1,1,0,27
education_4_3_purpose_field,education,GET /students/{id}/record/dependent-replica-4,purpose_conditioned_field,purpose_field_dependency,role_matrix,1,0,35.0,1,1,1,0,27
education_4_3_purpose_field,education,GET /students/{id}/record/dependent-replica-4,purpose_conditioned_field,purpose_field_dependency,object_policy_tests,1,0,35.0,1,1,1,0,27
education_4_3_purpose_field,education,GET /students/{id}/record/dependent-replica-4,purpose_conditioned_field,purpose_field_dependency,field_policy_tests,1,0,35.0,1,1,1,0,27
education_4_3_purpose_field,education,GET /students/{id}/record/dependent-replica-4,purpose_conditioned_field,purpose_field_dependency,audit_contract_tests,1,0,35.0,1,1,1,0,27
education_4_3_purpose_field,education,GET /students/{id}/record/dependent-replica-4,purpose_conditioned_field,purpose_field_dependency,basic_policy_aware_full,1,0,35.0,1,1,1,0,27
education_4_3_purpose_field,education,GET /students/{id}/record/dependent-replica-4,purpose_conditioned_field,purpose_field_dependency,dependent_policy_full,1,1,35.0,1,1,1,0,27
education_4_3_purpose_field,education,GET /students/{id}/record/dependent-replica-4,purpose_conditioned_field,purpose_field_dependency,dependent_without_consent,1,1,35.0,1,1,1,0,27
education_4_3_purpose_field,education,GET /students/{id}/record/dependent-replica-4,purpose_conditioned_field,purpose_field_dependency,dependent_without_threshold,1,1,35.0,1,1,1,0,27
education_4_3_purpose_field,education,GET /students/{id}/record/dependent-replica-4,purpose_conditioned_field,purpose_field_dependency,dependent_without_enhanced_audit,1,1,35.0,1,1,1,0,27
education_4_3_purpose_field,education,GET /students/{id}/record/dependent-replica-4,purpose_conditioned_field,purpose_field_dependency,dependent_without_purpose_field,1,0,35.0,1,1,1,0,27
education_4_3_jurisdiction_field,education,GET /students/{id}/record/dependent-replica-4,jurisdiction_conditioned_field,jurisdiction_field_dependency,schema_validation,1,0,40.0,0,1,1,0,31
education_4_3_jurisdiction_field,education,GET /students/{id}/record/dependent-replica-4,jurisdiction_conditioned_field,jurisdiction_field_dependency,role_matrix,1,0,40.0,0,1,1,0,31
education_4_3_jurisdiction_field,education,GET /students/{id}/record/dependent-replica-4,jurisdiction_conditioned_field,jurisdiction_field_dependency,object_policy_tests,1,0,40.0,0,1,1,0,31
education_4_3_jurisdiction_field,education,GET /students/{id}/record/dependent-replica-4,jurisdiction_conditioned_field,jurisdiction_field_dependency,field_policy_tests,1,0,40.0,0,1,1,0,31
education_4_3_jurisdiction_field,education,GET /students/{id}/record/dependent-replica-4,jurisdiction_conditioned_field,jurisdiction_field_dependency,audit_contract_tests,1,0,40.0,0,1,1,0,31
education_4_3_jurisdiction_field,education,GET /students/{id}/record/dependent-replica-4,jurisdiction_conditioned_field,jurisdiction_field_dependency,basic_policy_aware_full,1,0,40.0,0,1,1,0,31
education_4_3_jurisdiction_field,education,GET /students/{id}/record/dependent-replica-4,jurisdiction_conditioned_field,jurisdiction_field_dependency,dependent_policy_full,1,1,40.0,0,1,1,0,31
education_4_3_jurisdiction_field,education,GET /students/{id}/record/dependent-replica-4,jurisdiction_conditioned_field,jurisdiction_field_dependency,dependent_without_consent,1,1,40.0,0,1,1,0,31
education_4_3_jurisdiction_field,education,GET /students/{id}/record/dependent-replica-4,jurisdiction_conditioned_field,jurisdiction_field_dependency,dependent_without_threshold,1,1,40.0,0,1,1,0,31
education_4_3_jurisdiction_field,education,GET /students/{id}/record/dependent-replica-4,jurisdiction_conditioned_field,jurisdiction_field_dependency,dependent_without_enhanced_audit,1,1,40.0,0,1,1,0,31
education_4_3_jurisdiction_field,education,GET /students/{id}/record/dependent-replica-4,jurisdiction_conditioned_field,jurisdiction_field_dependency,dependent_without_purpose_field,1,1,40.0,0,1,1,0,31
education_4_3_consent_field,education,GET /students/{id}/record/dependent-replica-4,consent_gated_field,consent_field_dependency,schema_validation,1,0,30.0,1,1,0,0,44
education_4_3_consent_field,education,GET /students/{id}/record/dependent-replica-4,consent_gated_field,consent_field_dependency,role_matrix,1,0,30.0,1,1,0,0,44
education_4_3_consent_field,education,GET /students/{id}/record/dependent-replica-4,consent_gated_field,consent_field_dependency,object_policy_tests,1,0,30.0,1,1,0,0,44
education_4_3_consent_field,education,GET /students/{id}/record/dependent-replica-4,consent_gated_field,consent_field_dependency,field_policy_tests,1,0,30.0,1,1,0,0,44
education_4_3_consent_field,education,GET /students/{id}/record/dependent-replica-4,consent_gated_field,consent_field_dependency,audit_contract_tests,1,0,30.0,1,1,0,0,44
education_4_3_consent_field,education,GET /students/{id}/record/dependent-replica-4,consent_gated_field,consent_field_dependency,basic_policy_aware_full,1,0,30.0,1,1,0,0,44
education_4_3_consent_field,education,GET /students/{id}/record/dependent-replica-4,consent_gated_field,consent_field_dependency,dependent_policy_full,1,1,30.0,1,1,0,0,44
education_4_3_consent_field,education,GET /students/{id}/record/dependent-replica-4,consent_gated_field,consent_field_dependency,dependent_without_consent,1,0,30.0,1,1,0,0,44
education_4_3_consent_field,education,GET /students/{id}/record/dependent-replica-4,consent_gated_field,consent_field_dependency,dependent_without_threshold,1,1,30.0,1,1,0,0,44
education_4_3_consent_field,education,GET /students/{id}/record/dependent-replica-4,consent_gated_field,consent_field_dependency,dependent_without_enhanced_audit,1,1,30.0,1,1,0,0,44
education_4_3_consent_field,education,GET /students/{id}/record/dependent-replica-4,consent_gated_field,consent_field_dependency,dependent_without_purpose_field,1,1,30.0,1,1,0,0,44
education_4_3_small_cell,education,GET /students/{id}/record/dependent-replica-4,aggregation_threshold_leak,aggregation_threshold,schema_validation,1,0,25.0,1,1,1,0,4
education_4_3_small_cell,education,GET /students/{id}/record/dependent-replica-4,aggregation_threshold_leak,aggregation_threshold,role_matrix,1,0,25.0,1,1,1,0,4
education_4_3_small_cell,education,GET /students/{id}/record/dependent-replica-4,aggregation_threshold_leak,aggregation_threshold,object_policy_tests,1,0,25.0,1,1,1,0,4
education_4_3_small_cell,education,GET /students/{id}/record/dependent-replica-4,aggregation_threshold_leak,aggregation_threshold,field_policy_tests,1,0,25.0,1,1,1,0,4
education_4_3_small_cell,education,GET /students/{id}/record/dependent-replica-4,aggregation_threshold_leak,aggregation_threshold,audit_contract_tests,1,0,25.0,1,1,1,0,4
education_4_3_small_cell,education,GET /students/{id}/record/dependent-replica-4,aggregation_threshold_leak,aggregation_threshold,basic_policy_aware_full,1,0,25.0,1,1,1,0,4
education_4_3_small_cell,education,GET /students/{id}/record/dependent-replica-4,aggregation_threshold_leak,aggregation_threshold,dependent_policy_full,1,1,25.0,1,1,1,0,4
education_4_3_small_cell,education,GET /students/{id}/record/dependent-replica-4,aggregation_threshold_leak,aggregation_threshold,dependent_without_consent,1,1,25.0,1,1,1,0,4
education_4_3_small_cell,education,GET /students/{id}/record/dependent-replica-4,aggregation_threshold_leak,aggregation_threshold,dependent_without_threshold,1,0,25.0,1,1,1,0,4
education_4_3_small_cell,education,GET /students/{id}/record/dependent-replica-4,aggregation_threshold_leak,aggregation_threshold,dependent_without_enhanced_audit,1,1,25.0,1,1,1,0,4
education_4_3_small_cell,education,GET /students/{id}/record/dependent-replica-4,aggregation_threshold_leak,aggregation_threshold,dependent_without_purpose_field,1,1,25.0,1,1,1,0,4
education_4_3_emergency_audit,education,GET /students/{id}/record/dependent-replica-4,emergency_audit_downgrade,enhanced_audit_dependency,schema_validation,1,0,20.0,1,1,1,1,30
education_4_3_emergency_audit,education,GET /students/{id}/record/dependent-replica-4,emergency_audit_downgrade,enhanced_audit_dependency,role_matrix,1,0,20.0,1,1,1,1,30
education_4_3_emergency_audit,education,GET /students/{id}/record/dependent-replica-4,emergency_audit_downgrade,enhanced_audit_dependency,object_policy_tests,1,0,20.0,1,1,1,1,30
education_4_3_emergency_audit,education,GET /students/{id}/record/dependent-replica-4,emergency_audit_downgrade,enhanced_audit_dependency,field_policy_tests,1,0,20.0,1,1,1,1,30
education_4_3_emergency_audit,education,GET /students/{id}/record/dependent-replica-4,emergency_audit_downgrade,enhanced_audit_dependency,audit_contract_tests,1,0,20.0,1,1,1,1,30
education_4_3_emergency_audit,education,GET /students/{id}/record/dependent-replica-4,emergency_audit_downgrade,enhanced_audit_dependency,basic_policy_aware_full,1,0,20.0,1,1,1,1,30
education_4_3_emergency_audit,education,GET /students/{id}/record/dependent-replica-4,emergency_audit_downgrade,enhanced_audit_dependency,dependent_policy_full,1,1,20.0,1,1,1,1,30
education_4_3_emergency_audit,education,GET /students/{id}/record/dependent-replica-4,emergency_audit_downgrade,enhanced_audit_dependency,dependent_without_consent,1,1,20.0,1,1,1,1,30
education_4_3_emergency_audit,education,GET /students/{id}/record/dependent-replica-4,emergency_audit_downgrade,enhanced_audit_dependency,dependent_without_threshold,1,1,20.0,1,1,1,1,30
education_4_3_emergency_audit,education,GET /students/{id}/record/dependent-replica-4,emergency_audit_downgrade,enhanced_audit_dependency,dependent_without_enhanced_audit,1,0,20.0,1,1,1,1,30
education_4_3_emergency_audit,education,GET /students/{id}/record/dependent-replica-4,emergency_audit_downgrade,enhanced_audit_dependency,dependent_without_purpose_field,1,1,20.0,1,1,1,1,30
education_4_3_compound_scope,education,GET /students/{id}/record/dependent-replica-4,compound_scope_field,compound_policy_interaction,schema_validation,1,0,50.0,0,0,0,0,3
education_4_3_compound_scope,education,GET /students/{id}/record/dependent-replica-4,compound_scope_field,compound_policy_interaction,role_matrix,1,0,50.0,0,0,0,0,3
education_4_3_compound_scope,education,GET /students/{id}/record/dependent-replica-4,compound_scope_field,compound_policy_interaction,object_policy_tests,1,0,50.0,0,0,0,0,3
education_4_3_compound_scope,education,GET /students/{id}/record/dependent-replica-4,compound_scope_field,compound_policy_interaction,field_policy_tests,1,0,50.0,0,0,0,0,3
education_4_3_compound_scope,education,GET /students/{id}/record/dependent-replica-4,compound_scope_field,compound_policy_interaction,audit_contract_tests,1,0,50.0,0,0,0,0,3
education_4_3_compound_scope,education,GET /students/{id}/record/dependent-replica-4,compound_scope_field,compound_policy_interaction,basic_policy_aware_full,1,0,50.0,0,0,0,0,3
education_4_3_compound_scope,education,GET /students/{id}/record/dependent-replica-4,compound_scope_field,compound_policy_interaction,dependent_policy_full,1,1,50.0,0,0,0,0,3
education_4_3_compound_scope,education,GET /students/{id}/record/dependent-replica-4,compound_scope_field,compound_policy_interaction,dependent_without_consent,1,0,50.0,0,0,0,0,3
education_4_3_compound_scope,education,GET /students/{id}/record/dependent-replica-4,compound_scope_field,compound_policy_interaction,dependent_without_threshold,1,1,50.0,0,0,0,0,3
education_4_3_compound_scope,education,GET /students/{id}/record/dependent-replica-4,compound_scope_field,compound_policy_interaction,dependent_without_enhanced_audit,1,1,50.0,0,0,0,0,3
education_4_3_compound_scope,education,GET /students/{id}/record/dependent-replica-4,compound_scope_field,compound_policy_interaction,dependent_without_purpose_field,1,1,50.0,0,0,0,0,3
education_4_3_clean_dependent,education,GET /students/{id}/record/dependent-replica-4,clean,none,schema_validation,0,0,0.0,1,1,1,0,30
education_4_3_clean_dependent,education,GET /students/{id}/record/dependent-replica-4,clean,none,role_matrix,0,0,0.0,1,1,1,0,30
education_4_3_clean_dependent,education,GET /students/{id}/record/dependent-replica-4,clean,none,object_policy_tests,0,0,0.0,1,1,1,0,30
education_4_3_clean_dependent,education,GET /students/{id}/record/dependent-replica-4,clean,none,field_policy_tests,0,0,0.0,1,1,1,0,30
education_4_3_clean_dependent,education,GET /students/{id}/record/dependent-replica-4,clean,none,audit_contract_tests,0,0,0.0,1,1,1,0,30
education_4_3_clean_dependent,education,GET /students/{id}/record/dependent-replica-4,clean,none,basic_policy_aware_full,0,0,0.0,1,1,1,0,30
education_4_3_clean_dependent,education,GET /students/{id}/record/dependent-replica-4,clean,none,dependent_policy_full,0,0,0.0,1,1,1,0,30
education_4_3_clean_dependent,education,GET /students/{id}/record/dependent-replica-4,clean,none,dependent_without_consent,0,0,0.0,1,1,1,0,30
education_4_3_clean_dependent,education,GET /students/{id}/record/dependent-replica-4,clean,none,dependent_without_threshold,0,0,0.0,1,1,1,0,30
education_4_3_clean_dependent,education,GET /students/{id}/record/dependent-replica-4,clean,none,dependent_without_enhanced_audit,0,0,0.0,1,1,1,0,30
education_4_3_clean_dependent,education,GET /students/{id}/record/dependent-replica-4,clean,none,dependent_without_purpose_field,0,0,0.0,1,1,1,0,30
business_licensing_4_4_purpose_field,business_licensing,GET /licenses/export/dependent-replica-4,purpose_conditioned_field,purpose_field_dependency,schema_validation,1,0,28.0,1,1,1,0,27
business_licensing_4_4_purpose_field,business_licensing,GET /licenses/export/dependent-replica-4,purpose_conditioned_field,purpose_field_dependency,role_matrix,1,0,28.0,1,1,1,0,27
business_licensing_4_4_purpose_field,business_licensing,GET /licenses/export/dependent-replica-4,purpose_conditioned_field,purpose_field_dependency,object_policy_tests,1,0,28.0,1,1,1,0,27
business_licensing_4_4_purpose_field,business_licensing,GET /licenses/export/dependent-replica-4,purpose_conditioned_field,purpose_field_dependency,field_policy_tests,1,0,28.0,1,1,1,0,27
business_licensing_4_4_purpose_field,business_licensing,GET /licenses/export/dependent-replica-4,purpose_conditioned_field,purpose_field_dependency,audit_contract_tests,1,0,28.0,1,1,1,0,27
business_licensing_4_4_purpose_field,business_licensing,GET /licenses/export/dependent-replica-4,purpose_conditioned_field,purpose_field_dependency,basic_policy_aware_full,1,0,28.0,1,1,1,0,27
business_licensing_4_4_purpose_field,business_licensing,GET /licenses/export/dependent-replica-4,purpose_conditioned_field,purpose_field_dependency,dependent_policy_full,1,1,28.0,1,1,1,0,27
business_licensing_4_4_purpose_field,business_licensing,GET /licenses/export/dependent-replica-4,purpose_conditioned_field,purpose_field_dependency,dependent_without_consent,1,1,28.0,1,1,1,0,27
business_licensing_4_4_purpose_field,business_licensing,GET /licenses/export/dependent-replica-4,purpose_conditioned_field,purpose_field_dependency,dependent_without_threshold,1,1,28.0,1,1,1,0,27
business_licensing_4_4_purpose_field,business_licensing,GET /licenses/export/dependent-replica-4,purpose_conditioned_field,purpose_field_dependency,dependent_without_enhanced_audit,1,1,28.0,1,1,1,0,27
business_licensing_4_4_purpose_field,business_licensing,GET /licenses/export/dependent-replica-4,purpose_conditioned_field,purpose_field_dependency,dependent_without_purpose_field,1,0,28.0,1,1,1,0,27
business_licensing_4_4_jurisdiction_field,business_licensing,GET /licenses/export/dependent-replica-4,jurisdiction_conditioned_field,jurisdiction_field_dependency,schema_validation,1,0,32.0,0,1,1,0,31
business_licensing_4_4_jurisdiction_field,business_licensing,GET /licenses/export/dependent-replica-4,jurisdiction_conditioned_field,jurisdiction_field_dependency,role_matrix,1,0,32.0,0,1,1,0,31
business_licensing_4_4_jurisdiction_field,business_licensing,GET /licenses/export/dependent-replica-4,jurisdiction_conditioned_field,jurisdiction_field_dependency,object_policy_tests,1,0,32.0,0,1,1,0,31
business_licensing_4_4_jurisdiction_field,business_licensing,GET /licenses/export/dependent-replica-4,jurisdiction_conditioned_field,jurisdiction_field_dependency,field_policy_tests,1,0,32.0,0,1,1,0,31
business_licensing_4_4_jurisdiction_field,business_licensing,GET /licenses/export/dependent-replica-4,jurisdiction_conditioned_field,jurisdiction_field_dependency,audit_contract_tests,1,0,32.0,0,1,1,0,31
business_licensing_4_4_jurisdiction_field,business_licensing,GET /licenses/export/dependent-replica-4,jurisdiction_conditioned_field,jurisdiction_field_dependency,basic_policy_aware_full,1,0,32.0,0,1,1,0,31
business_licensing_4_4_jurisdiction_field,business_licensing,GET /licenses/export/dependent-replica-4,jurisdiction_conditioned_field,jurisdiction_field_dependency,dependent_policy_full,1,1,32.0,0,1,1,0,31
business_licensing_4_4_jurisdiction_field,business_licensing,GET /licenses/export/dependent-replica-4,jurisdiction_conditioned_field,jurisdiction_field_dependency,dependent_without_consent,1,1,32.0,0,1,1,0,31
business_licensing_4_4_jurisdiction_field,business_licensing,GET /licenses/export/dependent-replica-4,jurisdiction_conditioned_field,jurisdiction_field_dependency,dependent_without_threshold,1,1,32.0,0,1,1,0,31
business_licensing_4_4_jurisdiction_field,business_licensing,GET /licenses/export/dependent-replica-4,jurisdiction_conditioned_field,jurisdiction_field_dependency,dependent_without_enhanced_audit,1,1,32.0,0,1,1,0,31
business_licensing_4_4_jurisdiction_field,business_licensing,GET /licenses/export/dependent-replica-4,jurisdiction_conditioned_field,jurisdiction_field_dependency,dependent_without_purpose_field,1,1,32.0,0,1,1,0,31
business_licensing_4_4_consent_field,business_licensing,GET /licenses/export/dependent-replica-4,consent_gated_field,consent_field_dependency,schema_validation,1,0,24.0,1,1,0,0,44
business_licensing_4_4_consent_field,business_licensing,GET /licenses/export/dependent-replica-4,consent_gated_field,consent_field_dependency,role_matrix,1,0,24.0,1,1,0,0,44
business_licensing_4_4_consent_field,business_licensing,GET /licenses/export/dependent-replica-4,consent_gated_field,consent_field_dependency,object_policy_tests,1,0,24.0,1,1,0,0,44
business_licensing_4_4_consent_field,business_licensing,GET /licenses/export/dependent-replica-4,consent_gated_field,consent_field_dependency,field_policy_tests,1,0,24.0,1,1,0,0,44
business_licensing_4_4_consent_field,business_licensing,GET /licenses/export/dependent-replica-4,consent_gated_field,consent_field_dependency,audit_contract_tests,1,0,24.0,1,1,0,0,44
business_licensing_4_4_consent_field,business_licensing,GET /licenses/export/dependent-replica-4,consent_gated_field,consent_field_dependency,basic_policy_aware_full,1,0,24.0,1,1,0,0,44
business_licensing_4_4_consent_field,business_licensing,GET /licenses/export/dependent-replica-4,consent_gated_field,consent_field_dependency,dependent_policy_full,1,1,24.0,1,1,0,0,44
business_licensing_4_4_consent_field,business_licensing,GET /licenses/export/dependent-replica-4,consent_gated_field,consent_field_dependency,dependent_without_consent,1,0,24.0,1,1,0,0,44
business_licensing_4_4_consent_field,business_licensing,GET /licenses/export/dependent-replica-4,consent_gated_field,consent_field_dependency,dependent_without_threshold,1,1,24.0,1,1,0,0,44
business_licensing_4_4_consent_field,business_licensing,GET /licenses/export/dependent-replica-4,consent_gated_field,consent_field_dependency,dependent_without_enhanced_audit,1,1,24.0,1,1,0,0,44
business_licensing_4_4_consent_field,business_licensing,GET /licenses/export/dependent-replica-4,consent_gated_field,consent_field_dependency,dependent_without_purpose_field,1,1,24.0,1,1,0,0,44
business_licensing_4_4_small_cell,business_licensing,GET /licenses/export/dependent-replica-4,aggregation_threshold_leak,aggregation_threshold,schema_validation,1,0,20.0,1,1,1,0,4
business_licensing_4_4_small_cell,business_licensing,GET /licenses/export/dependent-replica-4,aggregation_threshold_leak,aggregation_threshold,role_matrix,1,0,20.0,1,1,1,0,4
business_licensing_4_4_small_cell,business_licensing,GET /licenses/export/dependent-replica-4,aggregation_threshold_leak,aggregation_threshold,object_policy_tests,1,0,20.0,1,1,1,0,4
business_licensing_4_4_small_cell,business_licensing,GET /licenses/export/dependent-replica-4,aggregation_threshold_leak,aggregation_threshold,field_policy_tests,1,0,20.0,1,1,1,0,4
business_licensing_4_4_small_cell,business_licensing,GET /licenses/export/dependent-replica-4,aggregation_threshold_leak,aggregation_threshold,audit_contract_tests,1,0,20.0,1,1,1,0,4
business_licensing_4_4_small_cell,business_licensing,GET /licenses/export/dependent-replica-4,aggregation_threshold_leak,aggregation_threshold,basic_policy_aware_full,1,0,20.0,1,1,1,0,4
business_licensing_4_4_small_cell,business_licensing,GET /licenses/export/dependent-replica-4,aggregation_threshold_leak,aggregation_threshold,dependent_policy_full,1,1,20.0,1,1,1,0,4
business_licensing_4_4_small_cell,business_licensing,GET /licenses/export/dependent-replica-4,aggregation_threshold_leak,aggregation_threshold,dependent_without_consent,1,1,20.0,1,1,1,0,4
business_licensing_4_4_small_cell,business_licensing,GET /licenses/export/dependent-replica-4,aggregation_threshold_leak,aggregation_threshold,dependent_without_threshold,1,0,20.0,1,1,1,0,4
business_licensing_4_4_small_cell,business_licensing,GET /licenses/export/dependent-replica-4,aggregation_threshold_leak,aggregation_threshold,dependent_without_enhanced_audit,1,1,20.0,1,1,1,0,4
business_licensing_4_4_small_cell,business_licensing,GET /licenses/export/dependent-replica-4,aggregation_threshold_leak,aggregation_threshold,dependent_without_purpose_field,1,1,20.0,1,1,1,0,4
business_licensing_4_4_emergency_audit,business_licensing,GET /licenses/export/dependent-replica-4,emergency_audit_downgrade,enhanced_audit_dependency,schema_validation,1,0,16.0,1,1,1,1,30
business_licensing_4_4_emergency_audit,business_licensing,GET /licenses/export/dependent-replica-4,emergency_audit_downgrade,enhanced_audit_dependency,role_matrix,1,0,16.0,1,1,1,1,30
business_licensing_4_4_emergency_audit,business_licensing,GET /licenses/export/dependent-replica-4,emergency_audit_downgrade,enhanced_audit_dependency,object_policy_tests,1,0,16.0,1,1,1,1,30
business_licensing_4_4_emergency_audit,business_licensing,GET /licenses/export/dependent-replica-4,emergency_audit_downgrade,enhanced_audit_dependency,field_policy_tests,1,0,16.0,1,1,1,1,30
business_licensing_4_4_emergency_audit,business_licensing,GET /licenses/export/dependent-replica-4,emergency_audit_downgrade,enhanced_audit_dependency,audit_contract_tests,1,0,16.0,1,1,1,1,30
business_licensing_4_4_emergency_audit,business_licensing,GET /licenses/export/dependent-replica-4,emergency_audit_downgrade,enhanced_audit_dependency,basic_policy_aware_full,1,0,16.0,1,1,1,1,30
business_licensing_4_4_emergency_audit,business_licensing,GET /licenses/export/dependent-replica-4,emergency_audit_downgrade,enhanced_audit_dependency,dependent_policy_full,1,1,16.0,1,1,1,1,30
business_licensing_4_4_emergency_audit,business_licensing,GET /licenses/export/dependent-replica-4,emergency_audit_downgrade,enhanced_audit_dependency,dependent_without_consent,1,1,16.0,1,1,1,1,30
business_licensing_4_4_emergency_audit,business_licensing,GET /licenses/export/dependent-replica-4,emergency_audit_downgrade,enhanced_audit_dependency,dependent_without_threshold,1,1,16.0,1,1,1,1,30
business_licensing_4_4_emergency_audit,business_licensing,GET /licenses/export/dependent-replica-4,emergency_audit_downgrade,enhanced_audit_dependency,dependent_without_enhanced_audit,1,0,16.0,1,1,1,1,30
business_licensing_4_4_emergency_audit,business_licensing,GET /licenses/export/dependent-replica-4,emergency_audit_downgrade,enhanced_audit_dependency,dependent_without_purpose_field,1,1,16.0,1,1,1,1,30
business_licensing_4_4_compound_scope,business_licensing,GET /licenses/export/dependent-replica-4,compound_scope_field,compound_policy_interaction,schema_validation,1,0,40.0,0,0,0,0,3
business_licensing_4_4_compound_scope,business_licensing,GET /licenses/export/dependent-replica-4,compound_scope_field,compound_policy_interaction,role_matrix,1,0,40.0,0,0,0,0,3
business_licensing_4_4_compound_scope,business_licensing,GET /licenses/export/dependent-replica-4,compound_scope_field,compound_policy_interaction,object_policy_tests,1,0,40.0,0,0,0,0,3
business_licensing_4_4_compound_scope,business_licensing,GET /licenses/export/dependent-replica-4,compound_scope_field,compound_policy_interaction,field_policy_tests,1,0,40.0,0,0,0,0,3
business_licensing_4_4_compound_scope,business_licensing,GET /licenses/export/dependent-replica-4,compound_scope_field,compound_policy_interaction,audit_contract_tests,1,0,40.0,0,0,0,0,3
business_licensing_4_4_compound_scope,business_licensing,GET /licenses/export/dependent-replica-4,compound_scope_field,compound_policy_interaction,basic_policy_aware_full,1,0,40.0,0,0,0,0,3
business_licensing_4_4_compound_scope,business_licensing,GET /licenses/export/dependent-replica-4,compound_scope_field,compound_policy_interaction,dependent_policy_full,1,1,40.0,0,0,0,0,3
business_licensing_4_4_compound_scope,business_licensing,GET /licenses/export/dependent-replica-4,compound_scope_field,compound_policy_interaction,dependent_without_consent,1,0,40.0,0,0,0,0,3
business_licensing_4_4_compound_scope,business_licensing,GET /licenses/export/dependent-replica-4,compound_scope_field,compound_policy_interaction,dependent_without_threshold,1,1,40.0,0,0,0,0,3
business_licensing_4_4_compound_scope,business_licensing,GET /licenses/export/dependent-replica-4,compound_scope_field,compound_policy_interaction,dependent_without_enhanced_audit,1,1,40.0,0,0,0,0,3
business_licensing_4_4_compound_scope,business_licensing,GET /licenses/export/dependent-replica-4,compound_scope_field,compound_policy_interaction,dependent_without_purpose_field,1,1,40.0,0,0,0,0,3
business_licensing_4_4_clean_dependent,business_licensing,GET /licenses/export/dependent-replica-4,clean,none,schema_validation,0,0,0.0,1,1,1,0,30
business_licensing_4_4_clean_dependent,business_licensing,GET /licenses/export/dependent-replica-4,clean,none,role_matrix,0,0,0.0,1,1,1,0,30
business_licensing_4_4_clean_dependent,business_licensing,GET /licenses/export/dependent-replica-4,clean,none,object_policy_tests,0,0,0.0,1,1,1,0,30
business_licensing_4_4_clean_dependent,business_licensing,GET /licenses/export/dependent-replica-4,clean,none,field_policy_tests,0,0,0.0,1,1,1,0,30
business_licensing_4_4_clean_dependent,business_licensing,GET /licenses/export/dependent-replica-4,clean,none,audit_contract_tests,0,0,0.0,1,1,1,0,30
business_licensing_4_4_clean_dependent,business_licensing,GET /licenses/export/dependent-replica-4,clean,none,basic_policy_aware_full,0,0,0.0,1,1,1,0,30
business_licensing_4_4_clean_dependent,business_licensing,GET /licenses/export/dependent-replica-4,clean,none,dependent_policy_full,0,0,0.0,1,1,1,0,30
business_licensing_4_4_clean_dependent,business_licensing,GET /licenses/export/dependent-replica-4,clean,none,dependent_without_consent,0,0,0.0,1,1,1,0,30
business_licensing_4_4_clean_dependent,business_licensing,GET /licenses/export/dependent-replica-4,clean,none,dependent_without_threshold,0,0,0.0,1,1,1,0,30
business_licensing_4_4_clean_dependent,business_licensing,GET /licenses/export/dependent-replica-4,clean,none,dependent_without_enhanced_audit,0,0,0.0,1,1,1,0,30
business_licensing_4_4_clean_dependent,business_licensing,GET /licenses/export/dependent-replica-4,clean,none,dependent_without_purpose_field,0,0,0.0,1,1,1,0,30
health_5_1_purpose_field,health,GET /patients/{id}/dependent-replica-5,purpose_conditioned_field,purpose_field_dependency,schema_validation,1,0,35.0,1,1,1,0,27
health_5_1_purpose_field,health,GET /patients/{id}/dependent-replica-5,purpose_conditioned_field,purpose_field_dependency,role_matrix,1,0,35.0,1,1,1,0,27
health_5_1_purpose_field,health,GET /patients/{id}/dependent-replica-5,purpose_conditioned_field,purpose_field_dependency,object_policy_tests,1,0,35.0,1,1,1,0,27
health_5_1_purpose_field,health,GET /patients/{id}/dependent-replica-5,purpose_conditioned_field,purpose_field_dependency,field_policy_tests,1,0,35.0,1,1,1,0,27
health_5_1_purpose_field,health,GET /patients/{id}/dependent-replica-5,purpose_conditioned_field,purpose_field_dependency,audit_contract_tests,1,0,35.0,1,1,1,0,27
health_5_1_purpose_field,health,GET /patients/{id}/dependent-replica-5,purpose_conditioned_field,purpose_field_dependency,basic_policy_aware_full,1,0,35.0,1,1,1,0,27
health_5_1_purpose_field,health,GET /patients/{id}/dependent-replica-5,purpose_conditioned_field,purpose_field_dependency,dependent_policy_full,1,1,35.0,1,1,1,0,27
health_5_1_purpose_field,health,GET /patients/{id}/dependent-replica-5,purpose_conditioned_field,purpose_field_dependency,dependent_without_consent,1,1,35.0,1,1,1,0,27
health_5_1_purpose_field,health,GET /patients/{id}/dependent-replica-5,purpose_conditioned_field,purpose_field_dependency,dependent_without_threshold,1,1,35.0,1,1,1,0,27
health_5_1_purpose_field,health,GET /patients/{id}/dependent-replica-5,purpose_conditioned_field,purpose_field_dependency,dependent_without_enhanced_audit,1,1,35.0,1,1,1,0,27
health_5_1_purpose_field,health,GET /patients/{id}/dependent-replica-5,purpose_conditioned_field,purpose_field_dependency,dependent_without_purpose_field,1,0,35.0,1,1,1,0,27
health_5_1_jurisdiction_field,health,GET /patients/{id}/dependent-replica-5,jurisdiction_conditioned_field,jurisdiction_field_dependency,schema_validation,1,0,40.0,0,1,1,0,31
health_5_1_jurisdiction_field,health,GET /patients/{id}/dependent-replica-5,jurisdiction_conditioned_field,jurisdiction_field_dependency,role_matrix,1,0,40.0,0,1,1,0,31
health_5_1_jurisdiction_field,health,GET /patients/{id}/dependent-replica-5,jurisdiction_conditioned_field,jurisdiction_field_dependency,object_policy_tests,1,0,40.0,0,1,1,0,31
health_5_1_jurisdiction_field,health,GET /patients/{id}/dependent-replica-5,jurisdiction_conditioned_field,jurisdiction_field_dependency,field_policy_tests,1,0,40.0,0,1,1,0,31
health_5_1_jurisdiction_field,health,GET /patients/{id}/dependent-replica-5,jurisdiction_conditioned_field,jurisdiction_field_dependency,audit_contract_tests,1,0,40.0,0,1,1,0,31
health_5_1_jurisdiction_field,health,GET /patients/{id}/dependent-replica-5,jurisdiction_conditioned_field,jurisdiction_field_dependency,basic_policy_aware_full,1,0,40.0,0,1,1,0,31
health_5_1_jurisdiction_field,health,GET /patients/{id}/dependent-replica-5,jurisdiction_conditioned_field,jurisdiction_field_dependency,dependent_policy_full,1,1,40.0,0,1,1,0,31
health_5_1_jurisdiction_field,health,GET /patients/{id}/dependent-replica-5,jurisdiction_conditioned_field,jurisdiction_field_dependency,dependent_without_consent,1,1,40.0,0,1,1,0,31
health_5_1_jurisdiction_field,health,GET /patients/{id}/dependent-replica-5,jurisdiction_conditioned_field,jurisdiction_field_dependency,dependent_without_threshold,1,1,40.0,0,1,1,0,31
health_5_1_jurisdiction_field,health,GET /patients/{id}/dependent-replica-5,jurisdiction_conditioned_field,jurisdiction_field_dependency,dependent_without_enhanced_audit,1,1,40.0,0,1,1,0,31
health_5_1_jurisdiction_field,health,GET /patients/{id}/dependent-replica-5,jurisdiction_conditioned_field,jurisdiction_field_dependency,dependent_without_purpose_field,1,1,40.0,0,1,1,0,31
health_5_1_consent_field,health,GET /patients/{id}/dependent-replica-5,consent_gated_field,consent_field_dependency,schema_validation,1,0,30.0,1,1,0,0,44
health_5_1_consent_field,health,GET /patients/{id}/dependent-replica-5,consent_gated_field,consent_field_dependency,role_matrix,1,0,30.0,1,1,0,0,44
health_5_1_consent_field,health,GET /patients/{id}/dependent-replica-5,consent_gated_field,consent_field_dependency,object_policy_tests,1,0,30.0,1,1,0,0,44
health_5_1_consent_field,health,GET /patients/{id}/dependent-replica-5,consent_gated_field,consent_field_dependency,field_policy_tests,1,0,30.0,1,1,0,0,44
health_5_1_consent_field,health,GET /patients/{id}/dependent-replica-5,consent_gated_field,consent_field_dependency,audit_contract_tests,1,0,30.0,1,1,0,0,44
health_5_1_consent_field,health,GET /patients/{id}/dependent-replica-5,consent_gated_field,consent_field_dependency,basic_policy_aware_full,1,0,30.0,1,1,0,0,44
health_5_1_consent_field,health,GET /patients/{id}/dependent-replica-5,consent_gated_field,consent_field_dependency,dependent_policy_full,1,1,30.0,1,1,0,0,44
health_5_1_consent_field,health,GET /patients/{id}/dependent-replica-5,consent_gated_field,consent_field_dependency,dependent_without_consent,1,0,30.0,1,1,0,0,44
health_5_1_consent_field,health,GET /patients/{id}/dependent-replica-5,consent_gated_field,consent_field_dependency,dependent_without_threshold,1,1,30.0,1,1,0,0,44
health_5_1_consent_field,health,GET /patients/{id}/dependent-replica-5,consent_gated_field,consent_field_dependency,dependent_without_enhanced_audit,1,1,30.0,1,1,0,0,44
health_5_1_consent_field,health,GET /patients/{id}/dependent-replica-5,consent_gated_field,consent_field_dependency,dependent_without_purpose_field,1,1,30.0,1,1,0,0,44
health_5_1_small_cell,health,GET /patients/{id}/dependent-replica-5,aggregation_threshold_leak,aggregation_threshold,schema_validation,1,0,25.0,1,1,1,0,4
health_5_1_small_cell,health,GET /patients/{id}/dependent-replica-5,aggregation_threshold_leak,aggregation_threshold,role_matrix,1,0,25.0,1,1,1,0,4
health_5_1_small_cell,health,GET /patients/{id}/dependent-replica-5,aggregation_threshold_leak,aggregation_threshold,object_policy_tests,1,0,25.0,1,1,1,0,4
health_5_1_small_cell,health,GET /patients/{id}/dependent-replica-5,aggregation_threshold_leak,aggregation_threshold,field_policy_tests,1,0,25.0,1,1,1,0,4
health_5_1_small_cell,health,GET /patients/{id}/dependent-replica-5,aggregation_threshold_leak,aggregation_threshold,audit_contract_tests,1,0,25.0,1,1,1,0,4
health_5_1_small_cell,health,GET /patients/{id}/dependent-replica-5,aggregation_threshold_leak,aggregation_threshold,basic_policy_aware_full,1,0,25.0,1,1,1,0,4
health_5_1_small_cell,health,GET /patients/{id}/dependent-replica-5,aggregation_threshold_leak,aggregation_threshold,dependent_policy_full,1,1,25.0,1,1,1,0,4
health_5_1_small_cell,health,GET /patients/{id}/dependent-replica-5,aggregation_threshold_leak,aggregation_threshold,dependent_without_consent,1,1,25.0,1,1,1,0,4
health_5_1_small_cell,health,GET /patients/{id}/dependent-replica-5,aggregation_threshold_leak,aggregation_threshold,dependent_without_threshold,1,0,25.0,1,1,1,0,4
health_5_1_small_cell,health,GET /patients/{id}/dependent-replica-5,aggregation_threshold_leak,aggregation_threshold,dependent_without_enhanced_audit,1,1,25.0,1,1,1,0,4
health_5_1_small_cell,health,GET /patients/{id}/dependent-replica-5,aggregation_threshold_leak,aggregation_threshold,dependent_without_purpose_field,1,1,25.0,1,1,1,0,4
health_5_1_emergency_audit,health,GET /patients/{id}/dependent-replica-5,emergency_audit_downgrade,enhanced_audit_dependency,schema_validation,1,0,20.0,1,1,1,1,30
health_5_1_emergency_audit,health,GET /patients/{id}/dependent-replica-5,emergency_audit_downgrade,enhanced_audit_dependency,role_matrix,1,0,20.0,1,1,1,1,30
health_5_1_emergency_audit,health,GET /patients/{id}/dependent-replica-5,emergency_audit_downgrade,enhanced_audit_dependency,object_policy_tests,1,0,20.0,1,1,1,1,30
health_5_1_emergency_audit,health,GET /patients/{id}/dependent-replica-5,emergency_audit_downgrade,enhanced_audit_dependency,field_policy_tests,1,0,20.0,1,1,1,1,30
health_5_1_emergency_audit,health,GET /patients/{id}/dependent-replica-5,emergency_audit_downgrade,enhanced_audit_dependency,audit_contract_tests,1,0,20.0,1,1,1,1,30
health_5_1_emergency_audit,health,GET /patients/{id}/dependent-replica-5,emergency_audit_downgrade,enhanced_audit_dependency,basic_policy_aware_full,1,0,20.0,1,1,1,1,30
health_5_1_emergency_audit,health,GET /patients/{id}/dependent-replica-5,emergency_audit_downgrade,enhanced_audit_dependency,dependent_policy_full,1,1,20.0,1,1,1,1,30
health_5_1_emergency_audit,health,GET /patients/{id}/dependent-replica-5,emergency_audit_downgrade,enhanced_audit_dependency,dependent_without_consent,1,1,20.0,1,1,1,1,30
health_5_1_emergency_audit,health,GET /patients/{id}/dependent-replica-5,emergency_audit_downgrade,enhanced_audit_dependency,dependent_without_threshold,1,1,20.0,1,1,1,1,30
health_5_1_emergency_audit,health,GET /patients/{id}/dependent-replica-5,emergency_audit_downgrade,enhanced_audit_dependency,dependent_without_enhanced_audit,1,0,20.0,1,1,1,1,30
health_5_1_emergency_audit,health,GET /patients/{id}/dependent-replica-5,emergency_audit_downgrade,enhanced_audit_dependency,dependent_without_purpose_field,1,1,20.0,1,1,1,1,30
health_5_1_compound_scope,health,GET /patients/{id}/dependent-replica-5,compound_scope_field,compound_policy_interaction,schema_validation,1,0,50.0,0,0,0,0,3
health_5_1_compound_scope,health,GET /patients/{id}/dependent-replica-5,compound_scope_field,compound_policy_interaction,role_matrix,1,0,50.0,0,0,0,0,3
health_5_1_compound_scope,health,GET /patients/{id}/dependent-replica-5,compound_scope_field,compound_policy_interaction,object_policy_tests,1,0,50.0,0,0,0,0,3
health_5_1_compound_scope,health,GET /patients/{id}/dependent-replica-5,compound_scope_field,compound_policy_interaction,field_policy_tests,1,0,50.0,0,0,0,0,3
health_5_1_compound_scope,health,GET /patients/{id}/dependent-replica-5,compound_scope_field,compound_policy_interaction,audit_contract_tests,1,0,50.0,0,0,0,0,3
health_5_1_compound_scope,health,GET /patients/{id}/dependent-replica-5,compound_scope_field,compound_policy_interaction,basic_policy_aware_full,1,0,50.0,0,0,0,0,3
health_5_1_compound_scope,health,GET /patients/{id}/dependent-replica-5,compound_scope_field,compound_policy_interaction,dependent_policy_full,1,1,50.0,0,0,0,0,3
health_5_1_compound_scope,health,GET /patients/{id}/dependent-replica-5,compound_scope_field,compound_policy_interaction,dependent_without_consent,1,0,50.0,0,0,0,0,3
health_5_1_compound_scope,health,GET /patients/{id}/dependent-replica-5,compound_scope_field,compound_policy_interaction,dependent_without_threshold,1,1,50.0,0,0,0,0,3
health_5_1_compound_scope,health,GET /patients/{id}/dependent-replica-5,compound_scope_field,compound_policy_interaction,dependent_without_enhanced_audit,1,1,50.0,0,0,0,0,3
health_5_1_compound_scope,health,GET /patients/{id}/dependent-replica-5,compound_scope_field,compound_policy_interaction,dependent_without_purpose_field,1,1,50.0,0,0,0,0,3
health_5_1_clean_dependent,health,GET /patients/{id}/dependent-replica-5,clean,none,schema_validation,0,0,0.0,1,1,1,0,30
health_5_1_clean_dependent,health,GET /patients/{id}/dependent-replica-5,clean,none,role_matrix,0,0,0.0,1,1,1,0,30
health_5_1_clean_dependent,health,GET /patients/{id}/dependent-replica-5,clean,none,object_policy_tests,0,0,0.0,1,1,1,0,30
health_5_1_clean_dependent,health,GET /patients/{id}/dependent-replica-5,clean,none,field_policy_tests,0,0,0.0,1,1,1,0,30
health_5_1_clean_dependent,health,GET /patients/{id}/dependent-replica-5,clean,none,audit_contract_tests,0,0,0.0,1,1,1,0,30
health_5_1_clean_dependent,health,GET /patients/{id}/dependent-replica-5,clean,none,basic_policy_aware_full,0,0,0.0,1,1,1,0,30
health_5_1_clean_dependent,health,GET /patients/{id}/dependent-replica-5,clean,none,dependent_policy_full,0,0,0.0,1,1,1,0,30
health_5_1_clean_dependent,health,GET /patients/{id}/dependent-replica-5,clean,none,dependent_without_consent,0,0,0.0,1,1,1,0,30
health_5_1_clean_dependent,health,GET /patients/{id}/dependent-replica-5,clean,none,dependent_without_threshold,0,0,0.0,1,1,1,0,30
health_5_1_clean_dependent,health,GET /patients/{id}/dependent-replica-5,clean,none,dependent_without_enhanced_audit,0,0,0.0,1,1,1,0,30
health_5_1_clean_dependent,health,GET /patients/{id}/dependent-replica-5,clean,none,dependent_without_purpose_field,0,0,0.0,1,1,1,0,30
citizen_services_5_2_purpose_field,citizen_services,GET /benefits/{id}/dependent-replica-5,purpose_conditioned_field,purpose_field_dependency,schema_validation,1,0,35.0,1,1,1,0,27
citizen_services_5_2_purpose_field,citizen_services,GET /benefits/{id}/dependent-replica-5,purpose_conditioned_field,purpose_field_dependency,role_matrix,1,0,35.0,1,1,1,0,27
citizen_services_5_2_purpose_field,citizen_services,GET /benefits/{id}/dependent-replica-5,purpose_conditioned_field,purpose_field_dependency,object_policy_tests,1,0,35.0,1,1,1,0,27
citizen_services_5_2_purpose_field,citizen_services,GET /benefits/{id}/dependent-replica-5,purpose_conditioned_field,purpose_field_dependency,field_policy_tests,1,0,35.0,1,1,1,0,27
citizen_services_5_2_purpose_field,citizen_services,GET /benefits/{id}/dependent-replica-5,purpose_conditioned_field,purpose_field_dependency,audit_contract_tests,1,0,35.0,1,1,1,0,27
citizen_services_5_2_purpose_field,citizen_services,GET /benefits/{id}/dependent-replica-5,purpose_conditioned_field,purpose_field_dependency,basic_policy_aware_full,1,0,35.0,1,1,1,0,27
citizen_services_5_2_purpose_field,citizen_services,GET /benefits/{id}/dependent-replica-5,purpose_conditioned_field,purpose_field_dependency,dependent_policy_full,1,1,35.0,1,1,1,0,27
citizen_services_5_2_purpose_field,citizen_services,GET /benefits/{id}/dependent-replica-5,purpose_conditioned_field,purpose_field_dependency,dependent_without_consent,1,1,35.0,1,1,1,0,27
citizen_services_5_2_purpose_field,citizen_services,GET /benefits/{id}/dependent-replica-5,purpose_conditioned_field,purpose_field_dependency,dependent_without_threshold,1,1,35.0,1,1,1,0,27
citizen_services_5_2_purpose_field,citizen_services,GET /benefits/{id}/dependent-replica-5,purpose_conditioned_field,purpose_field_dependency,dependent_without_enhanced_audit,1,1,35.0,1,1,1,0,27
citizen_services_5_2_purpose_field,citizen_services,GET /benefits/{id}/dependent-replica-5,purpose_conditioned_field,purpose_field_dependency,dependent_without_purpose_field,1,0,35.0,1,1,1,0,27
citizen_services_5_2_jurisdiction_field,citizen_services,GET /benefits/{id}/dependent-replica-5,jurisdiction_conditioned_field,jurisdiction_field_dependency,schema_validation,1,0,40.0,0,1,1,0,31
citizen_services_5_2_jurisdiction_field,citizen_services,GET /benefits/{id}/dependent-replica-5,jurisdiction_conditioned_field,jurisdiction_field_dependency,role_matrix,1,0,40.0,0,1,1,0,31
citizen_services_5_2_jurisdiction_field,citizen_services,GET /benefits/{id}/dependent-replica-5,jurisdiction_conditioned_field,jurisdiction_field_dependency,object_policy_tests,1,0,40.0,0,1,1,0,31
citizen_services_5_2_jurisdiction_field,citizen_services,GET /benefits/{id}/dependent-replica-5,jurisdiction_conditioned_field,jurisdiction_field_dependency,field_policy_tests,1,0,40.0,0,1,1,0,31
citizen_services_5_2_jurisdiction_field,citizen_services,GET /benefits/{id}/dependent-replica-5,jurisdiction_conditioned_field,jurisdiction_field_dependency,audit_contract_tests,1,0,40.0,0,1,1,0,31
citizen_services_5_2_jurisdiction_field,citizen_services,GET /benefits/{id}/dependent-replica-5,jurisdiction_conditioned_field,jurisdiction_field_dependency,basic_policy_aware_full,1,0,40.0,0,1,1,0,31
citizen_services_5_2_jurisdiction_field,citizen_services,GET /benefits/{id}/dependent-replica-5,jurisdiction_conditioned_field,jurisdiction_field_dependency,dependent_policy_full,1,1,40.0,0,1,1,0,31
citizen_services_5_2_jurisdiction_field,citizen_services,GET /benefits/{id}/dependent-replica-5,jurisdiction_conditioned_field,jurisdiction_field_dependency,dependent_without_consent,1,1,40.0,0,1,1,0,31
citizen_services_5_2_jurisdiction_field,citizen_services,GET /benefits/{id}/dependent-replica-5,jurisdiction_conditioned_field,jurisdiction_field_dependency,dependent_without_threshold,1,1,40.0,0,1,1,0,31
citizen_services_5_2_jurisdiction_field,citizen_services,GET /benefits/{id}/dependent-replica-5,jurisdiction_conditioned_field,jurisdiction_field_dependency,dependent_without_enhanced_audit,1,1,40.0,0,1,1,0,31
citizen_services_5_2_jurisdiction_field,citizen_services,GET /benefits/{id}/dependent-replica-5,jurisdiction_conditioned_field,jurisdiction_field_dependency,dependent_without_purpose_field,1,1,40.0,0,1,1,0,31
citizen_services_5_2_consent_field,citizen_services,GET /benefits/{id}/dependent-replica-5,consent_gated_field,consent_field_dependency,schema_validation,1,0,30.0,1,1,0,0,44
citizen_services_5_2_consent_field,citizen_services,GET /benefits/{id}/dependent-replica-5,consent_gated_field,consent_field_dependency,role_matrix,1,0,30.0,1,1,0,0,44
citizen_services_5_2_consent_field,citizen_services,GET /benefits/{id}/dependent-replica-5,consent_gated_field,consent_field_dependency,object_policy_tests,1,0,30.0,1,1,0,0,44
citizen_services_5_2_consent_field,citizen_services,GET /benefits/{id}/dependent-replica-5,consent_gated_field,consent_field_dependency,field_policy_tests,1,0,30.0,1,1,0,0,44
citizen_services_5_2_consent_field,citizen_services,GET /benefits/{id}/dependent-replica-5,consent_gated_field,consent_field_dependency,audit_contract_tests,1,0,30.0,1,1,0,0,44
citizen_services_5_2_consent_field,citizen_services,GET /benefits/{id}/dependent-replica-5,consent_gated_field,consent_field_dependency,basic_policy_aware_full,1,0,30.0,1,1,0,0,44
citizen_services_5_2_consent_field,citizen_services,GET /benefits/{id}/dependent-replica-5,consent_gated_field,consent_field_dependency,dependent_policy_full,1,1,30.0,1,1,0,0,44
citizen_services_5_2_consent_field,citizen_services,GET /benefits/{id}/dependent-replica-5,consent_gated_field,consent_field_dependency,dependent_without_consent,1,0,30.0,1,1,0,0,44
citizen_services_5_2_consent_field,citizen_services,GET /benefits/{id}/dependent-replica-5,consent_gated_field,consent_field_dependency,dependent_without_threshold,1,1,30.0,1,1,0,0,44
citizen_services_5_2_consent_field,citizen_services,GET /benefits/{id}/dependent-replica-5,consent_gated_field,consent_field_dependency,dependent_without_enhanced_audit,1,1,30.0,1,1,0,0,44
citizen_services_5_2_consent_field,citizen_services,GET /benefits/{id}/dependent-replica-5,consent_gated_field,consent_field_dependency,dependent_without_purpose_field,1,1,30.0,1,1,0,0,44
citizen_services_5_2_small_cell,citizen_services,GET /benefits/{id}/dependent-replica-5,aggregation_threshold_leak,aggregation_threshold,schema_validation,1,0,25.0,1,1,1,0,4
citizen_services_5_2_small_cell,citizen_services,GET /benefits/{id}/dependent-replica-5,aggregation_threshold_leak,aggregation_threshold,role_matrix,1,0,25.0,1,1,1,0,4
citizen_services_5_2_small_cell,citizen_services,GET /benefits/{id}/dependent-replica-5,aggregation_threshold_leak,aggregation_threshold,object_policy_tests,1,0,25.0,1,1,1,0,4
citizen_services_5_2_small_cell,citizen_services,GET /benefits/{id}/dependent-replica-5,aggregation_threshold_leak,aggregation_threshold,field_policy_tests,1,0,25.0,1,1,1,0,4
citizen_services_5_2_small_cell,citizen_services,GET /benefits/{id}/dependent-replica-5,aggregation_threshold_leak,aggregation_threshold,audit_contract_tests,1,0,25.0,1,1,1,0,4
citizen_services_5_2_small_cell,citizen_services,GET /benefits/{id}/dependent-replica-5,aggregation_threshold_leak,aggregation_threshold,basic_policy_aware_full,1,0,25.0,1,1,1,0,4
citizen_services_5_2_small_cell,citizen_services,GET /benefits/{id}/dependent-replica-5,aggregation_threshold_leak,aggregation_threshold,dependent_policy_full,1,1,25.0,1,1,1,0,4
citizen_services_5_2_small_cell,citizen_services,GET /benefits/{id}/dependent-replica-5,aggregation_threshold_leak,aggregation_threshold,dependent_without_consent,1,1,25.0,1,1,1,0,4
citizen_services_5_2_small_cell,citizen_services,GET /benefits/{id}/dependent-replica-5,aggregation_threshold_leak,aggregation_threshold,dependent_without_threshold,1,0,25.0,1,1,1,0,4
citizen_services_5_2_small_cell,citizen_services,GET /benefits/{id}/dependent-replica-5,aggregation_threshold_leak,aggregation_threshold,dependent_without_enhanced_audit,1,1,25.0,1,1,1,0,4
citizen_services_5_2_small_cell,citizen_services,GET /benefits/{id}/dependent-replica-5,aggregation_threshold_leak,aggregation_threshold,dependent_without_purpose_field,1,1,25.0,1,1,1,0,4
citizen_services_5_2_emergency_audit,citizen_services,GET /benefits/{id}/dependent-replica-5,emergency_audit_downgrade,enhanced_audit_dependency,schema_validation,1,0,20.0,1,1,1,1,30
citizen_services_5_2_emergency_audit,citizen_services,GET /benefits/{id}/dependent-replica-5,emergency_audit_downgrade,enhanced_audit_dependency,role_matrix,1,0,20.0,1,1,1,1,30
citizen_services_5_2_emergency_audit,citizen_services,GET /benefits/{id}/dependent-replica-5,emergency_audit_downgrade,enhanced_audit_dependency,object_policy_tests,1,0,20.0,1,1,1,1,30
citizen_services_5_2_emergency_audit,citizen_services,GET /benefits/{id}/dependent-replica-5,emergency_audit_downgrade,enhanced_audit_dependency,field_policy_tests,1,0,20.0,1,1,1,1,30
citizen_services_5_2_emergency_audit,citizen_services,GET /benefits/{id}/dependent-replica-5,emergency_audit_downgrade,enhanced_audit_dependency,audit_contract_tests,1,0,20.0,1,1,1,1,30
citizen_services_5_2_emergency_audit,citizen_services,GET /benefits/{id}/dependent-replica-5,emergency_audit_downgrade,enhanced_audit_dependency,basic_policy_aware_full,1,0,20.0,1,1,1,1,30
citizen_services_5_2_emergency_audit,citizen_services,GET /benefits/{id}/dependent-replica-5,emergency_audit_downgrade,enhanced_audit_dependency,dependent_policy_full,1,1,20.0,1,1,1,1,30
citizen_services_5_2_emergency_audit,citizen_services,GET /benefits/{id}/dependent-replica-5,emergency_audit_downgrade,enhanced_audit_dependency,dependent_without_consent,1,1,20.0,1,1,1,1,30
citizen_services_5_2_emergency_audit,citizen_services,GET /benefits/{id}/dependent-replica-5,emergency_audit_downgrade,enhanced_audit_dependency,dependent_without_threshold,1,1,20.0,1,1,1,1,30
citizen_services_5_2_emergency_audit,citizen_services,GET /benefits/{id}/dependent-replica-5,emergency_audit_downgrade,enhanced_audit_dependency,dependent_without_enhanced_audit,1,0,20.0,1,1,1,1,30
citizen_services_5_2_emergency_audit,citizen_services,GET /benefits/{id}/dependent-replica-5,emergency_audit_downgrade,enhanced_audit_dependency,dependent_without_purpose_field,1,1,20.0,1,1,1,1,30
citizen_services_5_2_compound_scope,citizen_services,GET /benefits/{id}/dependent-replica-5,compound_scope_field,compound_policy_interaction,schema_validation,1,0,50.0,0,0,0,0,3
citizen_services_5_2_compound_scope,citizen_services,GET /benefits/{id}/dependent-replica-5,compound_scope_field,compound_policy_interaction,role_matrix,1,0,50.0,0,0,0,0,3
citizen_services_5_2_compound_scope,citizen_services,GET /benefits/{id}/dependent-replica-5,compound_scope_field,compound_policy_interaction,object_policy_tests,1,0,50.0,0,0,0,0,3
citizen_services_5_2_compound_scope,citizen_services,GET /benefits/{id}/dependent-replica-5,compound_scope_field,compound_policy_interaction,field_policy_tests,1,0,50.0,0,0,0,0,3
citizen_services_5_2_compound_scope,citizen_services,GET /benefits/{id}/dependent-replica-5,compound_scope_field,compound_policy_interaction,audit_contract_tests,1,0,50.0,0,0,0,0,3
citizen_services_5_2_compound_scope,citizen_services,GET /benefits/{id}/dependent-replica-5,compound_scope_field,compound_policy_interaction,basic_policy_aware_full,1,0,50.0,0,0,0,0,3
citizen_services_5_2_compound_scope,citizen_services,GET /benefits/{id}/dependent-replica-5,compound_scope_field,compound_policy_interaction,dependent_policy_full,1,1,50.0,0,0,0,0,3
citizen_services_5_2_compound_scope,citizen_services,GET /benefits/{id}/dependent-replica-5,compound_scope_field,compound_policy_interaction,dependent_without_consent,1,0,50.0,0,0,0,0,3
citizen_services_5_2_compound_scope,citizen_services,GET /benefits/{id}/dependent-replica-5,compound_scope_field,compound_policy_interaction,dependent_without_threshold,1,1,50.0,0,0,0,0,3
citizen_services_5_2_compound_scope,citizen_services,GET /benefits/{id}/dependent-replica-5,compound_scope_field,compound_policy_interaction,dependent_without_enhanced_audit,1,1,50.0,0,0,0,0,3
citizen_services_5_2_compound_scope,citizen_services,GET /benefits/{id}/dependent-replica-5,compound_scope_field,compound_policy_interaction,dependent_without_purpose_field,1,1,50.0,0,0,0,0,3
citizen_services_5_2_clean_dependent,citizen_services,GET /benefits/{id}/dependent-replica-5,clean,none,schema_validation,0,0,0.0,1,1,1,0,30
citizen_services_5_2_clean_dependent,citizen_services,GET /benefits/{id}/dependent-replica-5,clean,none,role_matrix,0,0,0.0,1,1,1,0,30
citizen_services_5_2_clean_dependent,citizen_services,GET /benefits/{id}/dependent-replica-5,clean,none,object_policy_tests,0,0,0.0,1,1,1,0,30
citizen_services_5_2_clean_dependent,citizen_services,GET /benefits/{id}/dependent-replica-5,clean,none,field_policy_tests,0,0,0.0,1,1,1,0,30
citizen_services_5_2_clean_dependent,citizen_services,GET /benefits/{id}/dependent-replica-5,clean,none,audit_contract_tests,0,0,0.0,1,1,1,0,30
citizen_services_5_2_clean_dependent,citizen_services,GET /benefits/{id}/dependent-replica-5,clean,none,basic_policy_aware_full,0,0,0.0,1,1,1,0,30
citizen_services_5_2_clean_dependent,citizen_services,GET /benefits/{id}/dependent-replica-5,clean,none,dependent_policy_full,0,0,0.0,1,1,1,0,30
citizen_services_5_2_clean_dependent,citizen_services,GET /benefits/{id}/dependent-replica-5,clean,none,dependent_without_consent,0,0,0.0,1,1,1,0,30
citizen_services_5_2_clean_dependent,citizen_services,GET /benefits/{id}/dependent-replica-5,clean,none,dependent_without_threshold,0,0,0.0,1,1,1,0,30
citizen_services_5_2_clean_dependent,citizen_services,GET /benefits/{id}/dependent-replica-5,clean,none,dependent_without_enhanced_audit,0,0,0.0,1,1,1,0,30
citizen_services_5_2_clean_dependent,citizen_services,GET /benefits/{id}/dependent-replica-5,clean,none,dependent_without_purpose_field,0,0,0.0,1,1,1,0,30
education_5_3_purpose_field,education,GET /students/{id}/record/dependent-replica-5,purpose_conditioned_field,purpose_field_dependency,schema_validation,1,0,35.0,1,1,1,0,27
education_5_3_purpose_field,education,GET /students/{id}/record/dependent-replica-5,purpose_conditioned_field,purpose_field_dependency,role_matrix,1,0,35.0,1,1,1,0,27
education_5_3_purpose_field,education,GET /students/{id}/record/dependent-replica-5,purpose_conditioned_field,purpose_field_dependency,object_policy_tests,1,0,35.0,1,1,1,0,27
education_5_3_purpose_field,education,GET /students/{id}/record/dependent-replica-5,purpose_conditioned_field,purpose_field_dependency,field_policy_tests,1,0,35.0,1,1,1,0,27
education_5_3_purpose_field,education,GET /students/{id}/record/dependent-replica-5,purpose_conditioned_field,purpose_field_dependency,audit_contract_tests,1,0,35.0,1,1,1,0,27
education_5_3_purpose_field,education,GET /students/{id}/record/dependent-replica-5,purpose_conditioned_field,purpose_field_dependency,basic_policy_aware_full,1,0,35.0,1,1,1,0,27
education_5_3_purpose_field,education,GET /students/{id}/record/dependent-replica-5,purpose_conditioned_field,purpose_field_dependency,dependent_policy_full,1,1,35.0,1,1,1,0,27
education_5_3_purpose_field,education,GET /students/{id}/record/dependent-replica-5,purpose_conditioned_field,purpose_field_dependency,dependent_without_consent,1,1,35.0,1,1,1,0,27
education_5_3_purpose_field,education,GET /students/{id}/record/dependent-replica-5,purpose_conditioned_field,purpose_field_dependency,dependent_without_threshold,1,1,35.0,1,1,1,0,27
education_5_3_purpose_field,education,GET /students/{id}/record/dependent-replica-5,purpose_conditioned_field,purpose_field_dependency,dependent_without_enhanced_audit,1,1,35.0,1,1,1,0,27
education_5_3_purpose_field,education,GET /students/{id}/record/dependent-replica-5,purpose_conditioned_field,purpose_field_dependency,dependent_without_purpose_field,1,0,35.0,1,1,1,0,27
education_5_3_jurisdiction_field,education,GET /students/{id}/record/dependent-replica-5,jurisdiction_conditioned_field,jurisdiction_field_dependency,schema_validation,1,0,40.0,0,1,1,0,31
education_5_3_jurisdiction_field,education,GET /students/{id}/record/dependent-replica-5,jurisdiction_conditioned_field,jurisdiction_field_dependency,role_matrix,1,0,40.0,0,1,1,0,31
education_5_3_jurisdiction_field,education,GET /students/{id}/record/dependent-replica-5,jurisdiction_conditioned_field,jurisdiction_field_dependency,object_policy_tests,1,0,40.0,0,1,1,0,31
education_5_3_jurisdiction_field,education,GET /students/{id}/record/dependent-replica-5,jurisdiction_conditioned_field,jurisdiction_field_dependency,field_policy_tests,1,0,40.0,0,1,1,0,31
education_5_3_jurisdiction_field,education,GET /students/{id}/record/dependent-replica-5,jurisdiction_conditioned_field,jurisdiction_field_dependency,audit_contract_tests,1,0,40.0,0,1,1,0,31
education_5_3_jurisdiction_field,education,GET /students/{id}/record/dependent-replica-5,jurisdiction_conditioned_field,jurisdiction_field_dependency,basic_policy_aware_full,1,0,40.0,0,1,1,0,31
education_5_3_jurisdiction_field,education,GET /students/{id}/record/dependent-replica-5,jurisdiction_conditioned_field,jurisdiction_field_dependency,dependent_policy_full,1,1,40.0,0,1,1,0,31
education_5_3_jurisdiction_field,education,GET /students/{id}/record/dependent-replica-5,jurisdiction_conditioned_field,jurisdiction_field_dependency,dependent_without_consent,1,1,40.0,0,1,1,0,31
education_5_3_jurisdiction_field,education,GET /students/{id}/record/dependent-replica-5,jurisdiction_conditioned_field,jurisdiction_field_dependency,dependent_without_threshold,1,1,40.0,0,1,1,0,31
education_5_3_jurisdiction_field,education,GET /students/{id}/record/dependent-replica-5,jurisdiction_conditioned_field,jurisdiction_field_dependency,dependent_without_enhanced_audit,1,1,40.0,0,1,1,0,31
education_5_3_jurisdiction_field,education,GET /students/{id}/record/dependent-replica-5,jurisdiction_conditioned_field,jurisdiction_field_dependency,dependent_without_purpose_field,1,1,40.0,0,1,1,0,31
education_5_3_consent_field,education,GET /students/{id}/record/dependent-replica-5,consent_gated_field,consent_field_dependency,schema_validation,1,0,30.0,1,1,0,0,44
education_5_3_consent_field,education,GET /students/{id}/record/dependent-replica-5,consent_gated_field,consent_field_dependency,role_matrix,1,0,30.0,1,1,0,0,44
education_5_3_consent_field,education,GET /students/{id}/record/dependent-replica-5,consent_gated_field,consent_field_dependency,object_policy_tests,1,0,30.0,1,1,0,0,44
education_5_3_consent_field,education,GET /students/{id}/record/dependent-replica-5,consent_gated_field,consent_field_dependency,field_policy_tests,1,0,30.0,1,1,0,0,44
education_5_3_consent_field,education,GET /students/{id}/record/dependent-replica-5,consent_gated_field,consent_field_dependency,audit_contract_tests,1,0,30.0,1,1,0,0,44
education_5_3_consent_field,education,GET /students/{id}/record/dependent-replica-5,consent_gated_field,consent_field_dependency,basic_policy_aware_full,1,0,30.0,1,1,0,0,44
education_5_3_consent_field,education,GET /students/{id}/record/dependent-replica-5,consent_gated_field,consent_field_dependency,dependent_policy_full,1,1,30.0,1,1,0,0,44
education_5_3_consent_field,education,GET /students/{id}/record/dependent-replica-5,consent_gated_field,consent_field_dependency,dependent_without_consent,1,0,30.0,1,1,0,0,44
education_5_3_consent_field,education,GET /students/{id}/record/dependent-replica-5,consent_gated_field,consent_field_dependency,dependent_without_threshold,1,1,30.0,1,1,0,0,44
education_5_3_consent_field,education,GET /students/{id}/record/dependent-replica-5,consent_gated_field,consent_field_dependency,dependent_without_enhanced_audit,1,1,30.0,1,1,0,0,44
education_5_3_consent_field,education,GET /students/{id}/record/dependent-replica-5,consent_gated_field,consent_field_dependency,dependent_without_purpose_field,1,1,30.0,1,1,0,0,44
education_5_3_small_cell,education,GET /students/{id}/record/dependent-replica-5,aggregation_threshold_leak,aggregation_threshold,schema_validation,1,0,25.0,1,1,1,0,4
education_5_3_small_cell,education,GET /students/{id}/record/dependent-replica-5,aggregation_threshold_leak,aggregation_threshold,role_matrix,1,0,25.0,1,1,1,0,4
education_5_3_small_cell,education,GET /students/{id}/record/dependent-replica-5,aggregation_threshold_leak,aggregation_threshold,object_policy_tests,1,0,25.0,1,1,1,0,4
education_5_3_small_cell,education,GET /students/{id}/record/dependent-replica-5,aggregation_threshold_leak,aggregation_threshold,field_policy_tests,1,0,25.0,1,1,1,0,4
education_5_3_small_cell,education,GET /students/{id}/record/dependent-replica-5,aggregation_threshold_leak,aggregation_threshold,audit_contract_tests,1,0,25.0,1,1,1,0,4
education_5_3_small_cell,education,GET /students/{id}/record/dependent-replica-5,aggregation_threshold_leak,aggregation_threshold,basic_policy_aware_full,1,0,25.0,1,1,1,0,4
education_5_3_small_cell,education,GET /students/{id}/record/dependent-replica-5,aggregation_threshold_leak,aggregation_threshold,dependent_policy_full,1,1,25.0,1,1,1,0,4
education_5_3_small_cell,education,GET /students/{id}/record/dependent-replica-5,aggregation_threshold_leak,aggregation_threshold,dependent_without_consent,1,1,25.0,1,1,1,0,4
education_5_3_small_cell,education,GET /students/{id}/record/dependent-replica-5,aggregation_threshold_leak,aggregation_threshold,dependent_without_threshold,1,0,25.0,1,1,1,0,4
education_5_3_small_cell,education,GET /students/{id}/record/dependent-replica-5,aggregation_threshold_leak,aggregation_threshold,dependent_without_enhanced_audit,1,1,25.0,1,1,1,0,4
education_5_3_small_cell,education,GET /students/{id}/record/dependent-replica-5,aggregation_threshold_leak,aggregation_threshold,dependent_without_purpose_field,1,1,25.0,1,1,1,0,4
education_5_3_emergency_audit,education,GET /students/{id}/record/dependent-replica-5,emergency_audit_downgrade,enhanced_audit_dependency,schema_validation,1,0,20.0,1,1,1,1,30
education_5_3_emergency_audit,education,GET /students/{id}/record/dependent-replica-5,emergency_audit_downgrade,enhanced_audit_dependency,role_matrix,1,0,20.0,1,1,1,1,30
education_5_3_emergency_audit,education,GET /students/{id}/record/dependent-replica-5,emergency_audit_downgrade,enhanced_audit_dependency,object_policy_tests,1,0,20.0,1,1,1,1,30
education_5_3_emergency_audit,education,GET /students/{id}/record/dependent-replica-5,emergency_audit_downgrade,enhanced_audit_dependency,field_policy_tests,1,0,20.0,1,1,1,1,30
education_5_3_emergency_audit,education,GET /students/{id}/record/dependent-replica-5,emergency_audit_downgrade,enhanced_audit_dependency,audit_contract_tests,1,0,20.0,1,1,1,1,30
education_5_3_emergency_audit,education,GET /students/{id}/record/dependent-replica-5,emergency_audit_downgrade,enhanced_audit_dependency,basic_policy_aware_full,1,0,20.0,1,1,1,1,30
education_5_3_emergency_audit,education,GET /students/{id}/record/dependent-replica-5,emergency_audit_downgrade,enhanced_audit_dependency,dependent_policy_full,1,1,20.0,1,1,1,1,30
education_5_3_emergency_audit,education,GET /students/{id}/record/dependent-replica-5,emergency_audit_downgrade,enhanced_audit_dependency,dependent_without_consent,1,1,20.0,1,1,1,1,30
education_5_3_emergency_audit,education,GET /students/{id}/record/dependent-replica-5,emergency_audit_downgrade,enhanced_audit_dependency,dependent_without_threshold,1,1,20.0,1,1,1,1,30
education_5_3_emergency_audit,education,GET /students/{id}/record/dependent-replica-5,emergency_audit_downgrade,enhanced_audit_dependency,dependent_without_enhanced_audit,1,0,20.0,1,1,1,1,30
education_5_3_emergency_audit,education,GET /students/{id}/record/dependent-replica-5,emergency_audit_downgrade,enhanced_audit_dependency,dependent_without_purpose_field,1,1,20.0,1,1,1,1,30
education_5_3_compound_scope,education,GET /students/{id}/record/dependent-replica-5,compound_scope_field,compound_policy_interaction,schema_validation,1,0,50.0,0,0,0,0,3
education_5_3_compound_scope,education,GET /students/{id}/record/dependent-replica-5,compound_scope_field,compound_policy_interaction,role_matrix,1,0,50.0,0,0,0,0,3
education_5_3_compound_scope,education,GET /students/{id}/record/dependent-replica-5,compound_scope_field,compound_policy_interaction,object_policy_tests,1,0,50.0,0,0,0,0,3
education_5_3_compound_scope,education,GET /students/{id}/record/dependent-replica-5,compound_scope_field,compound_policy_interaction,field_policy_tests,1,0,50.0,0,0,0,0,3
education_5_3_compound_scope,education,GET /students/{id}/record/dependent-replica-5,compound_scope_field,compound_policy_interaction,audit_contract_tests,1,0,50.0,0,0,0,0,3
education_5_3_compound_scope,education,GET /students/{id}/record/dependent-replica-5,compound_scope_field,compound_policy_interaction,basic_policy_aware_full,1,0,50.0,0,0,0,0,3
education_5_3_compound_scope,education,GET /students/{id}/record/dependent-replica-5,compound_scope_field,compound_policy_interaction,dependent_policy_full,1,1,50.0,0,0,0,0,3
education_5_3_compound_scope,education,GET /students/{id}/record/dependent-replica-5,compound_scope_field,compound_policy_interaction,dependent_without_consent,1,0,50.0,0,0,0,0,3
education_5_3_compound_scope,education,GET /students/{id}/record/dependent-replica-5,compound_scope_field,compound_policy_interaction,dependent_without_threshold,1,1,50.0,0,0,0,0,3
education_5_3_compound_scope,education,GET /students/{id}/record/dependent-replica-5,compound_scope_field,compound_policy_interaction,dependent_without_enhanced_audit,1,1,50.0,0,0,0,0,3
education_5_3_compound_scope,education,GET /students/{id}/record/dependent-replica-5,compound_scope_field,compound_policy_interaction,dependent_without_purpose_field,1,1,50.0,0,0,0,0,3
education_5_3_clean_dependent,education,GET /students/{id}/record/dependent-replica-5,clean,none,schema_validation,0,0,0.0,1,1,1,0,30
education_5_3_clean_dependent,education,GET /students/{id}/record/dependent-replica-5,clean,none,role_matrix,0,0,0.0,1,1,1,0,30
education_5_3_clean_dependent,education,GET /students/{id}/record/dependent-replica-5,clean,none,object_policy_tests,0,0,0.0,1,1,1,0,30
education_5_3_clean_dependent,education,GET /students/{id}/record/dependent-replica-5,clean,none,field_policy_tests,0,0,0.0,1,1,1,0,30
education_5_3_clean_dependent,education,GET /students/{id}/record/dependent-replica-5,clean,none,audit_contract_tests,0,0,0.0,1,1,1,0,30
education_5_3_clean_dependent,education,GET /students/{id}/record/dependent-replica-5,clean,none,basic_policy_aware_full,0,0,0.0,1,1,1,0,30
education_5_3_clean_dependent,education,GET /students/{id}/record/dependent-replica-5,clean,none,dependent_policy_full,0,0,0.0,1,1,1,0,30
education_5_3_clean_dependent,education,GET /students/{id}/record/dependent-replica-5,clean,none,dependent_without_consent,0,0,0.0,1,1,1,0,30
education_5_3_clean_dependent,education,GET /students/{id}/record/dependent-replica-5,clean,none,dependent_without_threshold,0,0,0.0,1,1,1,0,30
education_5_3_clean_dependent,education,GET /students/{id}/record/dependent-replica-5,clean,none,dependent_without_enhanced_audit,0,0,0.0,1,1,1,0,30
education_5_3_clean_dependent,education,GET /students/{id}/record/dependent-replica-5,clean,none,dependent_without_purpose_field,0,0,0.0,1,1,1,0,30
business_licensing_5_4_purpose_field,business_licensing,GET /licenses/export/dependent-replica-5,purpose_conditioned_field,purpose_field_dependency,schema_validation,1,0,28.0,1,1,1,0,27
business_licensing_5_4_purpose_field,business_licensing,GET /licenses/export/dependent-replica-5,purpose_conditioned_field,purpose_field_dependency,role_matrix,1,0,28.0,1,1,1,0,27
business_licensing_5_4_purpose_field,business_licensing,GET /licenses/export/dependent-replica-5,purpose_conditioned_field,purpose_field_dependency,object_policy_tests,1,0,28.0,1,1,1,0,27
business_licensing_5_4_purpose_field,business_licensing,GET /licenses/export/dependent-replica-5,purpose_conditioned_field,purpose_field_dependency,field_policy_tests,1,0,28.0,1,1,1,0,27
business_licensing_5_4_purpose_field,business_licensing,GET /licenses/export/dependent-replica-5,purpose_conditioned_field,purpose_field_dependency,audit_contract_tests,1,0,28.0,1,1,1,0,27
business_licensing_5_4_purpose_field,business_licensing,GET /licenses/export/dependent-replica-5,purpose_conditioned_field,purpose_field_dependency,basic_policy_aware_full,1,0,28.0,1,1,1,0,27
business_licensing_5_4_purpose_field,business_licensing,GET /licenses/export/dependent-replica-5,purpose_conditioned_field,purpose_field_dependency,dependent_policy_full,1,1,28.0,1,1,1,0,27
business_licensing_5_4_purpose_field,business_licensing,GET /licenses/export/dependent-replica-5,purpose_conditioned_field,purpose_field_dependency,dependent_without_consent,1,1,28.0,1,1,1,0,27
business_licensing_5_4_purpose_field,business_licensing,GET /licenses/export/dependent-replica-5,purpose_conditioned_field,purpose_field_dependency,dependent_without_threshold,1,1,28.0,1,1,1,0,27
business_licensing_5_4_purpose_field,business_licensing,GET /licenses/export/dependent-replica-5,purpose_conditioned_field,purpose_field_dependency,dependent_without_enhanced_audit,1,1,28.0,1,1,1,0,27
business_licensing_5_4_purpose_field,business_licensing,GET /licenses/export/dependent-replica-5,purpose_conditioned_field,purpose_field_dependency,dependent_without_purpose_field,1,0,28.0,1,1,1,0,27
business_licensing_5_4_jurisdiction_field,business_licensing,GET /licenses/export/dependent-replica-5,jurisdiction_conditioned_field,jurisdiction_field_dependency,schema_validation,1,0,32.0,0,1,1,0,31
business_licensing_5_4_jurisdiction_field,business_licensing,GET /licenses/export/dependent-replica-5,jurisdiction_conditioned_field,jurisdiction_field_dependency,role_matrix,1,0,32.0,0,1,1,0,31
business_licensing_5_4_jurisdiction_field,business_licensing,GET /licenses/export/dependent-replica-5,jurisdiction_conditioned_field,jurisdiction_field_dependency,object_policy_tests,1,0,32.0,0,1,1,0,31
business_licensing_5_4_jurisdiction_field,business_licensing,GET /licenses/export/dependent-replica-5,jurisdiction_conditioned_field,jurisdiction_field_dependency,field_policy_tests,1,0,32.0,0,1,1,0,31
business_licensing_5_4_jurisdiction_field,business_licensing,GET /licenses/export/dependent-replica-5,jurisdiction_conditioned_field,jurisdiction_field_dependency,audit_contract_tests,1,0,32.0,0,1,1,0,31
business_licensing_5_4_jurisdiction_field,business_licensing,GET /licenses/export/dependent-replica-5,jurisdiction_conditioned_field,jurisdiction_field_dependency,basic_policy_aware_full,1,0,32.0,0,1,1,0,31
business_licensing_5_4_jurisdiction_field,business_licensing,GET /licenses/export/dependent-replica-5,jurisdiction_conditioned_field,jurisdiction_field_dependency,dependent_policy_full,1,1,32.0,0,1,1,0,31
business_licensing_5_4_jurisdiction_field,business_licensing,GET /licenses/export/dependent-replica-5,jurisdiction_conditioned_field,jurisdiction_field_dependency,dependent_without_consent,1,1,32.0,0,1,1,0,31
business_licensing_5_4_jurisdiction_field,business_licensing,GET /licenses/export/dependent-replica-5,jurisdiction_conditioned_field,jurisdiction_field_dependency,dependent_without_threshold,1,1,32.0,0,1,1,0,31
business_licensing_5_4_jurisdiction_field,business_licensing,GET /licenses/export/dependent-replica-5,jurisdiction_conditioned_field,jurisdiction_field_dependency,dependent_without_enhanced_audit,1,1,32.0,0,1,1,0,31
business_licensing_5_4_jurisdiction_field,business_licensing,GET /licenses/export/dependent-replica-5,jurisdiction_conditioned_field,jurisdiction_field_dependency,dependent_without_purpose_field,1,1,32.0,0,1,1,0,31
business_licensing_5_4_consent_field,business_licensing,GET /licenses/export/dependent-replica-5,consent_gated_field,consent_field_dependency,schema_validation,1,0,24.0,1,1,0,0,44
business_licensing_5_4_consent_field,business_licensing,GET /licenses/export/dependent-replica-5,consent_gated_field,consent_field_dependency,role_matrix,1,0,24.0,1,1,0,0,44
business_licensing_5_4_consent_field,business_licensing,GET /licenses/export/dependent-replica-5,consent_gated_field,consent_field_dependency,object_policy_tests,1,0,24.0,1,1,0,0,44
business_licensing_5_4_consent_field,business_licensing,GET /licenses/export/dependent-replica-5,consent_gated_field,consent_field_dependency,field_policy_tests,1,0,24.0,1,1,0,0,44
business_licensing_5_4_consent_field,business_licensing,GET /licenses/export/dependent-replica-5,consent_gated_field,consent_field_dependency,audit_contract_tests,1,0,24.0,1,1,0,0,44
business_licensing_5_4_consent_field,business_licensing,GET /licenses/export/dependent-replica-5,consent_gated_field,consent_field_dependency,basic_policy_aware_full,1,0,24.0,1,1,0,0,44
business_licensing_5_4_consent_field,business_licensing,GET /licenses/export/dependent-replica-5,consent_gated_field,consent_field_dependency,dependent_policy_full,1,1,24.0,1,1,0,0,44
business_licensing_5_4_consent_field,business_licensing,GET /licenses/export/dependent-replica-5,consent_gated_field,consent_field_dependency,dependent_without_consent,1,0,24.0,1,1,0,0,44
business_licensing_5_4_consent_field,business_licensing,GET /licenses/export/dependent-replica-5,consent_gated_field,consent_field_dependency,dependent_without_threshold,1,1,24.0,1,1,0,0,44
business_licensing_5_4_consent_field,business_licensing,GET /licenses/export/dependent-replica-5,consent_gated_field,consent_field_dependency,dependent_without_enhanced_audit,1,1,24.0,1,1,0,0,44
business_licensing_5_4_consent_field,business_licensing,GET /licenses/export/dependent-replica-5,consent_gated_field,consent_field_dependency,dependent_without_purpose_field,1,1,24.0,1,1,0,0,44
business_licensing_5_4_small_cell,business_licensing,GET /licenses/export/dependent-replica-5,aggregation_threshold_leak,aggregation_threshold,schema_validation,1,0,20.0,1,1,1,0,4
business_licensing_5_4_small_cell,business_licensing,GET /licenses/export/dependent-replica-5,aggregation_threshold_leak,aggregation_threshold,role_matrix,1,0,20.0,1,1,1,0,4
business_licensing_5_4_small_cell,business_licensing,GET /licenses/export/dependent-replica-5,aggregation_threshold_leak,aggregation_threshold,object_policy_tests,1,0,20.0,1,1,1,0,4
business_licensing_5_4_small_cell,business_licensing,GET /licenses/export/dependent-replica-5,aggregation_threshold_leak,aggregation_threshold,field_policy_tests,1,0,20.0,1,1,1,0,4
business_licensing_5_4_small_cell,business_licensing,GET /licenses/export/dependent-replica-5,aggregation_threshold_leak,aggregation_threshold,audit_contract_tests,1,0,20.0,1,1,1,0,4
business_licensing_5_4_small_cell,business_licensing,GET /licenses/export/dependent-replica-5,aggregation_threshold_leak,aggregation_threshold,basic_policy_aware_full,1,0,20.0,1,1,1,0,4
business_licensing_5_4_small_cell,business_licensing,GET /licenses/export/dependent-replica-5,aggregation_threshold_leak,aggregation_threshold,dependent_policy_full,1,1,20.0,1,1,1,0,4
business_licensing_5_4_small_cell,business_licensing,GET /licenses/export/dependent-replica-5,aggregation_threshold_leak,aggregation_threshold,dependent_without_consent,1,1,20.0,1,1,1,0,4
business_licensing_5_4_small_cell,business_licensing,GET /licenses/export/dependent-replica-5,aggregation_threshold_leak,aggregation_threshold,dependent_without_threshold,1,0,20.0,1,1,1,0,4
business_licensing_5_4_small_cell,business_licensing,GET /licenses/export/dependent-replica-5,aggregation_threshold_leak,aggregation_threshold,dependent_without_enhanced_audit,1,1,20.0,1,1,1,0,4
business_licensing_5_4_small_cell,business_licensing,GET /licenses/export/dependent-replica-5,aggregation_threshold_leak,aggregation_threshold,dependent_without_purpose_field,1,1,20.0,1,1,1,0,4
business_licensing_5_4_emergency_audit,business_licensing,GET /licenses/export/dependent-replica-5,emergency_audit_downgrade,enhanced_audit_dependency,schema_validation,1,0,16.0,1,1,1,1,30
business_licensing_5_4_emergency_audit,business_licensing,GET /licenses/export/dependent-replica-5,emergency_audit_downgrade,enhanced_audit_dependency,role_matrix,1,0,16.0,1,1,1,1,30
business_licensing_5_4_emergency_audit,business_licensing,GET /licenses/export/dependent-replica-5,emergency_audit_downgrade,enhanced_audit_dependency,object_policy_tests,1,0,16.0,1,1,1,1,30
business_licensing_5_4_emergency_audit,business_licensing,GET /licenses/export/dependent-replica-5,emergency_audit_downgrade,enhanced_audit_dependency,field_policy_tests,1,0,16.0,1,1,1,1,30
business_licensing_5_4_emergency_audit,business_licensing,GET /licenses/export/dependent-replica-5,emergency_audit_downgrade,enhanced_audit_dependency,audit_contract_tests,1,0,16.0,1,1,1,1,30
business_licensing_5_4_emergency_audit,business_licensing,GET /licenses/export/dependent-replica-5,emergency_audit_downgrade,enhanced_audit_dependency,basic_policy_aware_full,1,0,16.0,1,1,1,1,30
business_licensing_5_4_emergency_audit,business_licensing,GET /licenses/export/dependent-replica-5,emergency_audit_downgrade,enhanced_audit_dependency,dependent_policy_full,1,1,16.0,1,1,1,1,30
business_licensing_5_4_emergency_audit,business_licensing,GET /licenses/export/dependent-replica-5,emergency_audit_downgrade,enhanced_audit_dependency,dependent_without_consent,1,1,16.0,1,1,1,1,30
business_licensing_5_4_emergency_audit,business_licensing,GET /licenses/export/dependent-replica-5,emergency_audit_downgrade,enhanced_audit_dependency,dependent_without_threshold,1,1,16.0,1,1,1,1,30
business_licensing_5_4_emergency_audit,business_licensing,GET /licenses/export/dependent-replica-5,emergency_audit_downgrade,enhanced_audit_dependency,dependent_without_enhanced_audit,1,0,16.0,1,1,1,1,30
business_licensing_5_4_emergency_audit,business_licensing,GET /licenses/export/dependent-replica-5,emergency_audit_downgrade,enhanced_audit_dependency,dependent_without_purpose_field,1,1,16.0,1,1,1,1,30
business_licensing_5_4_compound_scope,business_licensing,GET /licenses/export/dependent-replica-5,compound_scope_field,compound_policy_interaction,schema_validation,1,0,40.0,0,0,0,0,3
business_licensing_5_4_compound_scope,business_licensing,GET /licenses/export/dependent-replica-5,compound_scope_field,compound_policy_interaction,role_matrix,1,0,40.0,0,0,0,0,3
business_licensing_5_4_compound_scope,business_licensing,GET /licenses/export/dependent-replica-5,compound_scope_field,compound_policy_interaction,object_policy_tests,1,0,40.0,0,0,0,0,3
business_licensing_5_4_compound_scope,business_licensing,GET /licenses/export/dependent-replica-5,compound_scope_field,compound_policy_interaction,field_policy_tests,1,0,40.0,0,0,0,0,3
business_licensing_5_4_compound_scope,business_licensing,GET /licenses/export/dependent-replica-5,compound_scope_field,compound_policy_interaction,audit_contract_tests,1,0,40.0,0,0,0,0,3
business_licensing_5_4_compound_scope,business_licensing,GET /licenses/export/dependent-replica-5,compound_scope_field,compound_policy_interaction,basic_policy_aware_full,1,0,40.0,0,0,0,0,3
business_licensing_5_4_compound_scope,business_licensing,GET /licenses/export/dependent-replica-5,compound_scope_field,compound_policy_interaction,dependent_policy_full,1,1,40.0,0,0,0,0,3
business_licensing_5_4_compound_scope,business_licensing,GET /licenses/export/dependent-replica-5,compound_scope_field,compound_policy_interaction,dependent_without_consent,1,0,40.0,0,0,0,0,3
business_licensing_5_4_compound_scope,business_licensing,GET /licenses/export/dependent-replica-5,compound_scope_field,compound_policy_interaction,dependent_without_threshold,1,1,40.0,0,0,0,0,3
business_licensing_5_4_compound_scope,business_licensing,GET /licenses/export/dependent-replica-5,compound_scope_field,compound_policy_interaction,dependent_without_enhanced_audit,1,1,40.0,0,0,0,0,3
business_licensing_5_4_compound_scope,business_licensing,GET /licenses/export/dependent-replica-5,compound_scope_field,compound_policy_interaction,dependent_without_purpose_field,1,1,40.0,0,0,0,0,3
business_licensing_5_4_clean_dependent,business_licensing,GET /licenses/export/dependent-replica-5,clean,none,schema_validation,0,0,0.0,1,1,1,0,30
business_licensing_5_4_clean_dependent,business_licensing,GET /licenses/export/dependent-replica-5,clean,none,role_matrix,0,0,0.0,1,1,1,0,30
business_licensing_5_4_clean_dependent,business_licensing,GET /licenses/export/dependent-replica-5,clean,none,object_policy_tests,0,0,0.0,1,1,1,0,30
business_licensing_5_4_clean_dependent,business_licensing,GET /licenses/export/dependent-replica-5,clean,none,field_policy_tests,0,0,0.0,1,1,1,0,30
business_licensing_5_4_clean_dependent,business_licensing,GET /licenses/export/dependent-replica-5,clean,none,audit_contract_tests,0,0,0.0,1,1,1,0,30
business_licensing_5_4_clean_dependent,business_licensing,GET /licenses/export/dependent-replica-5,clean,none,basic_policy_aware_full,0,0,0.0,1,1,1,0,30
business_licensing_5_4_clean_dependent,business_licensing,GET /licenses/export/dependent-replica-5,clean,none,dependent_policy_full,0,0,0.0,1,1,1,0,30
business_licensing_5_4_clean_dependent,business_licensing,GET /licenses/export/dependent-replica-5,clean,none,dependent_without_consent,0,0,0.0,1,1,1,0,30
business_licensing_5_4_clean_dependent,business_licensing,GET /licenses/export/dependent-replica-5,clean,none,dependent_without_threshold,0,0,0.0,1,1,1,0,30
business_licensing_5_4_clean_dependent,business_licensing,GET /licenses/export/dependent-replica-5,clean,none,dependent_without_enhanced_audit,0,0,0.0,1,1,1,0,30
business_licensing_5_4_clean_dependent,business_licensing,GET /licenses/export/dependent-replica-5,clean,none,dependent_without_purpose_field,0,0,0.0,1,1,1,0,30
health_6_1_purpose_field,health,GET /patients/{id}/dependent-replica-6,purpose_conditioned_field,purpose_field_dependency,schema_validation,1,0,35.0,1,1,1,0,27
health_6_1_purpose_field,health,GET /patients/{id}/dependent-replica-6,purpose_conditioned_field,purpose_field_dependency,role_matrix,1,0,35.0,1,1,1,0,27
health_6_1_purpose_field,health,GET /patients/{id}/dependent-replica-6,purpose_conditioned_field,purpose_field_dependency,object_policy_tests,1,0,35.0,1,1,1,0,27
health_6_1_purpose_field,health,GET /patients/{id}/dependent-replica-6,purpose_conditioned_field,purpose_field_dependency,field_policy_tests,1,0,35.0,1,1,1,0,27
health_6_1_purpose_field,health,GET /patients/{id}/dependent-replica-6,purpose_conditioned_field,purpose_field_dependency,audit_contract_tests,1,0,35.0,1,1,1,0,27
health_6_1_purpose_field,health,GET /patients/{id}/dependent-replica-6,purpose_conditioned_field,purpose_field_dependency,basic_policy_aware_full,1,0,35.0,1,1,1,0,27
health_6_1_purpose_field,health,GET /patients/{id}/dependent-replica-6,purpose_conditioned_field,purpose_field_dependency,dependent_policy_full,1,1,35.0,1,1,1,0,27
health_6_1_purpose_field,health,GET /patients/{id}/dependent-replica-6,purpose_conditioned_field,purpose_field_dependency,dependent_without_consent,1,1,35.0,1,1,1,0,27
health_6_1_purpose_field,health,GET /patients/{id}/dependent-replica-6,purpose_conditioned_field,purpose_field_dependency,dependent_without_threshold,1,1,35.0,1,1,1,0,27
health_6_1_purpose_field,health,GET /patients/{id}/dependent-replica-6,purpose_conditioned_field,purpose_field_dependency,dependent_without_enhanced_audit,1,1,35.0,1,1,1,0,27
health_6_1_purpose_field,health,GET /patients/{id}/dependent-replica-6,purpose_conditioned_field,purpose_field_dependency,dependent_without_purpose_field,1,0,35.0,1,1,1,0,27
health_6_1_jurisdiction_field,health,GET /patients/{id}/dependent-replica-6,jurisdiction_conditioned_field,jurisdiction_field_dependency,schema_validation,1,0,40.0,0,1,1,0,31
health_6_1_jurisdiction_field,health,GET /patients/{id}/dependent-replica-6,jurisdiction_conditioned_field,jurisdiction_field_dependency,role_matrix,1,0,40.0,0,1,1,0,31
health_6_1_jurisdiction_field,health,GET /patients/{id}/dependent-replica-6,jurisdiction_conditioned_field,jurisdiction_field_dependency,object_policy_tests,1,0,40.0,0,1,1,0,31
health_6_1_jurisdiction_field,health,GET /patients/{id}/dependent-replica-6,jurisdiction_conditioned_field,jurisdiction_field_dependency,field_policy_tests,1,0,40.0,0,1,1,0,31
health_6_1_jurisdiction_field,health,GET /patients/{id}/dependent-replica-6,jurisdiction_conditioned_field,jurisdiction_field_dependency,audit_contract_tests,1,0,40.0,0,1,1,0,31
health_6_1_jurisdiction_field,health,GET /patients/{id}/dependent-replica-6,jurisdiction_conditioned_field,jurisdiction_field_dependency,basic_policy_aware_full,1,0,40.0,0,1,1,0,31
health_6_1_jurisdiction_field,health,GET /patients/{id}/dependent-replica-6,jurisdiction_conditioned_field,jurisdiction_field_dependency,dependent_policy_full,1,1,40.0,0,1,1,0,31
health_6_1_jurisdiction_field,health,GET /patients/{id}/dependent-replica-6,jurisdiction_conditioned_field,jurisdiction_field_dependency,dependent_without_consent,1,1,40.0,0,1,1,0,31
health_6_1_jurisdiction_field,health,GET /patients/{id}/dependent-replica-6,jurisdiction_conditioned_field,jurisdiction_field_dependency,dependent_without_threshold,1,1,40.0,0,1,1,0,31
health_6_1_jurisdiction_field,health,GET /patients/{id}/dependent-replica-6,jurisdiction_conditioned_field,jurisdiction_field_dependency,dependent_without_enhanced_audit,1,1,40.0,0,1,1,0,31
health_6_1_jurisdiction_field,health,GET /patients/{id}/dependent-replica-6,jurisdiction_conditioned_field,jurisdiction_field_dependency,dependent_without_purpose_field,1,1,40.0,0,1,1,0,31
health_6_1_consent_field,health,GET /patients/{id}/dependent-replica-6,consent_gated_field,consent_field_dependency,schema_validation,1,0,30.0,1,1,0,0,44
health_6_1_consent_field,health,GET /patients/{id}/dependent-replica-6,consent_gated_field,consent_field_dependency,role_matrix,1,0,30.0,1,1,0,0,44
health_6_1_consent_field,health,GET /patients/{id}/dependent-replica-6,consent_gated_field,consent_field_dependency,object_policy_tests,1,0,30.0,1,1,0,0,44
health_6_1_consent_field,health,GET /patients/{id}/dependent-replica-6,consent_gated_field,consent_field_dependency,field_policy_tests,1,0,30.0,1,1,0,0,44
health_6_1_consent_field,health,GET /patients/{id}/dependent-replica-6,consent_gated_field,consent_field_dependency,audit_contract_tests,1,0,30.0,1,1,0,0,44
health_6_1_consent_field,health,GET /patients/{id}/dependent-replica-6,consent_gated_field,consent_field_dependency,basic_policy_aware_full,1,0,30.0,1,1,0,0,44
health_6_1_consent_field,health,GET /patients/{id}/dependent-replica-6,consent_gated_field,consent_field_dependency,dependent_policy_full,1,1,30.0,1,1,0,0,44
health_6_1_consent_field,health,GET /patients/{id}/dependent-replica-6,consent_gated_field,consent_field_dependency,dependent_without_consent,1,0,30.0,1,1,0,0,44
health_6_1_consent_field,health,GET /patients/{id}/dependent-replica-6,consent_gated_field,consent_field_dependency,dependent_without_threshold,1,1,30.0,1,1,0,0,44
health_6_1_consent_field,health,GET /patients/{id}/dependent-replica-6,consent_gated_field,consent_field_dependency,dependent_without_enhanced_audit,1,1,30.0,1,1,0,0,44
health_6_1_consent_field,health,GET /patients/{id}/dependent-replica-6,consent_gated_field,consent_field_dependency,dependent_without_purpose_field,1,1,30.0,1,1,0,0,44
health_6_1_small_cell,health,GET /patients/{id}/dependent-replica-6,aggregation_threshold_leak,aggregation_threshold,schema_validation,1,0,25.0,1,1,1,0,4
health_6_1_small_cell,health,GET /patients/{id}/dependent-replica-6,aggregation_threshold_leak,aggregation_threshold,role_matrix,1,0,25.0,1,1,1,0,4
health_6_1_small_cell,health,GET /patients/{id}/dependent-replica-6,aggregation_threshold_leak,aggregation_threshold,object_policy_tests,1,0,25.0,1,1,1,0,4
health_6_1_small_cell,health,GET /patients/{id}/dependent-replica-6,aggregation_threshold_leak,aggregation_threshold,field_policy_tests,1,0,25.0,1,1,1,0,4
health_6_1_small_cell,health,GET /patients/{id}/dependent-replica-6,aggregation_threshold_leak,aggregation_threshold,audit_contract_tests,1,0,25.0,1,1,1,0,4
health_6_1_small_cell,health,GET /patients/{id}/dependent-replica-6,aggregation_threshold_leak,aggregation_threshold,basic_policy_aware_full,1,0,25.0,1,1,1,0,4
health_6_1_small_cell,health,GET /patients/{id}/dependent-replica-6,aggregation_threshold_leak,aggregation_threshold,dependent_policy_full,1,1,25.0,1,1,1,0,4
health_6_1_small_cell,health,GET /patients/{id}/dependent-replica-6,aggregation_threshold_leak,aggregation_threshold,dependent_without_consent,1,1,25.0,1,1,1,0,4
health_6_1_small_cell,health,GET /patients/{id}/dependent-replica-6,aggregation_threshold_leak,aggregation_threshold,dependent_without_threshold,1,0,25.0,1,1,1,0,4
health_6_1_small_cell,health,GET /patients/{id}/dependent-replica-6,aggregation_threshold_leak,aggregation_threshold,dependent_without_enhanced_audit,1,1,25.0,1,1,1,0,4
health_6_1_small_cell,health,GET /patients/{id}/dependent-replica-6,aggregation_threshold_leak,aggregation_threshold,dependent_without_purpose_field,1,1,25.0,1,1,1,0,4
health_6_1_emergency_audit,health,GET /patients/{id}/dependent-replica-6,emergency_audit_downgrade,enhanced_audit_dependency,schema_validation,1,0,20.0,1,1,1,1,30
health_6_1_emergency_audit,health,GET /patients/{id}/dependent-replica-6,emergency_audit_downgrade,enhanced_audit_dependency,role_matrix,1,0,20.0,1,1,1,1,30
health_6_1_emergency_audit,health,GET /patients/{id}/dependent-replica-6,emergency_audit_downgrade,enhanced_audit_dependency,object_policy_tests,1,0,20.0,1,1,1,1,30
health_6_1_emergency_audit,health,GET /patients/{id}/dependent-replica-6,emergency_audit_downgrade,enhanced_audit_dependency,field_policy_tests,1,0,20.0,1,1,1,1,30
health_6_1_emergency_audit,health,GET /patients/{id}/dependent-replica-6,emergency_audit_downgrade,enhanced_audit_dependency,audit_contract_tests,1,0,20.0,1,1,1,1,30
health_6_1_emergency_audit,health,GET /patients/{id}/dependent-replica-6,emergency_audit_downgrade,enhanced_audit_dependency,basic_policy_aware_full,1,0,20.0,1,1,1,1,30
health_6_1_emergency_audit,health,GET /patients/{id}/dependent-replica-6,emergency_audit_downgrade,enhanced_audit_dependency,dependent_policy_full,1,1,20.0,1,1,1,1,30
health_6_1_emergency_audit,health,GET /patients/{id}/dependent-replica-6,emergency_audit_downgrade,enhanced_audit_dependency,dependent_without_consent,1,1,20.0,1,1,1,1,30
health_6_1_emergency_audit,health,GET /patients/{id}/dependent-replica-6,emergency_audit_downgrade,enhanced_audit_dependency,dependent_without_threshold,1,1,20.0,1,1,1,1,30
health_6_1_emergency_audit,health,GET /patients/{id}/dependent-replica-6,emergency_audit_downgrade,enhanced_audit_dependency,dependent_without_enhanced_audit,1,0,20.0,1,1,1,1,30
health_6_1_emergency_audit,health,GET /patients/{id}/dependent-replica-6,emergency_audit_downgrade,enhanced_audit_dependency,dependent_without_purpose_field,1,1,20.0,1,1,1,1,30
health_6_1_compound_scope,health,GET /patients/{id}/dependent-replica-6,compound_scope_field,compound_policy_interaction,schema_validation,1,0,50.0,0,0,0,0,3
health_6_1_compound_scope,health,GET /patients/{id}/dependent-replica-6,compound_scope_field,compound_policy_interaction,role_matrix,1,0,50.0,0,0,0,0,3
health_6_1_compound_scope,health,GET /patients/{id}/dependent-replica-6,compound_scope_field,compound_policy_interaction,object_policy_tests,1,0,50.0,0,0,0,0,3
health_6_1_compound_scope,health,GET /patients/{id}/dependent-replica-6,compound_scope_field,compound_policy_interaction,field_policy_tests,1,0,50.0,0,0,0,0,3
health_6_1_compound_scope,health,GET /patients/{id}/dependent-replica-6,compound_scope_field,compound_policy_interaction,audit_contract_tests,1,0,50.0,0,0,0,0,3
health_6_1_compound_scope,health,GET /patients/{id}/dependent-replica-6,compound_scope_field,compound_policy_interaction,basic_policy_aware_full,1,0,50.0,0,0,0,0,3
health_6_1_compound_scope,health,GET /patients/{id}/dependent-replica-6,compound_scope_field,compound_policy_interaction,dependent_policy_full,1,1,50.0,0,0,0,0,3
health_6_1_compound_scope,health,GET /patients/{id}/dependent-replica-6,compound_scope_field,compound_policy_interaction,dependent_without_consent,1,0,50.0,0,0,0,0,3
health_6_1_compound_scope,health,GET /patients/{id}/dependent-replica-6,compound_scope_field,compound_policy_interaction,dependent_without_threshold,1,1,50.0,0,0,0,0,3
health_6_1_compound_scope,health,GET /patients/{id}/dependent-replica-6,compound_scope_field,compound_policy_interaction,dependent_without_enhanced_audit,1,1,50.0,0,0,0,0,3
health_6_1_compound_scope,health,GET /patients/{id}/dependent-replica-6,compound_scope_field,compound_policy_interaction,dependent_without_purpose_field,1,1,50.0,0,0,0,0,3
health_6_1_clean_dependent,health,GET /patients/{id}/dependent-replica-6,clean,none,schema_validation,0,0,0.0,1,1,1,0,30
health_6_1_clean_dependent,health,GET /patients/{id}/dependent-replica-6,clean,none,role_matrix,0,0,0.0,1,1,1,0,30
health_6_1_clean_dependent,health,GET /patients/{id}/dependent-replica-6,clean,none,object_policy_tests,0,0,0.0,1,1,1,0,30
health_6_1_clean_dependent,health,GET /patients/{id}/dependent-replica-6,clean,none,field_policy_tests,0,0,0.0,1,1,1,0,30
health_6_1_clean_dependent,health,GET /patients/{id}/dependent-replica-6,clean,none,audit_contract_tests,0,0,0.0,1,1,1,0,30
health_6_1_clean_dependent,health,GET /patients/{id}/dependent-replica-6,clean,none,basic_policy_aware_full,0,0,0.0,1,1,1,0,30
health_6_1_clean_dependent,health,GET /patients/{id}/dependent-replica-6,clean,none,dependent_policy_full,0,0,0.0,1,1,1,0,30
health_6_1_clean_dependent,health,GET /patients/{id}/dependent-replica-6,clean,none,dependent_without_consent,0,0,0.0,1,1,1,0,30
health_6_1_clean_dependent,health,GET /patients/{id}/dependent-replica-6,clean,none,dependent_without_threshold,0,0,0.0,1,1,1,0,30
health_6_1_clean_dependent,health,GET /patients/{id}/dependent-replica-6,clean,none,dependent_without_enhanced_audit,0,0,0.0,1,1,1,0,30
health_6_1_clean_dependent,health,GET /patients/{id}/dependent-replica-6,clean,none,dependent_without_purpose_field,0,0,0.0,1,1,1,0,30
citizen_services_6_2_purpose_field,citizen_services,GET /benefits/{id}/dependent-replica-6,purpose_conditioned_field,purpose_field_dependency,schema_validation,1,0,35.0,1,1,1,0,27
citizen_services_6_2_purpose_field,citizen_services,GET /benefits/{id}/dependent-replica-6,purpose_conditioned_field,purpose_field_dependency,role_matrix,1,0,35.0,1,1,1,0,27
citizen_services_6_2_purpose_field,citizen_services,GET /benefits/{id}/dependent-replica-6,purpose_conditioned_field,purpose_field_dependency,object_policy_tests,1,0,35.0,1,1,1,0,27
citizen_services_6_2_purpose_field,citizen_services,GET /benefits/{id}/dependent-replica-6,purpose_conditioned_field,purpose_field_dependency,field_policy_tests,1,0,35.0,1,1,1,0,27
citizen_services_6_2_purpose_field,citizen_services,GET /benefits/{id}/dependent-replica-6,purpose_conditioned_field,purpose_field_dependency,audit_contract_tests,1,0,35.0,1,1,1,0,27
citizen_services_6_2_purpose_field,citizen_services,GET /benefits/{id}/dependent-replica-6,purpose_conditioned_field,purpose_field_dependency,basic_policy_aware_full,1,0,35.0,1,1,1,0,27
citizen_services_6_2_purpose_field,citizen_services,GET /benefits/{id}/dependent-replica-6,purpose_conditioned_field,purpose_field_dependency,dependent_policy_full,1,1,35.0,1,1,1,0,27
citizen_services_6_2_purpose_field,citizen_services,GET /benefits/{id}/dependent-replica-6,purpose_conditioned_field,purpose_field_dependency,dependent_without_consent,1,1,35.0,1,1,1,0,27
citizen_services_6_2_purpose_field,citizen_services,GET /benefits/{id}/dependent-replica-6,purpose_conditioned_field,purpose_field_dependency,dependent_without_threshold,1,1,35.0,1,1,1,0,27
citizen_services_6_2_purpose_field,citizen_services,GET /benefits/{id}/dependent-replica-6,purpose_conditioned_field,purpose_field_dependency,dependent_without_enhanced_audit,1,1,35.0,1,1,1,0,27
citizen_services_6_2_purpose_field,citizen_services,GET /benefits/{id}/dependent-replica-6,purpose_conditioned_field,purpose_field_dependency,dependent_without_purpose_field,1,0,35.0,1,1,1,0,27
citizen_services_6_2_jurisdiction_field,citizen_services,GET /benefits/{id}/dependent-replica-6,jurisdiction_conditioned_field,jurisdiction_field_dependency,schema_validation,1,0,40.0,0,1,1,0,31
citizen_services_6_2_jurisdiction_field,citizen_services,GET /benefits/{id}/dependent-replica-6,jurisdiction_conditioned_field,jurisdiction_field_dependency,role_matrix,1,0,40.0,0,1,1,0,31
citizen_services_6_2_jurisdiction_field,citizen_services,GET /benefits/{id}/dependent-replica-6,jurisdiction_conditioned_field,jurisdiction_field_dependency,object_policy_tests,1,0,40.0,0,1,1,0,31
citizen_services_6_2_jurisdiction_field,citizen_services,GET /benefits/{id}/dependent-replica-6,jurisdiction_conditioned_field,jurisdiction_field_dependency,field_policy_tests,1,0,40.0,0,1,1,0,31
citizen_services_6_2_jurisdiction_field,citizen_services,GET /benefits/{id}/dependent-replica-6,jurisdiction_conditioned_field,jurisdiction_field_dependency,audit_contract_tests,1,0,40.0,0,1,1,0,31
citizen_services_6_2_jurisdiction_field,citizen_services,GET /benefits/{id}/dependent-replica-6,jurisdiction_conditioned_field,jurisdiction_field_dependency,basic_policy_aware_full,1,0,40.0,0,1,1,0,31
citizen_services_6_2_jurisdiction_field,citizen_services,GET /benefits/{id}/dependent-replica-6,jurisdiction_conditioned_field,jurisdiction_field_dependency,dependent_policy_full,1,1,40.0,0,1,1,0,31
citizen_services_6_2_jurisdiction_field,citizen_services,GET /benefits/{id}/dependent-replica-6,jurisdiction_conditioned_field,jurisdiction_field_dependency,dependent_without_consent,1,1,40.0,0,1,1,0,31
citizen_services_6_2_jurisdiction_field,citizen_services,GET /benefits/{id}/dependent-replica-6,jurisdiction_conditioned_field,jurisdiction_field_dependency,dependent_without_threshold,1,1,40.0,0,1,1,0,31
citizen_services_6_2_jurisdiction_field,citizen_services,GET /benefits/{id}/dependent-replica-6,jurisdiction_conditioned_field,jurisdiction_field_dependency,dependent_without_enhanced_audit,1,1,40.0,0,1,1,0,31
citizen_services_6_2_jurisdiction_field,citizen_services,GET /benefits/{id}/dependent-replica-6,jurisdiction_conditioned_field,jurisdiction_field_dependency,dependent_without_purpose_field,1,1,40.0,0,1,1,0,31
citizen_services_6_2_consent_field,citizen_services,GET /benefits/{id}/dependent-replica-6,consent_gated_field,consent_field_dependency,schema_validation,1,0,30.0,1,1,0,0,44
citizen_services_6_2_consent_field,citizen_services,GET /benefits/{id}/dependent-replica-6,consent_gated_field,consent_field_dependency,role_matrix,1,0,30.0,1,1,0,0,44
citizen_services_6_2_consent_field,citizen_services,GET /benefits/{id}/dependent-replica-6,consent_gated_field,consent_field_dependency,object_policy_tests,1,0,30.0,1,1,0,0,44
citizen_services_6_2_consent_field,citizen_services,GET /benefits/{id}/dependent-replica-6,consent_gated_field,consent_field_dependency,field_policy_tests,1,0,30.0,1,1,0,0,44
citizen_services_6_2_consent_field,citizen_services,GET /benefits/{id}/dependent-replica-6,consent_gated_field,consent_field_dependency,audit_contract_tests,1,0,30.0,1,1,0,0,44
citizen_services_6_2_consent_field,citizen_services,GET /benefits/{id}/dependent-replica-6,consent_gated_field,consent_field_dependency,basic_policy_aware_full,1,0,30.0,1,1,0,0,44
citizen_services_6_2_consent_field,citizen_services,GET /benefits/{id}/dependent-replica-6,consent_gated_field,consent_field_dependency,dependent_policy_full,1,1,30.0,1,1,0,0,44
citizen_services_6_2_consent_field,citizen_services,GET /benefits/{id}/dependent-replica-6,consent_gated_field,consent_field_dependency,dependent_without_consent,1,0,30.0,1,1,0,0,44
citizen_services_6_2_consent_field,citizen_services,GET /benefits/{id}/dependent-replica-6,consent_gated_field,consent_field_dependency,dependent_without_threshold,1,1,30.0,1,1,0,0,44
citizen_services_6_2_consent_field,citizen_services,GET /benefits/{id}/dependent-replica-6,consent_gated_field,consent_field_dependency,dependent_without_enhanced_audit,1,1,30.0,1,1,0,0,44
citizen_services_6_2_consent_field,citizen_services,GET /benefits/{id}/dependent-replica-6,consent_gated_field,consent_field_dependency,dependent_without_purpose_field,1,1,30.0,1,1,0,0,44
citizen_services_6_2_small_cell,citizen_services,GET /benefits/{id}/dependent-replica-6,aggregation_threshold_leak,aggregation_threshold,schema_validation,1,0,25.0,1,1,1,0,4
citizen_services_6_2_small_cell,citizen_services,GET /benefits/{id}/dependent-replica-6,aggregation_threshold_leak,aggregation_threshold,role_matrix,1,0,25.0,1,1,1,0,4
citizen_services_6_2_small_cell,citizen_services,GET /benefits/{id}/dependent-replica-6,aggregation_threshold_leak,aggregation_threshold,object_policy_tests,1,0,25.0,1,1,1,0,4
citizen_services_6_2_small_cell,citizen_services,GET /benefits/{id}/dependent-replica-6,aggregation_threshold_leak,aggregation_threshold,field_policy_tests,1,0,25.0,1,1,1,0,4
citizen_services_6_2_small_cell,citizen_services,GET /benefits/{id}/dependent-replica-6,aggregation_threshold_leak,aggregation_threshold,audit_contract_tests,1,0,25.0,1,1,1,0,4
citizen_services_6_2_small_cell,citizen_services,GET /benefits/{id}/dependent-replica-6,aggregation_threshold_leak,aggregation_threshold,basic_policy_aware_full,1,0,25.0,1,1,1,0,4
citizen_services_6_2_small_cell,citizen_services,GET /benefits/{id}/dependent-replica-6,aggregation_threshold_leak,aggregation_threshold,dependent_policy_full,1,1,25.0,1,1,1,0,4
citizen_services_6_2_small_cell,citizen_services,GET /benefits/{id}/dependent-replica-6,aggregation_threshold_leak,aggregation_threshold,dependent_without_consent,1,1,25.0,1,1,1,0,4
citizen_services_6_2_small_cell,citizen_services,GET /benefits/{id}/dependent-replica-6,aggregation_threshold_leak,aggregation_threshold,dependent_without_threshold,1,0,25.0,1,1,1,0,4
citizen_services_6_2_small_cell,citizen_services,GET /benefits/{id}/dependent-replica-6,aggregation_threshold_leak,aggregation_threshold,dependent_without_enhanced_audit,1,1,25.0,1,1,1,0,4
citizen_services_6_2_small_cell,citizen_services,GET /benefits/{id}/dependent-replica-6,aggregation_threshold_leak,aggregation_threshold,dependent_without_purpose_field,1,1,25.0,1,1,1,0,4
citizen_services_6_2_emergency_audit,citizen_services,GET /benefits/{id}/dependent-replica-6,emergency_audit_downgrade,enhanced_audit_dependency,schema_validation,1,0,20.0,1,1,1,1,30
citizen_services_6_2_emergency_audit,citizen_services,GET /benefits/{id}/dependent-replica-6,emergency_audit_downgrade,enhanced_audit_dependency,role_matrix,1,0,20.0,1,1,1,1,30
citizen_services_6_2_emergency_audit,citizen_services,GET /benefits/{id}/dependent-replica-6,emergency_audit_downgrade,enhanced_audit_dependency,object_policy_tests,1,0,20.0,1,1,1,1,30
citizen_services_6_2_emergency_audit,citizen_services,GET /benefits/{id}/dependent-replica-6,emergency_audit_downgrade,enhanced_audit_dependency,field_policy_tests,1,0,20.0,1,1,1,1,30
citizen_services_6_2_emergency_audit,citizen_services,GET /benefits/{id}/dependent-replica-6,emergency_audit_downgrade,enhanced_audit_dependency,audit_contract_tests,1,0,20.0,1,1,1,1,30
citizen_services_6_2_emergency_audit,citizen_services,GET /benefits/{id}/dependent-replica-6,emergency_audit_downgrade,enhanced_audit_dependency,basic_policy_aware_full,1,0,20.0,1,1,1,1,30
citizen_services_6_2_emergency_audit,citizen_services,GET /benefits/{id}/dependent-replica-6,emergency_audit_downgrade,enhanced_audit_dependency,dependent_policy_full,1,1,20.0,1,1,1,1,30
citizen_services_6_2_emergency_audit,citizen_services,GET /benefits/{id}/dependent-replica-6,emergency_audit_downgrade,enhanced_audit_dependency,dependent_without_consent,1,1,20.0,1,1,1,1,30
citizen_services_6_2_emergency_audit,citizen_services,GET /benefits/{id}/dependent-replica-6,emergency_audit_downgrade,enhanced_audit_dependency,dependent_without_threshold,1,1,20.0,1,1,1,1,30
citizen_services_6_2_emergency_audit,citizen_services,GET /benefits/{id}/dependent-replica-6,emergency_audit_downgrade,enhanced_audit_dependency,dependent_without_enhanced_audit,1,0,20.0,1,1,1,1,30
citizen_services_6_2_emergency_audit,citizen_services,GET /benefits/{id}/dependent-replica-6,emergency_audit_downgrade,enhanced_audit_dependency,dependent_without_purpose_field,1,1,20.0,1,1,1,1,30
citizen_services_6_2_compound_scope,citizen_services,GET /benefits/{id}/dependent-replica-6,compound_scope_field,compound_policy_interaction,schema_validation,1,0,50.0,0,0,0,0,3
citizen_services_6_2_compound_scope,citizen_services,GET /benefits/{id}/dependent-replica-6,compound_scope_field,compound_policy_interaction,role_matrix,1,0,50.0,0,0,0,0,3
citizen_services_6_2_compound_scope,citizen_services,GET /benefits/{id}/dependent-replica-6,compound_scope_field,compound_policy_interaction,object_policy_tests,1,0,50.0,0,0,0,0,3
citizen_services_6_2_compound_scope,citizen_services,GET /benefits/{id}/dependent-replica-6,compound_scope_field,compound_policy_interaction,field_policy_tests,1,0,50.0,0,0,0,0,3
citizen_services_6_2_compound_scope,citizen_services,GET /benefits/{id}/dependent-replica-6,compound_scope_field,compound_policy_interaction,audit_contract_tests,1,0,50.0,0,0,0,0,3
citizen_services_6_2_compound_scope,citizen_services,GET /benefits/{id}/dependent-replica-6,compound_scope_field,compound_policy_interaction,basic_policy_aware_full,1,0,50.0,0,0,0,0,3
citizen_services_6_2_compound_scope,citizen_services,GET /benefits/{id}/dependent-replica-6,compound_scope_field,compound_policy_interaction,dependent_policy_full,1,1,50.0,0,0,0,0,3
citizen_services_6_2_compound_scope,citizen_services,GET /benefits/{id}/dependent-replica-6,compound_scope_field,compound_policy_interaction,dependent_without_consent,1,0,50.0,0,0,0,0,3
citizen_services_6_2_compound_scope,citizen_services,GET /benefits/{id}/dependent-replica-6,compound_scope_field,compound_policy_interaction,dependent_without_threshold,1,1,50.0,0,0,0,0,3
citizen_services_6_2_compound_scope,citizen_services,GET /benefits/{id}/dependent-replica-6,compound_scope_field,compound_policy_interaction,dependent_without_enhanced_audit,1,1,50.0,0,0,0,0,3
citizen_services_6_2_compound_scope,citizen_services,GET /benefits/{id}/dependent-replica-6,compound_scope_field,compound_policy_interaction,dependent_without_purpose_field,1,1,50.0,0,0,0,0,3
citizen_services_6_2_clean_dependent,citizen_services,GET /benefits/{id}/dependent-replica-6,clean,none,schema_validation,0,0,0.0,1,1,1,0,30
citizen_services_6_2_clean_dependent,citizen_services,GET /benefits/{id}/dependent-replica-6,clean,none,role_matrix,0,0,0.0,1,1,1,0,30
citizen_services_6_2_clean_dependent,citizen_services,GET /benefits/{id}/dependent-replica-6,clean,none,object_policy_tests,0,0,0.0,1,1,1,0,30
citizen_services_6_2_clean_dependent,citizen_services,GET /benefits/{id}/dependent-replica-6,clean,none,field_policy_tests,0,0,0.0,1,1,1,0,30
citizen_services_6_2_clean_dependent,citizen_services,GET /benefits/{id}/dependent-replica-6,clean,none,audit_contract_tests,0,0,0.0,1,1,1,0,30
citizen_services_6_2_clean_dependent,citizen_services,GET /benefits/{id}/dependent-replica-6,clean,none,basic_policy_aware_full,0,0,0.0,1,1,1,0,30
citizen_services_6_2_clean_dependent,citizen_services,GET /benefits/{id}/dependent-replica-6,clean,none,dependent_policy_full,0,0,0.0,1,1,1,0,30
citizen_services_6_2_clean_dependent,citizen_services,GET /benefits/{id}/dependent-replica-6,clean,none,dependent_without_consent,0,0,0.0,1,1,1,0,30
citizen_services_6_2_clean_dependent,citizen_services,GET /benefits/{id}/dependent-replica-6,clean,none,dependent_without_threshold,0,0,0.0,1,1,1,0,30
citizen_services_6_2_clean_dependent,citizen_services,GET /benefits/{id}/dependent-replica-6,clean,none,dependent_without_enhanced_audit,0,0,0.0,1,1,1,0,30
citizen_services_6_2_clean_dependent,citizen_services,GET /benefits/{id}/dependent-replica-6,clean,none,dependent_without_purpose_field,0,0,0.0,1,1,1,0,30
education_6_3_purpose_field,education,GET /students/{id}/record/dependent-replica-6,purpose_conditioned_field,purpose_field_dependency,schema_validation,1,0,35.0,1,1,1,0,27
education_6_3_purpose_field,education,GET /students/{id}/record/dependent-replica-6,purpose_conditioned_field,purpose_field_dependency,role_matrix,1,0,35.0,1,1,1,0,27
education_6_3_purpose_field,education,GET /students/{id}/record/dependent-replica-6,purpose_conditioned_field,purpose_field_dependency,object_policy_tests,1,0,35.0,1,1,1,0,27
education_6_3_purpose_field,education,GET /students/{id}/record/dependent-replica-6,purpose_conditioned_field,purpose_field_dependency,field_policy_tests,1,0,35.0,1,1,1,0,27
education_6_3_purpose_field,education,GET /students/{id}/record/dependent-replica-6,purpose_conditioned_field,purpose_field_dependency,audit_contract_tests,1,0,35.0,1,1,1,0,27
education_6_3_purpose_field,education,GET /students/{id}/record/dependent-replica-6,purpose_conditioned_field,purpose_field_dependency,basic_policy_aware_full,1,0,35.0,1,1,1,0,27
education_6_3_purpose_field,education,GET /students/{id}/record/dependent-replica-6,purpose_conditioned_field,purpose_field_dependency,dependent_policy_full,1,1,35.0,1,1,1,0,27
education_6_3_purpose_field,education,GET /students/{id}/record/dependent-replica-6,purpose_conditioned_field,purpose_field_dependency,dependent_without_consent,1,1,35.0,1,1,1,0,27
education_6_3_purpose_field,education,GET /students/{id}/record/dependent-replica-6,purpose_conditioned_field,purpose_field_dependency,dependent_without_threshold,1,1,35.0,1,1,1,0,27
education_6_3_purpose_field,education,GET /students/{id}/record/dependent-replica-6,purpose_conditioned_field,purpose_field_dependency,dependent_without_enhanced_audit,1,1,35.0,1,1,1,0,27
education_6_3_purpose_field,education,GET /students/{id}/record/dependent-replica-6,purpose_conditioned_field,purpose_field_dependency,dependent_without_purpose_field,1,0,35.0,1,1,1,0,27
education_6_3_jurisdiction_field,education,GET /students/{id}/record/dependent-replica-6,jurisdiction_conditioned_field,jurisdiction_field_dependency,schema_validation,1,0,40.0,0,1,1,0,31
education_6_3_jurisdiction_field,education,GET /students/{id}/record/dependent-replica-6,jurisdiction_conditioned_field,jurisdiction_field_dependency,role_matrix,1,0,40.0,0,1,1,0,31
education_6_3_jurisdiction_field,education,GET /students/{id}/record/dependent-replica-6,jurisdiction_conditioned_field,jurisdiction_field_dependency,object_policy_tests,1,0,40.0,0,1,1,0,31
education_6_3_jurisdiction_field,education,GET /students/{id}/record/dependent-replica-6,jurisdiction_conditioned_field,jurisdiction_field_dependency,field_policy_tests,1,0,40.0,0,1,1,0,31
education_6_3_jurisdiction_field,education,GET /students/{id}/record/dependent-replica-6,jurisdiction_conditioned_field,jurisdiction_field_dependency,audit_contract_tests,1,0,40.0,0,1,1,0,31
education_6_3_jurisdiction_field,education,GET /students/{id}/record/dependent-replica-6,jurisdiction_conditioned_field,jurisdiction_field_dependency,basic_policy_aware_full,1,0,40.0,0,1,1,0,31
education_6_3_jurisdiction_field,education,GET /students/{id}/record/dependent-replica-6,jurisdiction_conditioned_field,jurisdiction_field_dependency,dependent_policy_full,1,1,40.0,0,1,1,0,31
education_6_3_jurisdiction_field,education,GET /students/{id}/record/dependent-replica-6,jurisdiction_conditioned_field,jurisdiction_field_dependency,dependent_without_consent,1,1,40.0,0,1,1,0,31
education_6_3_jurisdiction_field,education,GET /students/{id}/record/dependent-replica-6,jurisdiction_conditioned_field,jurisdiction_field_dependency,dependent_without_threshold,1,1,40.0,0,1,1,0,31
education_6_3_jurisdiction_field,education,GET /students/{id}/record/dependent-replica-6,jurisdiction_conditioned_field,jurisdiction_field_dependency,dependent_without_enhanced_audit,1,1,40.0,0,1,1,0,31
education_6_3_jurisdiction_field,education,GET /students/{id}/record/dependent-replica-6,jurisdiction_conditioned_field,jurisdiction_field_dependency,dependent_without_purpose_field,1,1,40.0,0,1,1,0,31
education_6_3_consent_field,education,GET /students/{id}/record/dependent-replica-6,consent_gated_field,consent_field_dependency,schema_validation,1,0,30.0,1,1,0,0,44
education_6_3_consent_field,education,GET /students/{id}/record/dependent-replica-6,consent_gated_field,consent_field_dependency,role_matrix,1,0,30.0,1,1,0,0,44
education_6_3_consent_field,education,GET /students/{id}/record/dependent-replica-6,consent_gated_field,consent_field_dependency,object_policy_tests,1,0,30.0,1,1,0,0,44
education_6_3_consent_field,education,GET /students/{id}/record/dependent-replica-6,consent_gated_field,consent_field_dependency,field_policy_tests,1,0,30.0,1,1,0,0,44
education_6_3_consent_field,education,GET /students/{id}/record/dependent-replica-6,consent_gated_field,consent_field_dependency,audit_contract_tests,1,0,30.0,1,1,0,0,44
education_6_3_consent_field,education,GET /students/{id}/record/dependent-replica-6,consent_gated_field,consent_field_dependency,basic_policy_aware_full,1,0,30.0,1,1,0,0,44
education_6_3_consent_field,education,GET /students/{id}/record/dependent-replica-6,consent_gated_field,consent_field_dependency,dependent_policy_full,1,1,30.0,1,1,0,0,44
education_6_3_consent_field,education,GET /students/{id}/record/dependent-replica-6,consent_gated_field,consent_field_dependency,dependent_without_consent,1,0,30.0,1,1,0,0,44
education_6_3_consent_field,education,GET /students/{id}/record/dependent-replica-6,consent_gated_field,consent_field_dependency,dependent_without_threshold,1,1,30.0,1,1,0,0,44
education_6_3_consent_field,education,GET /students/{id}/record/dependent-replica-6,consent_gated_field,consent_field_dependency,dependent_without_enhanced_audit,1,1,30.0,1,1,0,0,44
education_6_3_consent_field,education,GET /students/{id}/record/dependent-replica-6,consent_gated_field,consent_field_dependency,dependent_without_purpose_field,1,1,30.0,1,1,0,0,44
education_6_3_small_cell,education,GET /students/{id}/record/dependent-replica-6,aggregation_threshold_leak,aggregation_threshold,schema_validation,1,0,25.0,1,1,1,0,4
education_6_3_small_cell,education,GET /students/{id}/record/dependent-replica-6,aggregation_threshold_leak,aggregation_threshold,role_matrix,1,0,25.0,1,1,1,0,4
education_6_3_small_cell,education,GET /students/{id}/record/dependent-replica-6,aggregation_threshold_leak,aggregation_threshold,object_policy_tests,1,0,25.0,1,1,1,0,4
education_6_3_small_cell,education,GET /students/{id}/record/dependent-replica-6,aggregation_threshold_leak,aggregation_threshold,field_policy_tests,1,0,25.0,1,1,1,0,4
education_6_3_small_cell,education,GET /students/{id}/record/dependent-replica-6,aggregation_threshold_leak,aggregation_threshold,audit_contract_tests,1,0,25.0,1,1,1,0,4
education_6_3_small_cell,education,GET /students/{id}/record/dependent-replica-6,aggregation_threshold_leak,aggregation_threshold,basic_policy_aware_full,1,0,25.0,1,1,1,0,4
education_6_3_small_cell,education,GET /students/{id}/record/dependent-replica-6,aggregation_threshold_leak,aggregation_threshold,dependent_policy_full,1,1,25.0,1,1,1,0,4
education_6_3_small_cell,education,GET /students/{id}/record/dependent-replica-6,aggregation_threshold_leak,aggregation_threshold,dependent_without_consent,1,1,25.0,1,1,1,0,4
education_6_3_small_cell,education,GET /students/{id}/record/dependent-replica-6,aggregation_threshold_leak,aggregation_threshold,dependent_without_threshold,1,0,25.0,1,1,1,0,4
education_6_3_small_cell,education,GET /students/{id}/record/dependent-replica-6,aggregation_threshold_leak,aggregation_threshold,dependent_without_enhanced_audit,1,1,25.0,1,1,1,0,4
education_6_3_small_cell,education,GET /students/{id}/record/dependent-replica-6,aggregation_threshold_leak,aggregation_threshold,dependent_without_purpose_field,1,1,25.0,1,1,1,0,4
education_6_3_emergency_audit,education,GET /students/{id}/record/dependent-replica-6,emergency_audit_downgrade,enhanced_audit_dependency,schema_validation,1,0,20.0,1,1,1,1,30
education_6_3_emergency_audit,education,GET /students/{id}/record/dependent-replica-6,emergency_audit_downgrade,enhanced_audit_dependency,role_matrix,1,0,20.0,1,1,1,1,30
education_6_3_emergency_audit,education,GET /students/{id}/record/dependent-replica-6,emergency_audit_downgrade,enhanced_audit_dependency,object_policy_tests,1,0,20.0,1,1,1,1,30
education_6_3_emergency_audit,education,GET /students/{id}/record/dependent-replica-6,emergency_audit_downgrade,enhanced_audit_dependency,field_policy_tests,1,0,20.0,1,1,1,1,30
education_6_3_emergency_audit,education,GET /students/{id}/record/dependent-replica-6,emergency_audit_downgrade,enhanced_audit_dependency,audit_contract_tests,1,0,20.0,1,1,1,1,30
education_6_3_emergency_audit,education,GET /students/{id}/record/dependent-replica-6,emergency_audit_downgrade,enhanced_audit_dependency,basic_policy_aware_full,1,0,20.0,1,1,1,1,30
education_6_3_emergency_audit,education,GET /students/{id}/record/dependent-replica-6,emergency_audit_downgrade,enhanced_audit_dependency,dependent_policy_full,1,1,20.0,1,1,1,1,30
education_6_3_emergency_audit,education,GET /students/{id}/record/dependent-replica-6,emergency_audit_downgrade,enhanced_audit_dependency,dependent_without_consent,1,1,20.0,1,1,1,1,30
education_6_3_emergency_audit,education,GET /students/{id}/record/dependent-replica-6,emergency_audit_downgrade,enhanced_audit_dependency,dependent_without_threshold,1,1,20.0,1,1,1,1,30
education_6_3_emergency_audit,education,GET /students/{id}/record/dependent-replica-6,emergency_audit_downgrade,enhanced_audit_dependency,dependent_without_enhanced_audit,1,0,20.0,1,1,1,1,30
education_6_3_emergency_audit,education,GET /students/{id}/record/dependent-replica-6,emergency_audit_downgrade,enhanced_audit_dependency,dependent_without_purpose_field,1,1,20.0,1,1,1,1,30
education_6_3_compound_scope,education,GET /students/{id}/record/dependent-replica-6,compound_scope_field,compound_policy_interaction,schema_validation,1,0,50.0,0,0,0,0,3
education_6_3_compound_scope,education,GET /students/{id}/record/dependent-replica-6,compound_scope_field,compound_policy_interaction,role_matrix,1,0,50.0,0,0,0,0,3
education_6_3_compound_scope,education,GET /students/{id}/record/dependent-replica-6,compound_scope_field,compound_policy_interaction,object_policy_tests,1,0,50.0,0,0,0,0,3
education_6_3_compound_scope,education,GET /students/{id}/record/dependent-replica-6,compound_scope_field,compound_policy_interaction,field_policy_tests,1,0,50.0,0,0,0,0,3
education_6_3_compound_scope,education,GET /students/{id}/record/dependent-replica-6,compound_scope_field,compound_policy_interaction,audit_contract_tests,1,0,50.0,0,0,0,0,3
education_6_3_compound_scope,education,GET /students/{id}/record/dependent-replica-6,compound_scope_field,compound_policy_interaction,basic_policy_aware_full,1,0,50.0,0,0,0,0,3
education_6_3_compound_scope,education,GET /students/{id}/record/dependent-replica-6,compound_scope_field,compound_policy_interaction,dependent_policy_full,1,1,50.0,0,0,0,0,3
education_6_3_compound_scope,education,GET /students/{id}/record/dependent-replica-6,compound_scope_field,compound_policy_interaction,dependent_without_consent,1,0,50.0,0,0,0,0,3
education_6_3_compound_scope,education,GET /students/{id}/record/dependent-replica-6,compound_scope_field,compound_policy_interaction,dependent_without_threshold,1,1,50.0,0,0,0,0,3
education_6_3_compound_scope,education,GET /students/{id}/record/dependent-replica-6,compound_scope_field,compound_policy_interaction,dependent_without_enhanced_audit,1,1,50.0,0,0,0,0,3
education_6_3_compound_scope,education,GET /students/{id}/record/dependent-replica-6,compound_scope_field,compound_policy_interaction,dependent_without_purpose_field,1,1,50.0,0,0,0,0,3
education_6_3_clean_dependent,education,GET /students/{id}/record/dependent-replica-6,clean,none,schema_validation,0,0,0.0,1,1,1,0,30
education_6_3_clean_dependent,education,GET /students/{id}/record/dependent-replica-6,clean,none,role_matrix,0,0,0.0,1,1,1,0,30
education_6_3_clean_dependent,education,GET /students/{id}/record/dependent-replica-6,clean,none,object_policy_tests,0,0,0.0,1,1,1,0,30
education_6_3_clean_dependent,education,GET /students/{id}/record/dependent-replica-6,clean,none,field_policy_tests,0,0,0.0,1,1,1,0,30
education_6_3_clean_dependent,education,GET /students/{id}/record/dependent-replica-6,clean,none,audit_contract_tests,0,0,0.0,1,1,1,0,30
education_6_3_clean_dependent,education,GET /students/{id}/record/dependent-replica-6,clean,none,basic_policy_aware_full,0,0,0.0,1,1,1,0,30
education_6_3_clean_dependent,education,GET /students/{id}/record/dependent-replica-6,clean,none,dependent_policy_full,0,0,0.0,1,1,1,0,30
education_6_3_clean_dependent,education,GET /students/{id}/record/dependent-replica-6,clean,none,dependent_without_consent,0,0,0.0,1,1,1,0,30
education_6_3_clean_dependent,education,GET /students/{id}/record/dependent-replica-6,clean,none,dependent_without_threshold,0,0,0.0,1,1,1,0,30
education_6_3_clean_dependent,education,GET /students/{id}/record/dependent-replica-6,clean,none,dependent_without_enhanced_audit,0,0,0.0,1,1,1,0,30
education_6_3_clean_dependent,education,GET /students/{id}/record/dependent-replica-6,clean,none,dependent_without_purpose_field,0,0,0.0,1,1,1,0,30
business_licensing_6_4_purpose_field,business_licensing,GET /licenses/export/dependent-replica-6,purpose_conditioned_field,purpose_field_dependency,schema_validation,1,0,28.0,1,1,1,0,27
business_licensing_6_4_purpose_field,business_licensing,GET /licenses/export/dependent-replica-6,purpose_conditioned_field,purpose_field_dependency,role_matrix,1,0,28.0,1,1,1,0,27
business_licensing_6_4_purpose_field,business_licensing,GET /licenses/export/dependent-replica-6,purpose_conditioned_field,purpose_field_dependency,object_policy_tests,1,0,28.0,1,1,1,0,27
business_licensing_6_4_purpose_field,business_licensing,GET /licenses/export/dependent-replica-6,purpose_conditioned_field,purpose_field_dependency,field_policy_tests,1,0,28.0,1,1,1,0,27
business_licensing_6_4_purpose_field,business_licensing,GET /licenses/export/dependent-replica-6,purpose_conditioned_field,purpose_field_dependency,audit_contract_tests,1,0,28.0,1,1,1,0,27
business_licensing_6_4_purpose_field,business_licensing,GET /licenses/export/dependent-replica-6,purpose_conditioned_field,purpose_field_dependency,basic_policy_aware_full,1,0,28.0,1,1,1,0,27
business_licensing_6_4_purpose_field,business_licensing,GET /licenses/export/dependent-replica-6,purpose_conditioned_field,purpose_field_dependency,dependent_policy_full,1,1,28.0,1,1,1,0,27
business_licensing_6_4_purpose_field,business_licensing,GET /licenses/export/dependent-replica-6,purpose_conditioned_field,purpose_field_dependency,dependent_without_consent,1,1,28.0,1,1,1,0,27
business_licensing_6_4_purpose_field,business_licensing,GET /licenses/export/dependent-replica-6,purpose_conditioned_field,purpose_field_dependency,dependent_without_threshold,1,1,28.0,1,1,1,0,27
business_licensing_6_4_purpose_field,business_licensing,GET /licenses/export/dependent-replica-6,purpose_conditioned_field,purpose_field_dependency,dependent_without_enhanced_audit,1,1,28.0,1,1,1,0,27
business_licensing_6_4_purpose_field,business_licensing,GET /licenses/export/dependent-replica-6,purpose_conditioned_field,purpose_field_dependency,dependent_without_purpose_field,1,0,28.0,1,1,1,0,27
business_licensing_6_4_jurisdiction_field,business_licensing,GET /licenses/export/dependent-replica-6,jurisdiction_conditioned_field,jurisdiction_field_dependency,schema_validation,1,0,32.0,0,1,1,0,31
business_licensing_6_4_jurisdiction_field,business_licensing,GET /licenses/export/dependent-replica-6,jurisdiction_conditioned_field,jurisdiction_field_dependency,role_matrix,1,0,32.0,0,1,1,0,31
business_licensing_6_4_jurisdiction_field,business_licensing,GET /licenses/export/dependent-replica-6,jurisdiction_conditioned_field,jurisdiction_field_dependency,object_policy_tests,1,0,32.0,0,1,1,0,31
business_licensing_6_4_jurisdiction_field,business_licensing,GET /licenses/export/dependent-replica-6,jurisdiction_conditioned_field,jurisdiction_field_dependency,field_policy_tests,1,0,32.0,0,1,1,0,31
business_licensing_6_4_jurisdiction_field,business_licensing,GET /licenses/export/dependent-replica-6,jurisdiction_conditioned_field,jurisdiction_field_dependency,audit_contract_tests,1,0,32.0,0,1,1,0,31
business_licensing_6_4_jurisdiction_field,business_licensing,GET /licenses/export/dependent-replica-6,jurisdiction_conditioned_field,jurisdiction_field_dependency,basic_policy_aware_full,1,0,32.0,0,1,1,0,31
business_licensing_6_4_jurisdiction_field,business_licensing,GET /licenses/export/dependent-replica-6,jurisdiction_conditioned_field,jurisdiction_field_dependency,dependent_policy_full,1,1,32.0,0,1,1,0,31
business_licensing_6_4_jurisdiction_field,business_licensing,GET /licenses/export/dependent-replica-6,jurisdiction_conditioned_field,jurisdiction_field_dependency,dependent_without_consent,1,1,32.0,0,1,1,0,31
business_licensing_6_4_jurisdiction_field,business_licensing,GET /licenses/export/dependent-replica-6,jurisdiction_conditioned_field,jurisdiction_field_dependency,dependent_without_threshold,1,1,32.0,0,1,1,0,31
business_licensing_6_4_jurisdiction_field,business_licensing,GET /licenses/export/dependent-replica-6,jurisdiction_conditioned_field,jurisdiction_field_dependency,dependent_without_enhanced_audit,1,1,32.0,0,1,1,0,31
business_licensing_6_4_jurisdiction_field,business_licensing,GET /licenses/export/dependent-replica-6,jurisdiction_conditioned_field,jurisdiction_field_dependency,dependent_without_purpose_field,1,1,32.0,0,1,1,0,31
business_licensing_6_4_consent_field,business_licensing,GET /licenses/export/dependent-replica-6,consent_gated_field,consent_field_dependency,schema_validation,1,0,24.0,1,1,0,0,44
business_licensing_6_4_consent_field,business_licensing,GET /licenses/export/dependent-replica-6,consent_gated_field,consent_field_dependency,role_matrix,1,0,24.0,1,1,0,0,44
business_licensing_6_4_consent_field,business_licensing,GET /licenses/export/dependent-replica-6,consent_gated_field,consent_field_dependency,object_policy_tests,1,0,24.0,1,1,0,0,44
business_licensing_6_4_consent_field,business_licensing,GET /licenses/export/dependent-replica-6,consent_gated_field,consent_field_dependency,field_policy_tests,1,0,24.0,1,1,0,0,44
business_licensing_6_4_consent_field,business_licensing,GET /licenses/export/dependent-replica-6,consent_gated_field,consent_field_dependency,audit_contract_tests,1,0,24.0,1,1,0,0,44
business_licensing_6_4_consent_field,business_licensing,GET /licenses/export/dependent-replica-6,consent_gated_field,consent_field_dependency,basic_policy_aware_full,1,0,24.0,1,1,0,0,44
business_licensing_6_4_consent_field,business_licensing,GET /licenses/export/dependent-replica-6,consent_gated_field,consent_field_dependency,dependent_policy_full,1,1,24.0,1,1,0,0,44
business_licensing_6_4_consent_field,business_licensing,GET /licenses/export/dependent-replica-6,consent_gated_field,consent_field_dependency,dependent_without_consent,1,0,24.0,1,1,0,0,44
business_licensing_6_4_consent_field,business_licensing,GET /licenses/export/dependent-replica-6,consent_gated_field,consent_field_dependency,dependent_without_threshold,1,1,24.0,1,1,0,0,44
business_licensing_6_4_consent_field,business_licensing,GET /licenses/export/dependent-replica-6,consent_gated_field,consent_field_dependency,dependent_without_enhanced_audit,1,1,24.0,1,1,0,0,44
business_licensing_6_4_consent_field,business_licensing,GET /licenses/export/dependent-replica-6,consent_gated_field,consent_field_dependency,dependent_without_purpose_field,1,1,24.0,1,1,0,0,44
business_licensing_6_4_small_cell,business_licensing,GET /licenses/export/dependent-replica-6,aggregation_threshold_leak,aggregation_threshold,schema_validation,1,0,20.0,1,1,1,0,4
business_licensing_6_4_small_cell,business_licensing,GET /licenses/export/dependent-replica-6,aggregation_threshold_leak,aggregation_threshold,role_matrix,1,0,20.0,1,1,1,0,4
business_licensing_6_4_small_cell,business_licensing,GET /licenses/export/dependent-replica-6,aggregation_threshold_leak,aggregation_threshold,object_policy_tests,1,0,20.0,1,1,1,0,4
business_licensing_6_4_small_cell,business_licensing,GET /licenses/export/dependent-replica-6,aggregation_threshold_leak,aggregation_threshold,field_policy_tests,1,0,20.0,1,1,1,0,4
business_licensing_6_4_small_cell,business_licensing,GET /licenses/export/dependent-replica-6,aggregation_threshold_leak,aggregation_threshold,audit_contract_tests,1,0,20.0,1,1,1,0,4
business_licensing_6_4_small_cell,business_licensing,GET /licenses/export/dependent-replica-6,aggregation_threshold_leak,aggregation_threshold,basic_policy_aware_full,1,0,20.0,1,1,1,0,4
business_licensing_6_4_small_cell,business_licensing,GET /licenses/export/dependent-replica-6,aggregation_threshold_leak,aggregation_threshold,dependent_policy_full,1,1,20.0,1,1,1,0,4
business_licensing_6_4_small_cell,business_licensing,GET /licenses/export/dependent-replica-6,aggregation_threshold_leak,aggregation_threshold,dependent_without_consent,1,1,20.0,1,1,1,0,4
business_licensing_6_4_small_cell,business_licensing,GET /licenses/export/dependent-replica-6,aggregation_threshold_leak,aggregation_threshold,dependent_without_threshold,1,0,20.0,1,1,1,0,4
business_licensing_6_4_small_cell,business_licensing,GET /licenses/export/dependent-replica-6,aggregation_threshold_leak,aggregation_threshold,dependent_without_enhanced_audit,1,1,20.0,1,1,1,0,4
business_licensing_6_4_small_cell,business_licensing,GET /licenses/export/dependent-replica-6,aggregation_threshold_leak,aggregation_threshold,dependent_without_purpose_field,1,1,20.0,1,1,1,0,4
business_licensing_6_4_emergency_audit,business_licensing,GET /licenses/export/dependent-replica-6,emergency_audit_downgrade,enhanced_audit_dependency,schema_validation,1,0,16.0,1,1,1,1,30
business_licensing_6_4_emergency_audit,business_licensing,GET /licenses/export/dependent-replica-6,emergency_audit_downgrade,enhanced_audit_dependency,role_matrix,1,0,16.0,1,1,1,1,30
business_licensing_6_4_emergency_audit,business_licensing,GET /licenses/export/dependent-replica-6,emergency_audit_downgrade,enhanced_audit_dependency,object_policy_tests,1,0,16.0,1,1,1,1,30
business_licensing_6_4_emergency_audit,business_licensing,GET /licenses/export/dependent-replica-6,emergency_audit_downgrade,enhanced_audit_dependency,field_policy_tests,1,0,16.0,1,1,1,1,30
business_licensing_6_4_emergency_audit,business_licensing,GET /licenses/export/dependent-replica-6,emergency_audit_downgrade,enhanced_audit_dependency,audit_contract_tests,1,0,16.0,1,1,1,1,30
business_licensing_6_4_emergency_audit,business_licensing,GET /licenses/export/dependent-replica-6,emergency_audit_downgrade,enhanced_audit_dependency,basic_policy_aware_full,1,0,16.0,1,1,1,1,30
business_licensing_6_4_emergency_audit,business_licensing,GET /licenses/export/dependent-replica-6,emergency_audit_downgrade,enhanced_audit_dependency,dependent_policy_full,1,1,16.0,1,1,1,1,30
business_licensing_6_4_emergency_audit,business_licensing,GET /licenses/export/dependent-replica-6,emergency_audit_downgrade,enhanced_audit_dependency,dependent_without_consent,1,1,16.0,1,1,1,1,30
business_licensing_6_4_emergency_audit,business_licensing,GET /licenses/export/dependent-replica-6,emergency_audit_downgrade,enhanced_audit_dependency,dependent_without_threshold,1,1,16.0,1,1,1,1,30
business_licensing_6_4_emergency_audit,business_licensing,GET /licenses/export/dependent-replica-6,emergency_audit_downgrade,enhanced_audit_dependency,dependent_without_enhanced_audit,1,0,16.0,1,1,1,1,30
business_licensing_6_4_emergency_audit,business_licensing,GET /licenses/export/dependent-replica-6,emergency_audit_downgrade,enhanced_audit_dependency,dependent_without_purpose_field,1,1,16.0,1,1,1,1,30
business_licensing_6_4_compound_scope,business_licensing,GET /licenses/export/dependent-replica-6,compound_scope_field,compound_policy_interaction,schema_validation,1,0,40.0,0,0,0,0,3
business_licensing_6_4_compound_scope,business_licensing,GET /licenses/export/dependent-replica-6,compound_scope_field,compound_policy_interaction,role_matrix,1,0,40.0,0,0,0,0,3
business_licensing_6_4_compound_scope,business_licensing,GET /licenses/export/dependent-replica-6,compound_scope_field,compound_policy_interaction,object_policy_tests,1,0,40.0,0,0,0,0,3
business_licensing_6_4_compound_scope,business_licensing,GET /licenses/export/dependent-replica-6,compound_scope_field,compound_policy_interaction,field_policy_tests,1,0,40.0,0,0,0,0,3
business_licensing_6_4_compound_scope,business_licensing,GET /licenses/export/dependent-replica-6,compound_scope_field,compound_policy_interaction,audit_contract_tests,1,0,40.0,0,0,0,0,3
business_licensing_6_4_compound_scope,business_licensing,GET /licenses/export/dependent-replica-6,compound_scope_field,compound_policy_interaction,basic_policy_aware_full,1,0,40.0,0,0,0,0,3
business_licensing_6_4_compound_scope,business_licensing,GET /licenses/export/dependent-replica-6,compound_scope_field,compound_policy_interaction,dependent_policy_full,1,1,40.0,0,0,0,0,3
business_licensing_6_4_compound_scope,business_licensing,GET /licenses/export/dependent-replica-6,compound_scope_field,compound_policy_interaction,dependent_without_consent,1,0,40.0,0,0,0,0,3
business_licensing_6_4_compound_scope,business_licensing,GET /licenses/export/dependent-replica-6,compound_scope_field,compound_policy_interaction,dependent_without_threshold,1,1,40.0,0,0,0,0,3
business_licensing_6_4_compound_scope,business_licensing,GET /licenses/export/dependent-replica-6,compound_scope_field,compound_policy_interaction,dependent_without_enhanced_audit,1,1,40.0,0,0,0,0,3
business_licensing_6_4_compound_scope,business_licensing,GET /licenses/export/dependent-replica-6,compound_scope_field,compound_policy_interaction,dependent_without_purpose_field,1,1,40.0,0,0,0,0,3
business_licensing_6_4_clean_dependent,business_licensing,GET /licenses/export/dependent-replica-6,clean,none,schema_validation,0,0,0.0,1,1,1,0,30
business_licensing_6_4_clean_dependent,business_licensing,GET /licenses/export/dependent-replica-6,clean,none,role_matrix,0,0,0.0,1,1,1,0,30
business_licensing_6_4_clean_dependent,business_licensing,GET /licenses/export/dependent-replica-6,clean,none,object_policy_tests,0,0,0.0,1,1,1,0,30
business_licensing_6_4_clean_dependent,business_licensing,GET /licenses/export/dependent-replica-6,clean,none,field_policy_tests,0,0,0.0,1,1,1,0,30
business_licensing_6_4_clean_dependent,business_licensing,GET /licenses/export/dependent-replica-6,clean,none,audit_contract_tests,0,0,0.0,1,1,1,0,30
business_licensing_6_4_clean_dependent,business_licensing,GET /licenses/export/dependent-replica-6,clean,none,basic_policy_aware_full,0,0,0.0,1,1,1,0,30
business_licensing_6_4_clean_dependent,business_licensing,GET /licenses/export/dependent-replica-6,clean,none,dependent_policy_full,0,0,0.0,1,1,1,0,30
business_licensing_6_4_clean_dependent,business_licensing,GET /licenses/export/dependent-replica-6,clean,none,dependent_without_consent,0,0,0.0,1,1,1,0,30
business_licensing_6_4_clean_dependent,business_licensing,GET /licenses/export/dependent-replica-6,clean,none,dependent_without_threshold,0,0,0.0,1,1,1,0,30
business_licensing_6_4_clean_dependent,business_licensing,GET /licenses/export/dependent-replica-6,clean,none,dependent_without_enhanced_audit,0,0,0.0,1,1,1,0,30
business_licensing_6_4_clean_dependent,business_licensing,GET /licenses/export/dependent-replica-6,clean,none,dependent_without_purpose_field,0,0,0.0,1,1,1,0,30
health_7_1_purpose_field,health,GET /patients/{id}/dependent-replica-7,purpose_conditioned_field,purpose_field_dependency,schema_validation,1,0,35.0,1,1,1,0,27
health_7_1_purpose_field,health,GET /patients/{id}/dependent-replica-7,purpose_conditioned_field,purpose_field_dependency,role_matrix,1,0,35.0,1,1,1,0,27
health_7_1_purpose_field,health,GET /patients/{id}/dependent-replica-7,purpose_conditioned_field,purpose_field_dependency,object_policy_tests,1,0,35.0,1,1,1,0,27
health_7_1_purpose_field,health,GET /patients/{id}/dependent-replica-7,purpose_conditioned_field,purpose_field_dependency,field_policy_tests,1,0,35.0,1,1,1,0,27
health_7_1_purpose_field,health,GET /patients/{id}/dependent-replica-7,purpose_conditioned_field,purpose_field_dependency,audit_contract_tests,1,0,35.0,1,1,1,0,27
health_7_1_purpose_field,health,GET /patients/{id}/dependent-replica-7,purpose_conditioned_field,purpose_field_dependency,basic_policy_aware_full,1,0,35.0,1,1,1,0,27
health_7_1_purpose_field,health,GET /patients/{id}/dependent-replica-7,purpose_conditioned_field,purpose_field_dependency,dependent_policy_full,1,1,35.0,1,1,1,0,27
health_7_1_purpose_field,health,GET /patients/{id}/dependent-replica-7,purpose_conditioned_field,purpose_field_dependency,dependent_without_consent,1,1,35.0,1,1,1,0,27
health_7_1_purpose_field,health,GET /patients/{id}/dependent-replica-7,purpose_conditioned_field,purpose_field_dependency,dependent_without_threshold,1,1,35.0,1,1,1,0,27
health_7_1_purpose_field,health,GET /patients/{id}/dependent-replica-7,purpose_conditioned_field,purpose_field_dependency,dependent_without_enhanced_audit,1,1,35.0,1,1,1,0,27
health_7_1_purpose_field,health,GET /patients/{id}/dependent-replica-7,purpose_conditioned_field,purpose_field_dependency,dependent_without_purpose_field,1,0,35.0,1,1,1,0,27
health_7_1_jurisdiction_field,health,GET /patients/{id}/dependent-replica-7,jurisdiction_conditioned_field,jurisdiction_field_dependency,schema_validation,1,0,40.0,0,1,1,0,31
health_7_1_jurisdiction_field,health,GET /patients/{id}/dependent-replica-7,jurisdiction_conditioned_field,jurisdiction_field_dependency,role_matrix,1,0,40.0,0,1,1,0,31
health_7_1_jurisdiction_field,health,GET /patients/{id}/dependent-replica-7,jurisdiction_conditioned_field,jurisdiction_field_dependency,object_policy_tests,1,0,40.0,0,1,1,0,31
health_7_1_jurisdiction_field,health,GET /patients/{id}/dependent-replica-7,jurisdiction_conditioned_field,jurisdiction_field_dependency,field_policy_tests,1,0,40.0,0,1,1,0,31
health_7_1_jurisdiction_field,health,GET /patients/{id}/dependent-replica-7,jurisdiction_conditioned_field,jurisdiction_field_dependency,audit_contract_tests,1,0,40.0,0,1,1,0,31
health_7_1_jurisdiction_field,health,GET /patients/{id}/dependent-replica-7,jurisdiction_conditioned_field,jurisdiction_field_dependency,basic_policy_aware_full,1,0,40.0,0,1,1,0,31
health_7_1_jurisdiction_field,health,GET /patients/{id}/dependent-replica-7,jurisdiction_conditioned_field,jurisdiction_field_dependency,dependent_policy_full,1,1,40.0,0,1,1,0,31
health_7_1_jurisdiction_field,health,GET /patients/{id}/dependent-replica-7,jurisdiction_conditioned_field,jurisdiction_field_dependency,dependent_without_consent,1,1,40.0,0,1,1,0,31
health_7_1_jurisdiction_field,health,GET /patients/{id}/dependent-replica-7,jurisdiction_conditioned_field,jurisdiction_field_dependency,dependent_without_threshold,1,1,40.0,0,1,1,0,31
health_7_1_jurisdiction_field,health,GET /patients/{id}/dependent-replica-7,jurisdiction_conditioned_field,jurisdiction_field_dependency,dependent_without_enhanced_audit,1,1,40.0,0,1,1,0,31
health_7_1_jurisdiction_field,health,GET /patients/{id}/dependent-replica-7,jurisdiction_conditioned_field,jurisdiction_field_dependency,dependent_without_purpose_field,1,1,40.0,0,1,1,0,31
health_7_1_consent_field,health,GET /patients/{id}/dependent-replica-7,consent_gated_field,consent_field_dependency,schema_validation,1,0,30.0,1,1,0,0,44
health_7_1_consent_field,health,GET /patients/{id}/dependent-replica-7,consent_gated_field,consent_field_dependency,role_matrix,1,0,30.0,1,1,0,0,44
health_7_1_consent_field,health,GET /patients/{id}/dependent-replica-7,consent_gated_field,consent_field_dependency,object_policy_tests,1,0,30.0,1,1,0,0,44
health_7_1_consent_field,health,GET /patients/{id}/dependent-replica-7,consent_gated_field,consent_field_dependency,field_policy_tests,1,0,30.0,1,1,0,0,44
health_7_1_consent_field,health,GET /patients/{id}/dependent-replica-7,consent_gated_field,consent_field_dependency,audit_contract_tests,1,0,30.0,1,1,0,0,44
health_7_1_consent_field,health,GET /patients/{id}/dependent-replica-7,consent_gated_field,consent_field_dependency,basic_policy_aware_full,1,0,30.0,1,1,0,0,44
health_7_1_consent_field,health,GET /patients/{id}/dependent-replica-7,consent_gated_field,consent_field_dependency,dependent_policy_full,1,1,30.0,1,1,0,0,44
health_7_1_consent_field,health,GET /patients/{id}/dependent-replica-7,consent_gated_field,consent_field_dependency,dependent_without_consent,1,0,30.0,1,1,0,0,44
health_7_1_consent_field,health,GET /patients/{id}/dependent-replica-7,consent_gated_field,consent_field_dependency,dependent_without_threshold,1,1,30.0,1,1,0,0,44
health_7_1_consent_field,health,GET /patients/{id}/dependent-replica-7,consent_gated_field,consent_field_dependency,dependent_without_enhanced_audit,1,1,30.0,1,1,0,0,44
health_7_1_consent_field,health,GET /patients/{id}/dependent-replica-7,consent_gated_field,consent_field_dependency,dependent_without_purpose_field,1,1,30.0,1,1,0,0,44
health_7_1_small_cell,health,GET /patients/{id}/dependent-replica-7,aggregation_threshold_leak,aggregation_threshold,schema_validation,1,0,25.0,1,1,1,0,4
health_7_1_small_cell,health,GET /patients/{id}/dependent-replica-7,aggregation_threshold_leak,aggregation_threshold,role_matrix,1,0,25.0,1,1,1,0,4
health_7_1_small_cell,health,GET /patients/{id}/dependent-replica-7,aggregation_threshold_leak,aggregation_threshold,object_policy_tests,1,0,25.0,1,1,1,0,4
health_7_1_small_cell,health,GET /patients/{id}/dependent-replica-7,aggregation_threshold_leak,aggregation_threshold,field_policy_tests,1,0,25.0,1,1,1,0,4
health_7_1_small_cell,health,GET /patients/{id}/dependent-replica-7,aggregation_threshold_leak,aggregation_threshold,audit_contract_tests,1,0,25.0,1,1,1,0,4
health_7_1_small_cell,health,GET /patients/{id}/dependent-replica-7,aggregation_threshold_leak,aggregation_threshold,basic_policy_aware_full,1,0,25.0,1,1,1,0,4
health_7_1_small_cell,health,GET /patients/{id}/dependent-replica-7,aggregation_threshold_leak,aggregation_threshold,dependent_policy_full,1,1,25.0,1,1,1,0,4
health_7_1_small_cell,health,GET /patients/{id}/dependent-replica-7,aggregation_threshold_leak,aggregation_threshold,dependent_without_consent,1,1,25.0,1,1,1,0,4
health_7_1_small_cell,health,GET /patients/{id}/dependent-replica-7,aggregation_threshold_leak,aggregation_threshold,dependent_without_threshold,1,0,25.0,1,1,1,0,4
health_7_1_small_cell,health,GET /patients/{id}/dependent-replica-7,aggregation_threshold_leak,aggregation_threshold,dependent_without_enhanced_audit,1,1,25.0,1,1,1,0,4
health_7_1_small_cell,health,GET /patients/{id}/dependent-replica-7,aggregation_threshold_leak,aggregation_threshold,dependent_without_purpose_field,1,1,25.0,1,1,1,0,4
health_7_1_emergency_audit,health,GET /patients/{id}/dependent-replica-7,emergency_audit_downgrade,enhanced_audit_dependency,schema_validation,1,0,20.0,1,1,1,1,30
health_7_1_emergency_audit,health,GET /patients/{id}/dependent-replica-7,emergency_audit_downgrade,enhanced_audit_dependency,role_matrix,1,0,20.0,1,1,1,1,30
health_7_1_emergency_audit,health,GET /patients/{id}/dependent-replica-7,emergency_audit_downgrade,enhanced_audit_dependency,object_policy_tests,1,0,20.0,1,1,1,1,30
health_7_1_emergency_audit,health,GET /patients/{id}/dependent-replica-7,emergency_audit_downgrade,enhanced_audit_dependency,field_policy_tests,1,0,20.0,1,1,1,1,30
health_7_1_emergency_audit,health,GET /patients/{id}/dependent-replica-7,emergency_audit_downgrade,enhanced_audit_dependency,audit_contract_tests,1,0,20.0,1,1,1,1,30
health_7_1_emergency_audit,health,GET /patients/{id}/dependent-replica-7,emergency_audit_downgrade,enhanced_audit_dependency,basic_policy_aware_full,1,0,20.0,1,1,1,1,30
health_7_1_emergency_audit,health,GET /patients/{id}/dependent-replica-7,emergency_audit_downgrade,enhanced_audit_dependency,dependent_policy_full,1,1,20.0,1,1,1,1,30
health_7_1_emergency_audit,health,GET /patients/{id}/dependent-replica-7,emergency_audit_downgrade,enhanced_audit_dependency,dependent_without_consent,1,1,20.0,1,1,1,1,30
health_7_1_emergency_audit,health,GET /patients/{id}/dependent-replica-7,emergency_audit_downgrade,enhanced_audit_dependency,dependent_without_threshold,1,1,20.0,1,1,1,1,30
health_7_1_emergency_audit,health,GET /patients/{id}/dependent-replica-7,emergency_audit_downgrade,enhanced_audit_dependency,dependent_without_enhanced_audit,1,0,20.0,1,1,1,1,30
health_7_1_emergency_audit,health,GET /patients/{id}/dependent-replica-7,emergency_audit_downgrade,enhanced_audit_dependency,dependent_without_purpose_field,1,1,20.0,1,1,1,1,30
health_7_1_compound_scope,health,GET /patients/{id}/dependent-replica-7,compound_scope_field,compound_policy_interaction,schema_validation,1,0,50.0,0,0,0,0,3
health_7_1_compound_scope,health,GET /patients/{id}/dependent-replica-7,compound_scope_field,compound_policy_interaction,role_matrix,1,0,50.0,0,0,0,0,3
health_7_1_compound_scope,health,GET /patients/{id}/dependent-replica-7,compound_scope_field,compound_policy_interaction,object_policy_tests,1,0,50.0,0,0,0,0,3
health_7_1_compound_scope,health,GET /patients/{id}/dependent-replica-7,compound_scope_field,compound_policy_interaction,field_policy_tests,1,0,50.0,0,0,0,0,3
health_7_1_compound_scope,health,GET /patients/{id}/dependent-replica-7,compound_scope_field,compound_policy_interaction,audit_contract_tests,1,0,50.0,0,0,0,0,3
health_7_1_compound_scope,health,GET /patients/{id}/dependent-replica-7,compound_scope_field,compound_policy_interaction,basic_policy_aware_full,1,0,50.0,0,0,0,0,3
health_7_1_compound_scope,health,GET /patients/{id}/dependent-replica-7,compound_scope_field,compound_policy_interaction,dependent_policy_full,1,1,50.0,0,0,0,0,3
health_7_1_compound_scope,health,GET /patients/{id}/dependent-replica-7,compound_scope_field,compound_policy_interaction,dependent_without_consent,1,0,50.0,0,0,0,0,3
health_7_1_compound_scope,health,GET /patients/{id}/dependent-replica-7,compound_scope_field,compound_policy_interaction,dependent_without_threshold,1,1,50.0,0,0,0,0,3
health_7_1_compound_scope,health,GET /patients/{id}/dependent-replica-7,compound_scope_field,compound_policy_interaction,dependent_without_enhanced_audit,1,1,50.0,0,0,0,0,3
health_7_1_compound_scope,health,GET /patients/{id}/dependent-replica-7,compound_scope_field,compound_policy_interaction,dependent_without_purpose_field,1,1,50.0,0,0,0,0,3
health_7_1_clean_dependent,health,GET /patients/{id}/dependent-replica-7,clean,none,schema_validation,0,0,0.0,1,1,1,0,30
health_7_1_clean_dependent,health,GET /patients/{id}/dependent-replica-7,clean,none,role_matrix,0,0,0.0,1,1,1,0,30
health_7_1_clean_dependent,health,GET /patients/{id}/dependent-replica-7,clean,none,object_policy_tests,0,0,0.0,1,1,1,0,30
health_7_1_clean_dependent,health,GET /patients/{id}/dependent-replica-7,clean,none,field_policy_tests,0,0,0.0,1,1,1,0,30
health_7_1_clean_dependent,health,GET /patients/{id}/dependent-replica-7,clean,none,audit_contract_tests,0,0,0.0,1,1,1,0,30
health_7_1_clean_dependent,health,GET /patients/{id}/dependent-replica-7,clean,none,basic_policy_aware_full,0,0,0.0,1,1,1,0,30
health_7_1_clean_dependent,health,GET /patients/{id}/dependent-replica-7,clean,none,dependent_policy_full,0,0,0.0,1,1,1,0,30
health_7_1_clean_dependent,health,GET /patients/{id}/dependent-replica-7,clean,none,dependent_without_consent,0,0,0.0,1,1,1,0,30
health_7_1_clean_dependent,health,GET /patients/{id}/dependent-replica-7,clean,none,dependent_without_threshold,0,0,0.0,1,1,1,0,30
health_7_1_clean_dependent,health,GET /patients/{id}/dependent-replica-7,clean,none,dependent_without_enhanced_audit,0,0,0.0,1,1,1,0,30
health_7_1_clean_dependent,health,GET /patients/{id}/dependent-replica-7,clean,none,dependent_without_purpose_field,0,0,0.0,1,1,1,0,30
citizen_services_7_2_purpose_field,citizen_services,GET /benefits/{id}/dependent-replica-7,purpose_conditioned_field,purpose_field_dependency,schema_validation,1,0,35.0,1,1,1,0,27
citizen_services_7_2_purpose_field,citizen_services,GET /benefits/{id}/dependent-replica-7,purpose_conditioned_field,purpose_field_dependency,role_matrix,1,0,35.0,1,1,1,0,27
citizen_services_7_2_purpose_field,citizen_services,GET /benefits/{id}/dependent-replica-7,purpose_conditioned_field,purpose_field_dependency,object_policy_tests,1,0,35.0,1,1,1,0,27
citizen_services_7_2_purpose_field,citizen_services,GET /benefits/{id}/dependent-replica-7,purpose_conditioned_field,purpose_field_dependency,field_policy_tests,1,0,35.0,1,1,1,0,27
citizen_services_7_2_purpose_field,citizen_services,GET /benefits/{id}/dependent-replica-7,purpose_conditioned_field,purpose_field_dependency,audit_contract_tests,1,0,35.0,1,1,1,0,27
citizen_services_7_2_purpose_field,citizen_services,GET /benefits/{id}/dependent-replica-7,purpose_conditioned_field,purpose_field_dependency,basic_policy_aware_full,1,0,35.0,1,1,1,0,27
citizen_services_7_2_purpose_field,citizen_services,GET /benefits/{id}/dependent-replica-7,purpose_conditioned_field,purpose_field_dependency,dependent_policy_full,1,1,35.0,1,1,1,0,27
citizen_services_7_2_purpose_field,citizen_services,GET /benefits/{id}/dependent-replica-7,purpose_conditioned_field,purpose_field_dependency,dependent_without_consent,1,1,35.0,1,1,1,0,27
citizen_services_7_2_purpose_field,citizen_services,GET /benefits/{id}/dependent-replica-7,purpose_conditioned_field,purpose_field_dependency,dependent_without_threshold,1,1,35.0,1,1,1,0,27
citizen_services_7_2_purpose_field,citizen_services,GET /benefits/{id}/dependent-replica-7,purpose_conditioned_field,purpose_field_dependency,dependent_without_enhanced_audit,1,1,35.0,1,1,1,0,27
citizen_services_7_2_purpose_field,citizen_services,GET /benefits/{id}/dependent-replica-7,purpose_conditioned_field,purpose_field_dependency,dependent_without_purpose_field,1,0,35.0,1,1,1,0,27
citizen_services_7_2_jurisdiction_field,citizen_services,GET /benefits/{id}/dependent-replica-7,jurisdiction_conditioned_field,jurisdiction_field_dependency,schema_validation,1,0,40.0,0,1,1,0,31
citizen_services_7_2_jurisdiction_field,citizen_services,GET /benefits/{id}/dependent-replica-7,jurisdiction_conditioned_field,jurisdiction_field_dependency,role_matrix,1,0,40.0,0,1,1,0,31
citizen_services_7_2_jurisdiction_field,citizen_services,GET /benefits/{id}/dependent-replica-7,jurisdiction_conditioned_field,jurisdiction_field_dependency,object_policy_tests,1,0,40.0,0,1,1,0,31
citizen_services_7_2_jurisdiction_field,citizen_services,GET /benefits/{id}/dependent-replica-7,jurisdiction_conditioned_field,jurisdiction_field_dependency,field_policy_tests,1,0,40.0,0,1,1,0,31
citizen_services_7_2_jurisdiction_field,citizen_services,GET /benefits/{id}/dependent-replica-7,jurisdiction_conditioned_field,jurisdiction_field_dependency,audit_contract_tests,1,0,40.0,0,1,1,0,31
citizen_services_7_2_jurisdiction_field,citizen_services,GET /benefits/{id}/dependent-replica-7,jurisdiction_conditioned_field,jurisdiction_field_dependency,basic_policy_aware_full,1,0,40.0,0,1,1,0,31
citizen_services_7_2_jurisdiction_field,citizen_services,GET /benefits/{id}/dependent-replica-7,jurisdiction_conditioned_field,jurisdiction_field_dependency,dependent_policy_full,1,1,40.0,0,1,1,0,31
citizen_services_7_2_jurisdiction_field,citizen_services,GET /benefits/{id}/dependent-replica-7,jurisdiction_conditioned_field,jurisdiction_field_dependency,dependent_without_consent,1,1,40.0,0,1,1,0,31
citizen_services_7_2_jurisdiction_field,citizen_services,GET /benefits/{id}/dependent-replica-7,jurisdiction_conditioned_field,jurisdiction_field_dependency,dependent_without_threshold,1,1,40.0,0,1,1,0,31
citizen_services_7_2_jurisdiction_field,citizen_services,GET /benefits/{id}/dependent-replica-7,jurisdiction_conditioned_field,jurisdiction_field_dependency,dependent_without_enhanced_audit,1,1,40.0,0,1,1,0,31
citizen_services_7_2_jurisdiction_field,citizen_services,GET /benefits/{id}/dependent-replica-7,jurisdiction_conditioned_field,jurisdiction_field_dependency,dependent_without_purpose_field,1,1,40.0,0,1,1,0,31
citizen_services_7_2_consent_field,citizen_services,GET /benefits/{id}/dependent-replica-7,consent_gated_field,consent_field_dependency,schema_validation,1,0,30.0,1,1,0,0,44
citizen_services_7_2_consent_field,citizen_services,GET /benefits/{id}/dependent-replica-7,consent_gated_field,consent_field_dependency,role_matrix,1,0,30.0,1,1,0,0,44
citizen_services_7_2_consent_field,citizen_services,GET /benefits/{id}/dependent-replica-7,consent_gated_field,consent_field_dependency,object_policy_tests,1,0,30.0,1,1,0,0,44
citizen_services_7_2_consent_field,citizen_services,GET /benefits/{id}/dependent-replica-7,consent_gated_field,consent_field_dependency,field_policy_tests,1,0,30.0,1,1,0,0,44
citizen_services_7_2_consent_field,citizen_services,GET /benefits/{id}/dependent-replica-7,consent_gated_field,consent_field_dependency,audit_contract_tests,1,0,30.0,1,1,0,0,44
citizen_services_7_2_consent_field,citizen_services,GET /benefits/{id}/dependent-replica-7,consent_gated_field,consent_field_dependency,basic_policy_aware_full,1,0,30.0,1,1,0,0,44
citizen_services_7_2_consent_field,citizen_services,GET /benefits/{id}/dependent-replica-7,consent_gated_field,consent_field_dependency,dependent_policy_full,1,1,30.0,1,1,0,0,44
citizen_services_7_2_consent_field,citizen_services,GET /benefits/{id}/dependent-replica-7,consent_gated_field,consent_field_dependency,dependent_without_consent,1,0,30.0,1,1,0,0,44
citizen_services_7_2_consent_field,citizen_services,GET /benefits/{id}/dependent-replica-7,consent_gated_field,consent_field_dependency,dependent_without_threshold,1,1,30.0,1,1,0,0,44
citizen_services_7_2_consent_field,citizen_services,GET /benefits/{id}/dependent-replica-7,consent_gated_field,consent_field_dependency,dependent_without_enhanced_audit,1,1,30.0,1,1,0,0,44
citizen_services_7_2_consent_field,citizen_services,GET /benefits/{id}/dependent-replica-7,consent_gated_field,consent_field_dependency,dependent_without_purpose_field,1,1,30.0,1,1,0,0,44
citizen_services_7_2_small_cell,citizen_services,GET /benefits/{id}/dependent-replica-7,aggregation_threshold_leak,aggregation_threshold,schema_validation,1,0,25.0,1,1,1,0,4
citizen_services_7_2_small_cell,citizen_services,GET /benefits/{id}/dependent-replica-7,aggregation_threshold_leak,aggregation_threshold,role_matrix,1,0,25.0,1,1,1,0,4
citizen_services_7_2_small_cell,citizen_services,GET /benefits/{id}/dependent-replica-7,aggregation_threshold_leak,aggregation_threshold,object_policy_tests,1,0,25.0,1,1,1,0,4
citizen_services_7_2_small_cell,citizen_services,GET /benefits/{id}/dependent-replica-7,aggregation_threshold_leak,aggregation_threshold,field_policy_tests,1,0,25.0,1,1,1,0,4
citizen_services_7_2_small_cell,citizen_services,GET /benefits/{id}/dependent-replica-7,aggregation_threshold_leak,aggregation_threshold,audit_contract_tests,1,0,25.0,1,1,1,0,4
citizen_services_7_2_small_cell,citizen_services,GET /benefits/{id}/dependent-replica-7,aggregation_threshold_leak,aggregation_threshold,basic_policy_aware_full,1,0,25.0,1,1,1,0,4
citizen_services_7_2_small_cell,citizen_services,GET /benefits/{id}/dependent-replica-7,aggregation_threshold_leak,aggregation_threshold,dependent_policy_full,1,1,25.0,1,1,1,0,4
citizen_services_7_2_small_cell,citizen_services,GET /benefits/{id}/dependent-replica-7,aggregation_threshold_leak,aggregation_threshold,dependent_without_consent,1,1,25.0,1,1,1,0,4
citizen_services_7_2_small_cell,citizen_services,GET /benefits/{id}/dependent-replica-7,aggregation_threshold_leak,aggregation_threshold,dependent_without_threshold,1,0,25.0,1,1,1,0,4
citizen_services_7_2_small_cell,citizen_services,GET /benefits/{id}/dependent-replica-7,aggregation_threshold_leak,aggregation_threshold,dependent_without_enhanced_audit,1,1,25.0,1,1,1,0,4
citizen_services_7_2_small_cell,citizen_services,GET /benefits/{id}/dependent-replica-7,aggregation_threshold_leak,aggregation_threshold,dependent_without_purpose_field,1,1,25.0,1,1,1,0,4
citizen_services_7_2_emergency_audit,citizen_services,GET /benefits/{id}/dependent-replica-7,emergency_audit_downgrade,enhanced_audit_dependency,schema_validation,1,0,20.0,1,1,1,1,30
citizen_services_7_2_emergency_audit,citizen_services,GET /benefits/{id}/dependent-replica-7,emergency_audit_downgrade,enhanced_audit_dependency,role_matrix,1,0,20.0,1,1,1,1,30
citizen_services_7_2_emergency_audit,citizen_services,GET /benefits/{id}/dependent-replica-7,emergency_audit_downgrade,enhanced_audit_dependency,object_policy_tests,1,0,20.0,1,1,1,1,30
citizen_services_7_2_emergency_audit,citizen_services,GET /benefits/{id}/dependent-replica-7,emergency_audit_downgrade,enhanced_audit_dependency,field_policy_tests,1,0,20.0,1,1,1,1,30
citizen_services_7_2_emergency_audit,citizen_services,GET /benefits/{id}/dependent-replica-7,emergency_audit_downgrade,enhanced_audit_dependency,audit_contract_tests,1,0,20.0,1,1,1,1,30
citizen_services_7_2_emergency_audit,citizen_services,GET /benefits/{id}/dependent-replica-7,emergency_audit_downgrade,enhanced_audit_dependency,basic_policy_aware_full,1,0,20.0,1,1,1,1,30
citizen_services_7_2_emergency_audit,citizen_services,GET /benefits/{id}/dependent-replica-7,emergency_audit_downgrade,enhanced_audit_dependency,dependent_policy_full,1,1,20.0,1,1,1,1,30
citizen_services_7_2_emergency_audit,citizen_services,GET /benefits/{id}/dependent-replica-7,emergency_audit_downgrade,enhanced_audit_dependency,dependent_without_consent,1,1,20.0,1,1,1,1,30
citizen_services_7_2_emergency_audit,citizen_services,GET /benefits/{id}/dependent-replica-7,emergency_audit_downgrade,enhanced_audit_dependency,dependent_without_threshold,1,1,20.0,1,1,1,1,30
citizen_services_7_2_emergency_audit,citizen_services,GET /benefits/{id}/dependent-replica-7,emergency_audit_downgrade,enhanced_audit_dependency,dependent_without_enhanced_audit,1,0,20.0,1,1,1,1,30
citizen_services_7_2_emergency_audit,citizen_services,GET /benefits/{id}/dependent-replica-7,emergency_audit_downgrade,enhanced_audit_dependency,dependent_without_purpose_field,1,1,20.0,1,1,1,1,30
citizen_services_7_2_compound_scope,citizen_services,GET /benefits/{id}/dependent-replica-7,compound_scope_field,compound_policy_interaction,schema_validation,1,0,50.0,0,0,0,0,3
citizen_services_7_2_compound_scope,citizen_services,GET /benefits/{id}/dependent-replica-7,compound_scope_field,compound_policy_interaction,role_matrix,1,0,50.0,0,0,0,0,3
citizen_services_7_2_compound_scope,citizen_services,GET /benefits/{id}/dependent-replica-7,compound_scope_field,compound_policy_interaction,object_policy_tests,1,0,50.0,0,0,0,0,3
citizen_services_7_2_compound_scope,citizen_services,GET /benefits/{id}/dependent-replica-7,compound_scope_field,compound_policy_interaction,field_policy_tests,1,0,50.0,0,0,0,0,3
citizen_services_7_2_compound_scope,citizen_services,GET /benefits/{id}/dependent-replica-7,compound_scope_field,compound_policy_interaction,audit_contract_tests,1,0,50.0,0,0,0,0,3
citizen_services_7_2_compound_scope,citizen_services,GET /benefits/{id}/dependent-replica-7,compound_scope_field,compound_policy_interaction,basic_policy_aware_full,1,0,50.0,0,0,0,0,3
citizen_services_7_2_compound_scope,citizen_services,GET /benefits/{id}/dependent-replica-7,compound_scope_field,compound_policy_interaction,dependent_policy_full,1,1,50.0,0,0,0,0,3
citizen_services_7_2_compound_scope,citizen_services,GET /benefits/{id}/dependent-replica-7,compound_scope_field,compound_policy_interaction,dependent_without_consent,1,0,50.0,0,0,0,0,3
citizen_services_7_2_compound_scope,citizen_services,GET /benefits/{id}/dependent-replica-7,compound_scope_field,compound_policy_interaction,dependent_without_threshold,1,1,50.0,0,0,0,0,3
citizen_services_7_2_compound_scope,citizen_services,GET /benefits/{id}/dependent-replica-7,compound_scope_field,compound_policy_interaction,dependent_without_enhanced_audit,1,1,50.0,0,0,0,0,3
citizen_services_7_2_compound_scope,citizen_services,GET /benefits/{id}/dependent-replica-7,compound_scope_field,compound_policy_interaction,dependent_without_purpose_field,1,1,50.0,0,0,0,0,3
citizen_services_7_2_clean_dependent,citizen_services,GET /benefits/{id}/dependent-replica-7,clean,none,schema_validation,0,0,0.0,1,1,1,0,30
citizen_services_7_2_clean_dependent,citizen_services,GET /benefits/{id}/dependent-replica-7,clean,none,role_matrix,0,0,0.0,1,1,1,0,30
citizen_services_7_2_clean_dependent,citizen_services,GET /benefits/{id}/dependent-replica-7,clean,none,object_policy_tests,0,0,0.0,1,1,1,0,30
citizen_services_7_2_clean_dependent,citizen_services,GET /benefits/{id}/dependent-replica-7,clean,none,field_policy_tests,0,0,0.0,1,1,1,0,30
citizen_services_7_2_clean_dependent,citizen_services,GET /benefits/{id}/dependent-replica-7,clean,none,audit_contract_tests,0,0,0.0,1,1,1,0,30
citizen_services_7_2_clean_dependent,citizen_services,GET /benefits/{id}/dependent-replica-7,clean,none,basic_policy_aware_full,0,0,0.0,1,1,1,0,30
citizen_services_7_2_clean_dependent,citizen_services,GET /benefits/{id}/dependent-replica-7,clean,none,dependent_policy_full,0,0,0.0,1,1,1,0,30
citizen_services_7_2_clean_dependent,citizen_services,GET /benefits/{id}/dependent-replica-7,clean,none,dependent_without_consent,0,0,0.0,1,1,1,0,30
citizen_services_7_2_clean_dependent,citizen_services,GET /benefits/{id}/dependent-replica-7,clean,none,dependent_without_threshold,0,0,0.0,1,1,1,0,30
citizen_services_7_2_clean_dependent,citizen_services,GET /benefits/{id}/dependent-replica-7,clean,none,dependent_without_enhanced_audit,0,0,0.0,1,1,1,0,30
citizen_services_7_2_clean_dependent,citizen_services,GET /benefits/{id}/dependent-replica-7,clean,none,dependent_without_purpose_field,0,0,0.0,1,1,1,0,30
education_7_3_purpose_field,education,GET /students/{id}/record/dependent-replica-7,purpose_conditioned_field,purpose_field_dependency,schema_validation,1,0,35.0,1,1,1,0,27
education_7_3_purpose_field,education,GET /students/{id}/record/dependent-replica-7,purpose_conditioned_field,purpose_field_dependency,role_matrix,1,0,35.0,1,1,1,0,27
education_7_3_purpose_field,education,GET /students/{id}/record/dependent-replica-7,purpose_conditioned_field,purpose_field_dependency,object_policy_tests,1,0,35.0,1,1,1,0,27
education_7_3_purpose_field,education,GET /students/{id}/record/dependent-replica-7,purpose_conditioned_field,purpose_field_dependency,field_policy_tests,1,0,35.0,1,1,1,0,27
education_7_3_purpose_field,education,GET /students/{id}/record/dependent-replica-7,purpose_conditioned_field,purpose_field_dependency,audit_contract_tests,1,0,35.0,1,1,1,0,27
education_7_3_purpose_field,education,GET /students/{id}/record/dependent-replica-7,purpose_conditioned_field,purpose_field_dependency,basic_policy_aware_full,1,0,35.0,1,1,1,0,27
education_7_3_purpose_field,education,GET /students/{id}/record/dependent-replica-7,purpose_conditioned_field,purpose_field_dependency,dependent_policy_full,1,1,35.0,1,1,1,0,27
education_7_3_purpose_field,education,GET /students/{id}/record/dependent-replica-7,purpose_conditioned_field,purpose_field_dependency,dependent_without_consent,1,1,35.0,1,1,1,0,27
education_7_3_purpose_field,education,GET /students/{id}/record/dependent-replica-7,purpose_conditioned_field,purpose_field_dependency,dependent_without_threshold,1,1,35.0,1,1,1,0,27
education_7_3_purpose_field,education,GET /students/{id}/record/dependent-replica-7,purpose_conditioned_field,purpose_field_dependency,dependent_without_enhanced_audit,1,1,35.0,1,1,1,0,27
education_7_3_purpose_field,education,GET /students/{id}/record/dependent-replica-7,purpose_conditioned_field,purpose_field_dependency,dependent_without_purpose_field,1,0,35.0,1,1,1,0,27
education_7_3_jurisdiction_field,education,GET /students/{id}/record/dependent-replica-7,jurisdiction_conditioned_field,jurisdiction_field_dependency,schema_validation,1,0,40.0,0,1,1,0,31
education_7_3_jurisdiction_field,education,GET /students/{id}/record/dependent-replica-7,jurisdiction_conditioned_field,jurisdiction_field_dependency,role_matrix,1,0,40.0,0,1,1,0,31
education_7_3_jurisdiction_field,education,GET /students/{id}/record/dependent-replica-7,jurisdiction_conditioned_field,jurisdiction_field_dependency,object_policy_tests,1,0,40.0,0,1,1,0,31
education_7_3_jurisdiction_field,education,GET /students/{id}/record/dependent-replica-7,jurisdiction_conditioned_field,jurisdiction_field_dependency,field_policy_tests,1,0,40.0,0,1,1,0,31
education_7_3_jurisdiction_field,education,GET /students/{id}/record/dependent-replica-7,jurisdiction_conditioned_field,jurisdiction_field_dependency,audit_contract_tests,1,0,40.0,0,1,1,0,31
education_7_3_jurisdiction_field,education,GET /students/{id}/record/dependent-replica-7,jurisdiction_conditioned_field,jurisdiction_field_dependency,basic_policy_aware_full,1,0,40.0,0,1,1,0,31
education_7_3_jurisdiction_field,education,GET /students/{id}/record/dependent-replica-7,jurisdiction_conditioned_field,jurisdiction_field_dependency,dependent_policy_full,1,1,40.0,0,1,1,0,31
education_7_3_jurisdiction_field,education,GET /students/{id}/record/dependent-replica-7,jurisdiction_conditioned_field,jurisdiction_field_dependency,dependent_without_consent,1,1,40.0,0,1,1,0,31
education_7_3_jurisdiction_field,education,GET /students/{id}/record/dependent-replica-7,jurisdiction_conditioned_field,jurisdiction_field_dependency,dependent_without_threshold,1,1,40.0,0,1,1,0,31
education_7_3_jurisdiction_field,education,GET /students/{id}/record/dependent-replica-7,jurisdiction_conditioned_field,jurisdiction_field_dependency,dependent_without_enhanced_audit,1,1,40.0,0,1,1,0,31
education_7_3_jurisdiction_field,education,GET /students/{id}/record/dependent-replica-7,jurisdiction_conditioned_field,jurisdiction_field_dependency,dependent_without_purpose_field,1,1,40.0,0,1,1,0,31
education_7_3_consent_field,education,GET /students/{id}/record/dependent-replica-7,consent_gated_field,consent_field_dependency,schema_validation,1,0,30.0,1,1,0,0,44
education_7_3_consent_field,education,GET /students/{id}/record/dependent-replica-7,consent_gated_field,consent_field_dependency,role_matrix,1,0,30.0,1,1,0,0,44
education_7_3_consent_field,education,GET /students/{id}/record/dependent-replica-7,consent_gated_field,consent_field_dependency,object_policy_tests,1,0,30.0,1,1,0,0,44
education_7_3_consent_field,education,GET /students/{id}/record/dependent-replica-7,consent_gated_field,consent_field_dependency,field_policy_tests,1,0,30.0,1,1,0,0,44
education_7_3_consent_field,education,GET /students/{id}/record/dependent-replica-7,consent_gated_field,consent_field_dependency,audit_contract_tests,1,0,30.0,1,1,0,0,44
education_7_3_consent_field,education,GET /students/{id}/record/dependent-replica-7,consent_gated_field,consent_field_dependency,basic_policy_aware_full,1,0,30.0,1,1,0,0,44
education_7_3_consent_field,education,GET /students/{id}/record/dependent-replica-7,consent_gated_field,consent_field_dependency,dependent_policy_full,1,1,30.0,1,1,0,0,44
education_7_3_consent_field,education,GET /students/{id}/record/dependent-replica-7,consent_gated_field,consent_field_dependency,dependent_without_consent,1,0,30.0,1,1,0,0,44
education_7_3_consent_field,education,GET /students/{id}/record/dependent-replica-7,consent_gated_field,consent_field_dependency,dependent_without_threshold,1,1,30.0,1,1,0,0,44
education_7_3_consent_field,education,GET /students/{id}/record/dependent-replica-7,consent_gated_field,consent_field_dependency,dependent_without_enhanced_audit,1,1,30.0,1,1,0,0,44
education_7_3_consent_field,education,GET /students/{id}/record/dependent-replica-7,consent_gated_field,consent_field_dependency,dependent_without_purpose_field,1,1,30.0,1,1,0,0,44
education_7_3_small_cell,education,GET /students/{id}/record/dependent-replica-7,aggregation_threshold_leak,aggregation_threshold,schema_validation,1,0,25.0,1,1,1,0,4
education_7_3_small_cell,education,GET /students/{id}/record/dependent-replica-7,aggregation_threshold_leak,aggregation_threshold,role_matrix,1,0,25.0,1,1,1,0,4
education_7_3_small_cell,education,GET /students/{id}/record/dependent-replica-7,aggregation_threshold_leak,aggregation_threshold,object_policy_tests,1,0,25.0,1,1,1,0,4
education_7_3_small_cell,education,GET /students/{id}/record/dependent-replica-7,aggregation_threshold_leak,aggregation_threshold,field_policy_tests,1,0,25.0,1,1,1,0,4
education_7_3_small_cell,education,GET /students/{id}/record/dependent-replica-7,aggregation_threshold_leak,aggregation_threshold,audit_contract_tests,1,0,25.0,1,1,1,0,4
education_7_3_small_cell,education,GET /students/{id}/record/dependent-replica-7,aggregation_threshold_leak,aggregation_threshold,basic_policy_aware_full,1,0,25.0,1,1,1,0,4
education_7_3_small_cell,education,GET /students/{id}/record/dependent-replica-7,aggregation_threshold_leak,aggregation_threshold,dependent_policy_full,1,1,25.0,1,1,1,0,4
education_7_3_small_cell,education,GET /students/{id}/record/dependent-replica-7,aggregation_threshold_leak,aggregation_threshold,dependent_without_consent,1,1,25.0,1,1,1,0,4
education_7_3_small_cell,education,GET /students/{id}/record/dependent-replica-7,aggregation_threshold_leak,aggregation_threshold,dependent_without_threshold,1,0,25.0,1,1,1,0,4
education_7_3_small_cell,education,GET /students/{id}/record/dependent-replica-7,aggregation_threshold_leak,aggregation_threshold,dependent_without_enhanced_audit,1,1,25.0,1,1,1,0,4
education_7_3_small_cell,education,GET /students/{id}/record/dependent-replica-7,aggregation_threshold_leak,aggregation_threshold,dependent_without_purpose_field,1,1,25.0,1,1,1,0,4
education_7_3_emergency_audit,education,GET /students/{id}/record/dependent-replica-7,emergency_audit_downgrade,enhanced_audit_dependency,schema_validation,1,0,20.0,1,1,1,1,30
education_7_3_emergency_audit,education,GET /students/{id}/record/dependent-replica-7,emergency_audit_downgrade,enhanced_audit_dependency,role_matrix,1,0,20.0,1,1,1,1,30
education_7_3_emergency_audit,education,GET /students/{id}/record/dependent-replica-7,emergency_audit_downgrade,enhanced_audit_dependency,object_policy_tests,1,0,20.0,1,1,1,1,30
education_7_3_emergency_audit,education,GET /students/{id}/record/dependent-replica-7,emergency_audit_downgrade,enhanced_audit_dependency,field_policy_tests,1,0,20.0,1,1,1,1,30
education_7_3_emergency_audit,education,GET /students/{id}/record/dependent-replica-7,emergency_audit_downgrade,enhanced_audit_dependency,audit_contract_tests,1,0,20.0,1,1,1,1,30
education_7_3_emergency_audit,education,GET /students/{id}/record/dependent-replica-7,emergency_audit_downgrade,enhanced_audit_dependency,basic_policy_aware_full,1,0,20.0,1,1,1,1,30
education_7_3_emergency_audit,education,GET /students/{id}/record/dependent-replica-7,emergency_audit_downgrade,enhanced_audit_dependency,dependent_policy_full,1,1,20.0,1,1,1,1,30
education_7_3_emergency_audit,education,GET /students/{id}/record/dependent-replica-7,emergency_audit_downgrade,enhanced_audit_dependency,dependent_without_consent,1,1,20.0,1,1,1,1,30
education_7_3_emergency_audit,education,GET /students/{id}/record/dependent-replica-7,emergency_audit_downgrade,enhanced_audit_dependency,dependent_without_threshold,1,1,20.0,1,1,1,1,30
education_7_3_emergency_audit,education,GET /students/{id}/record/dependent-replica-7,emergency_audit_downgrade,enhanced_audit_dependency,dependent_without_enhanced_audit,1,0,20.0,1,1,1,1,30
education_7_3_emergency_audit,education,GET /students/{id}/record/dependent-replica-7,emergency_audit_downgrade,enhanced_audit_dependency,dependent_without_purpose_field,1,1,20.0,1,1,1,1,30
education_7_3_compound_scope,education,GET /students/{id}/record/dependent-replica-7,compound_scope_field,compound_policy_interaction,schema_validation,1,0,50.0,0,0,0,0,3
education_7_3_compound_scope,education,GET /students/{id}/record/dependent-replica-7,compound_scope_field,compound_policy_interaction,role_matrix,1,0,50.0,0,0,0,0,3
education_7_3_compound_scope,education,GET /students/{id}/record/dependent-replica-7,compound_scope_field,compound_policy_interaction,object_policy_tests,1,0,50.0,0,0,0,0,3
education_7_3_compound_scope,education,GET /students/{id}/record/dependent-replica-7,compound_scope_field,compound_policy_interaction,field_policy_tests,1,0,50.0,0,0,0,0,3
education_7_3_compound_scope,education,GET /students/{id}/record/dependent-replica-7,compound_scope_field,compound_policy_interaction,audit_contract_tests,1,0,50.0,0,0,0,0,3
education_7_3_compound_scope,education,GET /students/{id}/record/dependent-replica-7,compound_scope_field,compound_policy_interaction,basic_policy_aware_full,1,0,50.0,0,0,0,0,3
education_7_3_compound_scope,education,GET /students/{id}/record/dependent-replica-7,compound_scope_field,compound_policy_interaction,dependent_policy_full,1,1,50.0,0,0,0,0,3
education_7_3_compound_scope,education,GET /students/{id}/record/dependent-replica-7,compound_scope_field,compound_policy_interaction,dependent_without_consent,1,0,50.0,0,0,0,0,3
education_7_3_compound_scope,education,GET /students/{id}/record/dependent-replica-7,compound_scope_field,compound_policy_interaction,dependent_without_threshold,1,1,50.0,0,0,0,0,3
education_7_3_compound_scope,education,GET /students/{id}/record/dependent-replica-7,compound_scope_field,compound_policy_interaction,dependent_without_enhanced_audit,1,1,50.0,0,0,0,0,3
education_7_3_compound_scope,education,GET /students/{id}/record/dependent-replica-7,compound_scope_field,compound_policy_interaction,dependent_without_purpose_field,1,1,50.0,0,0,0,0,3
education_7_3_clean_dependent,education,GET /students/{id}/record/dependent-replica-7,clean,none,schema_validation,0,0,0.0,1,1,1,0,30
education_7_3_clean_dependent,education,GET /students/{id}/record/dependent-replica-7,clean,none,role_matrix,0,0,0.0,1,1,1,0,30
education_7_3_clean_dependent,education,GET /students/{id}/record/dependent-replica-7,clean,none,object_policy_tests,0,0,0.0,1,1,1,0,30
education_7_3_clean_dependent,education,GET /students/{id}/record/dependent-replica-7,clean,none,field_policy_tests,0,0,0.0,1,1,1,0,30
education_7_3_clean_dependent,education,GET /students/{id}/record/dependent-replica-7,clean,none,audit_contract_tests,0,0,0.0,1,1,1,0,30
education_7_3_clean_dependent,education,GET /students/{id}/record/dependent-replica-7,clean,none,basic_policy_aware_full,0,0,0.0,1,1,1,0,30
education_7_3_clean_dependent,education,GET /students/{id}/record/dependent-replica-7,clean,none,dependent_policy_full,0,0,0.0,1,1,1,0,30
education_7_3_clean_dependent,education,GET /students/{id}/record/dependent-replica-7,clean,none,dependent_without_consent,0,0,0.0,1,1,1,0,30
education_7_3_clean_dependent,education,GET /students/{id}/record/dependent-replica-7,clean,none,dependent_without_threshold,0,0,0.0,1,1,1,0,30
education_7_3_clean_dependent,education,GET /students/{id}/record/dependent-replica-7,clean,none,dependent_without_enhanced_audit,0,0,0.0,1,1,1,0,30
education_7_3_clean_dependent,education,GET /students/{id}/record/dependent-replica-7,clean,none,dependent_without_purpose_field,0,0,0.0,1,1,1,0,30
business_licensing_7_4_purpose_field,business_licensing,GET /licenses/export/dependent-replica-7,purpose_conditioned_field,purpose_field_dependency,schema_validation,1,0,28.0,1,1,1,0,27
business_licensing_7_4_purpose_field,business_licensing,GET /licenses/export/dependent-replica-7,purpose_conditioned_field,purpose_field_dependency,role_matrix,1,0,28.0,1,1,1,0,27
business_licensing_7_4_purpose_field,business_licensing,GET /licenses/export/dependent-replica-7,purpose_conditioned_field,purpose_field_dependency,object_policy_tests,1,0,28.0,1,1,1,0,27
business_licensing_7_4_purpose_field,business_licensing,GET /licenses/export/dependent-replica-7,purpose_conditioned_field,purpose_field_dependency,field_policy_tests,1,0,28.0,1,1,1,0,27
business_licensing_7_4_purpose_field,business_licensing,GET /licenses/export/dependent-replica-7,purpose_conditioned_field,purpose_field_dependency,audit_contract_tests,1,0,28.0,1,1,1,0,27
business_licensing_7_4_purpose_field,business_licensing,GET /licenses/export/dependent-replica-7,purpose_conditioned_field,purpose_field_dependency,basic_policy_aware_full,1,0,28.0,1,1,1,0,27
business_licensing_7_4_purpose_field,business_licensing,GET /licenses/export/dependent-replica-7,purpose_conditioned_field,purpose_field_dependency,dependent_policy_full,1,1,28.0,1,1,1,0,27
business_licensing_7_4_purpose_field,business_licensing,GET /licenses/export/dependent-replica-7,purpose_conditioned_field,purpose_field_dependency,dependent_without_consent,1,1,28.0,1,1,1,0,27
business_licensing_7_4_purpose_field,business_licensing,GET /licenses/export/dependent-replica-7,purpose_conditioned_field,purpose_field_dependency,dependent_without_threshold,1,1,28.0,1,1,1,0,27
business_licensing_7_4_purpose_field,business_licensing,GET /licenses/export/dependent-replica-7,purpose_conditioned_field,purpose_field_dependency,dependent_without_enhanced_audit,1,1,28.0,1,1,1,0,27
business_licensing_7_4_purpose_field,business_licensing,GET /licenses/export/dependent-replica-7,purpose_conditioned_field,purpose_field_dependency,dependent_without_purpose_field,1,0,28.0,1,1,1,0,27
business_licensing_7_4_jurisdiction_field,business_licensing,GET /licenses/export/dependent-replica-7,jurisdiction_conditioned_field,jurisdiction_field_dependency,schema_validation,1,0,32.0,0,1,1,0,31
business_licensing_7_4_jurisdiction_field,business_licensing,GET /licenses/export/dependent-replica-7,jurisdiction_conditioned_field,jurisdiction_field_dependency,role_matrix,1,0,32.0,0,1,1,0,31
business_licensing_7_4_jurisdiction_field,business_licensing,GET /licenses/export/dependent-replica-7,jurisdiction_conditioned_field,jurisdiction_field_dependency,object_policy_tests,1,0,32.0,0,1,1,0,31
business_licensing_7_4_jurisdiction_field,business_licensing,GET /licenses/export/dependent-replica-7,jurisdiction_conditioned_field,jurisdiction_field_dependency,field_policy_tests,1,0,32.0,0,1,1,0,31
business_licensing_7_4_jurisdiction_field,business_licensing,GET /licenses/export/dependent-replica-7,jurisdiction_conditioned_field,jurisdiction_field_dependency,audit_contract_tests,1,0,32.0,0,1,1,0,31
business_licensing_7_4_jurisdiction_field,business_licensing,GET /licenses/export/dependent-replica-7,jurisdiction_conditioned_field,jurisdiction_field_dependency,basic_policy_aware_full,1,0,32.0,0,1,1,0,31
business_licensing_7_4_jurisdiction_field,business_licensing,GET /licenses/export/dependent-replica-7,jurisdiction_conditioned_field,jurisdiction_field_dependency,dependent_policy_full,1,1,32.0,0,1,1,0,31
business_licensing_7_4_jurisdiction_field,business_licensing,GET /licenses/export/dependent-replica-7,jurisdiction_conditioned_field,jurisdiction_field_dependency,dependent_without_consent,1,1,32.0,0,1,1,0,31
business_licensing_7_4_jurisdiction_field,business_licensing,GET /licenses/export/dependent-replica-7,jurisdiction_conditioned_field,jurisdiction_field_dependency,dependent_without_threshold,1,1,32.0,0,1,1,0,31
business_licensing_7_4_jurisdiction_field,business_licensing,GET /licenses/export/dependent-replica-7,jurisdiction_conditioned_field,jurisdiction_field_dependency,dependent_without_enhanced_audit,1,1,32.0,0,1,1,0,31
business_licensing_7_4_jurisdiction_field,business_licensing,GET /licenses/export/dependent-replica-7,jurisdiction_conditioned_field,jurisdiction_field_dependency,dependent_without_purpose_field,1,1,32.0,0,1,1,0,31
business_licensing_7_4_consent_field,business_licensing,GET /licenses/export/dependent-replica-7,consent_gated_field,consent_field_dependency,schema_validation,1,0,24.0,1,1,0,0,44
business_licensing_7_4_consent_field,business_licensing,GET /licenses/export/dependent-replica-7,consent_gated_field,consent_field_dependency,role_matrix,1,0,24.0,1,1,0,0,44
business_licensing_7_4_consent_field,business_licensing,GET /licenses/export/dependent-replica-7,consent_gated_field,consent_field_dependency,object_policy_tests,1,0,24.0,1,1,0,0,44
business_licensing_7_4_consent_field,business_licensing,GET /licenses/export/dependent-replica-7,consent_gated_field,consent_field_dependency,field_policy_tests,1,0,24.0,1,1,0,0,44
business_licensing_7_4_consent_field,business_licensing,GET /licenses/export/dependent-replica-7,consent_gated_field,consent_field_dependency,audit_contract_tests,1,0,24.0,1,1,0,0,44
business_licensing_7_4_consent_field,business_licensing,GET /licenses/export/dependent-replica-7,consent_gated_field,consent_field_dependency,basic_policy_aware_full,1,0,24.0,1,1,0,0,44
business_licensing_7_4_consent_field,business_licensing,GET /licenses/export/dependent-replica-7,consent_gated_field,consent_field_dependency,dependent_policy_full,1,1,24.0,1,1,0,0,44
business_licensing_7_4_consent_field,business_licensing,GET /licenses/export/dependent-replica-7,consent_gated_field,consent_field_dependency,dependent_without_consent,1,0,24.0,1,1,0,0,44
business_licensing_7_4_consent_field,business_licensing,GET /licenses/export/dependent-replica-7,consent_gated_field,consent_field_dependency,dependent_without_threshold,1,1,24.0,1,1,0,0,44
business_licensing_7_4_consent_field,business_licensing,GET /licenses/export/dependent-replica-7,consent_gated_field,consent_field_dependency,dependent_without_enhanced_audit,1,1,24.0,1,1,0,0,44
business_licensing_7_4_consent_field,business_licensing,GET /licenses/export/dependent-replica-7,consent_gated_field,consent_field_dependency,dependent_without_purpose_field,1,1,24.0,1,1,0,0,44
business_licensing_7_4_small_cell,business_licensing,GET /licenses/export/dependent-replica-7,aggregation_threshold_leak,aggregation_threshold,schema_validation,1,0,20.0,1,1,1,0,4
business_licensing_7_4_small_cell,business_licensing,GET /licenses/export/dependent-replica-7,aggregation_threshold_leak,aggregation_threshold,role_matrix,1,0,20.0,1,1,1,0,4
business_licensing_7_4_small_cell,business_licensing,GET /licenses/export/dependent-replica-7,aggregation_threshold_leak,aggregation_threshold,object_policy_tests,1,0,20.0,1,1,1,0,4
business_licensing_7_4_small_cell,business_licensing,GET /licenses/export/dependent-replica-7,aggregation_threshold_leak,aggregation_threshold,field_policy_tests,1,0,20.0,1,1,1,0,4
business_licensing_7_4_small_cell,business_licensing,GET /licenses/export/dependent-replica-7,aggregation_threshold_leak,aggregation_threshold,audit_contract_tests,1,0,20.0,1,1,1,0,4
business_licensing_7_4_small_cell,business_licensing,GET /licenses/export/dependent-replica-7,aggregation_threshold_leak,aggregation_threshold,basic_policy_aware_full,1,0,20.0,1,1,1,0,4
business_licensing_7_4_small_cell,business_licensing,GET /licenses/export/dependent-replica-7,aggregation_threshold_leak,aggregation_threshold,dependent_policy_full,1,1,20.0,1,1,1,0,4
business_licensing_7_4_small_cell,business_licensing,GET /licenses/export/dependent-replica-7,aggregation_threshold_leak,aggregation_threshold,dependent_without_consent,1,1,20.0,1,1,1,0,4
business_licensing_7_4_small_cell,business_licensing,GET /licenses/export/dependent-replica-7,aggregation_threshold_leak,aggregation_threshold,dependent_without_threshold,1,0,20.0,1,1,1,0,4
business_licensing_7_4_small_cell,business_licensing,GET /licenses/export/dependent-replica-7,aggregation_threshold_leak,aggregation_threshold,dependent_without_enhanced_audit,1,1,20.0,1,1,1,0,4
business_licensing_7_4_small_cell,business_licensing,GET /licenses/export/dependent-replica-7,aggregation_threshold_leak,aggregation_threshold,dependent_without_purpose_field,1,1,20.0,1,1,1,0,4
business_licensing_7_4_emergency_audit,business_licensing,GET /licenses/export/dependent-replica-7,emergency_audit_downgrade,enhanced_audit_dependency,schema_validation,1,0,16.0,1,1,1,1,30
business_licensing_7_4_emergency_audit,business_licensing,GET /licenses/export/dependent-replica-7,emergency_audit_downgrade,enhanced_audit_dependency,role_matrix,1,0,16.0,1,1,1,1,30
business_licensing_7_4_emergency_audit,business_licensing,GET /licenses/export/dependent-replica-7,emergency_audit_downgrade,enhanced_audit_dependency,object_policy_tests,1,0,16.0,1,1,1,1,30
business_licensing_7_4_emergency_audit,business_licensing,GET /licenses/export/dependent-replica-7,emergency_audit_downgrade,enhanced_audit_dependency,field_policy_tests,1,0,16.0,1,1,1,1,30
business_licensing_7_4_emergency_audit,business_licensing,GET /licenses/export/dependent-replica-7,emergency_audit_downgrade,enhanced_audit_dependency,audit_contract_tests,1,0,16.0,1,1,1,1,30
business_licensing_7_4_emergency_audit,business_licensing,GET /licenses/export/dependent-replica-7,emergency_audit_downgrade,enhanced_audit_dependency,basic_policy_aware_full,1,0,16.0,1,1,1,1,30
business_licensing_7_4_emergency_audit,business_licensing,GET /licenses/export/dependent-replica-7,emergency_audit_downgrade,enhanced_audit_dependency,dependent_policy_full,1,1,16.0,1,1,1,1,30
business_licensing_7_4_emergency_audit,business_licensing,GET /licenses/export/dependent-replica-7,emergency_audit_downgrade,enhanced_audit_dependency,dependent_without_consent,1,1,16.0,1,1,1,1,30
business_licensing_7_4_emergency_audit,business_licensing,GET /licenses/export/dependent-replica-7,emergency_audit_downgrade,enhanced_audit_dependency,dependent_without_threshold,1,1,16.0,1,1,1,1,30
business_licensing_7_4_emergency_audit,business_licensing,GET /licenses/export/dependent-replica-7,emergency_audit_downgrade,enhanced_audit_dependency,dependent_without_enhanced_audit,1,0,16.0,1,1,1,1,30
business_licensing_7_4_emergency_audit,business_licensing,GET /licenses/export/dependent-replica-7,emergency_audit_downgrade,enhanced_audit_dependency,dependent_without_purpose_field,1,1,16.0,1,1,1,1,30
business_licensing_7_4_compound_scope,business_licensing,GET /licenses/export/dependent-replica-7,compound_scope_field,compound_policy_interaction,schema_validation,1,0,40.0,0,0,0,0,3
business_licensing_7_4_compound_scope,business_licensing,GET /licenses/export/dependent-replica-7,compound_scope_field,compound_policy_interaction,role_matrix,1,0,40.0,0,0,0,0,3
business_licensing_7_4_compound_scope,business_licensing,GET /licenses/export/dependent-replica-7,compound_scope_field,compound_policy_interaction,object_policy_tests,1,0,40.0,0,0,0,0,3
business_licensing_7_4_compound_scope,business_licensing,GET /licenses/export/dependent-replica-7,compound_scope_field,compound_policy_interaction,field_policy_tests,1,0,40.0,0,0,0,0,3
business_licensing_7_4_compound_scope,business_licensing,GET /licenses/export/dependent-replica-7,compound_scope_field,compound_policy_interaction,audit_contract_tests,1,0,40.0,0,0,0,0,3
business_licensing_7_4_compound_scope,business_licensing,GET /licenses/export/dependent-replica-7,compound_scope_field,compound_policy_interaction,basic_policy_aware_full,1,0,40.0,0,0,0,0,3
business_licensing_7_4_compound_scope,business_licensing,GET /licenses/export/dependent-replica-7,compound_scope_field,compound_policy_interaction,dependent_policy_full,1,1,40.0,0,0,0,0,3
business_licensing_7_4_compound_scope,business_licensing,GET /licenses/export/dependent-replica-7,compound_scope_field,compound_policy_interaction,dependent_without_consent,1,0,40.0,0,0,0,0,3
business_licensing_7_4_compound_scope,business_licensing,GET /licenses/export/dependent-replica-7,compound_scope_field,compound_policy_interaction,dependent_without_threshold,1,1,40.0,0,0,0,0,3
business_licensing_7_4_compound_scope,business_licensing,GET /licenses/export/dependent-replica-7,compound_scope_field,compound_policy_interaction,dependent_without_enhanced_audit,1,1,40.0,0,0,0,0,3
business_licensing_7_4_compound_scope,business_licensing,GET /licenses/export/dependent-replica-7,compound_scope_field,compound_policy_interaction,dependent_without_purpose_field,1,1,40.0,0,0,0,0,3
business_licensing_7_4_clean_dependent,business_licensing,GET /licenses/export/dependent-replica-7,clean,none,schema_validation,0,0,0.0,1,1,1,0,30
business_licensing_7_4_clean_dependent,business_licensing,GET /licenses/export/dependent-replica-7,clean,none,role_matrix,0,0,0.0,1,1,1,0,30
business_licensing_7_4_clean_dependent,business_licensing,GET /licenses/export/dependent-replica-7,clean,none,object_policy_tests,0,0,0.0,1,1,1,0,30
business_licensing_7_4_clean_dependent,business_licensing,GET /licenses/export/dependent-replica-7,clean,none,field_policy_tests,0,0,0.0,1,1,1,0,30
business_licensing_7_4_clean_dependent,business_licensing,GET /licenses/export/dependent-replica-7,clean,none,audit_contract_tests,0,0,0.0,1,1,1,0,30
business_licensing_7_4_clean_dependent,business_licensing,GET /licenses/export/dependent-replica-7,clean,none,basic_policy_aware_full,0,0,0.0,1,1,1,0,30
business_licensing_7_4_clean_dependent,business_licensing,GET /licenses/export/dependent-replica-7,clean,none,dependent_policy_full,0,0,0.0,1,1,1,0,30
business_licensing_7_4_clean_dependent,business_licensing,GET /licenses/export/dependent-replica-7,clean,none,dependent_without_consent,0,0,0.0,1,1,1,0,30
business_licensing_7_4_clean_dependent,business_licensing,GET /licenses/export/dependent-replica-7,clean,none,dependent_without_threshold,0,0,0.0,1,1,1,0,30
business_licensing_7_4_clean_dependent,business_licensing,GET /licenses/export/dependent-replica-7,clean,none,dependent_without_enhanced_audit,0,0,0.0,1,1,1,0,30
business_licensing_7_4_clean_dependent,business_licensing,GET /licenses/export/dependent-replica-7,clean,none,dependent_without_purpose_field,0,0,0.0,1,1,1,0,30
health_8_1_purpose_field,health,GET /patients/{id}/dependent-replica-8,purpose_conditioned_field,purpose_field_dependency,schema_validation,1,0,35.0,1,1,1,0,27
health_8_1_purpose_field,health,GET /patients/{id}/dependent-replica-8,purpose_conditioned_field,purpose_field_dependency,role_matrix,1,0,35.0,1,1,1,0,27
health_8_1_purpose_field,health,GET /patients/{id}/dependent-replica-8,purpose_conditioned_field,purpose_field_dependency,object_policy_tests,1,0,35.0,1,1,1,0,27
health_8_1_purpose_field,health,GET /patients/{id}/dependent-replica-8,purpose_conditioned_field,purpose_field_dependency,field_policy_tests,1,0,35.0,1,1,1,0,27
health_8_1_purpose_field,health,GET /patients/{id}/dependent-replica-8,purpose_conditioned_field,purpose_field_dependency,audit_contract_tests,1,0,35.0,1,1,1,0,27
health_8_1_purpose_field,health,GET /patients/{id}/dependent-replica-8,purpose_conditioned_field,purpose_field_dependency,basic_policy_aware_full,1,0,35.0,1,1,1,0,27
health_8_1_purpose_field,health,GET /patients/{id}/dependent-replica-8,purpose_conditioned_field,purpose_field_dependency,dependent_policy_full,1,1,35.0,1,1,1,0,27
health_8_1_purpose_field,health,GET /patients/{id}/dependent-replica-8,purpose_conditioned_field,purpose_field_dependency,dependent_without_consent,1,1,35.0,1,1,1,0,27
health_8_1_purpose_field,health,GET /patients/{id}/dependent-replica-8,purpose_conditioned_field,purpose_field_dependency,dependent_without_threshold,1,1,35.0,1,1,1,0,27
health_8_1_purpose_field,health,GET /patients/{id}/dependent-replica-8,purpose_conditioned_field,purpose_field_dependency,dependent_without_enhanced_audit,1,1,35.0,1,1,1,0,27
health_8_1_purpose_field,health,GET /patients/{id}/dependent-replica-8,purpose_conditioned_field,purpose_field_dependency,dependent_without_purpose_field,1,0,35.0,1,1,1,0,27
health_8_1_jurisdiction_field,health,GET /patients/{id}/dependent-replica-8,jurisdiction_conditioned_field,jurisdiction_field_dependency,schema_validation,1,0,40.0,0,1,1,0,31
health_8_1_jurisdiction_field,health,GET /patients/{id}/dependent-replica-8,jurisdiction_conditioned_field,jurisdiction_field_dependency,role_matrix,1,0,40.0,0,1,1,0,31
health_8_1_jurisdiction_field,health,GET /patients/{id}/dependent-replica-8,jurisdiction_conditioned_field,jurisdiction_field_dependency,object_policy_tests,1,0,40.0,0,1,1,0,31
health_8_1_jurisdiction_field,health,GET /patients/{id}/dependent-replica-8,jurisdiction_conditioned_field,jurisdiction_field_dependency,field_policy_tests,1,0,40.0,0,1,1,0,31
health_8_1_jurisdiction_field,health,GET /patients/{id}/dependent-replica-8,jurisdiction_conditioned_field,jurisdiction_field_dependency,audit_contract_tests,1,0,40.0,0,1,1,0,31
health_8_1_jurisdiction_field,health,GET /patients/{id}/dependent-replica-8,jurisdiction_conditioned_field,jurisdiction_field_dependency,basic_policy_aware_full,1,0,40.0,0,1,1,0,31
health_8_1_jurisdiction_field,health,GET /patients/{id}/dependent-replica-8,jurisdiction_conditioned_field,jurisdiction_field_dependency,dependent_policy_full,1,1,40.0,0,1,1,0,31
health_8_1_jurisdiction_field,health,GET /patients/{id}/dependent-replica-8,jurisdiction_conditioned_field,jurisdiction_field_dependency,dependent_without_consent,1,1,40.0,0,1,1,0,31
health_8_1_jurisdiction_field,health,GET /patients/{id}/dependent-replica-8,jurisdiction_conditioned_field,jurisdiction_field_dependency,dependent_without_threshold,1,1,40.0,0,1,1,0,31
health_8_1_jurisdiction_field,health,GET /patients/{id}/dependent-replica-8,jurisdiction_conditioned_field,jurisdiction_field_dependency,dependent_without_enhanced_audit,1,1,40.0,0,1,1,0,31
health_8_1_jurisdiction_field,health,GET /patients/{id}/dependent-replica-8,jurisdiction_conditioned_field,jurisdiction_field_dependency,dependent_without_purpose_field,1,1,40.0,0,1,1,0,31
health_8_1_consent_field,health,GET /patients/{id}/dependent-replica-8,consent_gated_field,consent_field_dependency,schema_validation,1,0,30.0,1,1,0,0,44
health_8_1_consent_field,health,GET /patients/{id}/dependent-replica-8,consent_gated_field,consent_field_dependency,role_matrix,1,0,30.0,1,1,0,0,44
health_8_1_consent_field,health,GET /patients/{id}/dependent-replica-8,consent_gated_field,consent_field_dependency,object_policy_tests,1,0,30.0,1,1,0,0,44
health_8_1_consent_field,health,GET /patients/{id}/dependent-replica-8,consent_gated_field,consent_field_dependency,field_policy_tests,1,0,30.0,1,1,0,0,44
health_8_1_consent_field,health,GET /patients/{id}/dependent-replica-8,consent_gated_field,consent_field_dependency,audit_contract_tests,1,0,30.0,1,1,0,0,44
health_8_1_consent_field,health,GET /patients/{id}/dependent-replica-8,consent_gated_field,consent_field_dependency,basic_policy_aware_full,1,0,30.0,1,1,0,0,44
health_8_1_consent_field,health,GET /patients/{id}/dependent-replica-8,consent_gated_field,consent_field_dependency,dependent_policy_full,1,1,30.0,1,1,0,0,44
health_8_1_consent_field,health,GET /patients/{id}/dependent-replica-8,consent_gated_field,consent_field_dependency,dependent_without_consent,1,0,30.0,1,1,0,0,44
health_8_1_consent_field,health,GET /patients/{id}/dependent-replica-8,consent_gated_field,consent_field_dependency,dependent_without_threshold,1,1,30.0,1,1,0,0,44
health_8_1_consent_field,health,GET /patients/{id}/dependent-replica-8,consent_gated_field,consent_field_dependency,dependent_without_enhanced_audit,1,1,30.0,1,1,0,0,44
health_8_1_consent_field,health,GET /patients/{id}/dependent-replica-8,consent_gated_field,consent_field_dependency,dependent_without_purpose_field,1,1,30.0,1,1,0,0,44
health_8_1_small_cell,health,GET /patients/{id}/dependent-replica-8,aggregation_threshold_leak,aggregation_threshold,schema_validation,1,0,25.0,1,1,1,0,4
health_8_1_small_cell,health,GET /patients/{id}/dependent-replica-8,aggregation_threshold_leak,aggregation_threshold,role_matrix,1,0,25.0,1,1,1,0,4
health_8_1_small_cell,health,GET /patients/{id}/dependent-replica-8,aggregation_threshold_leak,aggregation_threshold,object_policy_tests,1,0,25.0,1,1,1,0,4
health_8_1_small_cell,health,GET /patients/{id}/dependent-replica-8,aggregation_threshold_leak,aggregation_threshold,field_policy_tests,1,0,25.0,1,1,1,0,4
health_8_1_small_cell,health,GET /patients/{id}/dependent-replica-8,aggregation_threshold_leak,aggregation_threshold,audit_contract_tests,1,0,25.0,1,1,1,0,4
health_8_1_small_cell,health,GET /patients/{id}/dependent-replica-8,aggregation_threshold_leak,aggregation_threshold,basic_policy_aware_full,1,0,25.0,1,1,1,0,4
health_8_1_small_cell,health,GET /patients/{id}/dependent-replica-8,aggregation_threshold_leak,aggregation_threshold,dependent_policy_full,1,1,25.0,1,1,1,0,4
health_8_1_small_cell,health,GET /patients/{id}/dependent-replica-8,aggregation_threshold_leak,aggregation_threshold,dependent_without_consent,1,1,25.0,1,1,1,0,4
health_8_1_small_cell,health,GET /patients/{id}/dependent-replica-8,aggregation_threshold_leak,aggregation_threshold,dependent_without_threshold,1,0,25.0,1,1,1,0,4
health_8_1_small_cell,health,GET /patients/{id}/dependent-replica-8,aggregation_threshold_leak,aggregation_threshold,dependent_without_enhanced_audit,1,1,25.0,1,1,1,0,4
health_8_1_small_cell,health,GET /patients/{id}/dependent-replica-8,aggregation_threshold_leak,aggregation_threshold,dependent_without_purpose_field,1,1,25.0,1,1,1,0,4
health_8_1_emergency_audit,health,GET /patients/{id}/dependent-replica-8,emergency_audit_downgrade,enhanced_audit_dependency,schema_validation,1,0,20.0,1,1,1,1,30
health_8_1_emergency_audit,health,GET /patients/{id}/dependent-replica-8,emergency_audit_downgrade,enhanced_audit_dependency,role_matrix,1,0,20.0,1,1,1,1,30
health_8_1_emergency_audit,health,GET /patients/{id}/dependent-replica-8,emergency_audit_downgrade,enhanced_audit_dependency,object_policy_tests,1,0,20.0,1,1,1,1,30
health_8_1_emergency_audit,health,GET /patients/{id}/dependent-replica-8,emergency_audit_downgrade,enhanced_audit_dependency,field_policy_tests,1,0,20.0,1,1,1,1,30
health_8_1_emergency_audit,health,GET /patients/{id}/dependent-replica-8,emergency_audit_downgrade,enhanced_audit_dependency,audit_contract_tests,1,0,20.0,1,1,1,1,30
health_8_1_emergency_audit,health,GET /patients/{id}/dependent-replica-8,emergency_audit_downgrade,enhanced_audit_dependency,basic_policy_aware_full,1,0,20.0,1,1,1,1,30
health_8_1_emergency_audit,health,GET /patients/{id}/dependent-replica-8,emergency_audit_downgrade,enhanced_audit_dependency,dependent_policy_full,1,1,20.0,1,1,1,1,30
health_8_1_emergency_audit,health,GET /patients/{id}/dependent-replica-8,emergency_audit_downgrade,enhanced_audit_dependency,dependent_without_consent,1,1,20.0,1,1,1,1,30
health_8_1_emergency_audit,health,GET /patients/{id}/dependent-replica-8,emergency_audit_downgrade,enhanced_audit_dependency,dependent_without_threshold,1,1,20.0,1,1,1,1,30
health_8_1_emergency_audit,health,GET /patients/{id}/dependent-replica-8,emergency_audit_downgrade,enhanced_audit_dependency,dependent_without_enhanced_audit,1,0,20.0,1,1,1,1,30
health_8_1_emergency_audit,health,GET /patients/{id}/dependent-replica-8,emergency_audit_downgrade,enhanced_audit_dependency,dependent_without_purpose_field,1,1,20.0,1,1,1,1,30
health_8_1_compound_scope,health,GET /patients/{id}/dependent-replica-8,compound_scope_field,compound_policy_interaction,schema_validation,1,0,50.0,0,0,0,0,3
health_8_1_compound_scope,health,GET /patients/{id}/dependent-replica-8,compound_scope_field,compound_policy_interaction,role_matrix,1,0,50.0,0,0,0,0,3
health_8_1_compound_scope,health,GET /patients/{id}/dependent-replica-8,compound_scope_field,compound_policy_interaction,object_policy_tests,1,0,50.0,0,0,0,0,3
health_8_1_compound_scope,health,GET /patients/{id}/dependent-replica-8,compound_scope_field,compound_policy_interaction,field_policy_tests,1,0,50.0,0,0,0,0,3
health_8_1_compound_scope,health,GET /patients/{id}/dependent-replica-8,compound_scope_field,compound_policy_interaction,audit_contract_tests,1,0,50.0,0,0,0,0,3
health_8_1_compound_scope,health,GET /patients/{id}/dependent-replica-8,compound_scope_field,compound_policy_interaction,basic_policy_aware_full,1,0,50.0,0,0,0,0,3
health_8_1_compound_scope,health,GET /patients/{id}/dependent-replica-8,compound_scope_field,compound_policy_interaction,dependent_policy_full,1,1,50.0,0,0,0,0,3
health_8_1_compound_scope,health,GET /patients/{id}/dependent-replica-8,compound_scope_field,compound_policy_interaction,dependent_without_consent,1,0,50.0,0,0,0,0,3
health_8_1_compound_scope,health,GET /patients/{id}/dependent-replica-8,compound_scope_field,compound_policy_interaction,dependent_without_threshold,1,1,50.0,0,0,0,0,3
health_8_1_compound_scope,health,GET /patients/{id}/dependent-replica-8,compound_scope_field,compound_policy_interaction,dependent_without_enhanced_audit,1,1,50.0,0,0,0,0,3
health_8_1_compound_scope,health,GET /patients/{id}/dependent-replica-8,compound_scope_field,compound_policy_interaction,dependent_without_purpose_field,1,1,50.0,0,0,0,0,3
health_8_1_clean_dependent,health,GET /patients/{id}/dependent-replica-8,clean,none,schema_validation,0,0,0.0,1,1,1,0,30
health_8_1_clean_dependent,health,GET /patients/{id}/dependent-replica-8,clean,none,role_matrix,0,0,0.0,1,1,1,0,30
health_8_1_clean_dependent,health,GET /patients/{id}/dependent-replica-8,clean,none,object_policy_tests,0,0,0.0,1,1,1,0,30
health_8_1_clean_dependent,health,GET /patients/{id}/dependent-replica-8,clean,none,field_policy_tests,0,0,0.0,1,1,1,0,30
health_8_1_clean_dependent,health,GET /patients/{id}/dependent-replica-8,clean,none,audit_contract_tests,0,0,0.0,1,1,1,0,30
health_8_1_clean_dependent,health,GET /patients/{id}/dependent-replica-8,clean,none,basic_policy_aware_full,0,0,0.0,1,1,1,0,30
health_8_1_clean_dependent,health,GET /patients/{id}/dependent-replica-8,clean,none,dependent_policy_full,0,0,0.0,1,1,1,0,30
health_8_1_clean_dependent,health,GET /patients/{id}/dependent-replica-8,clean,none,dependent_without_consent,0,0,0.0,1,1,1,0,30
health_8_1_clean_dependent,health,GET /patients/{id}/dependent-replica-8,clean,none,dependent_without_threshold,0,0,0.0,1,1,1,0,30
health_8_1_clean_dependent,health,GET /patients/{id}/dependent-replica-8,clean,none,dependent_without_enhanced_audit,0,0,0.0,1,1,1,0,30
health_8_1_clean_dependent,health,GET /patients/{id}/dependent-replica-8,clean,none,dependent_without_purpose_field,0,0,0.0,1,1,1,0,30
citizen_services_8_2_purpose_field,citizen_services,GET /benefits/{id}/dependent-replica-8,purpose_conditioned_field,purpose_field_dependency,schema_validation,1,0,35.0,1,1,1,0,27
citizen_services_8_2_purpose_field,citizen_services,GET /benefits/{id}/dependent-replica-8,purpose_conditioned_field,purpose_field_dependency,role_matrix,1,0,35.0,1,1,1,0,27
citizen_services_8_2_purpose_field,citizen_services,GET /benefits/{id}/dependent-replica-8,purpose_conditioned_field,purpose_field_dependency,object_policy_tests,1,0,35.0,1,1,1,0,27
citizen_services_8_2_purpose_field,citizen_services,GET /benefits/{id}/dependent-replica-8,purpose_conditioned_field,purpose_field_dependency,field_policy_tests,1,0,35.0,1,1,1,0,27
citizen_services_8_2_purpose_field,citizen_services,GET /benefits/{id}/dependent-replica-8,purpose_conditioned_field,purpose_field_dependency,audit_contract_tests,1,0,35.0,1,1,1,0,27
citizen_services_8_2_purpose_field,citizen_services,GET /benefits/{id}/dependent-replica-8,purpose_conditioned_field,purpose_field_dependency,basic_policy_aware_full,1,0,35.0,1,1,1,0,27
citizen_services_8_2_purpose_field,citizen_services,GET /benefits/{id}/dependent-replica-8,purpose_conditioned_field,purpose_field_dependency,dependent_policy_full,1,1,35.0,1,1,1,0,27
citizen_services_8_2_purpose_field,citizen_services,GET /benefits/{id}/dependent-replica-8,purpose_conditioned_field,purpose_field_dependency,dependent_without_consent,1,1,35.0,1,1,1,0,27
citizen_services_8_2_purpose_field,citizen_services,GET /benefits/{id}/dependent-replica-8,purpose_conditioned_field,purpose_field_dependency,dependent_without_threshold,1,1,35.0,1,1,1,0,27
citizen_services_8_2_purpose_field,citizen_services,GET /benefits/{id}/dependent-replica-8,purpose_conditioned_field,purpose_field_dependency,dependent_without_enhanced_audit,1,1,35.0,1,1,1,0,27
citizen_services_8_2_purpose_field,citizen_services,GET /benefits/{id}/dependent-replica-8,purpose_conditioned_field,purpose_field_dependency,dependent_without_purpose_field,1,0,35.0,1,1,1,0,27
citizen_services_8_2_jurisdiction_field,citizen_services,GET /benefits/{id}/dependent-replica-8,jurisdiction_conditioned_field,jurisdiction_field_dependency,schema_validation,1,0,40.0,0,1,1,0,31
citizen_services_8_2_jurisdiction_field,citizen_services,GET /benefits/{id}/dependent-replica-8,jurisdiction_conditioned_field,jurisdiction_field_dependency,role_matrix,1,0,40.0,0,1,1,0,31
citizen_services_8_2_jurisdiction_field,citizen_services,GET /benefits/{id}/dependent-replica-8,jurisdiction_conditioned_field,jurisdiction_field_dependency,object_policy_tests,1,0,40.0,0,1,1,0,31
citizen_services_8_2_jurisdiction_field,citizen_services,GET /benefits/{id}/dependent-replica-8,jurisdiction_conditioned_field,jurisdiction_field_dependency,field_policy_tests,1,0,40.0,0,1,1,0,31
citizen_services_8_2_jurisdiction_field,citizen_services,GET /benefits/{id}/dependent-replica-8,jurisdiction_conditioned_field,jurisdiction_field_dependency,audit_contract_tests,1,0,40.0,0,1,1,0,31
citizen_services_8_2_jurisdiction_field,citizen_services,GET /benefits/{id}/dependent-replica-8,jurisdiction_conditioned_field,jurisdiction_field_dependency,basic_policy_aware_full,1,0,40.0,0,1,1,0,31
citizen_services_8_2_jurisdiction_field,citizen_services,GET /benefits/{id}/dependent-replica-8,jurisdiction_conditioned_field,jurisdiction_field_dependency,dependent_policy_full,1,1,40.0,0,1,1,0,31
citizen_services_8_2_jurisdiction_field,citizen_services,GET /benefits/{id}/dependent-replica-8,jurisdiction_conditioned_field,jurisdiction_field_dependency,dependent_without_consent,1,1,40.0,0,1,1,0,31
citizen_services_8_2_jurisdiction_field,citizen_services,GET /benefits/{id}/dependent-replica-8,jurisdiction_conditioned_field,jurisdiction_field_dependency,dependent_without_threshold,1,1,40.0,0,1,1,0,31
citizen_services_8_2_jurisdiction_field,citizen_services,GET /benefits/{id}/dependent-replica-8,jurisdiction_conditioned_field,jurisdiction_field_dependency,dependent_without_enhanced_audit,1,1,40.0,0,1,1,0,31
citizen_services_8_2_jurisdiction_field,citizen_services,GET /benefits/{id}/dependent-replica-8,jurisdiction_conditioned_field,jurisdiction_field_dependency,dependent_without_purpose_field,1,1,40.0,0,1,1,0,31
citizen_services_8_2_consent_field,citizen_services,GET /benefits/{id}/dependent-replica-8,consent_gated_field,consent_field_dependency,schema_validation,1,0,30.0,1,1,0,0,44
citizen_services_8_2_consent_field,citizen_services,GET /benefits/{id}/dependent-replica-8,consent_gated_field,consent_field_dependency,role_matrix,1,0,30.0,1,1,0,0,44
citizen_services_8_2_consent_field,citizen_services,GET /benefits/{id}/dependent-replica-8,consent_gated_field,consent_field_dependency,object_policy_tests,1,0,30.0,1,1,0,0,44
citizen_services_8_2_consent_field,citizen_services,GET /benefits/{id}/dependent-replica-8,consent_gated_field,consent_field_dependency,field_policy_tests,1,0,30.0,1,1,0,0,44
citizen_services_8_2_consent_field,citizen_services,GET /benefits/{id}/dependent-replica-8,consent_gated_field,consent_field_dependency,audit_contract_tests,1,0,30.0,1,1,0,0,44
citizen_services_8_2_consent_field,citizen_services,GET /benefits/{id}/dependent-replica-8,consent_gated_field,consent_field_dependency,basic_policy_aware_full,1,0,30.0,1,1,0,0,44
citizen_services_8_2_consent_field,citizen_services,GET /benefits/{id}/dependent-replica-8,consent_gated_field,consent_field_dependency,dependent_policy_full,1,1,30.0,1,1,0,0,44
citizen_services_8_2_consent_field,citizen_services,GET /benefits/{id}/dependent-replica-8,consent_gated_field,consent_field_dependency,dependent_without_consent,1,0,30.0,1,1,0,0,44
citizen_services_8_2_consent_field,citizen_services,GET /benefits/{id}/dependent-replica-8,consent_gated_field,consent_field_dependency,dependent_without_threshold,1,1,30.0,1,1,0,0,44
citizen_services_8_2_consent_field,citizen_services,GET /benefits/{id}/dependent-replica-8,consent_gated_field,consent_field_dependency,dependent_without_enhanced_audit,1,1,30.0,1,1,0,0,44
citizen_services_8_2_consent_field,citizen_services,GET /benefits/{id}/dependent-replica-8,consent_gated_field,consent_field_dependency,dependent_without_purpose_field,1,1,30.0,1,1,0,0,44
citizen_services_8_2_small_cell,citizen_services,GET /benefits/{id}/dependent-replica-8,aggregation_threshold_leak,aggregation_threshold,schema_validation,1,0,25.0,1,1,1,0,4
citizen_services_8_2_small_cell,citizen_services,GET /benefits/{id}/dependent-replica-8,aggregation_threshold_leak,aggregation_threshold,role_matrix,1,0,25.0,1,1,1,0,4
citizen_services_8_2_small_cell,citizen_services,GET /benefits/{id}/dependent-replica-8,aggregation_threshold_leak,aggregation_threshold,object_policy_tests,1,0,25.0,1,1,1,0,4
citizen_services_8_2_small_cell,citizen_services,GET /benefits/{id}/dependent-replica-8,aggregation_threshold_leak,aggregation_threshold,field_policy_tests,1,0,25.0,1,1,1,0,4
citizen_services_8_2_small_cell,citizen_services,GET /benefits/{id}/dependent-replica-8,aggregation_threshold_leak,aggregation_threshold,audit_contract_tests,1,0,25.0,1,1,1,0,4
citizen_services_8_2_small_cell,citizen_services,GET /benefits/{id}/dependent-replica-8,aggregation_threshold_leak,aggregation_threshold,basic_policy_aware_full,1,0,25.0,1,1,1,0,4
citizen_services_8_2_small_cell,citizen_services,GET /benefits/{id}/dependent-replica-8,aggregation_threshold_leak,aggregation_threshold,dependent_policy_full,1,1,25.0,1,1,1,0,4
citizen_services_8_2_small_cell,citizen_services,GET /benefits/{id}/dependent-replica-8,aggregation_threshold_leak,aggregation_threshold,dependent_without_consent,1,1,25.0,1,1,1,0,4
citizen_services_8_2_small_cell,citizen_services,GET /benefits/{id}/dependent-replica-8,aggregation_threshold_leak,aggregation_threshold,dependent_without_threshold,1,0,25.0,1,1,1,0,4
citizen_services_8_2_small_cell,citizen_services,GET /benefits/{id}/dependent-replica-8,aggregation_threshold_leak,aggregation_threshold,dependent_without_enhanced_audit,1,1,25.0,1,1,1,0,4
citizen_services_8_2_small_cell,citizen_services,GET /benefits/{id}/dependent-replica-8,aggregation_threshold_leak,aggregation_threshold,dependent_without_purpose_field,1,1,25.0,1,1,1,0,4
citizen_services_8_2_emergency_audit,citizen_services,GET /benefits/{id}/dependent-replica-8,emergency_audit_downgrade,enhanced_audit_dependency,schema_validation,1,0,20.0,1,1,1,1,30
citizen_services_8_2_emergency_audit,citizen_services,GET /benefits/{id}/dependent-replica-8,emergency_audit_downgrade,enhanced_audit_dependency,role_matrix,1,0,20.0,1,1,1,1,30
citizen_services_8_2_emergency_audit,citizen_services,GET /benefits/{id}/dependent-replica-8,emergency_audit_downgrade,enhanced_audit_dependency,object_policy_tests,1,0,20.0,1,1,1,1,30
citizen_services_8_2_emergency_audit,citizen_services,GET /benefits/{id}/dependent-replica-8,emergency_audit_downgrade,enhanced_audit_dependency,field_policy_tests,1,0,20.0,1,1,1,1,30
citizen_services_8_2_emergency_audit,citizen_services,GET /benefits/{id}/dependent-replica-8,emergency_audit_downgrade,enhanced_audit_dependency,audit_contract_tests,1,0,20.0,1,1,1,1,30
citizen_services_8_2_emergency_audit,citizen_services,GET /benefits/{id}/dependent-replica-8,emergency_audit_downgrade,enhanced_audit_dependency,basic_policy_aware_full,1,0,20.0,1,1,1,1,30
citizen_services_8_2_emergency_audit,citizen_services,GET /benefits/{id}/dependent-replica-8,emergency_audit_downgrade,enhanced_audit_dependency,dependent_policy_full,1,1,20.0,1,1,1,1,30
citizen_services_8_2_emergency_audit,citizen_services,GET /benefits/{id}/dependent-replica-8,emergency_audit_downgrade,enhanced_audit_dependency,dependent_without_consent,1,1,20.0,1,1,1,1,30
citizen_services_8_2_emergency_audit,citizen_services,GET /benefits/{id}/dependent-replica-8,emergency_audit_downgrade,enhanced_audit_dependency,dependent_without_threshold,1,1,20.0,1,1,1,1,30
citizen_services_8_2_emergency_audit,citizen_services,GET /benefits/{id}/dependent-replica-8,emergency_audit_downgrade,enhanced_audit_dependency,dependent_without_enhanced_audit,1,0,20.0,1,1,1,1,30
citizen_services_8_2_emergency_audit,citizen_services,GET /benefits/{id}/dependent-replica-8,emergency_audit_downgrade,enhanced_audit_dependency,dependent_without_purpose_field,1,1,20.0,1,1,1,1,30
citizen_services_8_2_compound_scope,citizen_services,GET /benefits/{id}/dependent-replica-8,compound_scope_field,compound_policy_interaction,schema_validation,1,0,50.0,0,0,0,0,3
citizen_services_8_2_compound_scope,citizen_services,GET /benefits/{id}/dependent-replica-8,compound_scope_field,compound_policy_interaction,role_matrix,1,0,50.0,0,0,0,0,3
citizen_services_8_2_compound_scope,citizen_services,GET /benefits/{id}/dependent-replica-8,compound_scope_field,compound_policy_interaction,object_policy_tests,1,0,50.0,0,0,0,0,3
citizen_services_8_2_compound_scope,citizen_services,GET /benefits/{id}/dependent-replica-8,compound_scope_field,compound_policy_interaction,field_policy_tests,1,0,50.0,0,0,0,0,3
citizen_services_8_2_compound_scope,citizen_services,GET /benefits/{id}/dependent-replica-8,compound_scope_field,compound_policy_interaction,audit_contract_tests,1,0,50.0,0,0,0,0,3
citizen_services_8_2_compound_scope,citizen_services,GET /benefits/{id}/dependent-replica-8,compound_scope_field,compound_policy_interaction,basic_policy_aware_full,1,0,50.0,0,0,0,0,3
citizen_services_8_2_compound_scope,citizen_services,GET /benefits/{id}/dependent-replica-8,compound_scope_field,compound_policy_interaction,dependent_policy_full,1,1,50.0,0,0,0,0,3
citizen_services_8_2_compound_scope,citizen_services,GET /benefits/{id}/dependent-replica-8,compound_scope_field,compound_policy_interaction,dependent_without_consent,1,0,50.0,0,0,0,0,3
citizen_services_8_2_compound_scope,citizen_services,GET /benefits/{id}/dependent-replica-8,compound_scope_field,compound_policy_interaction,dependent_without_threshold,1,1,50.0,0,0,0,0,3
citizen_services_8_2_compound_scope,citizen_services,GET /benefits/{id}/dependent-replica-8,compound_scope_field,compound_policy_interaction,dependent_without_enhanced_audit,1,1,50.0,0,0,0,0,3
citizen_services_8_2_compound_scope,citizen_services,GET /benefits/{id}/dependent-replica-8,compound_scope_field,compound_policy_interaction,dependent_without_purpose_field,1,1,50.0,0,0,0,0,3
citizen_services_8_2_clean_dependent,citizen_services,GET /benefits/{id}/dependent-replica-8,clean,none,schema_validation,0,0,0.0,1,1,1,0,30
citizen_services_8_2_clean_dependent,citizen_services,GET /benefits/{id}/dependent-replica-8,clean,none,role_matrix,0,0,0.0,1,1,1,0,30
citizen_services_8_2_clean_dependent,citizen_services,GET /benefits/{id}/dependent-replica-8,clean,none,object_policy_tests,0,0,0.0,1,1,1,0,30
citizen_services_8_2_clean_dependent,citizen_services,GET /benefits/{id}/dependent-replica-8,clean,none,field_policy_tests,0,0,0.0,1,1,1,0,30
citizen_services_8_2_clean_dependent,citizen_services,GET /benefits/{id}/dependent-replica-8,clean,none,audit_contract_tests,0,0,0.0,1,1,1,0,30
citizen_services_8_2_clean_dependent,citizen_services,GET /benefits/{id}/dependent-replica-8,clean,none,basic_policy_aware_full,0,0,0.0,1,1,1,0,30
citizen_services_8_2_clean_dependent,citizen_services,GET /benefits/{id}/dependent-replica-8,clean,none,dependent_policy_full,0,0,0.0,1,1,1,0,30
citizen_services_8_2_clean_dependent,citizen_services,GET /benefits/{id}/dependent-replica-8,clean,none,dependent_without_consent,0,0,0.0,1,1,1,0,30
citizen_services_8_2_clean_dependent,citizen_services,GET /benefits/{id}/dependent-replica-8,clean,none,dependent_without_threshold,0,0,0.0,1,1,1,0,30
citizen_services_8_2_clean_dependent,citizen_services,GET /benefits/{id}/dependent-replica-8,clean,none,dependent_without_enhanced_audit,0,0,0.0,1,1,1,0,30
citizen_services_8_2_clean_dependent,citizen_services,GET /benefits/{id}/dependent-replica-8,clean,none,dependent_without_purpose_field,0,0,0.0,1,1,1,0,30
education_8_3_purpose_field,education,GET /students/{id}/record/dependent-replica-8,purpose_conditioned_field,purpose_field_dependency,schema_validation,1,0,35.0,1,1,1,0,27
education_8_3_purpose_field,education,GET /students/{id}/record/dependent-replica-8,purpose_conditioned_field,purpose_field_dependency,role_matrix,1,0,35.0,1,1,1,0,27
education_8_3_purpose_field,education,GET /students/{id}/record/dependent-replica-8,purpose_conditioned_field,purpose_field_dependency,object_policy_tests,1,0,35.0,1,1,1,0,27
education_8_3_purpose_field,education,GET /students/{id}/record/dependent-replica-8,purpose_conditioned_field,purpose_field_dependency,field_policy_tests,1,0,35.0,1,1,1,0,27
education_8_3_purpose_field,education,GET /students/{id}/record/dependent-replica-8,purpose_conditioned_field,purpose_field_dependency,audit_contract_tests,1,0,35.0,1,1,1,0,27
education_8_3_purpose_field,education,GET /students/{id}/record/dependent-replica-8,purpose_conditioned_field,purpose_field_dependency,basic_policy_aware_full,1,0,35.0,1,1,1,0,27
education_8_3_purpose_field,education,GET /students/{id}/record/dependent-replica-8,purpose_conditioned_field,purpose_field_dependency,dependent_policy_full,1,1,35.0,1,1,1,0,27
education_8_3_purpose_field,education,GET /students/{id}/record/dependent-replica-8,purpose_conditioned_field,purpose_field_dependency,dependent_without_consent,1,1,35.0,1,1,1,0,27
education_8_3_purpose_field,education,GET /students/{id}/record/dependent-replica-8,purpose_conditioned_field,purpose_field_dependency,dependent_without_threshold,1,1,35.0,1,1,1,0,27
education_8_3_purpose_field,education,GET /students/{id}/record/dependent-replica-8,purpose_conditioned_field,purpose_field_dependency,dependent_without_enhanced_audit,1,1,35.0,1,1,1,0,27
education_8_3_purpose_field,education,GET /students/{id}/record/dependent-replica-8,purpose_conditioned_field,purpose_field_dependency,dependent_without_purpose_field,1,0,35.0,1,1,1,0,27
education_8_3_jurisdiction_field,education,GET /students/{id}/record/dependent-replica-8,jurisdiction_conditioned_field,jurisdiction_field_dependency,schema_validation,1,0,40.0,0,1,1,0,31
education_8_3_jurisdiction_field,education,GET /students/{id}/record/dependent-replica-8,jurisdiction_conditioned_field,jurisdiction_field_dependency,role_matrix,1,0,40.0,0,1,1,0,31
education_8_3_jurisdiction_field,education,GET /students/{id}/record/dependent-replica-8,jurisdiction_conditioned_field,jurisdiction_field_dependency,object_policy_tests,1,0,40.0,0,1,1,0,31
education_8_3_jurisdiction_field,education,GET /students/{id}/record/dependent-replica-8,jurisdiction_conditioned_field,jurisdiction_field_dependency,field_policy_tests,1,0,40.0,0,1,1,0,31
education_8_3_jurisdiction_field,education,GET /students/{id}/record/dependent-replica-8,jurisdiction_conditioned_field,jurisdiction_field_dependency,audit_contract_tests,1,0,40.0,0,1,1,0,31
education_8_3_jurisdiction_field,education,GET /students/{id}/record/dependent-replica-8,jurisdiction_conditioned_field,jurisdiction_field_dependency,basic_policy_aware_full,1,0,40.0,0,1,1,0,31
education_8_3_jurisdiction_field,education,GET /students/{id}/record/dependent-replica-8,jurisdiction_conditioned_field,jurisdiction_field_dependency,dependent_policy_full,1,1,40.0,0,1,1,0,31
education_8_3_jurisdiction_field,education,GET /students/{id}/record/dependent-replica-8,jurisdiction_conditioned_field,jurisdiction_field_dependency,dependent_without_consent,1,1,40.0,0,1,1,0,31
education_8_3_jurisdiction_field,education,GET /students/{id}/record/dependent-replica-8,jurisdiction_conditioned_field,jurisdiction_field_dependency,dependent_without_threshold,1,1,40.0,0,1,1,0,31
education_8_3_jurisdiction_field,education,GET /students/{id}/record/dependent-replica-8,jurisdiction_conditioned_field,jurisdiction_field_dependency,dependent_without_enhanced_audit,1,1,40.0,0,1,1,0,31
education_8_3_jurisdiction_field,education,GET /students/{id}/record/dependent-replica-8,jurisdiction_conditioned_field,jurisdiction_field_dependency,dependent_without_purpose_field,1,1,40.0,0,1,1,0,31
education_8_3_consent_field,education,GET /students/{id}/record/dependent-replica-8,consent_gated_field,consent_field_dependency,schema_validation,1,0,30.0,1,1,0,0,44
education_8_3_consent_field,education,GET /students/{id}/record/dependent-replica-8,consent_gated_field,consent_field_dependency,role_matrix,1,0,30.0,1,1,0,0,44
education_8_3_consent_field,education,GET /students/{id}/record/dependent-replica-8,consent_gated_field,consent_field_dependency,object_policy_tests,1,0,30.0,1,1,0,0,44
education_8_3_consent_field,education,GET /students/{id}/record/dependent-replica-8,consent_gated_field,consent_field_dependency,field_policy_tests,1,0,30.0,1,1,0,0,44
education_8_3_consent_field,education,GET /students/{id}/record/dependent-replica-8,consent_gated_field,consent_field_dependency,audit_contract_tests,1,0,30.0,1,1,0,0,44
education_8_3_consent_field,education,GET /students/{id}/record/dependent-replica-8,consent_gated_field,consent_field_dependency,basic_policy_aware_full,1,0,30.0,1,1,0,0,44
education_8_3_consent_field,education,GET /students/{id}/record/dependent-replica-8,consent_gated_field,consent_field_dependency,dependent_policy_full,1,1,30.0,1,1,0,0,44
education_8_3_consent_field,education,GET /students/{id}/record/dependent-replica-8,consent_gated_field,consent_field_dependency,dependent_without_consent,1,0,30.0,1,1,0,0,44
education_8_3_consent_field,education,GET /students/{id}/record/dependent-replica-8,consent_gated_field,consent_field_dependency,dependent_without_threshold,1,1,30.0,1,1,0,0,44
education_8_3_consent_field,education,GET /students/{id}/record/dependent-replica-8,consent_gated_field,consent_field_dependency,dependent_without_enhanced_audit,1,1,30.0,1,1,0,0,44
education_8_3_consent_field,education,GET /students/{id}/record/dependent-replica-8,consent_gated_field,consent_field_dependency,dependent_without_purpose_field,1,1,30.0,1,1,0,0,44
education_8_3_small_cell,education,GET /students/{id}/record/dependent-replica-8,aggregation_threshold_leak,aggregation_threshold,schema_validation,1,0,25.0,1,1,1,0,4
education_8_3_small_cell,education,GET /students/{id}/record/dependent-replica-8,aggregation_threshold_leak,aggregation_threshold,role_matrix,1,0,25.0,1,1,1,0,4
education_8_3_small_cell,education,GET /students/{id}/record/dependent-replica-8,aggregation_threshold_leak,aggregation_threshold,object_policy_tests,1,0,25.0,1,1,1,0,4
education_8_3_small_cell,education,GET /students/{id}/record/dependent-replica-8,aggregation_threshold_leak,aggregation_threshold,field_policy_tests,1,0,25.0,1,1,1,0,4
education_8_3_small_cell,education,GET /students/{id}/record/dependent-replica-8,aggregation_threshold_leak,aggregation_threshold,audit_contract_tests,1,0,25.0,1,1,1,0,4
education_8_3_small_cell,education,GET /students/{id}/record/dependent-replica-8,aggregation_threshold_leak,aggregation_threshold,basic_policy_aware_full,1,0,25.0,1,1,1,0,4
education_8_3_small_cell,education,GET /students/{id}/record/dependent-replica-8,aggregation_threshold_leak,aggregation_threshold,dependent_policy_full,1,1,25.0,1,1,1,0,4
education_8_3_small_cell,education,GET /students/{id}/record/dependent-replica-8,aggregation_threshold_leak,aggregation_threshold,dependent_without_consent,1,1,25.0,1,1,1,0,4
education_8_3_small_cell,education,GET /students/{id}/record/dependent-replica-8,aggregation_threshold_leak,aggregation_threshold,dependent_without_threshold,1,0,25.0,1,1,1,0,4
education_8_3_small_cell,education,GET /students/{id}/record/dependent-replica-8,aggregation_threshold_leak,aggregation_threshold,dependent_without_enhanced_audit,1,1,25.0,1,1,1,0,4
education_8_3_small_cell,education,GET /students/{id}/record/dependent-replica-8,aggregation_threshold_leak,aggregation_threshold,dependent_without_purpose_field,1,1,25.0,1,1,1,0,4
education_8_3_emergency_audit,education,GET /students/{id}/record/dependent-replica-8,emergency_audit_downgrade,enhanced_audit_dependency,schema_validation,1,0,20.0,1,1,1,1,30
education_8_3_emergency_audit,education,GET /students/{id}/record/dependent-replica-8,emergency_audit_downgrade,enhanced_audit_dependency,role_matrix,1,0,20.0,1,1,1,1,30
education_8_3_emergency_audit,education,GET /students/{id}/record/dependent-replica-8,emergency_audit_downgrade,enhanced_audit_dependency,object_policy_tests,1,0,20.0,1,1,1,1,30
education_8_3_emergency_audit,education,GET /students/{id}/record/dependent-replica-8,emergency_audit_downgrade,enhanced_audit_dependency,field_policy_tests,1,0,20.0,1,1,1,1,30
education_8_3_emergency_audit,education,GET /students/{id}/record/dependent-replica-8,emergency_audit_downgrade,enhanced_audit_dependency,audit_contract_tests,1,0,20.0,1,1,1,1,30
education_8_3_emergency_audit,education,GET /students/{id}/record/dependent-replica-8,emergency_audit_downgrade,enhanced_audit_dependency,basic_policy_aware_full,1,0,20.0,1,1,1,1,30
education_8_3_emergency_audit,education,GET /students/{id}/record/dependent-replica-8,emergency_audit_downgrade,enhanced_audit_dependency,dependent_policy_full,1,1,20.0,1,1,1,1,30
education_8_3_emergency_audit,education,GET /students/{id}/record/dependent-replica-8,emergency_audit_downgrade,enhanced_audit_dependency,dependent_without_consent,1,1,20.0,1,1,1,1,30
education_8_3_emergency_audit,education,GET /students/{id}/record/dependent-replica-8,emergency_audit_downgrade,enhanced_audit_dependency,dependent_without_threshold,1,1,20.0,1,1,1,1,30
education_8_3_emergency_audit,education,GET /students/{id}/record/dependent-replica-8,emergency_audit_downgrade,enhanced_audit_dependency,dependent_without_enhanced_audit,1,0,20.0,1,1,1,1,30
education_8_3_emergency_audit,education,GET /students/{id}/record/dependent-replica-8,emergency_audit_downgrade,enhanced_audit_dependency,dependent_without_purpose_field,1,1,20.0,1,1,1,1,30
education_8_3_compound_scope,education,GET /students/{id}/record/dependent-replica-8,compound_scope_field,compound_policy_interaction,schema_validation,1,0,50.0,0,0,0,0,3
education_8_3_compound_scope,education,GET /students/{id}/record/dependent-replica-8,compound_scope_field,compound_policy_interaction,role_matrix,1,0,50.0,0,0,0,0,3
education_8_3_compound_scope,education,GET /students/{id}/record/dependent-replica-8,compound_scope_field,compound_policy_interaction,object_policy_tests,1,0,50.0,0,0,0,0,3
education_8_3_compound_scope,education,GET /students/{id}/record/dependent-replica-8,compound_scope_field,compound_policy_interaction,field_policy_tests,1,0,50.0,0,0,0,0,3
education_8_3_compound_scope,education,GET /students/{id}/record/dependent-replica-8,compound_scope_field,compound_policy_interaction,audit_contract_tests,1,0,50.0,0,0,0,0,3
education_8_3_compound_scope,education,GET /students/{id}/record/dependent-replica-8,compound_scope_field,compound_policy_interaction,basic_policy_aware_full,1,0,50.0,0,0,0,0,3
education_8_3_compound_scope,education,GET /students/{id}/record/dependent-replica-8,compound_scope_field,compound_policy_interaction,dependent_policy_full,1,1,50.0,0,0,0,0,3
education_8_3_compound_scope,education,GET /students/{id}/record/dependent-replica-8,compound_scope_field,compound_policy_interaction,dependent_without_consent,1,0,50.0,0,0,0,0,3
education_8_3_compound_scope,education,GET /students/{id}/record/dependent-replica-8,compound_scope_field,compound_policy_interaction,dependent_without_threshold,1,1,50.0,0,0,0,0,3
education_8_3_compound_scope,education,GET /students/{id}/record/dependent-replica-8,compound_scope_field,compound_policy_interaction,dependent_without_enhanced_audit,1,1,50.0,0,0,0,0,3
education_8_3_compound_scope,education,GET /students/{id}/record/dependent-replica-8,compound_scope_field,compound_policy_interaction,dependent_without_purpose_field,1,1,50.0,0,0,0,0,3
education_8_3_clean_dependent,education,GET /students/{id}/record/dependent-replica-8,clean,none,schema_validation,0,0,0.0,1,1,1,0,30
education_8_3_clean_dependent,education,GET /students/{id}/record/dependent-replica-8,clean,none,role_matrix,0,0,0.0,1,1,1,0,30
education_8_3_clean_dependent,education,GET /students/{id}/record/dependent-replica-8,clean,none,object_policy_tests,0,0,0.0,1,1,1,0,30
education_8_3_clean_dependent,education,GET /students/{id}/record/dependent-replica-8,clean,none,field_policy_tests,0,0,0.0,1,1,1,0,30
education_8_3_clean_dependent,education,GET /students/{id}/record/dependent-replica-8,clean,none,audit_contract_tests,0,0,0.0,1,1,1,0,30
education_8_3_clean_dependent,education,GET /students/{id}/record/dependent-replica-8,clean,none,basic_policy_aware_full,0,0,0.0,1,1,1,0,30
education_8_3_clean_dependent,education,GET /students/{id}/record/dependent-replica-8,clean,none,dependent_policy_full,0,0,0.0,1,1,1,0,30
education_8_3_clean_dependent,education,GET /students/{id}/record/dependent-replica-8,clean,none,dependent_without_consent,0,0,0.0,1,1,1,0,30
education_8_3_clean_dependent,education,GET /students/{id}/record/dependent-replica-8,clean,none,dependent_without_threshold,0,0,0.0,1,1,1,0,30
education_8_3_clean_dependent,education,GET /students/{id}/record/dependent-replica-8,clean,none,dependent_without_enhanced_audit,0,0,0.0,1,1,1,0,30
education_8_3_clean_dependent,education,GET /students/{id}/record/dependent-replica-8,clean,none,dependent_without_purpose_field,0,0,0.0,1,1,1,0,30
business_licensing_8_4_purpose_field,business_licensing,GET /licenses/export/dependent-replica-8,purpose_conditioned_field,purpose_field_dependency,schema_validation,1,0,28.0,1,1,1,0,27
business_licensing_8_4_purpose_field,business_licensing,GET /licenses/export/dependent-replica-8,purpose_conditioned_field,purpose_field_dependency,role_matrix,1,0,28.0,1,1,1,0,27
business_licensing_8_4_purpose_field,business_licensing,GET /licenses/export/dependent-replica-8,purpose_conditioned_field,purpose_field_dependency,object_policy_tests,1,0,28.0,1,1,1,0,27
business_licensing_8_4_purpose_field,business_licensing,GET /licenses/export/dependent-replica-8,purpose_conditioned_field,purpose_field_dependency,field_policy_tests,1,0,28.0,1,1,1,0,27
business_licensing_8_4_purpose_field,business_licensing,GET /licenses/export/dependent-replica-8,purpose_conditioned_field,purpose_field_dependency,audit_contract_tests,1,0,28.0,1,1,1,0,27
business_licensing_8_4_purpose_field,business_licensing,GET /licenses/export/dependent-replica-8,purpose_conditioned_field,purpose_field_dependency,basic_policy_aware_full,1,0,28.0,1,1,1,0,27
business_licensing_8_4_purpose_field,business_licensing,GET /licenses/export/dependent-replica-8,purpose_conditioned_field,purpose_field_dependency,dependent_policy_full,1,1,28.0,1,1,1,0,27
business_licensing_8_4_purpose_field,business_licensing,GET /licenses/export/dependent-replica-8,purpose_conditioned_field,purpose_field_dependency,dependent_without_consent,1,1,28.0,1,1,1,0,27
business_licensing_8_4_purpose_field,business_licensing,GET /licenses/export/dependent-replica-8,purpose_conditioned_field,purpose_field_dependency,dependent_without_threshold,1,1,28.0,1,1,1,0,27
business_licensing_8_4_purpose_field,business_licensing,GET /licenses/export/dependent-replica-8,purpose_conditioned_field,purpose_field_dependency,dependent_without_enhanced_audit,1,1,28.0,1,1,1,0,27
business_licensing_8_4_purpose_field,business_licensing,GET /licenses/export/dependent-replica-8,purpose_conditioned_field,purpose_field_dependency,dependent_without_purpose_field,1,0,28.0,1,1,1,0,27
business_licensing_8_4_jurisdiction_field,business_licensing,GET /licenses/export/dependent-replica-8,jurisdiction_conditioned_field,jurisdiction_field_dependency,schema_validation,1,0,32.0,0,1,1,0,31
business_licensing_8_4_jurisdiction_field,business_licensing,GET /licenses/export/dependent-replica-8,jurisdiction_conditioned_field,jurisdiction_field_dependency,role_matrix,1,0,32.0,0,1,1,0,31
business_licensing_8_4_jurisdiction_field,business_licensing,GET /licenses/export/dependent-replica-8,jurisdiction_conditioned_field,jurisdiction_field_dependency,object_policy_tests,1,0,32.0,0,1,1,0,31
business_licensing_8_4_jurisdiction_field,business_licensing,GET /licenses/export/dependent-replica-8,jurisdiction_conditioned_field,jurisdiction_field_dependency,field_policy_tests,1,0,32.0,0,1,1,0,31
business_licensing_8_4_jurisdiction_field,business_licensing,GET /licenses/export/dependent-replica-8,jurisdiction_conditioned_field,jurisdiction_field_dependency,audit_contract_tests,1,0,32.0,0,1,1,0,31
business_licensing_8_4_jurisdiction_field,business_licensing,GET /licenses/export/dependent-replica-8,jurisdiction_conditioned_field,jurisdiction_field_dependency,basic_policy_aware_full,1,0,32.0,0,1,1,0,31
business_licensing_8_4_jurisdiction_field,business_licensing,GET /licenses/export/dependent-replica-8,jurisdiction_conditioned_field,jurisdiction_field_dependency,dependent_policy_full,1,1,32.0,0,1,1,0,31
business_licensing_8_4_jurisdiction_field,business_licensing,GET /licenses/export/dependent-replica-8,jurisdiction_conditioned_field,jurisdiction_field_dependency,dependent_without_consent,1,1,32.0,0,1,1,0,31
business_licensing_8_4_jurisdiction_field,business_licensing,GET /licenses/export/dependent-replica-8,jurisdiction_conditioned_field,jurisdiction_field_dependency,dependent_without_threshold,1,1,32.0,0,1,1,0,31
business_licensing_8_4_jurisdiction_field,business_licensing,GET /licenses/export/dependent-replica-8,jurisdiction_conditioned_field,jurisdiction_field_dependency,dependent_without_enhanced_audit,1,1,32.0,0,1,1,0,31
business_licensing_8_4_jurisdiction_field,business_licensing,GET /licenses/export/dependent-replica-8,jurisdiction_conditioned_field,jurisdiction_field_dependency,dependent_without_purpose_field,1,1,32.0,0,1,1,0,31
business_licensing_8_4_consent_field,business_licensing,GET /licenses/export/dependent-replica-8,consent_gated_field,consent_field_dependency,schema_validation,1,0,24.0,1,1,0,0,44
business_licensing_8_4_consent_field,business_licensing,GET /licenses/export/dependent-replica-8,consent_gated_field,consent_field_dependency,role_matrix,1,0,24.0,1,1,0,0,44
business_licensing_8_4_consent_field,business_licensing,GET /licenses/export/dependent-replica-8,consent_gated_field,consent_field_dependency,object_policy_tests,1,0,24.0,1,1,0,0,44
business_licensing_8_4_consent_field,business_licensing,GET /licenses/export/dependent-replica-8,consent_gated_field,consent_field_dependency,field_policy_tests,1,0,24.0,1,1,0,0,44
business_licensing_8_4_consent_field,business_licensing,GET /licenses/export/dependent-replica-8,consent_gated_field,consent_field_dependency,audit_contract_tests,1,0,24.0,1,1,0,0,44
business_licensing_8_4_consent_field,business_licensing,GET /licenses/export/dependent-replica-8,consent_gated_field,consent_field_dependency,basic_policy_aware_full,1,0,24.0,1,1,0,0,44
business_licensing_8_4_consent_field,business_licensing,GET /licenses/export/dependent-replica-8,consent_gated_field,consent_field_dependency,dependent_policy_full,1,1,24.0,1,1,0,0,44
business_licensing_8_4_consent_field,business_licensing,GET /licenses/export/dependent-replica-8,consent_gated_field,consent_field_dependency,dependent_without_consent,1,0,24.0,1,1,0,0,44
business_licensing_8_4_consent_field,business_licensing,GET /licenses/export/dependent-replica-8,consent_gated_field,consent_field_dependency,dependent_without_threshold,1,1,24.0,1,1,0,0,44
business_licensing_8_4_consent_field,business_licensing,GET /licenses/export/dependent-replica-8,consent_gated_field,consent_field_dependency,dependent_without_enhanced_audit,1,1,24.0,1,1,0,0,44
business_licensing_8_4_consent_field,business_licensing,GET /licenses/export/dependent-replica-8,consent_gated_field,consent_field_dependency,dependent_without_purpose_field,1,1,24.0,1,1,0,0,44
business_licensing_8_4_small_cell,business_licensing,GET /licenses/export/dependent-replica-8,aggregation_threshold_leak,aggregation_threshold,schema_validation,1,0,20.0,1,1,1,0,4
business_licensing_8_4_small_cell,business_licensing,GET /licenses/export/dependent-replica-8,aggregation_threshold_leak,aggregation_threshold,role_matrix,1,0,20.0,1,1,1,0,4
business_licensing_8_4_small_cell,business_licensing,GET /licenses/export/dependent-replica-8,aggregation_threshold_leak,aggregation_threshold,object_policy_tests,1,0,20.0,1,1,1,0,4
business_licensing_8_4_small_cell,business_licensing,GET /licenses/export/dependent-replica-8,aggregation_threshold_leak,aggregation_threshold,field_policy_tests,1,0,20.0,1,1,1,0,4
business_licensing_8_4_small_cell,business_licensing,GET /licenses/export/dependent-replica-8,aggregation_threshold_leak,aggregation_threshold,audit_contract_tests,1,0,20.0,1,1,1,0,4
business_licensing_8_4_small_cell,business_licensing,GET /licenses/export/dependent-replica-8,aggregation_threshold_leak,aggregation_threshold,basic_policy_aware_full,1,0,20.0,1,1,1,0,4
business_licensing_8_4_small_cell,business_licensing,GET /licenses/export/dependent-replica-8,aggregation_threshold_leak,aggregation_threshold,dependent_policy_full,1,1,20.0,1,1,1,0,4
business_licensing_8_4_small_cell,business_licensing,GET /licenses/export/dependent-replica-8,aggregation_threshold_leak,aggregation_threshold,dependent_without_consent,1,1,20.0,1,1,1,0,4
business_licensing_8_4_small_cell,business_licensing,GET /licenses/export/dependent-replica-8,aggregation_threshold_leak,aggregation_threshold,dependent_without_threshold,1,0,20.0,1,1,1,0,4
business_licensing_8_4_small_cell,business_licensing,GET /licenses/export/dependent-replica-8,aggregation_threshold_leak,aggregation_threshold,dependent_without_enhanced_audit,1,1,20.0,1,1,1,0,4
business_licensing_8_4_small_cell,business_licensing,GET /licenses/export/dependent-replica-8,aggregation_threshold_leak,aggregation_threshold,dependent_without_purpose_field,1,1,20.0,1,1,1,0,4
business_licensing_8_4_emergency_audit,business_licensing,GET /licenses/export/dependent-replica-8,emergency_audit_downgrade,enhanced_audit_dependency,schema_validation,1,0,16.0,1,1,1,1,30
business_licensing_8_4_emergency_audit,business_licensing,GET /licenses/export/dependent-replica-8,emergency_audit_downgrade,enhanced_audit_dependency,role_matrix,1,0,16.0,1,1,1,1,30
business_licensing_8_4_emergency_audit,business_licensing,GET /licenses/export/dependent-replica-8,emergency_audit_downgrade,enhanced_audit_dependency,object_policy_tests,1,0,16.0,1,1,1,1,30
business_licensing_8_4_emergency_audit,business_licensing,GET /licenses/export/dependent-replica-8,emergency_audit_downgrade,enhanced_audit_dependency,field_policy_tests,1,0,16.0,1,1,1,1,30
business_licensing_8_4_emergency_audit,business_licensing,GET /licenses/export/dependent-replica-8,emergency_audit_downgrade,enhanced_audit_dependency,audit_contract_tests,1,0,16.0,1,1,1,1,30
business_licensing_8_4_emergency_audit,business_licensing,GET /licenses/export/dependent-replica-8,emergency_audit_downgrade,enhanced_audit_dependency,basic_policy_aware_full,1,0,16.0,1,1,1,1,30
business_licensing_8_4_emergency_audit,business_licensing,GET /licenses/export/dependent-replica-8,emergency_audit_downgrade,enhanced_audit_dependency,dependent_policy_full,1,1,16.0,1,1,1,1,30
business_licensing_8_4_emergency_audit,business_licensing,GET /licenses/export/dependent-replica-8,emergency_audit_downgrade,enhanced_audit_dependency,dependent_without_consent,1,1,16.0,1,1,1,1,30
business_licensing_8_4_emergency_audit,business_licensing,GET /licenses/export/dependent-replica-8,emergency_audit_downgrade,enhanced_audit_dependency,dependent_without_threshold,1,1,16.0,1,1,1,1,30
business_licensing_8_4_emergency_audit,business_licensing,GET /licenses/export/dependent-replica-8,emergency_audit_downgrade,enhanced_audit_dependency,dependent_without_enhanced_audit,1,0,16.0,1,1,1,1,30
business_licensing_8_4_emergency_audit,business_licensing,GET /licenses/export/dependent-replica-8,emergency_audit_downgrade,enhanced_audit_dependency,dependent_without_purpose_field,1,1,16.0,1,1,1,1,30
business_licensing_8_4_compound_scope,business_licensing,GET /licenses/export/dependent-replica-8,compound_scope_field,compound_policy_interaction,schema_validation,1,0,40.0,0,0,0,0,3
business_licensing_8_4_compound_scope,business_licensing,GET /licenses/export/dependent-replica-8,compound_scope_field,compound_policy_interaction,role_matrix,1,0,40.0,0,0,0,0,3
business_licensing_8_4_compound_scope,business_licensing,GET /licenses/export/dependent-replica-8,compound_scope_field,compound_policy_interaction,object_policy_tests,1,0,40.0,0,0,0,0,3
business_licensing_8_4_compound_scope,business_licensing,GET /licenses/export/dependent-replica-8,compound_scope_field,compound_policy_interaction,field_policy_tests,1,0,40.0,0,0,0,0,3
business_licensing_8_4_compound_scope,business_licensing,GET /licenses/export/dependent-replica-8,compound_scope_field,compound_policy_interaction,audit_contract_tests,1,0,40.0,0,0,0,0,3
business_licensing_8_4_compound_scope,business_licensing,GET /licenses/export/dependent-replica-8,compound_scope_field,compound_policy_interaction,basic_policy_aware_full,1,0,40.0,0,0,0,0,3
business_licensing_8_4_compound_scope,business_licensing,GET /licenses/export/dependent-replica-8,compound_scope_field,compound_policy_interaction,dependent_policy_full,1,1,40.0,0,0,0,0,3
business_licensing_8_4_compound_scope,business_licensing,GET /licenses/export/dependent-replica-8,compound_scope_field,compound_policy_interaction,dependent_without_consent,1,0,40.0,0,0,0,0,3
business_licensing_8_4_compound_scope,business_licensing,GET /licenses/export/dependent-replica-8,compound_scope_field,compound_policy_interaction,dependent_without_threshold,1,1,40.0,0,0,0,0,3
business_licensing_8_4_compound_scope,business_licensing,GET /licenses/export/dependent-replica-8,compound_scope_field,compound_policy_interaction,dependent_without_enhanced_audit,1,1,40.0,0,0,0,0,3
business_licensing_8_4_compound_scope,business_licensing,GET /licenses/export/dependent-replica-8,compound_scope_field,compound_policy_interaction,dependent_without_purpose_field,1,1,40.0,0,0,0,0,3
business_licensing_8_4_clean_dependent,business_licensing,GET /licenses/export/dependent-replica-8,clean,none,schema_validation,0,0,0.0,1,1,1,0,30
business_licensing_8_4_clean_dependent,business_licensing,GET /licenses/export/dependent-replica-8,clean,none,role_matrix,0,0,0.0,1,1,1,0,30
business_licensing_8_4_clean_dependent,business_licensing,GET /licenses/export/dependent-replica-8,clean,none,object_policy_tests,0,0,0.0,1,1,1,0,30
business_licensing_8_4_clean_dependent,business_licensing,GET /licenses/export/dependent-replica-8,clean,none,field_policy_tests,0,0,0.0,1,1,1,0,30
business_licensing_8_4_clean_dependent,business_licensing,GET /licenses/export/dependent-replica-8,clean,none,audit_contract_tests,0,0,0.0,1,1,1,0,30
business_licensing_8_4_clean_dependent,business_licensing,GET /licenses/export/dependent-replica-8,clean,none,basic_policy_aware_full,0,0,0.0,1,1,1,0,30
business_licensing_8_4_clean_dependent,business_licensing,GET /licenses/export/dependent-replica-8,clean,none,dependent_policy_full,0,0,0.0,1,1,1,0,30
business_licensing_8_4_clean_dependent,business_licensing,GET /licenses/export/dependent-replica-8,clean,none,dependent_without_consent,0,0,0.0,1,1,1,0,30
business_licensing_8_4_clean_dependent,business_licensing,GET /licenses/export/dependent-replica-8,clean,none,dependent_without_threshold,0,0,0.0,1,1,1,0,30
business_licensing_8_4_clean_dependent,business_licensing,GET /licenses/export/dependent-replica-8,clean,none,dependent_without_enhanced_audit,0,0,0.0,1,1,1,0,30
business_licensing_8_4_clean_dependent,business_licensing,GET /licenses/export/dependent-replica-8,clean,none,dependent_without_purpose_field,0,0,0.0,1,1,1,0,30
health_9_1_purpose_field,health,GET /patients/{id}/dependent-replica-9,purpose_conditioned_field,purpose_field_dependency,schema_validation,1,0,35.0,1,1,1,0,27
health_9_1_purpose_field,health,GET /patients/{id}/dependent-replica-9,purpose_conditioned_field,purpose_field_dependency,role_matrix,1,0,35.0,1,1,1,0,27
health_9_1_purpose_field,health,GET /patients/{id}/dependent-replica-9,purpose_conditioned_field,purpose_field_dependency,object_policy_tests,1,0,35.0,1,1,1,0,27
health_9_1_purpose_field,health,GET /patients/{id}/dependent-replica-9,purpose_conditioned_field,purpose_field_dependency,field_policy_tests,1,0,35.0,1,1,1,0,27
health_9_1_purpose_field,health,GET /patients/{id}/dependent-replica-9,purpose_conditioned_field,purpose_field_dependency,audit_contract_tests,1,0,35.0,1,1,1,0,27
health_9_1_purpose_field,health,GET /patients/{id}/dependent-replica-9,purpose_conditioned_field,purpose_field_dependency,basic_policy_aware_full,1,0,35.0,1,1,1,0,27
health_9_1_purpose_field,health,GET /patients/{id}/dependent-replica-9,purpose_conditioned_field,purpose_field_dependency,dependent_policy_full,1,1,35.0,1,1,1,0,27
health_9_1_purpose_field,health,GET /patients/{id}/dependent-replica-9,purpose_conditioned_field,purpose_field_dependency,dependent_without_consent,1,1,35.0,1,1,1,0,27
health_9_1_purpose_field,health,GET /patients/{id}/dependent-replica-9,purpose_conditioned_field,purpose_field_dependency,dependent_without_threshold,1,1,35.0,1,1,1,0,27
health_9_1_purpose_field,health,GET /patients/{id}/dependent-replica-9,purpose_conditioned_field,purpose_field_dependency,dependent_without_enhanced_audit,1,1,35.0,1,1,1,0,27
health_9_1_purpose_field,health,GET /patients/{id}/dependent-replica-9,purpose_conditioned_field,purpose_field_dependency,dependent_without_purpose_field,1,0,35.0,1,1,1,0,27
health_9_1_jurisdiction_field,health,GET /patients/{id}/dependent-replica-9,jurisdiction_conditioned_field,jurisdiction_field_dependency,schema_validation,1,0,40.0,0,1,1,0,31
health_9_1_jurisdiction_field,health,GET /patients/{id}/dependent-replica-9,jurisdiction_conditioned_field,jurisdiction_field_dependency,role_matrix,1,0,40.0,0,1,1,0,31
health_9_1_jurisdiction_field,health,GET /patients/{id}/dependent-replica-9,jurisdiction_conditioned_field,jurisdiction_field_dependency,object_policy_tests,1,0,40.0,0,1,1,0,31
health_9_1_jurisdiction_field,health,GET /patients/{id}/dependent-replica-9,jurisdiction_conditioned_field,jurisdiction_field_dependency,field_policy_tests,1,0,40.0,0,1,1,0,31
health_9_1_jurisdiction_field,health,GET /patients/{id}/dependent-replica-9,jurisdiction_conditioned_field,jurisdiction_field_dependency,audit_contract_tests,1,0,40.0,0,1,1,0,31
health_9_1_jurisdiction_field,health,GET /patients/{id}/dependent-replica-9,jurisdiction_conditioned_field,jurisdiction_field_dependency,basic_policy_aware_full,1,0,40.0,0,1,1,0,31
health_9_1_jurisdiction_field,health,GET /patients/{id}/dependent-replica-9,jurisdiction_conditioned_field,jurisdiction_field_dependency,dependent_policy_full,1,1,40.0,0,1,1,0,31
health_9_1_jurisdiction_field,health,GET /patients/{id}/dependent-replica-9,jurisdiction_conditioned_field,jurisdiction_field_dependency,dependent_without_consent,1,1,40.0,0,1,1,0,31
health_9_1_jurisdiction_field,health,GET /patients/{id}/dependent-replica-9,jurisdiction_conditioned_field,jurisdiction_field_dependency,dependent_without_threshold,1,1,40.0,0,1,1,0,31
health_9_1_jurisdiction_field,health,GET /patients/{id}/dependent-replica-9,jurisdiction_conditioned_field,jurisdiction_field_dependency,dependent_without_enhanced_audit,1,1,40.0,0,1,1,0,31
health_9_1_jurisdiction_field,health,GET /patients/{id}/dependent-replica-9,jurisdiction_conditioned_field,jurisdiction_field_dependency,dependent_without_purpose_field,1,1,40.0,0,1,1,0,31
health_9_1_consent_field,health,GET /patients/{id}/dependent-replica-9,consent_gated_field,consent_field_dependency,schema_validation,1,0,30.0,1,1,0,0,44
health_9_1_consent_field,health,GET /patients/{id}/dependent-replica-9,consent_gated_field,consent_field_dependency,role_matrix,1,0,30.0,1,1,0,0,44
health_9_1_consent_field,health,GET /patients/{id}/dependent-replica-9,consent_gated_field,consent_field_dependency,object_policy_tests,1,0,30.0,1,1,0,0,44
health_9_1_consent_field,health,GET /patients/{id}/dependent-replica-9,consent_gated_field,consent_field_dependency,field_policy_tests,1,0,30.0,1,1,0,0,44
health_9_1_consent_field,health,GET /patients/{id}/dependent-replica-9,consent_gated_field,consent_field_dependency,audit_contract_tests,1,0,30.0,1,1,0,0,44
health_9_1_consent_field,health,GET /patients/{id}/dependent-replica-9,consent_gated_field,consent_field_dependency,basic_policy_aware_full,1,0,30.0,1,1,0,0,44
health_9_1_consent_field,health,GET /patients/{id}/dependent-replica-9,consent_gated_field,consent_field_dependency,dependent_policy_full,1,1,30.0,1,1,0,0,44
health_9_1_consent_field,health,GET /patients/{id}/dependent-replica-9,consent_gated_field,consent_field_dependency,dependent_without_consent,1,0,30.0,1,1,0,0,44
health_9_1_consent_field,health,GET /patients/{id}/dependent-replica-9,consent_gated_field,consent_field_dependency,dependent_without_threshold,1,1,30.0,1,1,0,0,44
health_9_1_consent_field,health,GET /patients/{id}/dependent-replica-9,consent_gated_field,consent_field_dependency,dependent_without_enhanced_audit,1,1,30.0,1,1,0,0,44
health_9_1_consent_field,health,GET /patients/{id}/dependent-replica-9,consent_gated_field,consent_field_dependency,dependent_without_purpose_field,1,1,30.0,1,1,0,0,44
health_9_1_small_cell,health,GET /patients/{id}/dependent-replica-9,aggregation_threshold_leak,aggregation_threshold,schema_validation,1,0,25.0,1,1,1,0,4
health_9_1_small_cell,health,GET /patients/{id}/dependent-replica-9,aggregation_threshold_leak,aggregation_threshold,role_matrix,1,0,25.0,1,1,1,0,4
health_9_1_small_cell,health,GET /patients/{id}/dependent-replica-9,aggregation_threshold_leak,aggregation_threshold,object_policy_tests,1,0,25.0,1,1,1,0,4
health_9_1_small_cell,health,GET /patients/{id}/dependent-replica-9,aggregation_threshold_leak,aggregation_threshold,field_policy_tests,1,0,25.0,1,1,1,0,4
health_9_1_small_cell,health,GET /patients/{id}/dependent-replica-9,aggregation_threshold_leak,aggregation_threshold,audit_contract_tests,1,0,25.0,1,1,1,0,4
health_9_1_small_cell,health,GET /patients/{id}/dependent-replica-9,aggregation_threshold_leak,aggregation_threshold,basic_policy_aware_full,1,0,25.0,1,1,1,0,4
health_9_1_small_cell,health,GET /patients/{id}/dependent-replica-9,aggregation_threshold_leak,aggregation_threshold,dependent_policy_full,1,1,25.0,1,1,1,0,4
health_9_1_small_cell,health,GET /patients/{id}/dependent-replica-9,aggregation_threshold_leak,aggregation_threshold,dependent_without_consent,1,1,25.0,1,1,1,0,4
health_9_1_small_cell,health,GET /patients/{id}/dependent-replica-9,aggregation_threshold_leak,aggregation_threshold,dependent_without_threshold,1,0,25.0,1,1,1,0,4
health_9_1_small_cell,health,GET /patients/{id}/dependent-replica-9,aggregation_threshold_leak,aggregation_threshold,dependent_without_enhanced_audit,1,1,25.0,1,1,1,0,4
health_9_1_small_cell,health,GET /patients/{id}/dependent-replica-9,aggregation_threshold_leak,aggregation_threshold,dependent_without_purpose_field,1,1,25.0,1,1,1,0,4
health_9_1_emergency_audit,health,GET /patients/{id}/dependent-replica-9,emergency_audit_downgrade,enhanced_audit_dependency,schema_validation,1,0,20.0,1,1,1,1,30
health_9_1_emergency_audit,health,GET /patients/{id}/dependent-replica-9,emergency_audit_downgrade,enhanced_audit_dependency,role_matrix,1,0,20.0,1,1,1,1,30
health_9_1_emergency_audit,health,GET /patients/{id}/dependent-replica-9,emergency_audit_downgrade,enhanced_audit_dependency,object_policy_tests,1,0,20.0,1,1,1,1,30
health_9_1_emergency_audit,health,GET /patients/{id}/dependent-replica-9,emergency_audit_downgrade,enhanced_audit_dependency,field_policy_tests,1,0,20.0,1,1,1,1,30
health_9_1_emergency_audit,health,GET /patients/{id}/dependent-replica-9,emergency_audit_downgrade,enhanced_audit_dependency,audit_contract_tests,1,0,20.0,1,1,1,1,30
health_9_1_emergency_audit,health,GET /patients/{id}/dependent-replica-9,emergency_audit_downgrade,enhanced_audit_dependency,basic_policy_aware_full,1,0,20.0,1,1,1,1,30
health_9_1_emergency_audit,health,GET /patients/{id}/dependent-replica-9,emergency_audit_downgrade,enhanced_audit_dependency,dependent_policy_full,1,1,20.0,1,1,1,1,30
health_9_1_emergency_audit,health,GET /patients/{id}/dependent-replica-9,emergency_audit_downgrade,enhanced_audit_dependency,dependent_without_consent,1,1,20.0,1,1,1,1,30
health_9_1_emergency_audit,health,GET /patients/{id}/dependent-replica-9,emergency_audit_downgrade,enhanced_audit_dependency,dependent_without_threshold,1,1,20.0,1,1,1,1,30
health_9_1_emergency_audit,health,GET /patients/{id}/dependent-replica-9,emergency_audit_downgrade,enhanced_audit_dependency,dependent_without_enhanced_audit,1,0,20.0,1,1,1,1,30
health_9_1_emergency_audit,health,GET /patients/{id}/dependent-replica-9,emergency_audit_downgrade,enhanced_audit_dependency,dependent_without_purpose_field,1,1,20.0,1,1,1,1,30
health_9_1_compound_scope,health,GET /patients/{id}/dependent-replica-9,compound_scope_field,compound_policy_interaction,schema_validation,1,0,50.0,0,0,0,0,3
health_9_1_compound_scope,health,GET /patients/{id}/dependent-replica-9,compound_scope_field,compound_policy_interaction,role_matrix,1,0,50.0,0,0,0,0,3
health_9_1_compound_scope,health,GET /patients/{id}/dependent-replica-9,compound_scope_field,compound_policy_interaction,object_policy_tests,1,0,50.0,0,0,0,0,3
health_9_1_compound_scope,health,GET /patients/{id}/dependent-replica-9,compound_scope_field,compound_policy_interaction,field_policy_tests,1,0,50.0,0,0,0,0,3
health_9_1_compound_scope,health,GET /patients/{id}/dependent-replica-9,compound_scope_field,compound_policy_interaction,audit_contract_tests,1,0,50.0,0,0,0,0,3
health_9_1_compound_scope,health,GET /patients/{id}/dependent-replica-9,compound_scope_field,compound_policy_interaction,basic_policy_aware_full,1,0,50.0,0,0,0,0,3
health_9_1_compound_scope,health,GET /patients/{id}/dependent-replica-9,compound_scope_field,compound_policy_interaction,dependent_policy_full,1,1,50.0,0,0,0,0,3
health_9_1_compound_scope,health,GET /patients/{id}/dependent-replica-9,compound_scope_field,compound_policy_interaction,dependent_without_consent,1,0,50.0,0,0,0,0,3
health_9_1_compound_scope,health,GET /patients/{id}/dependent-replica-9,compound_scope_field,compound_policy_interaction,dependent_without_threshold,1,1,50.0,0,0,0,0,3
health_9_1_compound_scope,health,GET /patients/{id}/dependent-replica-9,compound_scope_field,compound_policy_interaction,dependent_without_enhanced_audit,1,1,50.0,0,0,0,0,3
health_9_1_compound_scope,health,GET /patients/{id}/dependent-replica-9,compound_scope_field,compound_policy_interaction,dependent_without_purpose_field,1,1,50.0,0,0,0,0,3
health_9_1_clean_dependent,health,GET /patients/{id}/dependent-replica-9,clean,none,schema_validation,0,0,0.0,1,1,1,0,30
health_9_1_clean_dependent,health,GET /patients/{id}/dependent-replica-9,clean,none,role_matrix,0,0,0.0,1,1,1,0,30
health_9_1_clean_dependent,health,GET /patients/{id}/dependent-replica-9,clean,none,object_policy_tests,0,0,0.0,1,1,1,0,30
health_9_1_clean_dependent,health,GET /patients/{id}/dependent-replica-9,clean,none,field_policy_tests,0,0,0.0,1,1,1,0,30
health_9_1_clean_dependent,health,GET /patients/{id}/dependent-replica-9,clean,none,audit_contract_tests,0,0,0.0,1,1,1,0,30
health_9_1_clean_dependent,health,GET /patients/{id}/dependent-replica-9,clean,none,basic_policy_aware_full,0,0,0.0,1,1,1,0,30
health_9_1_clean_dependent,health,GET /patients/{id}/dependent-replica-9,clean,none,dependent_policy_full,0,0,0.0,1,1,1,0,30
health_9_1_clean_dependent,health,GET /patients/{id}/dependent-replica-9,clean,none,dependent_without_consent,0,0,0.0,1,1,1,0,30
health_9_1_clean_dependent,health,GET /patients/{id}/dependent-replica-9,clean,none,dependent_without_threshold,0,0,0.0,1,1,1,0,30
health_9_1_clean_dependent,health,GET /patients/{id}/dependent-replica-9,clean,none,dependent_without_enhanced_audit,0,0,0.0,1,1,1,0,30
health_9_1_clean_dependent,health,GET /patients/{id}/dependent-replica-9,clean,none,dependent_without_purpose_field,0,0,0.0,1,1,1,0,30
citizen_services_9_2_purpose_field,citizen_services,GET /benefits/{id}/dependent-replica-9,purpose_conditioned_field,purpose_field_dependency,schema_validation,1,0,35.0,1,1,1,0,27
citizen_services_9_2_purpose_field,citizen_services,GET /benefits/{id}/dependent-replica-9,purpose_conditioned_field,purpose_field_dependency,role_matrix,1,0,35.0,1,1,1,0,27
citizen_services_9_2_purpose_field,citizen_services,GET /benefits/{id}/dependent-replica-9,purpose_conditioned_field,purpose_field_dependency,object_policy_tests,1,0,35.0,1,1,1,0,27
citizen_services_9_2_purpose_field,citizen_services,GET /benefits/{id}/dependent-replica-9,purpose_conditioned_field,purpose_field_dependency,field_policy_tests,1,0,35.0,1,1,1,0,27
citizen_services_9_2_purpose_field,citizen_services,GET /benefits/{id}/dependent-replica-9,purpose_conditioned_field,purpose_field_dependency,audit_contract_tests,1,0,35.0,1,1,1,0,27
citizen_services_9_2_purpose_field,citizen_services,GET /benefits/{id}/dependent-replica-9,purpose_conditioned_field,purpose_field_dependency,basic_policy_aware_full,1,0,35.0,1,1,1,0,27
citizen_services_9_2_purpose_field,citizen_services,GET /benefits/{id}/dependent-replica-9,purpose_conditioned_field,purpose_field_dependency,dependent_policy_full,1,1,35.0,1,1,1,0,27
citizen_services_9_2_purpose_field,citizen_services,GET /benefits/{id}/dependent-replica-9,purpose_conditioned_field,purpose_field_dependency,dependent_without_consent,1,1,35.0,1,1,1,0,27
citizen_services_9_2_purpose_field,citizen_services,GET /benefits/{id}/dependent-replica-9,purpose_conditioned_field,purpose_field_dependency,dependent_without_threshold,1,1,35.0,1,1,1,0,27
citizen_services_9_2_purpose_field,citizen_services,GET /benefits/{id}/dependent-replica-9,purpose_conditioned_field,purpose_field_dependency,dependent_without_enhanced_audit,1,1,35.0,1,1,1,0,27
citizen_services_9_2_purpose_field,citizen_services,GET /benefits/{id}/dependent-replica-9,purpose_conditioned_field,purpose_field_dependency,dependent_without_purpose_field,1,0,35.0,1,1,1,0,27
citizen_services_9_2_jurisdiction_field,citizen_services,GET /benefits/{id}/dependent-replica-9,jurisdiction_conditioned_field,jurisdiction_field_dependency,schema_validation,1,0,40.0,0,1,1,0,31
citizen_services_9_2_jurisdiction_field,citizen_services,GET /benefits/{id}/dependent-replica-9,jurisdiction_conditioned_field,jurisdiction_field_dependency,role_matrix,1,0,40.0,0,1,1,0,31
citizen_services_9_2_jurisdiction_field,citizen_services,GET /benefits/{id}/dependent-replica-9,jurisdiction_conditioned_field,jurisdiction_field_dependency,object_policy_tests,1,0,40.0,0,1,1,0,31
citizen_services_9_2_jurisdiction_field,citizen_services,GET /benefits/{id}/dependent-replica-9,jurisdiction_conditioned_field,jurisdiction_field_dependency,field_policy_tests,1,0,40.0,0,1,1,0,31
citizen_services_9_2_jurisdiction_field,citizen_services,GET /benefits/{id}/dependent-replica-9,jurisdiction_conditioned_field,jurisdiction_field_dependency,audit_contract_tests,1,0,40.0,0,1,1,0,31
citizen_services_9_2_jurisdiction_field,citizen_services,GET /benefits/{id}/dependent-replica-9,jurisdiction_conditioned_field,jurisdiction_field_dependency,basic_policy_aware_full,1,0,40.0,0,1,1,0,31
citizen_services_9_2_jurisdiction_field,citizen_services,GET /benefits/{id}/dependent-replica-9,jurisdiction_conditioned_field,jurisdiction_field_dependency,dependent_policy_full,1,1,40.0,0,1,1,0,31
citizen_services_9_2_jurisdiction_field,citizen_services,GET /benefits/{id}/dependent-replica-9,jurisdiction_conditioned_field,jurisdiction_field_dependency,dependent_without_consent,1,1,40.0,0,1,1,0,31
citizen_services_9_2_jurisdiction_field,citizen_services,GET /benefits/{id}/dependent-replica-9,jurisdiction_conditioned_field,jurisdiction_field_dependency,dependent_without_threshold,1,1,40.0,0,1,1,0,31
citizen_services_9_2_jurisdiction_field,citizen_services,GET /benefits/{id}/dependent-replica-9,jurisdiction_conditioned_field,jurisdiction_field_dependency,dependent_without_enhanced_audit,1,1,40.0,0,1,1,0,31
citizen_services_9_2_jurisdiction_field,citizen_services,GET /benefits/{id}/dependent-replica-9,jurisdiction_conditioned_field,jurisdiction_field_dependency,dependent_without_purpose_field,1,1,40.0,0,1,1,0,31
citizen_services_9_2_consent_field,citizen_services,GET /benefits/{id}/dependent-replica-9,consent_gated_field,consent_field_dependency,schema_validation,1,0,30.0,1,1,0,0,44
citizen_services_9_2_consent_field,citizen_services,GET /benefits/{id}/dependent-replica-9,consent_gated_field,consent_field_dependency,role_matrix,1,0,30.0,1,1,0,0,44
citizen_services_9_2_consent_field,citizen_services,GET /benefits/{id}/dependent-replica-9,consent_gated_field,consent_field_dependency,object_policy_tests,1,0,30.0,1,1,0,0,44
citizen_services_9_2_consent_field,citizen_services,GET /benefits/{id}/dependent-replica-9,consent_gated_field,consent_field_dependency,field_policy_tests,1,0,30.0,1,1,0,0,44
citizen_services_9_2_consent_field,citizen_services,GET /benefits/{id}/dependent-replica-9,consent_gated_field,consent_field_dependency,audit_contract_tests,1,0,30.0,1,1,0,0,44
citizen_services_9_2_consent_field,citizen_services,GET /benefits/{id}/dependent-replica-9,consent_gated_field,consent_field_dependency,basic_policy_aware_full,1,0,30.0,1,1,0,0,44
citizen_services_9_2_consent_field,citizen_services,GET /benefits/{id}/dependent-replica-9,consent_gated_field,consent_field_dependency,dependent_policy_full,1,1,30.0,1,1,0,0,44
citizen_services_9_2_consent_field,citizen_services,GET /benefits/{id}/dependent-replica-9,consent_gated_field,consent_field_dependency,dependent_without_consent,1,0,30.0,1,1,0,0,44
citizen_services_9_2_consent_field,citizen_services,GET /benefits/{id}/dependent-replica-9,consent_gated_field,consent_field_dependency,dependent_without_threshold,1,1,30.0,1,1,0,0,44
citizen_services_9_2_consent_field,citizen_services,GET /benefits/{id}/dependent-replica-9,consent_gated_field,consent_field_dependency,dependent_without_enhanced_audit,1,1,30.0,1,1,0,0,44
citizen_services_9_2_consent_field,citizen_services,GET /benefits/{id}/dependent-replica-9,consent_gated_field,consent_field_dependency,dependent_without_purpose_field,1,1,30.0,1,1,0,0,44
citizen_services_9_2_small_cell,citizen_services,GET /benefits/{id}/dependent-replica-9,aggregation_threshold_leak,aggregation_threshold,schema_validation,1,0,25.0,1,1,1,0,4
citizen_services_9_2_small_cell,citizen_services,GET /benefits/{id}/dependent-replica-9,aggregation_threshold_leak,aggregation_threshold,role_matrix,1,0,25.0,1,1,1,0,4
citizen_services_9_2_small_cell,citizen_services,GET /benefits/{id}/dependent-replica-9,aggregation_threshold_leak,aggregation_threshold,object_policy_tests,1,0,25.0,1,1,1,0,4
citizen_services_9_2_small_cell,citizen_services,GET /benefits/{id}/dependent-replica-9,aggregation_threshold_leak,aggregation_threshold,field_policy_tests,1,0,25.0,1,1,1,0,4
citizen_services_9_2_small_cell,citizen_services,GET /benefits/{id}/dependent-replica-9,aggregation_threshold_leak,aggregation_threshold,audit_contract_tests,1,0,25.0,1,1,1,0,4
citizen_services_9_2_small_cell,citizen_services,GET /benefits/{id}/dependent-replica-9,aggregation_threshold_leak,aggregation_threshold,basic_policy_aware_full,1,0,25.0,1,1,1,0,4
citizen_services_9_2_small_cell,citizen_services,GET /benefits/{id}/dependent-replica-9,aggregation_threshold_leak,aggregation_threshold,dependent_policy_full,1,1,25.0,1,1,1,0,4
citizen_services_9_2_small_cell,citizen_services,GET /benefits/{id}/dependent-replica-9,aggregation_threshold_leak,aggregation_threshold,dependent_without_consent,1,1,25.0,1,1,1,0,4
citizen_services_9_2_small_cell,citizen_services,GET /benefits/{id}/dependent-replica-9,aggregation_threshold_leak,aggregation_threshold,dependent_without_threshold,1,0,25.0,1,1,1,0,4
citizen_services_9_2_small_cell,citizen_services,GET /benefits/{id}/dependent-replica-9,aggregation_threshold_leak,aggregation_threshold,dependent_without_enhanced_audit,1,1,25.0,1,1,1,0,4
citizen_services_9_2_small_cell,citizen_services,GET /benefits/{id}/dependent-replica-9,aggregation_threshold_leak,aggregation_threshold,dependent_without_purpose_field,1,1,25.0,1,1,1,0,4
citizen_services_9_2_emergency_audit,citizen_services,GET /benefits/{id}/dependent-replica-9,emergency_audit_downgrade,enhanced_audit_dependency,schema_validation,1,0,20.0,1,1,1,1,30
citizen_services_9_2_emergency_audit,citizen_services,GET /benefits/{id}/dependent-replica-9,emergency_audit_downgrade,enhanced_audit_dependency,role_matrix,1,0,20.0,1,1,1,1,30
citizen_services_9_2_emergency_audit,citizen_services,GET /benefits/{id}/dependent-replica-9,emergency_audit_downgrade,enhanced_audit_dependency,object_policy_tests,1,0,20.0,1,1,1,1,30
citizen_services_9_2_emergency_audit,citizen_services,GET /benefits/{id}/dependent-replica-9,emergency_audit_downgrade,enhanced_audit_dependency,field_policy_tests,1,0,20.0,1,1,1,1,30
citizen_services_9_2_emergency_audit,citizen_services,GET /benefits/{id}/dependent-replica-9,emergency_audit_downgrade,enhanced_audit_dependency,audit_contract_tests,1,0,20.0,1,1,1,1,30
citizen_services_9_2_emergency_audit,citizen_services,GET /benefits/{id}/dependent-replica-9,emergency_audit_downgrade,enhanced_audit_dependency,basic_policy_aware_full,1,0,20.0,1,1,1,1,30
citizen_services_9_2_emergency_audit,citizen_services,GET /benefits/{id}/dependent-replica-9,emergency_audit_downgrade,enhanced_audit_dependency,dependent_policy_full,1,1,20.0,1,1,1,1,30
citizen_services_9_2_emergency_audit,citizen_services,GET /benefits/{id}/dependent-replica-9,emergency_audit_downgrade,enhanced_audit_dependency,dependent_without_consent,1,1,20.0,1,1,1,1,30
citizen_services_9_2_emergency_audit,citizen_services,GET /benefits/{id}/dependent-replica-9,emergency_audit_downgrade,enhanced_audit_dependency,dependent_without_threshold,1,1,20.0,1,1,1,1,30
citizen_services_9_2_emergency_audit,citizen_services,GET /benefits/{id}/dependent-replica-9,emergency_audit_downgrade,enhanced_audit_dependency,dependent_without_enhanced_audit,1,0,20.0,1,1,1,1,30
citizen_services_9_2_emergency_audit,citizen_services,GET /benefits/{id}/dependent-replica-9,emergency_audit_downgrade,enhanced_audit_dependency,dependent_without_purpose_field,1,1,20.0,1,1,1,1,30
citizen_services_9_2_compound_scope,citizen_services,GET /benefits/{id}/dependent-replica-9,compound_scope_field,compound_policy_interaction,schema_validation,1,0,50.0,0,0,0,0,3
citizen_services_9_2_compound_scope,citizen_services,GET /benefits/{id}/dependent-replica-9,compound_scope_field,compound_policy_interaction,role_matrix,1,0,50.0,0,0,0,0,3
citizen_services_9_2_compound_scope,citizen_services,GET /benefits/{id}/dependent-replica-9,compound_scope_field,compound_policy_interaction,object_policy_tests,1,0,50.0,0,0,0,0,3
citizen_services_9_2_compound_scope,citizen_services,GET /benefits/{id}/dependent-replica-9,compound_scope_field,compound_policy_interaction,field_policy_tests,1,0,50.0,0,0,0,0,3
citizen_services_9_2_compound_scope,citizen_services,GET /benefits/{id}/dependent-replica-9,compound_scope_field,compound_policy_interaction,audit_contract_tests,1,0,50.0,0,0,0,0,3
citizen_services_9_2_compound_scope,citizen_services,GET /benefits/{id}/dependent-replica-9,compound_scope_field,compound_policy_interaction,basic_policy_aware_full,1,0,50.0,0,0,0,0,3
citizen_services_9_2_compound_scope,citizen_services,GET /benefits/{id}/dependent-replica-9,compound_scope_field,compound_policy_interaction,dependent_policy_full,1,1,50.0,0,0,0,0,3
citizen_services_9_2_compound_scope,citizen_services,GET /benefits/{id}/dependent-replica-9,compound_scope_field,compound_policy_interaction,dependent_without_consent,1,0,50.0,0,0,0,0,3
citizen_services_9_2_compound_scope,citizen_services,GET /benefits/{id}/dependent-replica-9,compound_scope_field,compound_policy_interaction,dependent_without_threshold,1,1,50.0,0,0,0,0,3
citizen_services_9_2_compound_scope,citizen_services,GET /benefits/{id}/dependent-replica-9,compound_scope_field,compound_policy_interaction,dependent_without_enhanced_audit,1,1,50.0,0,0,0,0,3
citizen_services_9_2_compound_scope,citizen_services,GET /benefits/{id}/dependent-replica-9,compound_scope_field,compound_policy_interaction,dependent_without_purpose_field,1,1,50.0,0,0,0,0,3
citizen_services_9_2_clean_dependent,citizen_services,GET /benefits/{id}/dependent-replica-9,clean,none,schema_validation,0,0,0.0,1,1,1,0,30
citizen_services_9_2_clean_dependent,citizen_services,GET /benefits/{id}/dependent-replica-9,clean,none,role_matrix,0,0,0.0,1,1,1,0,30
citizen_services_9_2_clean_dependent,citizen_services,GET /benefits/{id}/dependent-replica-9,clean,none,object_policy_tests,0,0,0.0,1,1,1,0,30
citizen_services_9_2_clean_dependent,citizen_services,GET /benefits/{id}/dependent-replica-9,clean,none,field_policy_tests,0,0,0.0,1,1,1,0,30
citizen_services_9_2_clean_dependent,citizen_services,GET /benefits/{id}/dependent-replica-9,clean,none,audit_contract_tests,0,0,0.0,1,1,1,0,30
citizen_services_9_2_clean_dependent,citizen_services,GET /benefits/{id}/dependent-replica-9,clean,none,basic_policy_aware_full,0,0,0.0,1,1,1,0,30
citizen_services_9_2_clean_dependent,citizen_services,GET /benefits/{id}/dependent-replica-9,clean,none,dependent_policy_full,0,0,0.0,1,1,1,0,30
citizen_services_9_2_clean_dependent,citizen_services,GET /benefits/{id}/dependent-replica-9,clean,none,dependent_without_consent,0,0,0.0,1,1,1,0,30
citizen_services_9_2_clean_dependent,citizen_services,GET /benefits/{id}/dependent-replica-9,clean,none,dependent_without_threshold,0,0,0.0,1,1,1,0,30
citizen_services_9_2_clean_dependent,citizen_services,GET /benefits/{id}/dependent-replica-9,clean,none,dependent_without_enhanced_audit,0,0,0.0,1,1,1,0,30
citizen_services_9_2_clean_dependent,citizen_services,GET /benefits/{id}/dependent-replica-9,clean,none,dependent_without_purpose_field,0,0,0.0,1,1,1,0,30
education_9_3_purpose_field,education,GET /students/{id}/record/dependent-replica-9,purpose_conditioned_field,purpose_field_dependency,schema_validation,1,0,35.0,1,1,1,0,27
education_9_3_purpose_field,education,GET /students/{id}/record/dependent-replica-9,purpose_conditioned_field,purpose_field_dependency,role_matrix,1,0,35.0,1,1,1,0,27
education_9_3_purpose_field,education,GET /students/{id}/record/dependent-replica-9,purpose_conditioned_field,purpose_field_dependency,object_policy_tests,1,0,35.0,1,1,1,0,27
education_9_3_purpose_field,education,GET /students/{id}/record/dependent-replica-9,purpose_conditioned_field,purpose_field_dependency,field_policy_tests,1,0,35.0,1,1,1,0,27
education_9_3_purpose_field,education,GET /students/{id}/record/dependent-replica-9,purpose_conditioned_field,purpose_field_dependency,audit_contract_tests,1,0,35.0,1,1,1,0,27
education_9_3_purpose_field,education,GET /students/{id}/record/dependent-replica-9,purpose_conditioned_field,purpose_field_dependency,basic_policy_aware_full,1,0,35.0,1,1,1,0,27
education_9_3_purpose_field,education,GET /students/{id}/record/dependent-replica-9,purpose_conditioned_field,purpose_field_dependency,dependent_policy_full,1,1,35.0,1,1,1,0,27
education_9_3_purpose_field,education,GET /students/{id}/record/dependent-replica-9,purpose_conditioned_field,purpose_field_dependency,dependent_without_consent,1,1,35.0,1,1,1,0,27
education_9_3_purpose_field,education,GET /students/{id}/record/dependent-replica-9,purpose_conditioned_field,purpose_field_dependency,dependent_without_threshold,1,1,35.0,1,1,1,0,27
education_9_3_purpose_field,education,GET /students/{id}/record/dependent-replica-9,purpose_conditioned_field,purpose_field_dependency,dependent_without_enhanced_audit,1,1,35.0,1,1,1,0,27
education_9_3_purpose_field,education,GET /students/{id}/record/dependent-replica-9,purpose_conditioned_field,purpose_field_dependency,dependent_without_purpose_field,1,0,35.0,1,1,1,0,27
education_9_3_jurisdiction_field,education,GET /students/{id}/record/dependent-replica-9,jurisdiction_conditioned_field,jurisdiction_field_dependency,schema_validation,1,0,40.0,0,1,1,0,31
education_9_3_jurisdiction_field,education,GET /students/{id}/record/dependent-replica-9,jurisdiction_conditioned_field,jurisdiction_field_dependency,role_matrix,1,0,40.0,0,1,1,0,31
education_9_3_jurisdiction_field,education,GET /students/{id}/record/dependent-replica-9,jurisdiction_conditioned_field,jurisdiction_field_dependency,object_policy_tests,1,0,40.0,0,1,1,0,31
education_9_3_jurisdiction_field,education,GET /students/{id}/record/dependent-replica-9,jurisdiction_conditioned_field,jurisdiction_field_dependency,field_policy_tests,1,0,40.0,0,1,1,0,31
education_9_3_jurisdiction_field,education,GET /students/{id}/record/dependent-replica-9,jurisdiction_conditioned_field,jurisdiction_field_dependency,audit_contract_tests,1,0,40.0,0,1,1,0,31
education_9_3_jurisdiction_field,education,GET /students/{id}/record/dependent-replica-9,jurisdiction_conditioned_field,jurisdiction_field_dependency,basic_policy_aware_full,1,0,40.0,0,1,1,0,31
education_9_3_jurisdiction_field,education,GET /students/{id}/record/dependent-replica-9,jurisdiction_conditioned_field,jurisdiction_field_dependency,dependent_policy_full,1,1,40.0,0,1,1,0,31
education_9_3_jurisdiction_field,education,GET /students/{id}/record/dependent-replica-9,jurisdiction_conditioned_field,jurisdiction_field_dependency,dependent_without_consent,1,1,40.0,0,1,1,0,31
education_9_3_jurisdiction_field,education,GET /students/{id}/record/dependent-replica-9,jurisdiction_conditioned_field,jurisdiction_field_dependency,dependent_without_threshold,1,1,40.0,0,1,1,0,31
education_9_3_jurisdiction_field,education,GET /students/{id}/record/dependent-replica-9,jurisdiction_conditioned_field,jurisdiction_field_dependency,dependent_without_enhanced_audit,1,1,40.0,0,1,1,0,31
education_9_3_jurisdiction_field,education,GET /students/{id}/record/dependent-replica-9,jurisdiction_conditioned_field,jurisdiction_field_dependency,dependent_without_purpose_field,1,1,40.0,0,1,1,0,31
education_9_3_consent_field,education,GET /students/{id}/record/dependent-replica-9,consent_gated_field,consent_field_dependency,schema_validation,1,0,30.0,1,1,0,0,44
education_9_3_consent_field,education,GET /students/{id}/record/dependent-replica-9,consent_gated_field,consent_field_dependency,role_matrix,1,0,30.0,1,1,0,0,44
education_9_3_consent_field,education,GET /students/{id}/record/dependent-replica-9,consent_gated_field,consent_field_dependency,object_policy_tests,1,0,30.0,1,1,0,0,44
education_9_3_consent_field,education,GET /students/{id}/record/dependent-replica-9,consent_gated_field,consent_field_dependency,field_policy_tests,1,0,30.0,1,1,0,0,44
education_9_3_consent_field,education,GET /students/{id}/record/dependent-replica-9,consent_gated_field,consent_field_dependency,audit_contract_tests,1,0,30.0,1,1,0,0,44
education_9_3_consent_field,education,GET /students/{id}/record/dependent-replica-9,consent_gated_field,consent_field_dependency,basic_policy_aware_full,1,0,30.0,1,1,0,0,44
education_9_3_consent_field,education,GET /students/{id}/record/dependent-replica-9,consent_gated_field,consent_field_dependency,dependent_policy_full,1,1,30.0,1,1,0,0,44
education_9_3_consent_field,education,GET /students/{id}/record/dependent-replica-9,consent_gated_field,consent_field_dependency,dependent_without_consent,1,0,30.0,1,1,0,0,44
education_9_3_consent_field,education,GET /students/{id}/record/dependent-replica-9,consent_gated_field,consent_field_dependency,dependent_without_threshold,1,1,30.0,1,1,0,0,44
education_9_3_consent_field,education,GET /students/{id}/record/dependent-replica-9,consent_gated_field,consent_field_dependency,dependent_without_enhanced_audit,1,1,30.0,1,1,0,0,44
education_9_3_consent_field,education,GET /students/{id}/record/dependent-replica-9,consent_gated_field,consent_field_dependency,dependent_without_purpose_field,1,1,30.0,1,1,0,0,44
education_9_3_small_cell,education,GET /students/{id}/record/dependent-replica-9,aggregation_threshold_leak,aggregation_threshold,schema_validation,1,0,25.0,1,1,1,0,4
education_9_3_small_cell,education,GET /students/{id}/record/dependent-replica-9,aggregation_threshold_leak,aggregation_threshold,role_matrix,1,0,25.0,1,1,1,0,4
education_9_3_small_cell,education,GET /students/{id}/record/dependent-replica-9,aggregation_threshold_leak,aggregation_threshold,object_policy_tests,1,0,25.0,1,1,1,0,4
education_9_3_small_cell,education,GET /students/{id}/record/dependent-replica-9,aggregation_threshold_leak,aggregation_threshold,field_policy_tests,1,0,25.0,1,1,1,0,4
education_9_3_small_cell,education,GET /students/{id}/record/dependent-replica-9,aggregation_threshold_leak,aggregation_threshold,audit_contract_tests,1,0,25.0,1,1,1,0,4
education_9_3_small_cell,education,GET /students/{id}/record/dependent-replica-9,aggregation_threshold_leak,aggregation_threshold,basic_policy_aware_full,1,0,25.0,1,1,1,0,4
education_9_3_small_cell,education,GET /students/{id}/record/dependent-replica-9,aggregation_threshold_leak,aggregation_threshold,dependent_policy_full,1,1,25.0,1,1,1,0,4
education_9_3_small_cell,education,GET /students/{id}/record/dependent-replica-9,aggregation_threshold_leak,aggregation_threshold,dependent_without_consent,1,1,25.0,1,1,1,0,4
education_9_3_small_cell,education,GET /students/{id}/record/dependent-replica-9,aggregation_threshold_leak,aggregation_threshold,dependent_without_threshold,1,0,25.0,1,1,1,0,4
education_9_3_small_cell,education,GET /students/{id}/record/dependent-replica-9,aggregation_threshold_leak,aggregation_threshold,dependent_without_enhanced_audit,1,1,25.0,1,1,1,0,4
education_9_3_small_cell,education,GET /students/{id}/record/dependent-replica-9,aggregation_threshold_leak,aggregation_threshold,dependent_without_purpose_field,1,1,25.0,1,1,1,0,4
education_9_3_emergency_audit,education,GET /students/{id}/record/dependent-replica-9,emergency_audit_downgrade,enhanced_audit_dependency,schema_validation,1,0,20.0,1,1,1,1,30
education_9_3_emergency_audit,education,GET /students/{id}/record/dependent-replica-9,emergency_audit_downgrade,enhanced_audit_dependency,role_matrix,1,0,20.0,1,1,1,1,30
education_9_3_emergency_audit,education,GET /students/{id}/record/dependent-replica-9,emergency_audit_downgrade,enhanced_audit_dependency,object_policy_tests,1,0,20.0,1,1,1,1,30
education_9_3_emergency_audit,education,GET /students/{id}/record/dependent-replica-9,emergency_audit_downgrade,enhanced_audit_dependency,field_policy_tests,1,0,20.0,1,1,1,1,30
education_9_3_emergency_audit,education,GET /students/{id}/record/dependent-replica-9,emergency_audit_downgrade,enhanced_audit_dependency,audit_contract_tests,1,0,20.0,1,1,1,1,30
education_9_3_emergency_audit,education,GET /students/{id}/record/dependent-replica-9,emergency_audit_downgrade,enhanced_audit_dependency,basic_policy_aware_full,1,0,20.0,1,1,1,1,30
education_9_3_emergency_audit,education,GET /students/{id}/record/dependent-replica-9,emergency_audit_downgrade,enhanced_audit_dependency,dependent_policy_full,1,1,20.0,1,1,1,1,30
education_9_3_emergency_audit,education,GET /students/{id}/record/dependent-replica-9,emergency_audit_downgrade,enhanced_audit_dependency,dependent_without_consent,1,1,20.0,1,1,1,1,30
education_9_3_emergency_audit,education,GET /students/{id}/record/dependent-replica-9,emergency_audit_downgrade,enhanced_audit_dependency,dependent_without_threshold,1,1,20.0,1,1,1,1,30
education_9_3_emergency_audit,education,GET /students/{id}/record/dependent-replica-9,emergency_audit_downgrade,enhanced_audit_dependency,dependent_without_enhanced_audit,1,0,20.0,1,1,1,1,30
education_9_3_emergency_audit,education,GET /students/{id}/record/dependent-replica-9,emergency_audit_downgrade,enhanced_audit_dependency,dependent_without_purpose_field,1,1,20.0,1,1,1,1,30
education_9_3_compound_scope,education,GET /students/{id}/record/dependent-replica-9,compound_scope_field,compound_policy_interaction,schema_validation,1,0,50.0,0,0,0,0,3
education_9_3_compound_scope,education,GET /students/{id}/record/dependent-replica-9,compound_scope_field,compound_policy_interaction,role_matrix,1,0,50.0,0,0,0,0,3
education_9_3_compound_scope,education,GET /students/{id}/record/dependent-replica-9,compound_scope_field,compound_policy_interaction,object_policy_tests,1,0,50.0,0,0,0,0,3
education_9_3_compound_scope,education,GET /students/{id}/record/dependent-replica-9,compound_scope_field,compound_policy_interaction,field_policy_tests,1,0,50.0,0,0,0,0,3
education_9_3_compound_scope,education,GET /students/{id}/record/dependent-replica-9,compound_scope_field,compound_policy_interaction,audit_contract_tests,1,0,50.0,0,0,0,0,3
education_9_3_compound_scope,education,GET /students/{id}/record/dependent-replica-9,compound_scope_field,compound_policy_interaction,basic_policy_aware_full,1,0,50.0,0,0,0,0,3
education_9_3_compound_scope,education,GET /students/{id}/record/dependent-replica-9,compound_scope_field,compound_policy_interaction,dependent_policy_full,1,1,50.0,0,0,0,0,3
education_9_3_compound_scope,education,GET /students/{id}/record/dependent-replica-9,compound_scope_field,compound_policy_interaction,dependent_without_consent,1,0,50.0,0,0,0,0,3
education_9_3_compound_scope,education,GET /students/{id}/record/dependent-replica-9,compound_scope_field,compound_policy_interaction,dependent_without_threshold,1,1,50.0,0,0,0,0,3
education_9_3_compound_scope,education,GET /students/{id}/record/dependent-replica-9,compound_scope_field,compound_policy_interaction,dependent_without_enhanced_audit,1,1,50.0,0,0,0,0,3
education_9_3_compound_scope,education,GET /students/{id}/record/dependent-replica-9,compound_scope_field,compound_policy_interaction,dependent_without_purpose_field,1,1,50.0,0,0,0,0,3
education_9_3_clean_dependent,education,GET /students/{id}/record/dependent-replica-9,clean,none,schema_validation,0,0,0.0,1,1,1,0,30
education_9_3_clean_dependent,education,GET /students/{id}/record/dependent-replica-9,clean,none,role_matrix,0,0,0.0,1,1,1,0,30
education_9_3_clean_dependent,education,GET /students/{id}/record/dependent-replica-9,clean,none,object_policy_tests,0,0,0.0,1,1,1,0,30
education_9_3_clean_dependent,education,GET /students/{id}/record/dependent-replica-9,clean,none,field_policy_tests,0,0,0.0,1,1,1,0,30
education_9_3_clean_dependent,education,GET /students/{id}/record/dependent-replica-9,clean,none,audit_contract_tests,0,0,0.0,1,1,1,0,30
education_9_3_clean_dependent,education,GET /students/{id}/record/dependent-replica-9,clean,none,basic_policy_aware_full,0,0,0.0,1,1,1,0,30
education_9_3_clean_dependent,education,GET /students/{id}/record/dependent-replica-9,clean,none,dependent_policy_full,0,0,0.0,1,1,1,0,30
education_9_3_clean_dependent,education,GET /students/{id}/record/dependent-replica-9,clean,none,dependent_without_consent,0,0,0.0,1,1,1,0,30
education_9_3_clean_dependent,education,GET /students/{id}/record/dependent-replica-9,clean,none,dependent_without_threshold,0,0,0.0,1,1,1,0,30
education_9_3_clean_dependent,education,GET /students/{id}/record/dependent-replica-9,clean,none,dependent_without_enhanced_audit,0,0,0.0,1,1,1,0,30
education_9_3_clean_dependent,education,GET /students/{id}/record/dependent-replica-9,clean,none,dependent_without_purpose_field,0,0,0.0,1,1,1,0,30
business_licensing_9_4_purpose_field,business_licensing,GET /licenses/export/dependent-replica-9,purpose_conditioned_field,purpose_field_dependency,schema_validation,1,0,28.0,1,1,1,0,27
business_licensing_9_4_purpose_field,business_licensing,GET /licenses/export/dependent-replica-9,purpose_conditioned_field,purpose_field_dependency,role_matrix,1,0,28.0,1,1,1,0,27
business_licensing_9_4_purpose_field,business_licensing,GET /licenses/export/dependent-replica-9,purpose_conditioned_field,purpose_field_dependency,object_policy_tests,1,0,28.0,1,1,1,0,27
business_licensing_9_4_purpose_field,business_licensing,GET /licenses/export/dependent-replica-9,purpose_conditioned_field,purpose_field_dependency,field_policy_tests,1,0,28.0,1,1,1,0,27
business_licensing_9_4_purpose_field,business_licensing,GET /licenses/export/dependent-replica-9,purpose_conditioned_field,purpose_field_dependency,audit_contract_tests,1,0,28.0,1,1,1,0,27
business_licensing_9_4_purpose_field,business_licensing,GET /licenses/export/dependent-replica-9,purpose_conditioned_field,purpose_field_dependency,basic_policy_aware_full,1,0,28.0,1,1,1,0,27
business_licensing_9_4_purpose_field,business_licensing,GET /licenses/export/dependent-replica-9,purpose_conditioned_field,purpose_field_dependency,dependent_policy_full,1,1,28.0,1,1,1,0,27
business_licensing_9_4_purpose_field,business_licensing,GET /licenses/export/dependent-replica-9,purpose_conditioned_field,purpose_field_dependency,dependent_without_consent,1,1,28.0,1,1,1,0,27
business_licensing_9_4_purpose_field,business_licensing,GET /licenses/export/dependent-replica-9,purpose_conditioned_field,purpose_field_dependency,dependent_without_threshold,1,1,28.0,1,1,1,0,27
business_licensing_9_4_purpose_field,business_licensing,GET /licenses/export/dependent-replica-9,purpose_conditioned_field,purpose_field_dependency,dependent_without_enhanced_audit,1,1,28.0,1,1,1,0,27
business_licensing_9_4_purpose_field,business_licensing,GET /licenses/export/dependent-replica-9,purpose_conditioned_field,purpose_field_dependency,dependent_without_purpose_field,1,0,28.0,1,1,1,0,27
business_licensing_9_4_jurisdiction_field,business_licensing,GET /licenses/export/dependent-replica-9,jurisdiction_conditioned_field,jurisdiction_field_dependency,schema_validation,1,0,32.0,0,1,1,0,31
business_licensing_9_4_jurisdiction_field,business_licensing,GET /licenses/export/dependent-replica-9,jurisdiction_conditioned_field,jurisdiction_field_dependency,role_matrix,1,0,32.0,0,1,1,0,31
business_licensing_9_4_jurisdiction_field,business_licensing,GET /licenses/export/dependent-replica-9,jurisdiction_conditioned_field,jurisdiction_field_dependency,object_policy_tests,1,0,32.0,0,1,1,0,31
business_licensing_9_4_jurisdiction_field,business_licensing,GET /licenses/export/dependent-replica-9,jurisdiction_conditioned_field,jurisdiction_field_dependency,field_policy_tests,1,0,32.0,0,1,1,0,31
business_licensing_9_4_jurisdiction_field,business_licensing,GET /licenses/export/dependent-replica-9,jurisdiction_conditioned_field,jurisdiction_field_dependency,audit_contract_tests,1,0,32.0,0,1,1,0,31
business_licensing_9_4_jurisdiction_field,business_licensing,GET /licenses/export/dependent-replica-9,jurisdiction_conditioned_field,jurisdiction_field_dependency,basic_policy_aware_full,1,0,32.0,0,1,1,0,31
business_licensing_9_4_jurisdiction_field,business_licensing,GET /licenses/export/dependent-replica-9,jurisdiction_conditioned_field,jurisdiction_field_dependency,dependent_policy_full,1,1,32.0,0,1,1,0,31
business_licensing_9_4_jurisdiction_field,business_licensing,GET /licenses/export/dependent-replica-9,jurisdiction_conditioned_field,jurisdiction_field_dependency,dependent_without_consent,1,1,32.0,0,1,1,0,31
business_licensing_9_4_jurisdiction_field,business_licensing,GET /licenses/export/dependent-replica-9,jurisdiction_conditioned_field,jurisdiction_field_dependency,dependent_without_threshold,1,1,32.0,0,1,1,0,31
business_licensing_9_4_jurisdiction_field,business_licensing,GET /licenses/export/dependent-replica-9,jurisdiction_conditioned_field,jurisdiction_field_dependency,dependent_without_enhanced_audit,1,1,32.0,0,1,1,0,31
business_licensing_9_4_jurisdiction_field,business_licensing,GET /licenses/export/dependent-replica-9,jurisdiction_conditioned_field,jurisdiction_field_dependency,dependent_without_purpose_field,1,1,32.0,0,1,1,0,31
business_licensing_9_4_consent_field,business_licensing,GET /licenses/export/dependent-replica-9,consent_gated_field,consent_field_dependency,schema_validation,1,0,24.0,1,1,0,0,44
business_licensing_9_4_consent_field,business_licensing,GET /licenses/export/dependent-replica-9,consent_gated_field,consent_field_dependency,role_matrix,1,0,24.0,1,1,0,0,44
business_licensing_9_4_consent_field,business_licensing,GET /licenses/export/dependent-replica-9,consent_gated_field,consent_field_dependency,object_policy_tests,1,0,24.0,1,1,0,0,44
business_licensing_9_4_consent_field,business_licensing,GET /licenses/export/dependent-replica-9,consent_gated_field,consent_field_dependency,field_policy_tests,1,0,24.0,1,1,0,0,44
business_licensing_9_4_consent_field,business_licensing,GET /licenses/export/dependent-replica-9,consent_gated_field,consent_field_dependency,audit_contract_tests,1,0,24.0,1,1,0,0,44
business_licensing_9_4_consent_field,business_licensing,GET /licenses/export/dependent-replica-9,consent_gated_field,consent_field_dependency,basic_policy_aware_full,1,0,24.0,1,1,0,0,44
business_licensing_9_4_consent_field,business_licensing,GET /licenses/export/dependent-replica-9,consent_gated_field,consent_field_dependency,dependent_policy_full,1,1,24.0,1,1,0,0,44
business_licensing_9_4_consent_field,business_licensing,GET /licenses/export/dependent-replica-9,consent_gated_field,consent_field_dependency,dependent_without_consent,1,0,24.0,1,1,0,0,44
business_licensing_9_4_consent_field,business_licensing,GET /licenses/export/dependent-replica-9,consent_gated_field,consent_field_dependency,dependent_without_threshold,1,1,24.0,1,1,0,0,44
business_licensing_9_4_consent_field,business_licensing,GET /licenses/export/dependent-replica-9,consent_gated_field,consent_field_dependency,dependent_without_enhanced_audit,1,1,24.0,1,1,0,0,44
business_licensing_9_4_consent_field,business_licensing,GET /licenses/export/dependent-replica-9,consent_gated_field,consent_field_dependency,dependent_without_purpose_field,1,1,24.0,1,1,0,0,44
business_licensing_9_4_small_cell,business_licensing,GET /licenses/export/dependent-replica-9,aggregation_threshold_leak,aggregation_threshold,schema_validation,1,0,20.0,1,1,1,0,4
business_licensing_9_4_small_cell,business_licensing,GET /licenses/export/dependent-replica-9,aggregation_threshold_leak,aggregation_threshold,role_matrix,1,0,20.0,1,1,1,0,4
business_licensing_9_4_small_cell,business_licensing,GET /licenses/export/dependent-replica-9,aggregation_threshold_leak,aggregation_threshold,object_policy_tests,1,0,20.0,1,1,1,0,4
business_licensing_9_4_small_cell,business_licensing,GET /licenses/export/dependent-replica-9,aggregation_threshold_leak,aggregation_threshold,field_policy_tests,1,0,20.0,1,1,1,0,4
business_licensing_9_4_small_cell,business_licensing,GET /licenses/export/dependent-replica-9,aggregation_threshold_leak,aggregation_threshold,audit_contract_tests,1,0,20.0,1,1,1,0,4
business_licensing_9_4_small_cell,business_licensing,GET /licenses/export/dependent-replica-9,aggregation_threshold_leak,aggregation_threshold,basic_policy_aware_full,1,0,20.0,1,1,1,0,4
business_licensing_9_4_small_cell,business_licensing,GET /licenses/export/dependent-replica-9,aggregation_threshold_leak,aggregation_threshold,dependent_policy_full,1,1,20.0,1,1,1,0,4
business_licensing_9_4_small_cell,business_licensing,GET /licenses/export/dependent-replica-9,aggregation_threshold_leak,aggregation_threshold,dependent_without_consent,1,1,20.0,1,1,1,0,4
business_licensing_9_4_small_cell,business_licensing,GET /licenses/export/dependent-replica-9,aggregation_threshold_leak,aggregation_threshold,dependent_without_threshold,1,0,20.0,1,1,1,0,4
business_licensing_9_4_small_cell,business_licensing,GET /licenses/export/dependent-replica-9,aggregation_threshold_leak,aggregation_threshold,dependent_without_enhanced_audit,1,1,20.0,1,1,1,0,4
business_licensing_9_4_small_cell,business_licensing,GET /licenses/export/dependent-replica-9,aggregation_threshold_leak,aggregation_threshold,dependent_without_purpose_field,1,1,20.0,1,1,1,0,4
business_licensing_9_4_emergency_audit,business_licensing,GET /licenses/export/dependent-replica-9,emergency_audit_downgrade,enhanced_audit_dependency,schema_validation,1,0,16.0,1,1,1,1,30
business_licensing_9_4_emergency_audit,business_licensing,GET /licenses/export/dependent-replica-9,emergency_audit_downgrade,enhanced_audit_dependency,role_matrix,1,0,16.0,1,1,1,1,30
business_licensing_9_4_emergency_audit,business_licensing,GET /licenses/export/dependent-replica-9,emergency_audit_downgrade,enhanced_audit_dependency,object_policy_tests,1,0,16.0,1,1,1,1,30
business_licensing_9_4_emergency_audit,business_licensing,GET /licenses/export/dependent-replica-9,emergency_audit_downgrade,enhanced_audit_dependency,field_policy_tests,1,0,16.0,1,1,1,1,30
business_licensing_9_4_emergency_audit,business_licensing,GET /licenses/export/dependent-replica-9,emergency_audit_downgrade,enhanced_audit_dependency,audit_contract_tests,1,0,16.0,1,1,1,1,30
business_licensing_9_4_emergency_audit,business_licensing,GET /licenses/export/dependent-replica-9,emergency_audit_downgrade,enhanced_audit_dependency,basic_policy_aware_full,1,0,16.0,1,1,1,1,30
business_licensing_9_4_emergency_audit,business_licensing,GET /licenses/export/dependent-replica-9,emergency_audit_downgrade,enhanced_audit_dependency,dependent_policy_full,1,1,16.0,1,1,1,1,30
business_licensing_9_4_emergency_audit,business_licensing,GET /licenses/export/dependent-replica-9,emergency_audit_downgrade,enhanced_audit_dependency,dependent_without_consent,1,1,16.0,1,1,1,1,30
business_licensing_9_4_emergency_audit,business_licensing,GET /licenses/export/dependent-replica-9,emergency_audit_downgrade,enhanced_audit_dependency,dependent_without_threshold,1,1,16.0,1,1,1,1,30
business_licensing_9_4_emergency_audit,business_licensing,GET /licenses/export/dependent-replica-9,emergency_audit_downgrade,enhanced_audit_dependency,dependent_without_enhanced_audit,1,0,16.0,1,1,1,1,30
business_licensing_9_4_emergency_audit,business_licensing,GET /licenses/export/dependent-replica-9,emergency_audit_downgrade,enhanced_audit_dependency,dependent_without_purpose_field,1,1,16.0,1,1,1,1,30
business_licensing_9_4_compound_scope,business_licensing,GET /licenses/export/dependent-replica-9,compound_scope_field,compound_policy_interaction,schema_validation,1,0,40.0,0,0,0,0,3
business_licensing_9_4_compound_scope,business_licensing,GET /licenses/export/dependent-replica-9,compound_scope_field,compound_policy_interaction,role_matrix,1,0,40.0,0,0,0,0,3
business_licensing_9_4_compound_scope,business_licensing,GET /licenses/export/dependent-replica-9,compound_scope_field,compound_policy_interaction,object_policy_tests,1,0,40.0,0,0,0,0,3
business_licensing_9_4_compound_scope,business_licensing,GET /licenses/export/dependent-replica-9,compound_scope_field,compound_policy_interaction,field_policy_tests,1,0,40.0,0,0,0,0,3
business_licensing_9_4_compound_scope,business_licensing,GET /licenses/export/dependent-replica-9,compound_scope_field,compound_policy_interaction,audit_contract_tests,1,0,40.0,0,0,0,0,3
business_licensing_9_4_compound_scope,business_licensing,GET /licenses/export/dependent-replica-9,compound_scope_field,compound_policy_interaction,basic_policy_aware_full,1,0,40.0,0,0,0,0,3
business_licensing_9_4_compound_scope,business_licensing,GET /licenses/export/dependent-replica-9,compound_scope_field,compound_policy_interaction,dependent_policy_full,1,1,40.0,0,0,0,0,3
business_licensing_9_4_compound_scope,business_licensing,GET /licenses/export/dependent-replica-9,compound_scope_field,compound_policy_interaction,dependent_without_consent,1,0,40.0,0,0,0,0,3
business_licensing_9_4_compound_scope,business_licensing,GET /licenses/export/dependent-replica-9,compound_scope_field,compound_policy_interaction,dependent_without_threshold,1,1,40.0,0,0,0,0,3
business_licensing_9_4_compound_scope,business_licensing,GET /licenses/export/dependent-replica-9,compound_scope_field,compound_policy_interaction,dependent_without_enhanced_audit,1,1,40.0,0,0,0,0,3
business_licensing_9_4_compound_scope,business_licensing,GET /licenses/export/dependent-replica-9,compound_scope_field,compound_policy_interaction,dependent_without_purpose_field,1,1,40.0,0,0,0,0,3
business_licensing_9_4_clean_dependent,business_licensing,GET /licenses/export/dependent-replica-9,clean,none,schema_validation,0,0,0.0,1,1,1,0,30
business_licensing_9_4_clean_dependent,business_licensing,GET /licenses/export/dependent-replica-9,clean,none,role_matrix,0,0,0.0,1,1,1,0,30
business_licensing_9_4_clean_dependent,business_licensing,GET /licenses/export/dependent-replica-9,clean,none,object_policy_tests,0,0,0.0,1,1,1,0,30
business_licensing_9_4_clean_dependent,business_licensing,GET /licenses/export/dependent-replica-9,clean,none,field_policy_tests,0,0,0.0,1,1,1,0,30
business_licensing_9_4_clean_dependent,business_licensing,GET /licenses/export/dependent-replica-9,clean,none,audit_contract_tests,0,0,0.0,1,1,1,0,30
business_licensing_9_4_clean_dependent,business_licensing,GET /licenses/export/dependent-replica-9,clean,none,basic_policy_aware_full,0,0,0.0,1,1,1,0,30
business_licensing_9_4_clean_dependent,business_licensing,GET /licenses/export/dependent-replica-9,clean,none,dependent_policy_full,0,0,0.0,1,1,1,0,30
business_licensing_9_4_clean_dependent,business_licensing,GET /licenses/export/dependent-replica-9,clean,none,dependent_without_consent,0,0,0.0,1,1,1,0,30
business_licensing_9_4_clean_dependent,business_licensing,GET /licenses/export/dependent-replica-9,clean,none,dependent_without_threshold,0,0,0.0,1,1,1,0,30
business_licensing_9_4_clean_dependent,business_licensing,GET /licenses/export/dependent-replica-9,clean,none,dependent_without_enhanced_audit,0,0,0.0,1,1,1,0,30
business_licensing_9_4_clean_dependent,business_licensing,GET /licenses/export/dependent-replica-9,clean,none,dependent_without_purpose_field,0,0,0.0,1,1,1,0,30
