policy_id,domain,endpoint,test_kind,case_type,expected_allow,returned_fields,violation,reasons,risk
health::GET__patients_id,health,GET /patients/{id},valid,allowed_full_sorted,1,7,0,,0.0
health::GET__patients_id,health,GET /patients/{id},valid,allowed_full_shuffled,1,7,0,,0.0
health::GET__patients_id,health,GET /patients/{id},valid,allowed_minimal_subset,1,3,0,,0.0
health::GET__patients_id,health,GET /patients/{id},valid,allowed_empty_body,1,0,0,,0.0
health::GET__patients_id,health,GET /patients/{id},valid,allowed_with_extra_audit_metadata,1,7,0,,0.0
health::GET__patients_id,health,GET /patients/{id},wrong_role,denied_empty_body,0,0,0,,0.0
health::GET__patients_id,health,GET /patients/{id},wrong_role,denied_audit_logged,0,0,0,,0.0
health::GET__patients_id,health,GET /patients/{id},wrong_role,deprecated_endpoint_unavailable,0,0,0,,0.0
health::GET__patients_id,health,GET /patients/{id},wrong_jurisdiction,denied_empty_body,0,0,0,,0.0
health::GET__patients_id,health,GET /patients/{id},wrong_jurisdiction,denied_audit_logged,0,0,0,,0.0
health::GET__patients_id,health,GET /patients/{id},wrong_jurisdiction,deprecated_endpoint_unavailable,0,0,0,,0.0
health::GET__patients_id,health,GET /patients/{id},wrong_purpose,denied_empty_body,0,0,0,,0.0
health::GET__patients_id,health,GET /patients/{id},wrong_purpose,denied_audit_logged,0,0,0,,0.0
health::GET__patients_id,health,GET /patients/{id},wrong_purpose,deprecated_endpoint_unavailable,0,0,0,,0.0
health::GET__patients_id,health,GET /patients/{id},self_access,allowed_full_sorted,1,8,0,,0.0
health::GET__patients_id,health,GET /patients/{id},self_access,allowed_full_shuffled,1,8,0,,0.0
health::GET__patients_id,health,GET /patients/{id},self_access,allowed_minimal_subset,1,4,0,,0.0
health::GET__patients_id,health,GET /patients/{id},self_access,allowed_empty_body,1,0,0,,0.0
health::GET__patients_id,health,GET /patients/{id},self_access,allowed_with_extra_audit_metadata,1,8,0,,0.0
health::GET__patients_id,health,GET /patients/{id},unauthenticated,denied_empty_body,0,0,0,,0.0
health::GET__patients_id,health,GET /patients/{id},unauthenticated,denied_audit_logged,0,0,0,,0.0
health::GET__patients_id,health,GET /patients/{id},unauthenticated,deprecated_endpoint_unavailable,0,0,0,,0.0
health::GET__patients_id,health,GET /patients/{id},sensitive_field_probe,allowed_full_sorted,1,7,0,,0.0
health::GET__patients_id,health,GET /patients/{id},sensitive_field_probe,allowed_full_shuffled,1,7,0,,0.0
health::GET__patients_id,health,GET /patients/{id},sensitive_field_probe,allowed_minimal_subset,1,3,0,,0.0
health::GET__patients_id,health,GET /patients/{id},sensitive_field_probe,allowed_empty_body,1,0,0,,0.0
health::GET__patients_id,health,GET /patients/{id},sensitive_field_probe,allowed_with_extra_audit_metadata,1,7,0,,0.0
health::GET__patients_id,health,GET /patients/{id},aggregation_boundary,allowed_full_sorted,1,7,0,,0.0
health::GET__patients_id,health,GET /patients/{id},aggregation_boundary,allowed_full_shuffled,1,7,0,,0.0
health::GET__patients_id,health,GET /patients/{id},aggregation_boundary,allowed_minimal_subset,1,3,0,,0.0
health::GET__patients_id,health,GET /patients/{id},aggregation_boundary,allowed_empty_body,1,0,0,,0.0
health::GET__patients_id,health,GET /patients/{id},aggregation_boundary,allowed_with_extra_audit_metadata,1,7,0,,0.0
health::GET__patients_id,health,GET /patients/{id},deprecated_inventory,allowed_full_sorted,1,7,0,,0.0
health::GET__patients_id,health,GET /patients/{id},deprecated_inventory,allowed_full_shuffled,1,7,0,,0.0
health::GET__patients_id,health,GET /patients/{id},deprecated_inventory,allowed_minimal_subset,1,3,0,,0.0
health::GET__patients_id,health,GET /patients/{id},deprecated_inventory,allowed_empty_body,1,0,0,,0.0
health::GET__patients_id,health,GET /patients/{id},deprecated_inventory,allowed_with_extra_audit_metadata,1,7,0,,0.0
health::GET__encounters_id,health,GET /encounters/{id},valid,allowed_full_sorted,1,6,0,,0.0
health::GET__encounters_id,health,GET /encounters/{id},valid,allowed_full_shuffled,1,6,0,,0.0
health::GET__encounters_id,health,GET /encounters/{id},valid,allowed_minimal_subset,1,3,0,,0.0
health::GET__encounters_id,health,GET /encounters/{id},valid,allowed_empty_body,1,0,0,,0.0
health::GET__encounters_id,health,GET /encounters/{id},valid,allowed_with_extra_audit_metadata,1,6,0,,0.0
health::GET__encounters_id,health,GET /encounters/{id},wrong_role,denied_empty_body,0,0,0,,0.0
health::GET__encounters_id,health,GET /encounters/{id},wrong_role,denied_audit_logged,0,0,0,,0.0
health::GET__encounters_id,health,GET /encounters/{id},wrong_role,deprecated_endpoint_unavailable,0,0,0,,0.0
health::GET__encounters_id,health,GET /encounters/{id},wrong_jurisdiction,denied_empty_body,0,0,0,,0.0
health::GET__encounters_id,health,GET /encounters/{id},wrong_jurisdiction,denied_audit_logged,0,0,0,,0.0
health::GET__encounters_id,health,GET /encounters/{id},wrong_jurisdiction,deprecated_endpoint_unavailable,0,0,0,,0.0
health::GET__encounters_id,health,GET /encounters/{id},wrong_purpose,denied_empty_body,0,0,0,,0.0
health::GET__encounters_id,health,GET /encounters/{id},wrong_purpose,denied_audit_logged,0,0,0,,0.0
health::GET__encounters_id,health,GET /encounters/{id},wrong_purpose,deprecated_endpoint_unavailable,0,0,0,,0.0
health::GET__encounters_id,health,GET /encounters/{id},self_access,allowed_full_sorted,1,7,0,,0.0
health::GET__encounters_id,health,GET /encounters/{id},self_access,allowed_full_shuffled,1,7,0,,0.0
health::GET__encounters_id,health,GET /encounters/{id},self_access,allowed_minimal_subset,1,3,0,,0.0
health::GET__encounters_id,health,GET /encounters/{id},self_access,allowed_empty_body,1,0,0,,0.0
health::GET__encounters_id,health,GET /encounters/{id},self_access,allowed_with_extra_audit_metadata,1,7,0,,0.0
health::GET__encounters_id,health,GET /encounters/{id},unauthenticated,denied_empty_body,0,0,0,,0.0
health::GET__encounters_id,health,GET /encounters/{id},unauthenticated,denied_audit_logged,0,0,0,,0.0
health::GET__encounters_id,health,GET /encounters/{id},unauthenticated,deprecated_endpoint_unavailable,0,0,0,,0.0
health::GET__encounters_id,health,GET /encounters/{id},sensitive_field_probe,allowed_full_sorted,1,6,0,,0.0
health::GET__encounters_id,health,GET /encounters/{id},sensitive_field_probe,allowed_full_shuffled,1,6,0,,0.0
health::GET__encounters_id,health,GET /encounters/{id},sensitive_field_probe,allowed_minimal_subset,1,3,0,,0.0
health::GET__encounters_id,health,GET /encounters/{id},sensitive_field_probe,allowed_empty_body,1,0,0,,0.0
health::GET__encounters_id,health,GET /encounters/{id},sensitive_field_probe,allowed_with_extra_audit_metadata,1,6,0,,0.0
health::GET__encounters_id,health,GET /encounters/{id},aggregation_boundary,allowed_full_sorted,1,6,0,,0.0
health::GET__encounters_id,health,GET /encounters/{id},aggregation_boundary,allowed_full_shuffled,1,6,0,,0.0
health::GET__encounters_id,health,GET /encounters/{id},aggregation_boundary,allowed_minimal_subset,1,3,0,,0.0
health::GET__encounters_id,health,GET /encounters/{id},aggregation_boundary,allowed_empty_body,1,0,0,,0.0
health::GET__encounters_id,health,GET /encounters/{id},aggregation_boundary,allowed_with_extra_audit_metadata,1,6,0,,0.0
health::GET__encounters_id,health,GET /encounters/{id},deprecated_inventory,allowed_full_sorted,1,6,0,,0.0
health::GET__encounters_id,health,GET /encounters/{id},deprecated_inventory,allowed_full_shuffled,1,6,0,,0.0
health::GET__encounters_id,health,GET /encounters/{id},deprecated_inventory,allowed_minimal_subset,1,3,0,,0.0
health::GET__encounters_id,health,GET /encounters/{id},deprecated_inventory,allowed_empty_body,1,0,0,,0.0
health::GET__encounters_id,health,GET /encounters/{id},deprecated_inventory,allowed_with_extra_audit_metadata,1,6,0,,0.0
health::GET__patients_search,health,GET /patients/search,valid,allowed_full_sorted,1,7,0,,0.0
health::GET__patients_search,health,GET /patients/search,valid,allowed_full_shuffled,1,7,0,,0.0
health::GET__patients_search,health,GET /patients/search,valid,allowed_minimal_subset,1,3,0,,0.0
health::GET__patients_search,health,GET /patients/search,valid,allowed_empty_body,1,0,0,,0.0
health::GET__patients_search,health,GET /patients/search,valid,allowed_with_extra_audit_metadata,1,7,0,,0.0
health::GET__patients_search,health,GET /patients/search,wrong_role,denied_empty_body,0,0,0,,0.0
health::GET__patients_search,health,GET /patients/search,wrong_role,denied_audit_logged,0,0,0,,0.0
health::GET__patients_search,health,GET /patients/search,wrong_role,deprecated_endpoint_unavailable,0,0,0,,0.0
health::GET__patients_search,health,GET /patients/search,wrong_jurisdiction,denied_empty_body,0,0,0,,0.0
health::GET__patients_search,health,GET /patients/search,wrong_jurisdiction,denied_audit_logged,0,0,0,,0.0
health::GET__patients_search,health,GET /patients/search,wrong_jurisdiction,deprecated_endpoint_unavailable,0,0,0,,0.0
health::GET__patients_search,health,GET /patients/search,wrong_purpose,denied_empty_body,0,0,0,,0.0
health::GET__patients_search,health,GET /patients/search,wrong_purpose,denied_audit_logged,0,0,0,,0.0
health::GET__patients_search,health,GET /patients/search,wrong_purpose,deprecated_endpoint_unavailable,0,0,0,,0.0
health::GET__patients_search,health,GET /patients/search,self_access,allowed_full_sorted,1,8,0,,0.0
health::GET__patients_search,health,GET /patients/search,self_access,allowed_full_shuffled,1,8,0,,0.0
health::GET__patients_search,health,GET /patients/search,self_access,allowed_minimal_subset,1,4,0,,0.0
health::GET__patients_search,health,GET /patients/search,self_access,allowed_empty_body,1,0,0,,0.0
health::GET__patients_search,health,GET /patients/search,self_access,allowed_with_extra_audit_metadata,1,8,0,,0.0
health::GET__patients_search,health,GET /patients/search,unauthenticated,denied_empty_body,0,0,0,,0.0
health::GET__patients_search,health,GET /patients/search,unauthenticated,denied_audit_logged,0,0,0,,0.0
health::GET__patients_search,health,GET /patients/search,unauthenticated,deprecated_endpoint_unavailable,0,0,0,,0.0
health::GET__patients_search,health,GET /patients/search,sensitive_field_probe,allowed_full_sorted,1,7,0,,0.0
health::GET__patients_search,health,GET /patients/search,sensitive_field_probe,allowed_full_shuffled,1,7,0,,0.0
health::GET__patients_search,health,GET /patients/search,sensitive_field_probe,allowed_minimal_subset,1,3,0,,0.0
health::GET__patients_search,health,GET /patients/search,sensitive_field_probe,allowed_empty_body,1,0,0,,0.0
health::GET__patients_search,health,GET /patients/search,sensitive_field_probe,allowed_with_extra_audit_metadata,1,7,0,,0.0
health::GET__patients_search,health,GET /patients/search,aggregation_boundary,allowed_full_sorted,1,7,0,,0.0
health::GET__patients_search,health,GET /patients/search,aggregation_boundary,allowed_full_shuffled,1,7,0,,0.0
health::GET__patients_search,health,GET /patients/search,aggregation_boundary,allowed_minimal_subset,1,3,0,,0.0
health::GET__patients_search,health,GET /patients/search,aggregation_boundary,allowed_empty_body,1,0,0,,0.0
health::GET__patients_search,health,GET /patients/search,aggregation_boundary,allowed_with_extra_audit_metadata,1,7,0,,0.0
health::GET__patients_search,health,GET /patients/search,deprecated_inventory,allowed_full_sorted,1,7,0,,0.0
health::GET__patients_search,health,GET /patients/search,deprecated_inventory,allowed_full_shuffled,1,7,0,,0.0
health::GET__patients_search,health,GET /patients/search,deprecated_inventory,allowed_minimal_subset,1,3,0,,0.0
health::GET__patients_search,health,GET /patients/search,deprecated_inventory,allowed_empty_body,1,0,0,,0.0
health::GET__patients_search,health,GET /patients/search,deprecated_inventory,allowed_with_extra_audit_metadata,1,7,0,,0.0
citizen_services::GET__citizens_id,citizen_services,GET /citizens/{id},valid,allowed_full_sorted,1,5,0,,0.0
citizen_services::GET__citizens_id,citizen_services,GET /citizens/{id},valid,allowed_full_shuffled,1,5,0,,0.0
citizen_services::GET__citizens_id,citizen_services,GET /citizens/{id},valid,allowed_minimal_subset,1,2,0,,0.0
citizen_services::GET__citizens_id,citizen_services,GET /citizens/{id},valid,allowed_empty_body,1,0,0,,0.0
citizen_services::GET__citizens_id,citizen_services,GET /citizens/{id},valid,allowed_with_extra_audit_metadata,1,5,0,,0.0
citizen_services::GET__citizens_id,citizen_services,GET /citizens/{id},wrong_role,denied_empty_body,0,0,0,,0.0
citizen_services::GET__citizens_id,citizen_services,GET /citizens/{id},wrong_role,denied_audit_logged,0,0,0,,0.0
citizen_services::GET__citizens_id,citizen_services,GET /citizens/{id},wrong_role,deprecated_endpoint_unavailable,0,0,0,,0.0
citizen_services::GET__citizens_id,citizen_services,GET /citizens/{id},wrong_jurisdiction,denied_empty_body,0,0,0,,0.0
citizen_services::GET__citizens_id,citizen_services,GET /citizens/{id},wrong_jurisdiction,denied_audit_logged,0,0,0,,0.0
citizen_services::GET__citizens_id,citizen_services,GET /citizens/{id},wrong_jurisdiction,deprecated_endpoint_unavailable,0,0,0,,0.0
citizen_services::GET__citizens_id,citizen_services,GET /citizens/{id},wrong_purpose,denied_empty_body,0,0,0,,0.0
citizen_services::GET__citizens_id,citizen_services,GET /citizens/{id},wrong_purpose,denied_audit_logged,0,0,0,,0.0
citizen_services::GET__citizens_id,citizen_services,GET /citizens/{id},wrong_purpose,deprecated_endpoint_unavailable,0,0,0,,0.0
citizen_services::GET__citizens_id,citizen_services,GET /citizens/{id},self_access,allowed_full_sorted,1,5,0,,0.0
citizen_services::GET__citizens_id,citizen_services,GET /citizens/{id},self_access,allowed_full_shuffled,1,5,0,,0.0
citizen_services::GET__citizens_id,citizen_services,GET /citizens/{id},self_access,allowed_minimal_subset,1,2,0,,0.0
citizen_services::GET__citizens_id,citizen_services,GET /citizens/{id},self_access,allowed_empty_body,1,0,0,,0.0
citizen_services::GET__citizens_id,citizen_services,GET /citizens/{id},self_access,allowed_with_extra_audit_metadata,1,5,0,,0.0
citizen_services::GET__citizens_id,citizen_services,GET /citizens/{id},unauthenticated,denied_empty_body,0,0,0,,0.0
citizen_services::GET__citizens_id,citizen_services,GET /citizens/{id},unauthenticated,denied_audit_logged,0,0,0,,0.0
citizen_services::GET__citizens_id,citizen_services,GET /citizens/{id},unauthenticated,deprecated_endpoint_unavailable,0,0,0,,0.0
citizen_services::GET__citizens_id,citizen_services,GET /citizens/{id},sensitive_field_probe,allowed_full_sorted,1,5,0,,0.0
citizen_services::GET__citizens_id,citizen_services,GET /citizens/{id},sensitive_field_probe,allowed_full_shuffled,1,5,0,,0.0
citizen_services::GET__citizens_id,citizen_services,GET /citizens/{id},sensitive_field_probe,allowed_minimal_subset,1,2,0,,0.0
citizen_services::GET__citizens_id,citizen_services,GET /citizens/{id},sensitive_field_probe,allowed_empty_body,1,0,0,,0.0
citizen_services::GET__citizens_id,citizen_services,GET /citizens/{id},sensitive_field_probe,allowed_with_extra_audit_metadata,1,5,0,,0.0
citizen_services::GET__citizens_id,citizen_services,GET /citizens/{id},aggregation_boundary,allowed_full_sorted,1,5,0,,0.0
citizen_services::GET__citizens_id,citizen_services,GET /citizens/{id},aggregation_boundary,allowed_full_shuffled,1,5,0,,0.0
citizen_services::GET__citizens_id,citizen_services,GET /citizens/{id},aggregation_boundary,allowed_minimal_subset,1,2,0,,0.0
citizen_services::GET__citizens_id,citizen_services,GET /citizens/{id},aggregation_boundary,allowed_empty_body,1,0,0,,0.0
citizen_services::GET__citizens_id,citizen_services,GET /citizens/{id},aggregation_boundary,allowed_with_extra_audit_metadata,1,5,0,,0.0
citizen_services::GET__citizens_id,citizen_services,GET /citizens/{id},deprecated_inventory,allowed_full_sorted,1,5,0,,0.0
citizen_services::GET__citizens_id,citizen_services,GET /citizens/{id},deprecated_inventory,allowed_full_shuffled,1,5,0,,0.0
citizen_services::GET__citizens_id,citizen_services,GET /citizens/{id},deprecated_inventory,allowed_minimal_subset,1,2,0,,0.0
citizen_services::GET__citizens_id,citizen_services,GET /citizens/{id},deprecated_inventory,allowed_empty_body,1,0,0,,0.0
citizen_services::GET__citizens_id,citizen_services,GET /citizens/{id},deprecated_inventory,allowed_with_extra_audit_metadata,1,5,0,,0.0
citizen_services::GET__benefits_id,citizen_services,GET /benefits/{id},valid,allowed_full_sorted,1,5,0,,0.0
citizen_services::GET__benefits_id,citizen_services,GET /benefits/{id},valid,allowed_full_shuffled,1,5,0,,0.0
citizen_services::GET__benefits_id,citizen_services,GET /benefits/{id},valid,allowed_minimal_subset,1,2,0,,0.0
citizen_services::GET__benefits_id,citizen_services,GET /benefits/{id},valid,allowed_empty_body,1,0,0,,0.0
citizen_services::GET__benefits_id,citizen_services,GET /benefits/{id},valid,allowed_with_extra_audit_metadata,1,5,0,,0.0
citizen_services::GET__benefits_id,citizen_services,GET /benefits/{id},wrong_role,denied_empty_body,0,0,0,,0.0
citizen_services::GET__benefits_id,citizen_services,GET /benefits/{id},wrong_role,denied_audit_logged,0,0,0,,0.0
citizen_services::GET__benefits_id,citizen_services,GET /benefits/{id},wrong_role,deprecated_endpoint_unavailable,0,0,0,,0.0
citizen_services::GET__benefits_id,citizen_services,GET /benefits/{id},wrong_jurisdiction,denied_empty_body,0,0,0,,0.0
citizen_services::GET__benefits_id,citizen_services,GET /benefits/{id},wrong_jurisdiction,denied_audit_logged,0,0,0,,0.0
citizen_services::GET__benefits_id,citizen_services,GET /benefits/{id},wrong_jurisdiction,deprecated_endpoint_unavailable,0,0,0,,0.0
citizen_services::GET__benefits_id,citizen_services,GET /benefits/{id},wrong_purpose,denied_empty_body,0,0,0,,0.0
citizen_services::GET__benefits_id,citizen_services,GET /benefits/{id},wrong_purpose,denied_audit_logged,0,0,0,,0.0
citizen_services::GET__benefits_id,citizen_services,GET /benefits/{id},wrong_purpose,deprecated_endpoint_unavailable,0,0,0,,0.0
citizen_services::GET__benefits_id,citizen_services,GET /benefits/{id},self_access,allowed_full_sorted,1,6,0,,0.0
citizen_services::GET__benefits_id,citizen_services,GET /benefits/{id},self_access,allowed_full_shuffled,1,6,0,,0.0
citizen_services::GET__benefits_id,citizen_services,GET /benefits/{id},self_access,allowed_minimal_subset,1,3,0,,0.0
citizen_services::GET__benefits_id,citizen_services,GET /benefits/{id},self_access,allowed_empty_body,1,0,0,,0.0
citizen_services::GET__benefits_id,citizen_services,GET /benefits/{id},self_access,allowed_with_extra_audit_metadata,1,6,0,,0.0
citizen_services::GET__benefits_id,citizen_services,GET /benefits/{id},unauthenticated,denied_empty_body,0,0,0,,0.0
citizen_services::GET__benefits_id,citizen_services,GET /benefits/{id},unauthenticated,denied_audit_logged,0,0,0,,0.0
citizen_services::GET__benefits_id,citizen_services,GET /benefits/{id},unauthenticated,deprecated_endpoint_unavailable,0,0,0,,0.0
citizen_services::GET__benefits_id,citizen_services,GET /benefits/{id},sensitive_field_probe,allowed_full_sorted,1,5,0,,0.0
citizen_services::GET__benefits_id,citizen_services,GET /benefits/{id},sensitive_field_probe,allowed_full_shuffled,1,5,0,,0.0
citizen_services::GET__benefits_id,citizen_services,GET /benefits/{id},sensitive_field_probe,allowed_minimal_subset,1,2,0,,0.0
citizen_services::GET__benefits_id,citizen_services,GET /benefits/{id},sensitive_field_probe,allowed_empty_body,1,0,0,,0.0
citizen_services::GET__benefits_id,citizen_services,GET /benefits/{id},sensitive_field_probe,allowed_with_extra_audit_metadata,1,5,0,,0.0
citizen_services::GET__benefits_id,citizen_services,GET /benefits/{id},aggregation_boundary,allowed_full_sorted,1,5,0,,0.0
citizen_services::GET__benefits_id,citizen_services,GET /benefits/{id},aggregation_boundary,allowed_full_shuffled,1,5,0,,0.0
citizen_services::GET__benefits_id,citizen_services,GET /benefits/{id},aggregation_boundary,allowed_minimal_subset,1,2,0,,0.0
citizen_services::GET__benefits_id,citizen_services,GET /benefits/{id},aggregation_boundary,allowed_empty_body,1,0,0,,0.0
citizen_services::GET__benefits_id,citizen_services,GET /benefits/{id},aggregation_boundary,allowed_with_extra_audit_metadata,1,5,0,,0.0
citizen_services::GET__benefits_id,citizen_services,GET /benefits/{id},deprecated_inventory,allowed_full_sorted,1,5,0,,0.0
citizen_services::GET__benefits_id,citizen_services,GET /benefits/{id},deprecated_inventory,allowed_full_shuffled,1,5,0,,0.0
citizen_services::GET__benefits_id,citizen_services,GET /benefits/{id},deprecated_inventory,allowed_minimal_subset,1,2,0,,0.0
citizen_services::GET__benefits_id,citizen_services,GET /benefits/{id},deprecated_inventory,allowed_empty_body,1,0,0,,0.0
citizen_services::GET__benefits_id,citizen_services,GET /benefits/{id},deprecated_inventory,allowed_with_extra_audit_metadata,1,5,0,,0.0
citizen_services::GET__citizens_export,citizen_services,GET /citizens/export,valid,allowed_full_sorted,1,5,0,,0.0
citizen_services::GET__citizens_export,citizen_services,GET /citizens/export,valid,allowed_full_shuffled,1,5,0,,0.0
citizen_services::GET__citizens_export,citizen_services,GET /citizens/export,valid,allowed_minimal_subset,1,2,0,,0.0
citizen_services::GET__citizens_export,citizen_services,GET /citizens/export,valid,allowed_empty_body,1,0,0,,0.0
citizen_services::GET__citizens_export,citizen_services,GET /citizens/export,valid,allowed_with_extra_audit_metadata,1,5,0,,0.0
citizen_services::GET__citizens_export,citizen_services,GET /citizens/export,wrong_role,denied_empty_body,0,0,0,,0.0
citizen_services::GET__citizens_export,citizen_services,GET /citizens/export,wrong_role,denied_audit_logged,0,0,0,,0.0
citizen_services::GET__citizens_export,citizen_services,GET /citizens/export,wrong_role,deprecated_endpoint_unavailable,0,0,0,,0.0
citizen_services::GET__citizens_export,citizen_services,GET /citizens/export,wrong_jurisdiction,denied_empty_body,0,0,0,,0.0
citizen_services::GET__citizens_export,citizen_services,GET /citizens/export,wrong_jurisdiction,denied_audit_logged,0,0,0,,0.0
citizen_services::GET__citizens_export,citizen_services,GET /citizens/export,wrong_jurisdiction,deprecated_endpoint_unavailable,0,0,0,,0.0
citizen_services::GET__citizens_export,citizen_services,GET /citizens/export,wrong_purpose,denied_empty_body,0,0,0,,0.0
citizen_services::GET__citizens_export,citizen_services,GET /citizens/export,wrong_purpose,denied_audit_logged,0,0,0,,0.0
citizen_services::GET__citizens_export,citizen_services,GET /citizens/export,wrong_purpose,deprecated_endpoint_unavailable,0,0,0,,0.0
citizen_services::GET__citizens_export,citizen_services,GET /citizens/export,self_access,allowed_full_sorted,1,5,0,,0.0
citizen_services::GET__citizens_export,citizen_services,GET /citizens/export,self_access,allowed_full_shuffled,1,5,0,,0.0
citizen_services::GET__citizens_export,citizen_services,GET /citizens/export,self_access,allowed_minimal_subset,1,2,0,,0.0
citizen_services::GET__citizens_export,citizen_services,GET /citizens/export,self_access,allowed_empty_body,1,0,0,,0.0
citizen_services::GET__citizens_export,citizen_services,GET /citizens/export,self_access,allowed_with_extra_audit_metadata,1,5,0,,0.0
citizen_services::GET__citizens_export,citizen_services,GET /citizens/export,unauthenticated,denied_empty_body,0,0,0,,0.0
citizen_services::GET__citizens_export,citizen_services,GET /citizens/export,unauthenticated,denied_audit_logged,0,0,0,,0.0
citizen_services::GET__citizens_export,citizen_services,GET /citizens/export,unauthenticated,deprecated_endpoint_unavailable,0,0,0,,0.0
citizen_services::GET__citizens_export,citizen_services,GET /citizens/export,sensitive_field_probe,allowed_full_sorted,1,5,0,,0.0
citizen_services::GET__citizens_export,citizen_services,GET /citizens/export,sensitive_field_probe,allowed_full_shuffled,1,5,0,,0.0
citizen_services::GET__citizens_export,citizen_services,GET /citizens/export,sensitive_field_probe,allowed_minimal_subset,1,2,0,,0.0
citizen_services::GET__citizens_export,citizen_services,GET /citizens/export,sensitive_field_probe,allowed_empty_body,1,0,0,,0.0
citizen_services::GET__citizens_export,citizen_services,GET /citizens/export,sensitive_field_probe,allowed_with_extra_audit_metadata,1,5,0,,0.0
citizen_services::GET__citizens_export,citizen_services,GET /citizens/export,aggregation_boundary,allowed_full_sorted,1,5,0,,0.0
citizen_services::GET__citizens_export,citizen_services,GET /citizens/export,aggregation_boundary,allowed_full_shuffled,1,5,0,,0.0
citizen_services::GET__citizens_export,citizen_services,GET /citizens/export,aggregation_boundary,allowed_minimal_subset,1,2,0,,0.0
citizen_services::GET__citizens_export,citizen_services,GET /citizens/export,aggregation_boundary,allowed_empty_body,1,0,0,,0.0
citizen_services::GET__citizens_export,citizen_services,GET /citizens/export,aggregation_boundary,allowed_with_extra_audit_metadata,1,5,0,,0.0
citizen_services::GET__citizens_export,citizen_services,GET /citizens/export,deprecated_inventory,allowed_full_sorted,1,5,0,,0.0
citizen_services::GET__citizens_export,citizen_services,GET /citizens/export,deprecated_inventory,allowed_full_shuffled,1,5,0,,0.0
citizen_services::GET__citizens_export,citizen_services,GET /citizens/export,deprecated_inventory,allowed_minimal_subset,1,2,0,,0.0
citizen_services::GET__citizens_export,citizen_services,GET /citizens/export,deprecated_inventory,allowed_empty_body,1,0,0,,0.0
citizen_services::GET__citizens_export,citizen_services,GET /citizens/export,deprecated_inventory,allowed_with_extra_audit_metadata,1,5,0,,0.0
education::GET__students_id_record,education,GET /students/{id}/record,valid,allowed_full_sorted,1,4,0,,0.0
education::GET__students_id_record,education,GET /students/{id}/record,valid,allowed_full_shuffled,1,4,0,,0.0
education::GET__students_id_record,education,GET /students/{id}/record,valid,allowed_minimal_subset,1,2,0,,0.0
education::GET__students_id_record,education,GET /students/{id}/record,valid,allowed_empty_body,1,0,0,,0.0
education::GET__students_id_record,education,GET /students/{id}/record,valid,allowed_with_extra_audit_metadata,1,4,0,,0.0
education::GET__students_id_record,education,GET /students/{id}/record,wrong_role,denied_empty_body,0,0,0,,0.0
education::GET__students_id_record,education,GET /students/{id}/record,wrong_role,denied_audit_logged,0,0,0,,0.0
education::GET__students_id_record,education,GET /students/{id}/record,wrong_role,deprecated_endpoint_unavailable,0,0,0,,0.0
education::GET__students_id_record,education,GET /students/{id}/record,wrong_jurisdiction,denied_empty_body,0,0,0,,0.0
education::GET__students_id_record,education,GET /students/{id}/record,wrong_jurisdiction,denied_audit_logged,0,0,0,,0.0
education::GET__students_id_record,education,GET /students/{id}/record,wrong_jurisdiction,deprecated_endpoint_unavailable,0,0,0,,0.0
education::GET__students_id_record,education,GET /students/{id}/record,wrong_purpose,denied_empty_body,0,0,0,,0.0
education::GET__students_id_record,education,GET /students/{id}/record,wrong_purpose,denied_audit_logged,0,0,0,,0.0
education::GET__students_id_record,education,GET /students/{id}/record,wrong_purpose,deprecated_endpoint_unavailable,0,0,0,,0.0
education::GET__students_id_record,education,GET /students/{id}/record,self_access,allowed_full_sorted,1,4,0,,0.0
education::GET__students_id_record,education,GET /students/{id}/record,self_access,allowed_full_shuffled,1,4,0,,0.0
education::GET__students_id_record,education,GET /students/{id}/record,self_access,allowed_minimal_subset,1,2,0,,0.0
education::GET__students_id_record,education,GET /students/{id}/record,self_access,allowed_empty_body,1,0,0,,0.0
education::GET__students_id_record,education,GET /students/{id}/record,self_access,allowed_with_extra_audit_metadata,1,4,0,,0.0
education::GET__students_id_record,education,GET /students/{id}/record,unauthenticated,denied_empty_body,0,0,0,,0.0
education::GET__students_id_record,education,GET /students/{id}/record,unauthenticated,denied_audit_logged,0,0,0,,0.0
education::GET__students_id_record,education,GET /students/{id}/record,unauthenticated,deprecated_endpoint_unavailable,0,0,0,,0.0
education::GET__students_id_record,education,GET /students/{id}/record,sensitive_field_probe,allowed_full_sorted,1,4,0,,0.0
education::GET__students_id_record,education,GET /students/{id}/record,sensitive_field_probe,allowed_full_shuffled,1,4,0,,0.0
education::GET__students_id_record,education,GET /students/{id}/record,sensitive_field_probe,allowed_minimal_subset,1,2,0,,0.0
education::GET__students_id_record,education,GET /students/{id}/record,sensitive_field_probe,allowed_empty_body,1,0,0,,0.0
education::GET__students_id_record,education,GET /students/{id}/record,sensitive_field_probe,allowed_with_extra_audit_metadata,1,4,0,,0.0
education::GET__students_id_record,education,GET /students/{id}/record,aggregation_boundary,allowed_full_sorted,1,4,0,,0.0
education::GET__students_id_record,education,GET /students/{id}/record,aggregation_boundary,allowed_full_shuffled,1,4,0,,0.0
education::GET__students_id_record,education,GET /students/{id}/record,aggregation_boundary,allowed_minimal_subset,1,2,0,,0.0
education::GET__students_id_record,education,GET /students/{id}/record,aggregation_boundary,allowed_empty_body,1,0,0,,0.0
education::GET__students_id_record,education,GET /students/{id}/record,aggregation_boundary,allowed_with_extra_audit_metadata,1,4,0,,0.0
education::GET__students_id_record,education,GET /students/{id}/record,deprecated_inventory,allowed_full_sorted,1,4,0,,0.0
education::GET__students_id_record,education,GET /students/{id}/record,deprecated_inventory,allowed_full_shuffled,1,4,0,,0.0
education::GET__students_id_record,education,GET /students/{id}/record,deprecated_inventory,allowed_minimal_subset,1,2,0,,0.0
education::GET__students_id_record,education,GET /students/{id}/record,deprecated_inventory,allowed_empty_body,1,0,0,,0.0
education::GET__students_id_record,education,GET /students/{id}/record,deprecated_inventory,allowed_with_extra_audit_metadata,1,4,0,,0.0
education::GET__classes_id_roster,education,GET /classes/{id}/roster,valid,allowed_full_sorted,1,4,0,,0.0
education::GET__classes_id_roster,education,GET /classes/{id}/roster,valid,allowed_full_shuffled,1,4,0,,0.0
education::GET__classes_id_roster,education,GET /classes/{id}/roster,valid,allowed_minimal_subset,1,2,0,,0.0
education::GET__classes_id_roster,education,GET /classes/{id}/roster,valid,allowed_empty_body,1,0,0,,0.0
education::GET__classes_id_roster,education,GET /classes/{id}/roster,valid,allowed_with_extra_audit_metadata,1,4,0,,0.0
education::GET__classes_id_roster,education,GET /classes/{id}/roster,wrong_role,denied_empty_body,0,0,0,,0.0
education::GET__classes_id_roster,education,GET /classes/{id}/roster,wrong_role,denied_audit_logged,0,0,0,,0.0
education::GET__classes_id_roster,education,GET /classes/{id}/roster,wrong_role,deprecated_endpoint_unavailable,0,0,0,,0.0
education::GET__classes_id_roster,education,GET /classes/{id}/roster,wrong_jurisdiction,denied_empty_body,0,0,0,,0.0
education::GET__classes_id_roster,education,GET /classes/{id}/roster,wrong_jurisdiction,denied_audit_logged,0,0,0,,0.0
education::GET__classes_id_roster,education,GET /classes/{id}/roster,wrong_jurisdiction,deprecated_endpoint_unavailable,0,0,0,,0.0
education::GET__classes_id_roster,education,GET /classes/{id}/roster,wrong_purpose,denied_empty_body,0,0,0,,0.0
education::GET__classes_id_roster,education,GET /classes/{id}/roster,wrong_purpose,denied_audit_logged,0,0,0,,0.0
education::GET__classes_id_roster,education,GET /classes/{id}/roster,wrong_purpose,deprecated_endpoint_unavailable,0,0,0,,0.0
education::GET__classes_id_roster,education,GET /classes/{id}/roster,self_access,allowed_full_sorted,1,4,0,,0.0
education::GET__classes_id_roster,education,GET /classes/{id}/roster,self_access,allowed_full_shuffled,1,4,0,,0.0
education::GET__classes_id_roster,education,GET /classes/{id}/roster,self_access,allowed_minimal_subset,1,2,0,,0.0
education::GET__classes_id_roster,education,GET /classes/{id}/roster,self_access,allowed_empty_body,1,0,0,,0.0
education::GET__classes_id_roster,education,GET /classes/{id}/roster,self_access,allowed_with_extra_audit_metadata,1,4,0,,0.0
education::GET__classes_id_roster,education,GET /classes/{id}/roster,unauthenticated,denied_empty_body,0,0,0,,0.0
education::GET__classes_id_roster,education,GET /classes/{id}/roster,unauthenticated,denied_audit_logged,0,0,0,,0.0
education::GET__classes_id_roster,education,GET /classes/{id}/roster,unauthenticated,deprecated_endpoint_unavailable,0,0,0,,0.0
education::GET__classes_id_roster,education,GET /classes/{id}/roster,sensitive_field_probe,allowed_full_sorted,1,4,0,,0.0
education::GET__classes_id_roster,education,GET /classes/{id}/roster,sensitive_field_probe,allowed_full_shuffled,1,4,0,,0.0
education::GET__classes_id_roster,education,GET /classes/{id}/roster,sensitive_field_probe,allowed_minimal_subset,1,2,0,,0.0
education::GET__classes_id_roster,education,GET /classes/{id}/roster,sensitive_field_probe,allowed_empty_body,1,0,0,,0.0
education::GET__classes_id_roster,education,GET /classes/{id}/roster,sensitive_field_probe,allowed_with_extra_audit_metadata,1,4,0,,0.0
education::GET__classes_id_roster,education,GET /classes/{id}/roster,aggregation_boundary,allowed_full_sorted,1,4,0,,0.0
education::GET__classes_id_roster,education,GET /classes/{id}/roster,aggregation_boundary,allowed_full_shuffled,1,4,0,,0.0
education::GET__classes_id_roster,education,GET /classes/{id}/roster,aggregation_boundary,allowed_minimal_subset,1,2,0,,0.0
education::GET__classes_id_roster,education,GET /classes/{id}/roster,aggregation_boundary,allowed_empty_body,1,0,0,,0.0
education::GET__classes_id_roster,education,GET /classes/{id}/roster,aggregation_boundary,allowed_with_extra_audit_metadata,1,4,0,,0.0
education::GET__classes_id_roster,education,GET /classes/{id}/roster,deprecated_inventory,allowed_full_sorted,1,4,0,,0.0
education::GET__classes_id_roster,education,GET /classes/{id}/roster,deprecated_inventory,allowed_full_shuffled,1,4,0,,0.0
education::GET__classes_id_roster,education,GET /classes/{id}/roster,deprecated_inventory,allowed_minimal_subset,1,2,0,,0.0
education::GET__classes_id_roster,education,GET /classes/{id}/roster,deprecated_inventory,allowed_empty_body,1,0,0,,0.0
education::GET__classes_id_roster,education,GET /classes/{id}/roster,deprecated_inventory,allowed_with_extra_audit_metadata,1,4,0,,0.0
education::GET__discipline_id,education,GET /discipline/{id},valid,allowed_full_sorted,1,4,0,,0.0
education::GET__discipline_id,education,GET /discipline/{id},valid,allowed_full_shuffled,1,4,0,,0.0
education::GET__discipline_id,education,GET /discipline/{id},valid,allowed_minimal_subset,1,2,0,,0.0
education::GET__discipline_id,education,GET /discipline/{id},valid,allowed_empty_body,1,0,0,,0.0
education::GET__discipline_id,education,GET /discipline/{id},valid,allowed_with_extra_audit_metadata,1,4,0,,0.0
education::GET__discipline_id,education,GET /discipline/{id},wrong_role,denied_empty_body,0,0,0,,0.0
education::GET__discipline_id,education,GET /discipline/{id},wrong_role,denied_audit_logged,0,0,0,,0.0
education::GET__discipline_id,education,GET /discipline/{id},wrong_role,deprecated_endpoint_unavailable,0,0,0,,0.0
education::GET__discipline_id,education,GET /discipline/{id},wrong_jurisdiction,denied_empty_body,0,0,0,,0.0
education::GET__discipline_id,education,GET /discipline/{id},wrong_jurisdiction,denied_audit_logged,0,0,0,,0.0
education::GET__discipline_id,education,GET /discipline/{id},wrong_jurisdiction,deprecated_endpoint_unavailable,0,0,0,,0.0
education::GET__discipline_id,education,GET /discipline/{id},wrong_purpose,denied_empty_body,0,0,0,,0.0
education::GET__discipline_id,education,GET /discipline/{id},wrong_purpose,denied_audit_logged,0,0,0,,0.0
education::GET__discipline_id,education,GET /discipline/{id},wrong_purpose,deprecated_endpoint_unavailable,0,0,0,,0.0
education::GET__discipline_id,education,GET /discipline/{id},self_access,allowed_full_sorted,1,5,0,,0.0
education::GET__discipline_id,education,GET /discipline/{id},self_access,allowed_full_shuffled,1,5,0,,0.0
education::GET__discipline_id,education,GET /discipline/{id},self_access,allowed_minimal_subset,1,2,0,,0.0
education::GET__discipline_id,education,GET /discipline/{id},self_access,allowed_empty_body,1,0,0,,0.0
education::GET__discipline_id,education,GET /discipline/{id},self_access,allowed_with_extra_audit_metadata,1,5,0,,0.0
education::GET__discipline_id,education,GET /discipline/{id},unauthenticated,denied_empty_body,0,0,0,,0.0
education::GET__discipline_id,education,GET /discipline/{id},unauthenticated,denied_audit_logged,0,0,0,,0.0
education::GET__discipline_id,education,GET /discipline/{id},unauthenticated,deprecated_endpoint_unavailable,0,0,0,,0.0
education::GET__discipline_id,education,GET /discipline/{id},sensitive_field_probe,allowed_full_sorted,1,4,0,,0.0
education::GET__discipline_id,education,GET /discipline/{id},sensitive_field_probe,allowed_full_shuffled,1,4,0,,0.0
education::GET__discipline_id,education,GET /discipline/{id},sensitive_field_probe,allowed_minimal_subset,1,2,0,,0.0
education::GET__discipline_id,education,GET /discipline/{id},sensitive_field_probe,allowed_empty_body,1,0,0,,0.0
education::GET__discipline_id,education,GET /discipline/{id},sensitive_field_probe,allowed_with_extra_audit_metadata,1,4,0,,0.0
education::GET__discipline_id,education,GET /discipline/{id},aggregation_boundary,allowed_full_sorted,1,4,0,,0.0
education::GET__discipline_id,education,GET /discipline/{id},aggregation_boundary,allowed_full_shuffled,1,4,0,,0.0
education::GET__discipline_id,education,GET /discipline/{id},aggregation_boundary,allowed_minimal_subset,1,2,0,,0.0
education::GET__discipline_id,education,GET /discipline/{id},aggregation_boundary,allowed_empty_body,1,0,0,,0.0
education::GET__discipline_id,education,GET /discipline/{id},aggregation_boundary,allowed_with_extra_audit_metadata,1,4,0,,0.0
education::GET__discipline_id,education,GET /discipline/{id},deprecated_inventory,allowed_full_sorted,1,4,0,,0.0
education::GET__discipline_id,education,GET /discipline/{id},deprecated_inventory,allowed_full_shuffled,1,4,0,,0.0
education::GET__discipline_id,education,GET /discipline/{id},deprecated_inventory,allowed_minimal_subset,1,2,0,,0.0
education::GET__discipline_id,education,GET /discipline/{id},deprecated_inventory,allowed_empty_body,1,0,0,,0.0
education::GET__discipline_id,education,GET /discipline/{id},deprecated_inventory,allowed_with_extra_audit_metadata,1,4,0,,0.0
business_licensing::GET__licenses_id,business_licensing,GET /licenses/{id},valid,allowed_full_sorted,1,7,0,,0.0
business_licensing::GET__licenses_id,business_licensing,GET /licenses/{id},valid,allowed_full_shuffled,1,7,0,,0.0
business_licensing::GET__licenses_id,business_licensing,GET /licenses/{id},valid,allowed_minimal_subset,1,3,0,,0.0
business_licensing::GET__licenses_id,business_licensing,GET /licenses/{id},valid,allowed_empty_body,1,0,0,,0.0
business_licensing::GET__licenses_id,business_licensing,GET /licenses/{id},valid,allowed_with_extra_audit_metadata,1,7,0,,0.0
business_licensing::GET__licenses_id,business_licensing,GET /licenses/{id},wrong_role,denied_empty_body,0,0,0,,0.0
business_licensing::GET__licenses_id,business_licensing,GET /licenses/{id},wrong_role,denied_audit_logged,0,0,0,,0.0
business_licensing::GET__licenses_id,business_licensing,GET /licenses/{id},wrong_role,deprecated_endpoint_unavailable,0,0,0,,0.0
business_licensing::GET__licenses_id,business_licensing,GET /licenses/{id},wrong_jurisdiction,denied_empty_body,0,0,0,,0.0
business_licensing::GET__licenses_id,business_licensing,GET /licenses/{id},wrong_jurisdiction,denied_audit_logged,0,0,0,,0.0
business_licensing::GET__licenses_id,business_licensing,GET /licenses/{id},wrong_jurisdiction,deprecated_endpoint_unavailable,0,0,0,,0.0
business_licensing::GET__licenses_id,business_licensing,GET /licenses/{id},wrong_purpose,denied_empty_body,0,0,0,,0.0
business_licensing::GET__licenses_id,business_licensing,GET /licenses/{id},wrong_purpose,denied_audit_logged,0,0,0,,0.0
business_licensing::GET__licenses_id,business_licensing,GET /licenses/{id},wrong_purpose,deprecated_endpoint_unavailable,0,0,0,,0.0
business_licensing::GET__licenses_id,business_licensing,GET /licenses/{id},self_access,allowed_full_sorted,1,6,0,,0.0
business_licensing::GET__licenses_id,business_licensing,GET /licenses/{id},self_access,allowed_full_shuffled,1,6,0,,0.0
business_licensing::GET__licenses_id,business_licensing,GET /licenses/{id},self_access,allowed_minimal_subset,1,3,0,,0.0
business_licensing::GET__licenses_id,business_licensing,GET /licenses/{id},self_access,allowed_empty_body,1,0,0,,0.0
business_licensing::GET__licenses_id,business_licensing,GET /licenses/{id},self_access,allowed_with_extra_audit_metadata,1,6,0,,0.0
business_licensing::GET__licenses_id,business_licensing,GET /licenses/{id},unauthenticated,denied_empty_body,0,0,0,,0.0
business_licensing::GET__licenses_id,business_licensing,GET /licenses/{id},unauthenticated,denied_audit_logged,0,0,0,,0.0
business_licensing::GET__licenses_id,business_licensing,GET /licenses/{id},unauthenticated,deprecated_endpoint_unavailable,0,0,0,,0.0
business_licensing::GET__licenses_id,business_licensing,GET /licenses/{id},sensitive_field_probe,allowed_full_sorted,1,7,0,,0.0
business_licensing::GET__licenses_id,business_licensing,GET /licenses/{id},sensitive_field_probe,allowed_full_shuffled,1,7,0,,0.0
business_licensing::GET__licenses_id,business_licensing,GET /licenses/{id},sensitive_field_probe,allowed_minimal_subset,1,3,0,,0.0
business_licensing::GET__licenses_id,business_licensing,GET /licenses/{id},sensitive_field_probe,allowed_empty_body,1,0,0,,0.0
business_licensing::GET__licenses_id,business_licensing,GET /licenses/{id},sensitive_field_probe,allowed_with_extra_audit_metadata,1,7,0,,0.0
business_licensing::GET__licenses_id,business_licensing,GET /licenses/{id},aggregation_boundary,allowed_full_sorted,1,7,0,,0.0
business_licensing::GET__licenses_id,business_licensing,GET /licenses/{id},aggregation_boundary,allowed_full_shuffled,1,7,0,,0.0
business_licensing::GET__licenses_id,business_licensing,GET /licenses/{id},aggregation_boundary,allowed_minimal_subset,1,3,0,,0.0
business_licensing::GET__licenses_id,business_licensing,GET /licenses/{id},aggregation_boundary,allowed_empty_body,1,0,0,,0.0
business_licensing::GET__licenses_id,business_licensing,GET /licenses/{id},aggregation_boundary,allowed_with_extra_audit_metadata,1,7,0,,0.0
business_licensing::GET__licenses_id,business_licensing,GET /licenses/{id},deprecated_inventory,allowed_full_sorted,1,7,0,,0.0
business_licensing::GET__licenses_id,business_licensing,GET /licenses/{id},deprecated_inventory,allowed_full_shuffled,1,7,0,,0.0
business_licensing::GET__licenses_id,business_licensing,GET /licenses/{id},deprecated_inventory,allowed_minimal_subset,1,3,0,,0.0
business_licensing::GET__licenses_id,business_licensing,GET /licenses/{id},deprecated_inventory,allowed_empty_body,1,0,0,,0.0
business_licensing::GET__licenses_id,business_licensing,GET /licenses/{id},deprecated_inventory,allowed_with_extra_audit_metadata,1,7,0,,0.0
business_licensing::GET__inspections_id,business_licensing,GET /inspections/{id},valid,allowed_full_sorted,1,6,0,,0.0
business_licensing::GET__inspections_id,business_licensing,GET /inspections/{id},valid,allowed_full_shuffled,1,6,0,,0.0
business_licensing::GET__inspections_id,business_licensing,GET /inspections/{id},valid,allowed_minimal_subset,1,3,0,,0.0
business_licensing::GET__inspections_id,business_licensing,GET /inspections/{id},valid,allowed_empty_body,1,0,0,,0.0
business_licensing::GET__inspections_id,business_licensing,GET /inspections/{id},valid,allowed_with_extra_audit_metadata,1,6,0,,0.0
business_licensing::GET__inspections_id,business_licensing,GET /inspections/{id},wrong_role,denied_empty_body,0,0,0,,0.0
business_licensing::GET__inspections_id,business_licensing,GET /inspections/{id},wrong_role,denied_audit_logged,0,0,0,,0.0
business_licensing::GET__inspections_id,business_licensing,GET /inspections/{id},wrong_role,deprecated_endpoint_unavailable,0,0,0,,0.0
business_licensing::GET__inspections_id,business_licensing,GET /inspections/{id},wrong_jurisdiction,denied_empty_body,0,0,0,,0.0
business_licensing::GET__inspections_id,business_licensing,GET /inspections/{id},wrong_jurisdiction,denied_audit_logged,0,0,0,,0.0
business_licensing::GET__inspections_id,business_licensing,GET /inspections/{id},wrong_jurisdiction,deprecated_endpoint_unavailable,0,0,0,,0.0
business_licensing::GET__inspections_id,business_licensing,GET /inspections/{id},wrong_purpose,denied_empty_body,0,0,0,,0.0
business_licensing::GET__inspections_id,business_licensing,GET /inspections/{id},wrong_purpose,denied_audit_logged,0,0,0,,0.0
business_licensing::GET__inspections_id,business_licensing,GET /inspections/{id},wrong_purpose,deprecated_endpoint_unavailable,0,0,0,,0.0
business_licensing::GET__inspections_id,business_licensing,GET /inspections/{id},self_access,allowed_full_sorted,1,5,0,,0.0
business_licensing::GET__inspections_id,business_licensing,GET /inspections/{id},self_access,allowed_full_shuffled,1,5,0,,0.0
business_licensing::GET__inspections_id,business_licensing,GET /inspections/{id},self_access,allowed_minimal_subset,1,2,0,,0.0
business_licensing::GET__inspections_id,business_licensing,GET /inspections/{id},self_access,allowed_empty_body,1,0,0,,0.0
business_licensing::GET__inspections_id,business_licensing,GET /inspections/{id},self_access,allowed_with_extra_audit_metadata,1,5,0,,0.0
business_licensing::GET__inspections_id,business_licensing,GET /inspections/{id},unauthenticated,denied_empty_body,0,0,0,,0.0
business_licensing::GET__inspections_id,business_licensing,GET /inspections/{id},unauthenticated,denied_audit_logged,0,0,0,,0.0
business_licensing::GET__inspections_id,business_licensing,GET /inspections/{id},unauthenticated,deprecated_endpoint_unavailable,0,0,0,,0.0
business_licensing::GET__inspections_id,business_licensing,GET /inspections/{id},sensitive_field_probe,allowed_full_sorted,1,6,0,,0.0
business_licensing::GET__inspections_id,business_licensing,GET /inspections/{id},sensitive_field_probe,allowed_full_shuffled,1,6,0,,0.0
business_licensing::GET__inspections_id,business_licensing,GET /inspections/{id},sensitive_field_probe,allowed_minimal_subset,1,3,0,,0.0
business_licensing::GET__inspections_id,business_licensing,GET /inspections/{id},sensitive_field_probe,allowed_empty_body,1,0,0,,0.0
business_licensing::GET__inspections_id,business_licensing,GET /inspections/{id},sensitive_field_probe,allowed_with_extra_audit_metadata,1,6,0,,0.0
business_licensing::GET__inspections_id,business_licensing,GET /inspections/{id},aggregation_boundary,allowed_full_sorted,1,6,0,,0.0
business_licensing::GET__inspections_id,business_licensing,GET /inspections/{id},aggregation_boundary,allowed_full_shuffled,1,6,0,,0.0
business_licensing::GET__inspections_id,business_licensing,GET /inspections/{id},aggregation_boundary,allowed_minimal_subset,1,3,0,,0.0
business_licensing::GET__inspections_id,business_licensing,GET /inspections/{id},aggregation_boundary,allowed_empty_body,1,0,0,,0.0
business_licensing::GET__inspections_id,business_licensing,GET /inspections/{id},aggregation_boundary,allowed_with_extra_audit_metadata,1,6,0,,0.0
business_licensing::GET__inspections_id,business_licensing,GET /inspections/{id},deprecated_inventory,allowed_full_sorted,1,6,0,,0.0
business_licensing::GET__inspections_id,business_licensing,GET /inspections/{id},deprecated_inventory,allowed_full_shuffled,1,6,0,,0.0
business_licensing::GET__inspections_id,business_licensing,GET /inspections/{id},deprecated_inventory,allowed_minimal_subset,1,3,0,,0.0
business_licensing::GET__inspections_id,business_licensing,GET /inspections/{id},deprecated_inventory,allowed_empty_body,1,0,0,,0.0
business_licensing::GET__inspections_id,business_licensing,GET /inspections/{id},deprecated_inventory,allowed_with_extra_audit_metadata,1,6,0,,0.0
business_licensing::GET__licenses_export,business_licensing,GET /licenses/export,valid,allowed_full_sorted,1,7,0,,0.0
business_licensing::GET__licenses_export,business_licensing,GET /licenses/export,valid,allowed_full_shuffled,1,7,0,,0.0
business_licensing::GET__licenses_export,business_licensing,GET /licenses/export,valid,allowed_minimal_subset,1,3,0,,0.0
business_licensing::GET__licenses_export,business_licensing,GET /licenses/export,valid,allowed_empty_body,1,0,0,,0.0
business_licensing::GET__licenses_export,business_licensing,GET /licenses/export,valid,allowed_with_extra_audit_metadata,1,7,0,,0.0
business_licensing::GET__licenses_export,business_licensing,GET /licenses/export,wrong_role,denied_empty_body,0,0,0,,0.0
business_licensing::GET__licenses_export,business_licensing,GET /licenses/export,wrong_role,denied_audit_logged,0,0,0,,0.0
business_licensing::GET__licenses_export,business_licensing,GET /licenses/export,wrong_role,deprecated_endpoint_unavailable,0,0,0,,0.0
business_licensing::GET__licenses_export,business_licensing,GET /licenses/export,wrong_jurisdiction,denied_empty_body,0,0,0,,0.0
business_licensing::GET__licenses_export,business_licensing,GET /licenses/export,wrong_jurisdiction,denied_audit_logged,0,0,0,,0.0
business_licensing::GET__licenses_export,business_licensing,GET /licenses/export,wrong_jurisdiction,deprecated_endpoint_unavailable,0,0,0,,0.0
business_licensing::GET__licenses_export,business_licensing,GET /licenses/export,wrong_purpose,denied_empty_body,0,0,0,,0.0
business_licensing::GET__licenses_export,business_licensing,GET /licenses/export,wrong_purpose,denied_audit_logged,0,0,0,,0.0
business_licensing::GET__licenses_export,business_licensing,GET /licenses/export,wrong_purpose,deprecated_endpoint_unavailable,0,0,0,,0.0
business_licensing::GET__licenses_export,business_licensing,GET /licenses/export,self_access,allowed_full_sorted,1,6,0,,0.0
business_licensing::GET__licenses_export,business_licensing,GET /licenses/export,self_access,allowed_full_shuffled,1,6,0,,0.0
business_licensing::GET__licenses_export,business_licensing,GET /licenses/export,self_access,allowed_minimal_subset,1,3,0,,0.0
business_licensing::GET__licenses_export,business_licensing,GET /licenses/export,self_access,allowed_empty_body,1,0,0,,0.0
business_licensing::GET__licenses_export,business_licensing,GET /licenses/export,self_access,allowed_with_extra_audit_metadata,1,6,0,,0.0
business_licensing::GET__licenses_export,business_licensing,GET /licenses/export,unauthenticated,denied_empty_body,0,0,0,,0.0
business_licensing::GET__licenses_export,business_licensing,GET /licenses/export,unauthenticated,denied_audit_logged,0,0,0,,0.0
business_licensing::GET__licenses_export,business_licensing,GET /licenses/export,unauthenticated,deprecated_endpoint_unavailable,0,0,0,,0.0
business_licensing::GET__licenses_export,business_licensing,GET /licenses/export,sensitive_field_probe,allowed_full_sorted,1,7,0,,0.0
business_licensing::GET__licenses_export,business_licensing,GET /licenses/export,sensitive_field_probe,allowed_full_shuffled,1,7,0,,0.0
business_licensing::GET__licenses_export,business_licensing,GET /licenses/export,sensitive_field_probe,allowed_minimal_subset,1,3,0,,0.0
business_licensing::GET__licenses_export,business_licensing,GET /licenses/export,sensitive_field_probe,allowed_empty_body,1,0,0,,0.0
business_licensing::GET__licenses_export,business_licensing,GET /licenses/export,sensitive_field_probe,allowed_with_extra_audit_metadata,1,7,0,,0.0
business_licensing::GET__licenses_export,business_licensing,GET /licenses/export,aggregation_boundary,allowed_full_sorted,1,7,0,,0.0
business_licensing::GET__licenses_export,business_licensing,GET /licenses/export,aggregation_boundary,allowed_full_shuffled,1,7,0,,0.0
business_licensing::GET__licenses_export,business_licensing,GET /licenses/export,aggregation_boundary,allowed_minimal_subset,1,3,0,,0.0
business_licensing::GET__licenses_export,business_licensing,GET /licenses/export,aggregation_boundary,allowed_empty_body,1,0,0,,0.0
business_licensing::GET__licenses_export,business_licensing,GET /licenses/export,aggregation_boundary,allowed_with_extra_audit_metadata,1,7,0,,0.0
business_licensing::GET__licenses_export,business_licensing,GET /licenses/export,deprecated_inventory,allowed_full_sorted,1,7,0,,0.0
business_licensing::GET__licenses_export,business_licensing,GET /licenses/export,deprecated_inventory,allowed_full_shuffled,1,7,0,,0.0
business_licensing::GET__licenses_export,business_licensing,GET /licenses/export,deprecated_inventory,allowed_minimal_subset,1,3,0,,0.0
business_licensing::GET__licenses_export,business_licensing,GET /licenses/export,deprecated_inventory,allowed_empty_body,1,0,0,,0.0
business_licensing::GET__licenses_export,business_licensing,GET /licenses/export,deprecated_inventory,allowed_with_extra_audit_metadata,1,7,0,,0.0
health::GET__patients_id_replica-1,health,GET /patients/{id}/replica-1,valid,allowed_full_sorted,1,7,0,,0.0
health::GET__patients_id_replica-1,health,GET /patients/{id}/replica-1,valid,allowed_full_shuffled,1,7,0,,0.0
health::GET__patients_id_replica-1,health,GET /patients/{id}/replica-1,valid,allowed_minimal_subset,1,3,0,,0.0
health::GET__patients_id_replica-1,health,GET /patients/{id}/replica-1,valid,allowed_empty_body,1,0,0,,0.0
health::GET__patients_id_replica-1,health,GET /patients/{id}/replica-1,valid,allowed_with_extra_audit_metadata,1,7,0,,0.0
health::GET__patients_id_replica-1,health,GET /patients/{id}/replica-1,wrong_role,denied_empty_body,0,0,0,,0.0
health::GET__patients_id_replica-1,health,GET /patients/{id}/replica-1,wrong_role,denied_audit_logged,0,0,0,,0.0
health::GET__patients_id_replica-1,health,GET /patients/{id}/replica-1,wrong_role,deprecated_endpoint_unavailable,0,0,0,,0.0
health::GET__patients_id_replica-1,health,GET /patients/{id}/replica-1,wrong_jurisdiction,denied_empty_body,0,0,0,,0.0
health::GET__patients_id_replica-1,health,GET /patients/{id}/replica-1,wrong_jurisdiction,denied_audit_logged,0,0,0,,0.0
health::GET__patients_id_replica-1,health,GET /patients/{id}/replica-1,wrong_jurisdiction,deprecated_endpoint_unavailable,0,0,0,,0.0
health::GET__patients_id_replica-1,health,GET /patients/{id}/replica-1,wrong_purpose,denied_empty_body,0,0,0,,0.0
health::GET__patients_id_replica-1,health,GET /patients/{id}/replica-1,wrong_purpose,denied_audit_logged,0,0,0,,0.0
health::GET__patients_id_replica-1,health,GET /patients/{id}/replica-1,wrong_purpose,deprecated_endpoint_unavailable,0,0,0,,0.0
health::GET__patients_id_replica-1,health,GET /patients/{id}/replica-1,self_access,allowed_full_sorted,1,8,0,,0.0
health::GET__patients_id_replica-1,health,GET /patients/{id}/replica-1,self_access,allowed_full_shuffled,1,8,0,,0.0
health::GET__patients_id_replica-1,health,GET /patients/{id}/replica-1,self_access,allowed_minimal_subset,1,4,0,,0.0
health::GET__patients_id_replica-1,health,GET /patients/{id}/replica-1,self_access,allowed_empty_body,1,0,0,,0.0
health::GET__patients_id_replica-1,health,GET /patients/{id}/replica-1,self_access,allowed_with_extra_audit_metadata,1,8,0,,0.0
health::GET__patients_id_replica-1,health,GET /patients/{id}/replica-1,unauthenticated,denied_empty_body,0,0,0,,0.0
health::GET__patients_id_replica-1,health,GET /patients/{id}/replica-1,unauthenticated,denied_audit_logged,0,0,0,,0.0
health::GET__patients_id_replica-1,health,GET /patients/{id}/replica-1,unauthenticated,deprecated_endpoint_unavailable,0,0,0,,0.0
health::GET__patients_id_replica-1,health,GET /patients/{id}/replica-1,sensitive_field_probe,allowed_full_sorted,1,7,0,,0.0
health::GET__patients_id_replica-1,health,GET /patients/{id}/replica-1,sensitive_field_probe,allowed_full_shuffled,1,7,0,,0.0
health::GET__patients_id_replica-1,health,GET /patients/{id}/replica-1,sensitive_field_probe,allowed_minimal_subset,1,3,0,,0.0
health::GET__patients_id_replica-1,health,GET /patients/{id}/replica-1,sensitive_field_probe,allowed_empty_body,1,0,0,,0.0
health::GET__patients_id_replica-1,health,GET /patients/{id}/replica-1,sensitive_field_probe,allowed_with_extra_audit_metadata,1,7,0,,0.0
health::GET__patients_id_replica-1,health,GET /patients/{id}/replica-1,aggregation_boundary,allowed_full_sorted,1,7,0,,0.0
health::GET__patients_id_replica-1,health,GET /patients/{id}/replica-1,aggregation_boundary,allowed_full_shuffled,1,7,0,,0.0
health::GET__patients_id_replica-1,health,GET /patients/{id}/replica-1,aggregation_boundary,allowed_minimal_subset,1,3,0,,0.0
health::GET__patients_id_replica-1,health,GET /patients/{id}/replica-1,aggregation_boundary,allowed_empty_body,1,0,0,,0.0
health::GET__patients_id_replica-1,health,GET /patients/{id}/replica-1,aggregation_boundary,allowed_with_extra_audit_metadata,1,7,0,,0.0
health::GET__patients_id_replica-1,health,GET /patients/{id}/replica-1,deprecated_inventory,allowed_full_sorted,1,7,0,,0.0
health::GET__patients_id_replica-1,health,GET /patients/{id}/replica-1,deprecated_inventory,allowed_full_shuffled,1,7,0,,0.0
health::GET__patients_id_replica-1,health,GET /patients/{id}/replica-1,deprecated_inventory,allowed_minimal_subset,1,3,0,,0.0
health::GET__patients_id_replica-1,health,GET /patients/{id}/replica-1,deprecated_inventory,allowed_empty_body,1,0,0,,0.0
health::GET__patients_id_replica-1,health,GET /patients/{id}/replica-1,deprecated_inventory,allowed_with_extra_audit_metadata,1,7,0,,0.0
health::GET__encounters_id_replica-1,health,GET /encounters/{id}/replica-1,valid,allowed_full_sorted,1,6,0,,0.0
health::GET__encounters_id_replica-1,health,GET /encounters/{id}/replica-1,valid,allowed_full_shuffled,1,6,0,,0.0
health::GET__encounters_id_replica-1,health,GET /encounters/{id}/replica-1,valid,allowed_minimal_subset,1,3,0,,0.0
health::GET__encounters_id_replica-1,health,GET /encounters/{id}/replica-1,valid,allowed_empty_body,1,0,0,,0.0
health::GET__encounters_id_replica-1,health,GET /encounters/{id}/replica-1,valid,allowed_with_extra_audit_metadata,1,6,0,,0.0
health::GET__encounters_id_replica-1,health,GET /encounters/{id}/replica-1,wrong_role,denied_empty_body,0,0,0,,0.0
health::GET__encounters_id_replica-1,health,GET /encounters/{id}/replica-1,wrong_role,denied_audit_logged,0,0,0,,0.0
health::GET__encounters_id_replica-1,health,GET /encounters/{id}/replica-1,wrong_role,deprecated_endpoint_unavailable,0,0,0,,0.0
health::GET__encounters_id_replica-1,health,GET /encounters/{id}/replica-1,wrong_jurisdiction,denied_empty_body,0,0,0,,0.0
health::GET__encounters_id_replica-1,health,GET /encounters/{id}/replica-1,wrong_jurisdiction,denied_audit_logged,0,0,0,,0.0
health::GET__encounters_id_replica-1,health,GET /encounters/{id}/replica-1,wrong_jurisdiction,deprecated_endpoint_unavailable,0,0,0,,0.0
health::GET__encounters_id_replica-1,health,GET /encounters/{id}/replica-1,wrong_purpose,denied_empty_body,0,0,0,,0.0
health::GET__encounters_id_replica-1,health,GET /encounters/{id}/replica-1,wrong_purpose,denied_audit_logged,0,0,0,,0.0
health::GET__encounters_id_replica-1,health,GET /encounters/{id}/replica-1,wrong_purpose,deprecated_endpoint_unavailable,0,0,0,,0.0
health::GET__encounters_id_replica-1,health,GET /encounters/{id}/replica-1,self_access,allowed_full_sorted,1,7,0,,0.0
health::GET__encounters_id_replica-1,health,GET /encounters/{id}/replica-1,self_access,allowed_full_shuffled,1,7,0,,0.0
health::GET__encounters_id_replica-1,health,GET /encounters/{id}/replica-1,self_access,allowed_minimal_subset,1,3,0,,0.0
health::GET__encounters_id_replica-1,health,GET /encounters/{id}/replica-1,self_access,allowed_empty_body,1,0,0,,0.0
health::GET__encounters_id_replica-1,health,GET /encounters/{id}/replica-1,self_access,allowed_with_extra_audit_metadata,1,7,0,,0.0
health::GET__encounters_id_replica-1,health,GET /encounters/{id}/replica-1,unauthenticated,denied_empty_body,0,0,0,,0.0
health::GET__encounters_id_replica-1,health,GET /encounters/{id}/replica-1,unauthenticated,denied_audit_logged,0,0,0,,0.0
health::GET__encounters_id_replica-1,health,GET /encounters/{id}/replica-1,unauthenticated,deprecated_endpoint_unavailable,0,0,0,,0.0
health::GET__encounters_id_replica-1,health,GET /encounters/{id}/replica-1,sensitive_field_probe,allowed_full_sorted,1,6,0,,0.0
health::GET__encounters_id_replica-1,health,GET /encounters/{id}/replica-1,sensitive_field_probe,allowed_full_shuffled,1,6,0,,0.0
health::GET__encounters_id_replica-1,health,GET /encounters/{id}/replica-1,sensitive_field_probe,allowed_minimal_subset,1,3,0,,0.0
health::GET__encounters_id_replica-1,health,GET /encounters/{id}/replica-1,sensitive_field_probe,allowed_empty_body,1,0,0,,0.0
health::GET__encounters_id_replica-1,health,GET /encounters/{id}/replica-1,sensitive_field_probe,allowed_with_extra_audit_metadata,1,6,0,,0.0
health::GET__encounters_id_replica-1,health,GET /encounters/{id}/replica-1,aggregation_boundary,allowed_full_sorted,1,6,0,,0.0
health::GET__encounters_id_replica-1,health,GET /encounters/{id}/replica-1,aggregation_boundary,allowed_full_shuffled,1,6,0,,0.0
health::GET__encounters_id_replica-1,health,GET /encounters/{id}/replica-1,aggregation_boundary,allowed_minimal_subset,1,3,0,,0.0
health::GET__encounters_id_replica-1,health,GET /encounters/{id}/replica-1,aggregation_boundary,allowed_empty_body,1,0,0,,0.0
health::GET__encounters_id_replica-1,health,GET /encounters/{id}/replica-1,aggregation_boundary,allowed_with_extra_audit_metadata,1,6,0,,0.0
health::GET__encounters_id_replica-1,health,GET /encounters/{id}/replica-1,deprecated_inventory,allowed_full_sorted,1,6,0,,0.0
health::GET__encounters_id_replica-1,health,GET /encounters/{id}/replica-1,deprecated_inventory,allowed_full_shuffled,1,6,0,,0.0
health::GET__encounters_id_replica-1,health,GET /encounters/{id}/replica-1,deprecated_inventory,allowed_minimal_subset,1,3,0,,0.0
health::GET__encounters_id_replica-1,health,GET /encounters/{id}/replica-1,deprecated_inventory,allowed_empty_body,1,0,0,,0.0
health::GET__encounters_id_replica-1,health,GET /encounters/{id}/replica-1,deprecated_inventory,allowed_with_extra_audit_metadata,1,6,0,,0.0
health::GET__patients_search_replica-1,health,GET /patients/search/replica-1,valid,allowed_full_sorted,1,7,0,,0.0
health::GET__patients_search_replica-1,health,GET /patients/search/replica-1,valid,allowed_full_shuffled,1,7,0,,0.0
health::GET__patients_search_replica-1,health,GET /patients/search/replica-1,valid,allowed_minimal_subset,1,3,0,,0.0
health::GET__patients_search_replica-1,health,GET /patients/search/replica-1,valid,allowed_empty_body,1,0,0,,0.0
health::GET__patients_search_replica-1,health,GET /patients/search/replica-1,valid,allowed_with_extra_audit_metadata,1,7,0,,0.0
health::GET__patients_search_replica-1,health,GET /patients/search/replica-1,wrong_role,denied_empty_body,0,0,0,,0.0
health::GET__patients_search_replica-1,health,GET /patients/search/replica-1,wrong_role,denied_audit_logged,0,0,0,,0.0
health::GET__patients_search_replica-1,health,GET /patients/search/replica-1,wrong_role,deprecated_endpoint_unavailable,0,0,0,,0.0
health::GET__patients_search_replica-1,health,GET /patients/search/replica-1,wrong_jurisdiction,denied_empty_body,0,0,0,,0.0
health::GET__patients_search_replica-1,health,GET /patients/search/replica-1,wrong_jurisdiction,denied_audit_logged,0,0,0,,0.0
health::GET__patients_search_replica-1,health,GET /patients/search/replica-1,wrong_jurisdiction,deprecated_endpoint_unavailable,0,0,0,,0.0
health::GET__patients_search_replica-1,health,GET /patients/search/replica-1,wrong_purpose,denied_empty_body,0,0,0,,0.0
health::GET__patients_search_replica-1,health,GET /patients/search/replica-1,wrong_purpose,denied_audit_logged,0,0,0,,0.0
health::GET__patients_search_replica-1,health,GET /patients/search/replica-1,wrong_purpose,deprecated_endpoint_unavailable,0,0,0,,0.0
health::GET__patients_search_replica-1,health,GET /patients/search/replica-1,self_access,allowed_full_sorted,1,8,0,,0.0
health::GET__patients_search_replica-1,health,GET /patients/search/replica-1,self_access,allowed_full_shuffled,1,8,0,,0.0
health::GET__patients_search_replica-1,health,GET /patients/search/replica-1,self_access,allowed_minimal_subset,1,4,0,,0.0
health::GET__patients_search_replica-1,health,GET /patients/search/replica-1,self_access,allowed_empty_body,1,0,0,,0.0
health::GET__patients_search_replica-1,health,GET /patients/search/replica-1,self_access,allowed_with_extra_audit_metadata,1,8,0,,0.0
health::GET__patients_search_replica-1,health,GET /patients/search/replica-1,unauthenticated,denied_empty_body,0,0,0,,0.0
health::GET__patients_search_replica-1,health,GET /patients/search/replica-1,unauthenticated,denied_audit_logged,0,0,0,,0.0
health::GET__patients_search_replica-1,health,GET /patients/search/replica-1,unauthenticated,deprecated_endpoint_unavailable,0,0,0,,0.0
health::GET__patients_search_replica-1,health,GET /patients/search/replica-1,sensitive_field_probe,allowed_full_sorted,1,7,0,,0.0
health::GET__patients_search_replica-1,health,GET /patients/search/replica-1,sensitive_field_probe,allowed_full_shuffled,1,7,0,,0.0
health::GET__patients_search_replica-1,health,GET /patients/search/replica-1,sensitive_field_probe,allowed_minimal_subset,1,3,0,,0.0
health::GET__patients_search_replica-1,health,GET /patients/search/replica-1,sensitive_field_probe,allowed_empty_body,1,0,0,,0.0
health::GET__patients_search_replica-1,health,GET /patients/search/replica-1,sensitive_field_probe,allowed_with_extra_audit_metadata,1,7,0,,0.0
health::GET__patients_search_replica-1,health,GET /patients/search/replica-1,aggregation_boundary,allowed_full_sorted,1,7,0,,0.0
health::GET__patients_search_replica-1,health,GET /patients/search/replica-1,aggregation_boundary,allowed_full_shuffled,1,7,0,,0.0
health::GET__patients_search_replica-1,health,GET /patients/search/replica-1,aggregation_boundary,allowed_minimal_subset,1,3,0,,0.0
health::GET__patients_search_replica-1,health,GET /patients/search/replica-1,aggregation_boundary,allowed_empty_body,1,0,0,,0.0
health::GET__patients_search_replica-1,health,GET /patients/search/replica-1,aggregation_boundary,allowed_with_extra_audit_metadata,1,7,0,,0.0
health::GET__patients_search_replica-1,health,GET /patients/search/replica-1,deprecated_inventory,allowed_full_sorted,1,7,0,,0.0
health::GET__patients_search_replica-1,health,GET /patients/search/replica-1,deprecated_inventory,allowed_full_shuffled,1,7,0,,0.0
health::GET__patients_search_replica-1,health,GET /patients/search/replica-1,deprecated_inventory,allowed_minimal_subset,1,3,0,,0.0
health::GET__patients_search_replica-1,health,GET /patients/search/replica-1,deprecated_inventory,allowed_empty_body,1,0,0,,0.0
health::GET__patients_search_replica-1,health,GET /patients/search/replica-1,deprecated_inventory,allowed_with_extra_audit_metadata,1,7,0,,0.0
citizen_services::GET__citizens_id_replica-1,citizen_services,GET /citizens/{id}/replica-1,valid,allowed_full_sorted,1,5,0,,0.0
citizen_services::GET__citizens_id_replica-1,citizen_services,GET /citizens/{id}/replica-1,valid,allowed_full_shuffled,1,5,0,,0.0
citizen_services::GET__citizens_id_replica-1,citizen_services,GET /citizens/{id}/replica-1,valid,allowed_minimal_subset,1,2,0,,0.0
citizen_services::GET__citizens_id_replica-1,citizen_services,GET /citizens/{id}/replica-1,valid,allowed_empty_body,1,0,0,,0.0
citizen_services::GET__citizens_id_replica-1,citizen_services,GET /citizens/{id}/replica-1,valid,allowed_with_extra_audit_metadata,1,5,0,,0.0
citizen_services::GET__citizens_id_replica-1,citizen_services,GET /citizens/{id}/replica-1,wrong_role,denied_empty_body,0,0,0,,0.0
citizen_services::GET__citizens_id_replica-1,citizen_services,GET /citizens/{id}/replica-1,wrong_role,denied_audit_logged,0,0,0,,0.0
citizen_services::GET__citizens_id_replica-1,citizen_services,GET /citizens/{id}/replica-1,wrong_role,deprecated_endpoint_unavailable,0,0,0,,0.0
citizen_services::GET__citizens_id_replica-1,citizen_services,GET /citizens/{id}/replica-1,wrong_jurisdiction,denied_empty_body,0,0,0,,0.0
citizen_services::GET__citizens_id_replica-1,citizen_services,GET /citizens/{id}/replica-1,wrong_jurisdiction,denied_audit_logged,0,0,0,,0.0
citizen_services::GET__citizens_id_replica-1,citizen_services,GET /citizens/{id}/replica-1,wrong_jurisdiction,deprecated_endpoint_unavailable,0,0,0,,0.0
citizen_services::GET__citizens_id_replica-1,citizen_services,GET /citizens/{id}/replica-1,wrong_purpose,denied_empty_body,0,0,0,,0.0
citizen_services::GET__citizens_id_replica-1,citizen_services,GET /citizens/{id}/replica-1,wrong_purpose,denied_audit_logged,0,0,0,,0.0
citizen_services::GET__citizens_id_replica-1,citizen_services,GET /citizens/{id}/replica-1,wrong_purpose,deprecated_endpoint_unavailable,0,0,0,,0.0
citizen_services::GET__citizens_id_replica-1,citizen_services,GET /citizens/{id}/replica-1,self_access,allowed_full_sorted,1,5,0,,0.0
citizen_services::GET__citizens_id_replica-1,citizen_services,GET /citizens/{id}/replica-1,self_access,allowed_full_shuffled,1,5,0,,0.0
citizen_services::GET__citizens_id_replica-1,citizen_services,GET /citizens/{id}/replica-1,self_access,allowed_minimal_subset,1,2,0,,0.0
citizen_services::GET__citizens_id_replica-1,citizen_services,GET /citizens/{id}/replica-1,self_access,allowed_empty_body,1,0,0,,0.0
citizen_services::GET__citizens_id_replica-1,citizen_services,GET /citizens/{id}/replica-1,self_access,allowed_with_extra_audit_metadata,1,5,0,,0.0
citizen_services::GET__citizens_id_replica-1,citizen_services,GET /citizens/{id}/replica-1,unauthenticated,denied_empty_body,0,0,0,,0.0
citizen_services::GET__citizens_id_replica-1,citizen_services,GET /citizens/{id}/replica-1,unauthenticated,denied_audit_logged,0,0,0,,0.0
citizen_services::GET__citizens_id_replica-1,citizen_services,GET /citizens/{id}/replica-1,unauthenticated,deprecated_endpoint_unavailable,0,0,0,,0.0
citizen_services::GET__citizens_id_replica-1,citizen_services,GET /citizens/{id}/replica-1,sensitive_field_probe,allowed_full_sorted,1,5,0,,0.0
citizen_services::GET__citizens_id_replica-1,citizen_services,GET /citizens/{id}/replica-1,sensitive_field_probe,allowed_full_shuffled,1,5,0,,0.0
citizen_services::GET__citizens_id_replica-1,citizen_services,GET /citizens/{id}/replica-1,sensitive_field_probe,allowed_minimal_subset,1,2,0,,0.0
citizen_services::GET__citizens_id_replica-1,citizen_services,GET /citizens/{id}/replica-1,sensitive_field_probe,allowed_empty_body,1,0,0,,0.0
citizen_services::GET__citizens_id_replica-1,citizen_services,GET /citizens/{id}/replica-1,sensitive_field_probe,allowed_with_extra_audit_metadata,1,5,0,,0.0
citizen_services::GET__citizens_id_replica-1,citizen_services,GET /citizens/{id}/replica-1,aggregation_boundary,allowed_full_sorted,1,5,0,,0.0
citizen_services::GET__citizens_id_replica-1,citizen_services,GET /citizens/{id}/replica-1,aggregation_boundary,allowed_full_shuffled,1,5,0,,0.0
citizen_services::GET__citizens_id_replica-1,citizen_services,GET /citizens/{id}/replica-1,aggregation_boundary,allowed_minimal_subset,1,2,0,,0.0
citizen_services::GET__citizens_id_replica-1,citizen_services,GET /citizens/{id}/replica-1,aggregation_boundary,allowed_empty_body,1,0,0,,0.0
citizen_services::GET__citizens_id_replica-1,citizen_services,GET /citizens/{id}/replica-1,aggregation_boundary,allowed_with_extra_audit_metadata,1,5,0,,0.0
citizen_services::GET__citizens_id_replica-1,citizen_services,GET /citizens/{id}/replica-1,deprecated_inventory,allowed_full_sorted,1,5,0,,0.0
citizen_services::GET__citizens_id_replica-1,citizen_services,GET /citizens/{id}/replica-1,deprecated_inventory,allowed_full_shuffled,1,5,0,,0.0
citizen_services::GET__citizens_id_replica-1,citizen_services,GET /citizens/{id}/replica-1,deprecated_inventory,allowed_minimal_subset,1,2,0,,0.0
citizen_services::GET__citizens_id_replica-1,citizen_services,GET /citizens/{id}/replica-1,deprecated_inventory,allowed_empty_body,1,0,0,,0.0
citizen_services::GET__citizens_id_replica-1,citizen_services,GET /citizens/{id}/replica-1,deprecated_inventory,allowed_with_extra_audit_metadata,1,5,0,,0.0
citizen_services::GET__benefits_id_replica-1,citizen_services,GET /benefits/{id}/replica-1,valid,allowed_full_sorted,1,5,0,,0.0
citizen_services::GET__benefits_id_replica-1,citizen_services,GET /benefits/{id}/replica-1,valid,allowed_full_shuffled,1,5,0,,0.0
citizen_services::GET__benefits_id_replica-1,citizen_services,GET /benefits/{id}/replica-1,valid,allowed_minimal_subset,1,2,0,,0.0
citizen_services::GET__benefits_id_replica-1,citizen_services,GET /benefits/{id}/replica-1,valid,allowed_empty_body,1,0,0,,0.0
citizen_services::GET__benefits_id_replica-1,citizen_services,GET /benefits/{id}/replica-1,valid,allowed_with_extra_audit_metadata,1,5,0,,0.0
citizen_services::GET__benefits_id_replica-1,citizen_services,GET /benefits/{id}/replica-1,wrong_role,denied_empty_body,0,0,0,,0.0
citizen_services::GET__benefits_id_replica-1,citizen_services,GET /benefits/{id}/replica-1,wrong_role,denied_audit_logged,0,0,0,,0.0
citizen_services::GET__benefits_id_replica-1,citizen_services,GET /benefits/{id}/replica-1,wrong_role,deprecated_endpoint_unavailable,0,0,0,,0.0
citizen_services::GET__benefits_id_replica-1,citizen_services,GET /benefits/{id}/replica-1,wrong_jurisdiction,denied_empty_body,0,0,0,,0.0
citizen_services::GET__benefits_id_replica-1,citizen_services,GET /benefits/{id}/replica-1,wrong_jurisdiction,denied_audit_logged,0,0,0,,0.0
citizen_services::GET__benefits_id_replica-1,citizen_services,GET /benefits/{id}/replica-1,wrong_jurisdiction,deprecated_endpoint_unavailable,0,0,0,,0.0
citizen_services::GET__benefits_id_replica-1,citizen_services,GET /benefits/{id}/replica-1,wrong_purpose,denied_empty_body,0,0,0,,0.0
citizen_services::GET__benefits_id_replica-1,citizen_services,GET /benefits/{id}/replica-1,wrong_purpose,denied_audit_logged,0,0,0,,0.0
citizen_services::GET__benefits_id_replica-1,citizen_services,GET /benefits/{id}/replica-1,wrong_purpose,deprecated_endpoint_unavailable,0,0,0,,0.0
citizen_services::GET__benefits_id_replica-1,citizen_services,GET /benefits/{id}/replica-1,self_access,allowed_full_sorted,1,6,0,,0.0
citizen_services::GET__benefits_id_replica-1,citizen_services,GET /benefits/{id}/replica-1,self_access,allowed_full_shuffled,1,6,0,,0.0
citizen_services::GET__benefits_id_replica-1,citizen_services,GET /benefits/{id}/replica-1,self_access,allowed_minimal_subset,1,3,0,,0.0
citizen_services::GET__benefits_id_replica-1,citizen_services,GET /benefits/{id}/replica-1,self_access,allowed_empty_body,1,0,0,,0.0
citizen_services::GET__benefits_id_replica-1,citizen_services,GET /benefits/{id}/replica-1,self_access,allowed_with_extra_audit_metadata,1,6,0,,0.0
citizen_services::GET__benefits_id_replica-1,citizen_services,GET /benefits/{id}/replica-1,unauthenticated,denied_empty_body,0,0,0,,0.0
citizen_services::GET__benefits_id_replica-1,citizen_services,GET /benefits/{id}/replica-1,unauthenticated,denied_audit_logged,0,0,0,,0.0
citizen_services::GET__benefits_id_replica-1,citizen_services,GET /benefits/{id}/replica-1,unauthenticated,deprecated_endpoint_unavailable,0,0,0,,0.0
citizen_services::GET__benefits_id_replica-1,citizen_services,GET /benefits/{id}/replica-1,sensitive_field_probe,allowed_full_sorted,1,5,0,,0.0
citizen_services::GET__benefits_id_replica-1,citizen_services,GET /benefits/{id}/replica-1,sensitive_field_probe,allowed_full_shuffled,1,5,0,,0.0
citizen_services::GET__benefits_id_replica-1,citizen_services,GET /benefits/{id}/replica-1,sensitive_field_probe,allowed_minimal_subset,1,2,0,,0.0
citizen_services::GET__benefits_id_replica-1,citizen_services,GET /benefits/{id}/replica-1,sensitive_field_probe,allowed_empty_body,1,0,0,,0.0
citizen_services::GET__benefits_id_replica-1,citizen_services,GET /benefits/{id}/replica-1,sensitive_field_probe,allowed_with_extra_audit_metadata,1,5,0,,0.0
citizen_services::GET__benefits_id_replica-1,citizen_services,GET /benefits/{id}/replica-1,aggregation_boundary,allowed_full_sorted,1,5,0,,0.0
citizen_services::GET__benefits_id_replica-1,citizen_services,GET /benefits/{id}/replica-1,aggregation_boundary,allowed_full_shuffled,1,5,0,,0.0
citizen_services::GET__benefits_id_replica-1,citizen_services,GET /benefits/{id}/replica-1,aggregation_boundary,allowed_minimal_subset,1,2,0,,0.0
citizen_services::GET__benefits_id_replica-1,citizen_services,GET /benefits/{id}/replica-1,aggregation_boundary,allowed_empty_body,1,0,0,,0.0
citizen_services::GET__benefits_id_replica-1,citizen_services,GET /benefits/{id}/replica-1,aggregation_boundary,allowed_with_extra_audit_metadata,1,5,0,,0.0
citizen_services::GET__benefits_id_replica-1,citizen_services,GET /benefits/{id}/replica-1,deprecated_inventory,allowed_full_sorted,1,5,0,,0.0
citizen_services::GET__benefits_id_replica-1,citizen_services,GET /benefits/{id}/replica-1,deprecated_inventory,allowed_full_shuffled,1,5,0,,0.0
citizen_services::GET__benefits_id_replica-1,citizen_services,GET /benefits/{id}/replica-1,deprecated_inventory,allowed_minimal_subset,1,2,0,,0.0
citizen_services::GET__benefits_id_replica-1,citizen_services,GET /benefits/{id}/replica-1,deprecated_inventory,allowed_empty_body,1,0,0,,0.0
citizen_services::GET__benefits_id_replica-1,citizen_services,GET /benefits/{id}/replica-1,deprecated_inventory,allowed_with_extra_audit_metadata,1,5,0,,0.0
citizen_services::GET__citizens_export_replica-1,citizen_services,GET /citizens/export/replica-1,valid,allowed_full_sorted,1,5,0,,0.0
citizen_services::GET__citizens_export_replica-1,citizen_services,GET /citizens/export/replica-1,valid,allowed_full_shuffled,1,5,0,,0.0
citizen_services::GET__citizens_export_replica-1,citizen_services,GET /citizens/export/replica-1,valid,allowed_minimal_subset,1,2,0,,0.0
citizen_services::GET__citizens_export_replica-1,citizen_services,GET /citizens/export/replica-1,valid,allowed_empty_body,1,0,0,,0.0
citizen_services::GET__citizens_export_replica-1,citizen_services,GET /citizens/export/replica-1,valid,allowed_with_extra_audit_metadata,1,5,0,,0.0
citizen_services::GET__citizens_export_replica-1,citizen_services,GET /citizens/export/replica-1,wrong_role,denied_empty_body,0,0,0,,0.0
citizen_services::GET__citizens_export_replica-1,citizen_services,GET /citizens/export/replica-1,wrong_role,denied_audit_logged,0,0,0,,0.0
citizen_services::GET__citizens_export_replica-1,citizen_services,GET /citizens/export/replica-1,wrong_role,deprecated_endpoint_unavailable,0,0,0,,0.0
citizen_services::GET__citizens_export_replica-1,citizen_services,GET /citizens/export/replica-1,wrong_jurisdiction,denied_empty_body,0,0,0,,0.0
citizen_services::GET__citizens_export_replica-1,citizen_services,GET /citizens/export/replica-1,wrong_jurisdiction,denied_audit_logged,0,0,0,,0.0
citizen_services::GET__citizens_export_replica-1,citizen_services,GET /citizens/export/replica-1,wrong_jurisdiction,deprecated_endpoint_unavailable,0,0,0,,0.0
citizen_services::GET__citizens_export_replica-1,citizen_services,GET /citizens/export/replica-1,wrong_purpose,denied_empty_body,0,0,0,,0.0
citizen_services::GET__citizens_export_replica-1,citizen_services,GET /citizens/export/replica-1,wrong_purpose,denied_audit_logged,0,0,0,,0.0
citizen_services::GET__citizens_export_replica-1,citizen_services,GET /citizens/export/replica-1,wrong_purpose,deprecated_endpoint_unavailable,0,0,0,,0.0
citizen_services::GET__citizens_export_replica-1,citizen_services,GET /citizens/export/replica-1,self_access,allowed_full_sorted,1,5,0,,0.0
citizen_services::GET__citizens_export_replica-1,citizen_services,GET /citizens/export/replica-1,self_access,allowed_full_shuffled,1,5,0,,0.0
citizen_services::GET__citizens_export_replica-1,citizen_services,GET /citizens/export/replica-1,self_access,allowed_minimal_subset,1,2,0,,0.0
citizen_services::GET__citizens_export_replica-1,citizen_services,GET /citizens/export/replica-1,self_access,allowed_empty_body,1,0,0,,0.0
citizen_services::GET__citizens_export_replica-1,citizen_services,GET /citizens/export/replica-1,self_access,allowed_with_extra_audit_metadata,1,5,0,,0.0
citizen_services::GET__citizens_export_replica-1,citizen_services,GET /citizens/export/replica-1,unauthenticated,denied_empty_body,0,0,0,,0.0
citizen_services::GET__citizens_export_replica-1,citizen_services,GET /citizens/export/replica-1,unauthenticated,denied_audit_logged,0,0,0,,0.0
citizen_services::GET__citizens_export_replica-1,citizen_services,GET /citizens/export/replica-1,unauthenticated,deprecated_endpoint_unavailable,0,0,0,,0.0
citizen_services::GET__citizens_export_replica-1,citizen_services,GET /citizens/export/replica-1,sensitive_field_probe,allowed_full_sorted,1,5,0,,0.0
citizen_services::GET__citizens_export_replica-1,citizen_services,GET /citizens/export/replica-1,sensitive_field_probe,allowed_full_shuffled,1,5,0,,0.0
citizen_services::GET__citizens_export_replica-1,citizen_services,GET /citizens/export/replica-1,sensitive_field_probe,allowed_minimal_subset,1,2,0,,0.0
citizen_services::GET__citizens_export_replica-1,citizen_services,GET /citizens/export/replica-1,sensitive_field_probe,allowed_empty_body,1,0,0,,0.0
citizen_services::GET__citizens_export_replica-1,citizen_services,GET /citizens/export/replica-1,sensitive_field_probe,allowed_with_extra_audit_metadata,1,5,0,,0.0
citizen_services::GET__citizens_export_replica-1,citizen_services,GET /citizens/export/replica-1,aggregation_boundary,allowed_full_sorted,1,5,0,,0.0
citizen_services::GET__citizens_export_replica-1,citizen_services,GET /citizens/export/replica-1,aggregation_boundary,allowed_full_shuffled,1,5,0,,0.0
citizen_services::GET__citizens_export_replica-1,citizen_services,GET /citizens/export/replica-1,aggregation_boundary,allowed_minimal_subset,1,2,0,,0.0
citizen_services::GET__citizens_export_replica-1,citizen_services,GET /citizens/export/replica-1,aggregation_boundary,allowed_empty_body,1,0,0,,0.0
citizen_services::GET__citizens_export_replica-1,citizen_services,GET /citizens/export/replica-1,aggregation_boundary,allowed_with_extra_audit_metadata,1,5,0,,0.0
citizen_services::GET__citizens_export_replica-1,citizen_services,GET /citizens/export/replica-1,deprecated_inventory,allowed_full_sorted,1,5,0,,0.0
citizen_services::GET__citizens_export_replica-1,citizen_services,GET /citizens/export/replica-1,deprecated_inventory,allowed_full_shuffled,1,5,0,,0.0
citizen_services::GET__citizens_export_replica-1,citizen_services,GET /citizens/export/replica-1,deprecated_inventory,allowed_minimal_subset,1,2,0,,0.0
citizen_services::GET__citizens_export_replica-1,citizen_services,GET /citizens/export/replica-1,deprecated_inventory,allowed_empty_body,1,0,0,,0.0
citizen_services::GET__citizens_export_replica-1,citizen_services,GET /citizens/export/replica-1,deprecated_inventory,allowed_with_extra_audit_metadata,1,5,0,,0.0
education::GET__students_id_record_replica-1,education,GET /students/{id}/record/replica-1,valid,allowed_full_sorted,1,4,0,,0.0
education::GET__students_id_record_replica-1,education,GET /students/{id}/record/replica-1,valid,allowed_full_shuffled,1,4,0,,0.0
education::GET__students_id_record_replica-1,education,GET /students/{id}/record/replica-1,valid,allowed_minimal_subset,1,2,0,,0.0
education::GET__students_id_record_replica-1,education,GET /students/{id}/record/replica-1,valid,allowed_empty_body,1,0,0,,0.0
education::GET__students_id_record_replica-1,education,GET /students/{id}/record/replica-1,valid,allowed_with_extra_audit_metadata,1,4,0,,0.0
education::GET__students_id_record_replica-1,education,GET /students/{id}/record/replica-1,wrong_role,denied_empty_body,0,0,0,,0.0
education::GET__students_id_record_replica-1,education,GET /students/{id}/record/replica-1,wrong_role,denied_audit_logged,0,0,0,,0.0
education::GET__students_id_record_replica-1,education,GET /students/{id}/record/replica-1,wrong_role,deprecated_endpoint_unavailable,0,0,0,,0.0
education::GET__students_id_record_replica-1,education,GET /students/{id}/record/replica-1,wrong_jurisdiction,denied_empty_body,0,0,0,,0.0
education::GET__students_id_record_replica-1,education,GET /students/{id}/record/replica-1,wrong_jurisdiction,denied_audit_logged,0,0,0,,0.0
education::GET__students_id_record_replica-1,education,GET /students/{id}/record/replica-1,wrong_jurisdiction,deprecated_endpoint_unavailable,0,0,0,,0.0
education::GET__students_id_record_replica-1,education,GET /students/{id}/record/replica-1,wrong_purpose,denied_empty_body,0,0,0,,0.0
education::GET__students_id_record_replica-1,education,GET /students/{id}/record/replica-1,wrong_purpose,denied_audit_logged,0,0,0,,0.0
education::GET__students_id_record_replica-1,education,GET /students/{id}/record/replica-1,wrong_purpose,deprecated_endpoint_unavailable,0,0,0,,0.0
education::GET__students_id_record_replica-1,education,GET /students/{id}/record/replica-1,self_access,allowed_full_sorted,1,4,0,,0.0
education::GET__students_id_record_replica-1,education,GET /students/{id}/record/replica-1,self_access,allowed_full_shuffled,1,4,0,,0.0
education::GET__students_id_record_replica-1,education,GET /students/{id}/record/replica-1,self_access,allowed_minimal_subset,1,2,0,,0.0
education::GET__students_id_record_replica-1,education,GET /students/{id}/record/replica-1,self_access,allowed_empty_body,1,0,0,,0.0
education::GET__students_id_record_replica-1,education,GET /students/{id}/record/replica-1,self_access,allowed_with_extra_audit_metadata,1,4,0,,0.0
education::GET__students_id_record_replica-1,education,GET /students/{id}/record/replica-1,unauthenticated,denied_empty_body,0,0,0,,0.0
education::GET__students_id_record_replica-1,education,GET /students/{id}/record/replica-1,unauthenticated,denied_audit_logged,0,0,0,,0.0
education::GET__students_id_record_replica-1,education,GET /students/{id}/record/replica-1,unauthenticated,deprecated_endpoint_unavailable,0,0,0,,0.0
education::GET__students_id_record_replica-1,education,GET /students/{id}/record/replica-1,sensitive_field_probe,allowed_full_sorted,1,4,0,,0.0
education::GET__students_id_record_replica-1,education,GET /students/{id}/record/replica-1,sensitive_field_probe,allowed_full_shuffled,1,4,0,,0.0
education::GET__students_id_record_replica-1,education,GET /students/{id}/record/replica-1,sensitive_field_probe,allowed_minimal_subset,1,2,0,,0.0
education::GET__students_id_record_replica-1,education,GET /students/{id}/record/replica-1,sensitive_field_probe,allowed_empty_body,1,0,0,,0.0
education::GET__students_id_record_replica-1,education,GET /students/{id}/record/replica-1,sensitive_field_probe,allowed_with_extra_audit_metadata,1,4,0,,0.0
education::GET__students_id_record_replica-1,education,GET /students/{id}/record/replica-1,aggregation_boundary,allowed_full_sorted,1,4,0,,0.0
education::GET__students_id_record_replica-1,education,GET /students/{id}/record/replica-1,aggregation_boundary,allowed_full_shuffled,1,4,0,,0.0
education::GET__students_id_record_replica-1,education,GET /students/{id}/record/replica-1,aggregation_boundary,allowed_minimal_subset,1,2,0,,0.0
education::GET__students_id_record_replica-1,education,GET /students/{id}/record/replica-1,aggregation_boundary,allowed_empty_body,1,0,0,,0.0
education::GET__students_id_record_replica-1,education,GET /students/{id}/record/replica-1,aggregation_boundary,allowed_with_extra_audit_metadata,1,4,0,,0.0
education::GET__students_id_record_replica-1,education,GET /students/{id}/record/replica-1,deprecated_inventory,allowed_full_sorted,1,4,0,,0.0
education::GET__students_id_record_replica-1,education,GET /students/{id}/record/replica-1,deprecated_inventory,allowed_full_shuffled,1,4,0,,0.0
education::GET__students_id_record_replica-1,education,GET /students/{id}/record/replica-1,deprecated_inventory,allowed_minimal_subset,1,2,0,,0.0
education::GET__students_id_record_replica-1,education,GET /students/{id}/record/replica-1,deprecated_inventory,allowed_empty_body,1,0,0,,0.0
education::GET__students_id_record_replica-1,education,GET /students/{id}/record/replica-1,deprecated_inventory,allowed_with_extra_audit_metadata,1,4,0,,0.0
education::GET__classes_id_roster_replica-1,education,GET /classes/{id}/roster/replica-1,valid,allowed_full_sorted,1,4,0,,0.0
education::GET__classes_id_roster_replica-1,education,GET /classes/{id}/roster/replica-1,valid,allowed_full_shuffled,1,4,0,,0.0
education::GET__classes_id_roster_replica-1,education,GET /classes/{id}/roster/replica-1,valid,allowed_minimal_subset,1,2,0,,0.0
education::GET__classes_id_roster_replica-1,education,GET /classes/{id}/roster/replica-1,valid,allowed_empty_body,1,0,0,,0.0
education::GET__classes_id_roster_replica-1,education,GET /classes/{id}/roster/replica-1,valid,allowed_with_extra_audit_metadata,1,4,0,,0.0
education::GET__classes_id_roster_replica-1,education,GET /classes/{id}/roster/replica-1,wrong_role,denied_empty_body,0,0,0,,0.0
education::GET__classes_id_roster_replica-1,education,GET /classes/{id}/roster/replica-1,wrong_role,denied_audit_logged,0,0,0,,0.0
education::GET__classes_id_roster_replica-1,education,GET /classes/{id}/roster/replica-1,wrong_role,deprecated_endpoint_unavailable,0,0,0,,0.0
education::GET__classes_id_roster_replica-1,education,GET /classes/{id}/roster/replica-1,wrong_jurisdiction,denied_empty_body,0,0,0,,0.0
education::GET__classes_id_roster_replica-1,education,GET /classes/{id}/roster/replica-1,wrong_jurisdiction,denied_audit_logged,0,0,0,,0.0
education::GET__classes_id_roster_replica-1,education,GET /classes/{id}/roster/replica-1,wrong_jurisdiction,deprecated_endpoint_unavailable,0,0,0,,0.0
education::GET__classes_id_roster_replica-1,education,GET /classes/{id}/roster/replica-1,wrong_purpose,denied_empty_body,0,0,0,,0.0
education::GET__classes_id_roster_replica-1,education,GET /classes/{id}/roster/replica-1,wrong_purpose,denied_audit_logged,0,0,0,,0.0
education::GET__classes_id_roster_replica-1,education,GET /classes/{id}/roster/replica-1,wrong_purpose,deprecated_endpoint_unavailable,0,0,0,,0.0
education::GET__classes_id_roster_replica-1,education,GET /classes/{id}/roster/replica-1,self_access,allowed_full_sorted,1,4,0,,0.0
education::GET__classes_id_roster_replica-1,education,GET /classes/{id}/roster/replica-1,self_access,allowed_full_shuffled,1,4,0,,0.0
education::GET__classes_id_roster_replica-1,education,GET /classes/{id}/roster/replica-1,self_access,allowed_minimal_subset,1,2,0,,0.0
education::GET__classes_id_roster_replica-1,education,GET /classes/{id}/roster/replica-1,self_access,allowed_empty_body,1,0,0,,0.0
education::GET__classes_id_roster_replica-1,education,GET /classes/{id}/roster/replica-1,self_access,allowed_with_extra_audit_metadata,1,4,0,,0.0
education::GET__classes_id_roster_replica-1,education,GET /classes/{id}/roster/replica-1,unauthenticated,denied_empty_body,0,0,0,,0.0
education::GET__classes_id_roster_replica-1,education,GET /classes/{id}/roster/replica-1,unauthenticated,denied_audit_logged,0,0,0,,0.0
education::GET__classes_id_roster_replica-1,education,GET /classes/{id}/roster/replica-1,unauthenticated,deprecated_endpoint_unavailable,0,0,0,,0.0
education::GET__classes_id_roster_replica-1,education,GET /classes/{id}/roster/replica-1,sensitive_field_probe,allowed_full_sorted,1,4,0,,0.0
education::GET__classes_id_roster_replica-1,education,GET /classes/{id}/roster/replica-1,sensitive_field_probe,allowed_full_shuffled,1,4,0,,0.0
education::GET__classes_id_roster_replica-1,education,GET /classes/{id}/roster/replica-1,sensitive_field_probe,allowed_minimal_subset,1,2,0,,0.0
education::GET__classes_id_roster_replica-1,education,GET /classes/{id}/roster/replica-1,sensitive_field_probe,allowed_empty_body,1,0,0,,0.0
education::GET__classes_id_roster_replica-1,education,GET /classes/{id}/roster/replica-1,sensitive_field_probe,allowed_with_extra_audit_metadata,1,4,0,,0.0
education::GET__classes_id_roster_replica-1,education,GET /classes/{id}/roster/replica-1,aggregation_boundary,allowed_full_sorted,1,4,0,,0.0
education::GET__classes_id_roster_replica-1,education,GET /classes/{id}/roster/replica-1,aggregation_boundary,allowed_full_shuffled,1,4,0,,0.0
education::GET__classes_id_roster_replica-1,education,GET /classes/{id}/roster/replica-1,aggregation_boundary,allowed_minimal_subset,1,2,0,,0.0
education::GET__classes_id_roster_replica-1,education,GET /classes/{id}/roster/replica-1,aggregation_boundary,allowed_empty_body,1,0,0,,0.0
education::GET__classes_id_roster_replica-1,education,GET /classes/{id}/roster/replica-1,aggregation_boundary,allowed_with_extra_audit_metadata,1,4,0,,0.0
education::GET__classes_id_roster_replica-1,education,GET /classes/{id}/roster/replica-1,deprecated_inventory,allowed_full_sorted,1,4,0,,0.0
education::GET__classes_id_roster_replica-1,education,GET /classes/{id}/roster/replica-1,deprecated_inventory,allowed_full_shuffled,1,4,0,,0.0
education::GET__classes_id_roster_replica-1,education,GET /classes/{id}/roster/replica-1,deprecated_inventory,allowed_minimal_subset,1,2,0,,0.0
education::GET__classes_id_roster_replica-1,education,GET /classes/{id}/roster/replica-1,deprecated_inventory,allowed_empty_body,1,0,0,,0.0
education::GET__classes_id_roster_replica-1,education,GET /classes/{id}/roster/replica-1,deprecated_inventory,allowed_with_extra_audit_metadata,1,4,0,,0.0
education::GET__discipline_id_replica-1,education,GET /discipline/{id}/replica-1,valid,allowed_full_sorted,1,4,0,,0.0
education::GET__discipline_id_replica-1,education,GET /discipline/{id}/replica-1,valid,allowed_full_shuffled,1,4,0,,0.0
education::GET__discipline_id_replica-1,education,GET /discipline/{id}/replica-1,valid,allowed_minimal_subset,1,2,0,,0.0
education::GET__discipline_id_replica-1,education,GET /discipline/{id}/replica-1,valid,allowed_empty_body,1,0,0,,0.0
education::GET__discipline_id_replica-1,education,GET /discipline/{id}/replica-1,valid,allowed_with_extra_audit_metadata,1,4,0,,0.0
education::GET__discipline_id_replica-1,education,GET /discipline/{id}/replica-1,wrong_role,denied_empty_body,0,0,0,,0.0
education::GET__discipline_id_replica-1,education,GET /discipline/{id}/replica-1,wrong_role,denied_audit_logged,0,0,0,,0.0
education::GET__discipline_id_replica-1,education,GET /discipline/{id}/replica-1,wrong_role,deprecated_endpoint_unavailable,0,0,0,,0.0
education::GET__discipline_id_replica-1,education,GET /discipline/{id}/replica-1,wrong_jurisdiction,denied_empty_body,0,0,0,,0.0
education::GET__discipline_id_replica-1,education,GET /discipline/{id}/replica-1,wrong_jurisdiction,denied_audit_logged,0,0,0,,0.0
education::GET__discipline_id_replica-1,education,GET /discipline/{id}/replica-1,wrong_jurisdiction,deprecated_endpoint_unavailable,0,0,0,,0.0
education::GET__discipline_id_replica-1,education,GET /discipline/{id}/replica-1,wrong_purpose,denied_empty_body,0,0,0,,0.0
education::GET__discipline_id_replica-1,education,GET /discipline/{id}/replica-1,wrong_purpose,denied_audit_logged,0,0,0,,0.0
education::GET__discipline_id_replica-1,education,GET /discipline/{id}/replica-1,wrong_purpose,deprecated_endpoint_unavailable,0,0,0,,0.0
education::GET__discipline_id_replica-1,education,GET /discipline/{id}/replica-1,self_access,allowed_full_sorted,1,5,0,,0.0
education::GET__discipline_id_replica-1,education,GET /discipline/{id}/replica-1,self_access,allowed_full_shuffled,1,5,0,,0.0
education::GET__discipline_id_replica-1,education,GET /discipline/{id}/replica-1,self_access,allowed_minimal_subset,1,2,0,,0.0
education::GET__discipline_id_replica-1,education,GET /discipline/{id}/replica-1,self_access,allowed_empty_body,1,0,0,,0.0
education::GET__discipline_id_replica-1,education,GET /discipline/{id}/replica-1,self_access,allowed_with_extra_audit_metadata,1,5,0,,0.0
education::GET__discipline_id_replica-1,education,GET /discipline/{id}/replica-1,unauthenticated,denied_empty_body,0,0,0,,0.0
education::GET__discipline_id_replica-1,education,GET /discipline/{id}/replica-1,unauthenticated,denied_audit_logged,0,0,0,,0.0
education::GET__discipline_id_replica-1,education,GET /discipline/{id}/replica-1,unauthenticated,deprecated_endpoint_unavailable,0,0,0,,0.0
education::GET__discipline_id_replica-1,education,GET /discipline/{id}/replica-1,sensitive_field_probe,allowed_full_sorted,1,4,0,,0.0
education::GET__discipline_id_replica-1,education,GET /discipline/{id}/replica-1,sensitive_field_probe,allowed_full_shuffled,1,4,0,,0.0
education::GET__discipline_id_replica-1,education,GET /discipline/{id}/replica-1,sensitive_field_probe,allowed_minimal_subset,1,2,0,,0.0
education::GET__discipline_id_replica-1,education,GET /discipline/{id}/replica-1,sensitive_field_probe,allowed_empty_body,1,0,0,,0.0
education::GET__discipline_id_replica-1,education,GET /discipline/{id}/replica-1,sensitive_field_probe,allowed_with_extra_audit_metadata,1,4,0,,0.0
education::GET__discipline_id_replica-1,education,GET /discipline/{id}/replica-1,aggregation_boundary,allowed_full_sorted,1,4,0,,0.0
education::GET__discipline_id_replica-1,education,GET /discipline/{id}/replica-1,aggregation_boundary,allowed_full_shuffled,1,4,0,,0.0
education::GET__discipline_id_replica-1,education,GET /discipline/{id}/replica-1,aggregation_boundary,allowed_minimal_subset,1,2,0,,0.0
education::GET__discipline_id_replica-1,education,GET /discipline/{id}/replica-1,aggregation_boundary,allowed_empty_body,1,0,0,,0.0
education::GET__discipline_id_replica-1,education,GET /discipline/{id}/replica-1,aggregation_boundary,allowed_with_extra_audit_metadata,1,4,0,,0.0
education::GET__discipline_id_replica-1,education,GET /discipline/{id}/replica-1,deprecated_inventory,allowed_full_sorted,1,4,0,,0.0
education::GET__discipline_id_replica-1,education,GET /discipline/{id}/replica-1,deprecated_inventory,allowed_full_shuffled,1,4,0,,0.0
education::GET__discipline_id_replica-1,education,GET /discipline/{id}/replica-1,deprecated_inventory,allowed_minimal_subset,1,2,0,,0.0
education::GET__discipline_id_replica-1,education,GET /discipline/{id}/replica-1,deprecated_inventory,allowed_empty_body,1,0,0,,0.0
education::GET__discipline_id_replica-1,education,GET /discipline/{id}/replica-1,deprecated_inventory,allowed_with_extra_audit_metadata,1,4,0,,0.0
business_licensing::GET__licenses_id_replica-1,business_licensing,GET /licenses/{id}/replica-1,valid,allowed_full_sorted,1,7,0,,0.0
business_licensing::GET__licenses_id_replica-1,business_licensing,GET /licenses/{id}/replica-1,valid,allowed_full_shuffled,1,7,0,,0.0
business_licensing::GET__licenses_id_replica-1,business_licensing,GET /licenses/{id}/replica-1,valid,allowed_minimal_subset,1,3,0,,0.0
business_licensing::GET__licenses_id_replica-1,business_licensing,GET /licenses/{id}/replica-1,valid,allowed_empty_body,1,0,0,,0.0
business_licensing::GET__licenses_id_replica-1,business_licensing,GET /licenses/{id}/replica-1,valid,allowed_with_extra_audit_metadata,1,7,0,,0.0
business_licensing::GET__licenses_id_replica-1,business_licensing,GET /licenses/{id}/replica-1,wrong_role,denied_empty_body,0,0,0,,0.0
business_licensing::GET__licenses_id_replica-1,business_licensing,GET /licenses/{id}/replica-1,wrong_role,denied_audit_logged,0,0,0,,0.0
business_licensing::GET__licenses_id_replica-1,business_licensing,GET /licenses/{id}/replica-1,wrong_role,deprecated_endpoint_unavailable,0,0,0,,0.0
business_licensing::GET__licenses_id_replica-1,business_licensing,GET /licenses/{id}/replica-1,wrong_jurisdiction,denied_empty_body,0,0,0,,0.0
business_licensing::GET__licenses_id_replica-1,business_licensing,GET /licenses/{id}/replica-1,wrong_jurisdiction,denied_audit_logged,0,0,0,,0.0
business_licensing::GET__licenses_id_replica-1,business_licensing,GET /licenses/{id}/replica-1,wrong_jurisdiction,deprecated_endpoint_unavailable,0,0,0,,0.0
business_licensing::GET__licenses_id_replica-1,business_licensing,GET /licenses/{id}/replica-1,wrong_purpose,denied_empty_body,0,0,0,,0.0
business_licensing::GET__licenses_id_replica-1,business_licensing,GET /licenses/{id}/replica-1,wrong_purpose,denied_audit_logged,0,0,0,,0.0
business_licensing::GET__licenses_id_replica-1,business_licensing,GET /licenses/{id}/replica-1,wrong_purpose,deprecated_endpoint_unavailable,0,0,0,,0.0
business_licensing::GET__licenses_id_replica-1,business_licensing,GET /licenses/{id}/replica-1,self_access,allowed_full_sorted,1,6,0,,0.0
business_licensing::GET__licenses_id_replica-1,business_licensing,GET /licenses/{id}/replica-1,self_access,allowed_full_shuffled,1,6,0,,0.0
business_licensing::GET__licenses_id_replica-1,business_licensing,GET /licenses/{id}/replica-1,self_access,allowed_minimal_subset,1,3,0,,0.0
business_licensing::GET__licenses_id_replica-1,business_licensing,GET /licenses/{id}/replica-1,self_access,allowed_empty_body,1,0,0,,0.0
business_licensing::GET__licenses_id_replica-1,business_licensing,GET /licenses/{id}/replica-1,self_access,allowed_with_extra_audit_metadata,1,6,0,,0.0
business_licensing::GET__licenses_id_replica-1,business_licensing,GET /licenses/{id}/replica-1,unauthenticated,denied_empty_body,0,0,0,,0.0
business_licensing::GET__licenses_id_replica-1,business_licensing,GET /licenses/{id}/replica-1,unauthenticated,denied_audit_logged,0,0,0,,0.0
business_licensing::GET__licenses_id_replica-1,business_licensing,GET /licenses/{id}/replica-1,unauthenticated,deprecated_endpoint_unavailable,0,0,0,,0.0
business_licensing::GET__licenses_id_replica-1,business_licensing,GET /licenses/{id}/replica-1,sensitive_field_probe,allowed_full_sorted,1,7,0,,0.0
business_licensing::GET__licenses_id_replica-1,business_licensing,GET /licenses/{id}/replica-1,sensitive_field_probe,allowed_full_shuffled,1,7,0,,0.0
business_licensing::GET__licenses_id_replica-1,business_licensing,GET /licenses/{id}/replica-1,sensitive_field_probe,allowed_minimal_subset,1,3,0,,0.0
business_licensing::GET__licenses_id_replica-1,business_licensing,GET /licenses/{id}/replica-1,sensitive_field_probe,allowed_empty_body,1,0,0,,0.0
business_licensing::GET__licenses_id_replica-1,business_licensing,GET /licenses/{id}/replica-1,sensitive_field_probe,allowed_with_extra_audit_metadata,1,7,0,,0.0
business_licensing::GET__licenses_id_replica-1,business_licensing,GET /licenses/{id}/replica-1,aggregation_boundary,allowed_full_sorted,1,7,0,,0.0
business_licensing::GET__licenses_id_replica-1,business_licensing,GET /licenses/{id}/replica-1,aggregation_boundary,allowed_full_shuffled,1,7,0,,0.0
business_licensing::GET__licenses_id_replica-1,business_licensing,GET /licenses/{id}/replica-1,aggregation_boundary,allowed_minimal_subset,1,3,0,,0.0
business_licensing::GET__licenses_id_replica-1,business_licensing,GET /licenses/{id}/replica-1,aggregation_boundary,allowed_empty_body,1,0,0,,0.0
business_licensing::GET__licenses_id_replica-1,business_licensing,GET /licenses/{id}/replica-1,aggregation_boundary,allowed_with_extra_audit_metadata,1,7,0,,0.0
business_licensing::GET__licenses_id_replica-1,business_licensing,GET /licenses/{id}/replica-1,deprecated_inventory,allowed_full_sorted,1,7,0,,0.0
business_licensing::GET__licenses_id_replica-1,business_licensing,GET /licenses/{id}/replica-1,deprecated_inventory,allowed_full_shuffled,1,7,0,,0.0
business_licensing::GET__licenses_id_replica-1,business_licensing,GET /licenses/{id}/replica-1,deprecated_inventory,allowed_minimal_subset,1,3,0,,0.0
business_licensing::GET__licenses_id_replica-1,business_licensing,GET /licenses/{id}/replica-1,deprecated_inventory,allowed_empty_body,1,0,0,,0.0
business_licensing::GET__licenses_id_replica-1,business_licensing,GET /licenses/{id}/replica-1,deprecated_inventory,allowed_with_extra_audit_metadata,1,7,0,,0.0
business_licensing::GET__inspections_id_replica-1,business_licensing,GET /inspections/{id}/replica-1,valid,allowed_full_sorted,1,6,0,,0.0
business_licensing::GET__inspections_id_replica-1,business_licensing,GET /inspections/{id}/replica-1,valid,allowed_full_shuffled,1,6,0,,0.0
business_licensing::GET__inspections_id_replica-1,business_licensing,GET /inspections/{id}/replica-1,valid,allowed_minimal_subset,1,3,0,,0.0
business_licensing::GET__inspections_id_replica-1,business_licensing,GET /inspections/{id}/replica-1,valid,allowed_empty_body,1,0,0,,0.0
business_licensing::GET__inspections_id_replica-1,business_licensing,GET /inspections/{id}/replica-1,valid,allowed_with_extra_audit_metadata,1,6,0,,0.0
business_licensing::GET__inspections_id_replica-1,business_licensing,GET /inspections/{id}/replica-1,wrong_role,denied_empty_body,0,0,0,,0.0
business_licensing::GET__inspections_id_replica-1,business_licensing,GET /inspections/{id}/replica-1,wrong_role,denied_audit_logged,0,0,0,,0.0
business_licensing::GET__inspections_id_replica-1,business_licensing,GET /inspections/{id}/replica-1,wrong_role,deprecated_endpoint_unavailable,0,0,0,,0.0
business_licensing::GET__inspections_id_replica-1,business_licensing,GET /inspections/{id}/replica-1,wrong_jurisdiction,denied_empty_body,0,0,0,,0.0
business_licensing::GET__inspections_id_replica-1,business_licensing,GET /inspections/{id}/replica-1,wrong_jurisdiction,denied_audit_logged,0,0,0,,0.0
business_licensing::GET__inspections_id_replica-1,business_licensing,GET /inspections/{id}/replica-1,wrong_jurisdiction,deprecated_endpoint_unavailable,0,0,0,,0.0
business_licensing::GET__inspections_id_replica-1,business_licensing,GET /inspections/{id}/replica-1,wrong_purpose,denied_empty_body,0,0,0,,0.0
business_licensing::GET__inspections_id_replica-1,business_licensing,GET /inspections/{id}/replica-1,wrong_purpose,denied_audit_logged,0,0,0,,0.0
business_licensing::GET__inspections_id_replica-1,business_licensing,GET /inspections/{id}/replica-1,wrong_purpose,deprecated_endpoint_unavailable,0,0,0,,0.0
business_licensing::GET__inspections_id_replica-1,business_licensing,GET /inspections/{id}/replica-1,self_access,allowed_full_sorted,1,5,0,,0.0
business_licensing::GET__inspections_id_replica-1,business_licensing,GET /inspections/{id}/replica-1,self_access,allowed_full_shuffled,1,5,0,,0.0
business_licensing::GET__inspections_id_replica-1,business_licensing,GET /inspections/{id}/replica-1,self_access,allowed_minimal_subset,1,2,0,,0.0
business_licensing::GET__inspections_id_replica-1,business_licensing,GET /inspections/{id}/replica-1,self_access,allowed_empty_body,1,0,0,,0.0
business_licensing::GET__inspections_id_replica-1,business_licensing,GET /inspections/{id}/replica-1,self_access,allowed_with_extra_audit_metadata,1,5,0,,0.0
business_licensing::GET__inspections_id_replica-1,business_licensing,GET /inspections/{id}/replica-1,unauthenticated,denied_empty_body,0,0,0,,0.0
business_licensing::GET__inspections_id_replica-1,business_licensing,GET /inspections/{id}/replica-1,unauthenticated,denied_audit_logged,0,0,0,,0.0
business_licensing::GET__inspections_id_replica-1,business_licensing,GET /inspections/{id}/replica-1,unauthenticated,deprecated_endpoint_unavailable,0,0,0,,0.0
business_licensing::GET__inspections_id_replica-1,business_licensing,GET /inspections/{id}/replica-1,sensitive_field_probe,allowed_full_sorted,1,6,0,,0.0
business_licensing::GET__inspections_id_replica-1,business_licensing,GET /inspections/{id}/replica-1,sensitive_field_probe,allowed_full_shuffled,1,6,0,,0.0
business_licensing::GET__inspections_id_replica-1,business_licensing,GET /inspections/{id}/replica-1,sensitive_field_probe,allowed_minimal_subset,1,3,0,,0.0
business_licensing::GET__inspections_id_replica-1,business_licensing,GET /inspections/{id}/replica-1,sensitive_field_probe,allowed_empty_body,1,0,0,,0.0
business_licensing::GET__inspections_id_replica-1,business_licensing,GET /inspections/{id}/replica-1,sensitive_field_probe,allowed_with_extra_audit_metadata,1,6,0,,0.0
business_licensing::GET__inspections_id_replica-1,business_licensing,GET /inspections/{id}/replica-1,aggregation_boundary,allowed_full_sorted,1,6,0,,0.0
business_licensing::GET__inspections_id_replica-1,business_licensing,GET /inspections/{id}/replica-1,aggregation_boundary,allowed_full_shuffled,1,6,0,,0.0
business_licensing::GET__inspections_id_replica-1,business_licensing,GET /inspections/{id}/replica-1,aggregation_boundary,allowed_minimal_subset,1,3,0,,0.0
business_licensing::GET__inspections_id_replica-1,business_licensing,GET /inspections/{id}/replica-1,aggregation_boundary,allowed_empty_body,1,0,0,,0.0
business_licensing::GET__inspections_id_replica-1,business_licensing,GET /inspections/{id}/replica-1,aggregation_boundary,allowed_with_extra_audit_metadata,1,6,0,,0.0
business_licensing::GET__inspections_id_replica-1,business_licensing,GET /inspections/{id}/replica-1,deprecated_inventory,allowed_full_sorted,1,6,0,,0.0
business_licensing::GET__inspections_id_replica-1,business_licensing,GET /inspections/{id}/replica-1,deprecated_inventory,allowed_full_shuffled,1,6,0,,0.0
business_licensing::GET__inspections_id_replica-1,business_licensing,GET /inspections/{id}/replica-1,deprecated_inventory,allowed_minimal_subset,1,3,0,,0.0
business_licensing::GET__inspections_id_replica-1,business_licensing,GET /inspections/{id}/replica-1,deprecated_inventory,allowed_empty_body,1,0,0,,0.0
business_licensing::GET__inspections_id_replica-1,business_licensing,GET /inspections/{id}/replica-1,deprecated_inventory,allowed_with_extra_audit_metadata,1,6,0,,0.0
business_licensing::GET__licenses_export_replica-1,business_licensing,GET /licenses/export/replica-1,valid,allowed_full_sorted,1,7,0,,0.0
business_licensing::GET__licenses_export_replica-1,business_licensing,GET /licenses/export/replica-1,valid,allowed_full_shuffled,1,7,0,,0.0
business_licensing::GET__licenses_export_replica-1,business_licensing,GET /licenses/export/replica-1,valid,allowed_minimal_subset,1,3,0,,0.0
business_licensing::GET__licenses_export_replica-1,business_licensing,GET /licenses/export/replica-1,valid,allowed_empty_body,1,0,0,,0.0
business_licensing::GET__licenses_export_replica-1,business_licensing,GET /licenses/export/replica-1,valid,allowed_with_extra_audit_metadata,1,7,0,,0.0
business_licensing::GET__licenses_export_replica-1,business_licensing,GET /licenses/export/replica-1,wrong_role,denied_empty_body,0,0,0,,0.0
business_licensing::GET__licenses_export_replica-1,business_licensing,GET /licenses/export/replica-1,wrong_role,denied_audit_logged,0,0,0,,0.0
business_licensing::GET__licenses_export_replica-1,business_licensing,GET /licenses/export/replica-1,wrong_role,deprecated_endpoint_unavailable,0,0,0,,0.0
business_licensing::GET__licenses_export_replica-1,business_licensing,GET /licenses/export/replica-1,wrong_jurisdiction,denied_empty_body,0,0,0,,0.0
business_licensing::GET__licenses_export_replica-1,business_licensing,GET /licenses/export/replica-1,wrong_jurisdiction,denied_audit_logged,0,0,0,,0.0
business_licensing::GET__licenses_export_replica-1,business_licensing,GET /licenses/export/replica-1,wrong_jurisdiction,deprecated_endpoint_unavailable,0,0,0,,0.0
business_licensing::GET__licenses_export_replica-1,business_licensing,GET /licenses/export/replica-1,wrong_purpose,denied_empty_body,0,0,0,,0.0
business_licensing::GET__licenses_export_replica-1,business_licensing,GET /licenses/export/replica-1,wrong_purpose,denied_audit_logged,0,0,0,,0.0
business_licensing::GET__licenses_export_replica-1,business_licensing,GET /licenses/export/replica-1,wrong_purpose,deprecated_endpoint_unavailable,0,0,0,,0.0
business_licensing::GET__licenses_export_replica-1,business_licensing,GET /licenses/export/replica-1,self_access,allowed_full_sorted,1,6,0,,0.0
business_licensing::GET__licenses_export_replica-1,business_licensing,GET /licenses/export/replica-1,self_access,allowed_full_shuffled,1,6,0,,0.0
business_licensing::GET__licenses_export_replica-1,business_licensing,GET /licenses/export/replica-1,self_access,allowed_minimal_subset,1,3,0,,0.0
business_licensing::GET__licenses_export_replica-1,business_licensing,GET /licenses/export/replica-1,self_access,allowed_empty_body,1,0,0,,0.0
business_licensing::GET__licenses_export_replica-1,business_licensing,GET /licenses/export/replica-1,self_access,allowed_with_extra_audit_metadata,1,6,0,,0.0
business_licensing::GET__licenses_export_replica-1,business_licensing,GET /licenses/export/replica-1,unauthenticated,denied_empty_body,0,0,0,,0.0
business_licensing::GET__licenses_export_replica-1,business_licensing,GET /licenses/export/replica-1,unauthenticated,denied_audit_logged,0,0,0,,0.0
business_licensing::GET__licenses_export_replica-1,business_licensing,GET /licenses/export/replica-1,unauthenticated,deprecated_endpoint_unavailable,0,0,0,,0.0
business_licensing::GET__licenses_export_replica-1,business_licensing,GET /licenses/export/replica-1,sensitive_field_probe,allowed_full_sorted,1,7,0,,0.0
business_licensing::GET__licenses_export_replica-1,business_licensing,GET /licenses/export/replica-1,sensitive_field_probe,allowed_full_shuffled,1,7,0,,0.0
business_licensing::GET__licenses_export_replica-1,business_licensing,GET /licenses/export/replica-1,sensitive_field_probe,allowed_minimal_subset,1,3,0,,0.0
business_licensing::GET__licenses_export_replica-1,business_licensing,GET /licenses/export/replica-1,sensitive_field_probe,allowed_empty_body,1,0,0,,0.0
business_licensing::GET__licenses_export_replica-1,business_licensing,GET /licenses/export/replica-1,sensitive_field_probe,allowed_with_extra_audit_metadata,1,7,0,,0.0
business_licensing::GET__licenses_export_replica-1,business_licensing,GET /licenses/export/replica-1,aggregation_boundary,allowed_full_sorted,1,7,0,,0.0
business_licensing::GET__licenses_export_replica-1,business_licensing,GET /licenses/export/replica-1,aggregation_boundary,allowed_full_shuffled,1,7,0,,0.0
business_licensing::GET__licenses_export_replica-1,business_licensing,GET /licenses/export/replica-1,aggregation_boundary,allowed_minimal_subset,1,3,0,,0.0
business_licensing::GET__licenses_export_replica-1,business_licensing,GET /licenses/export/replica-1,aggregation_boundary,allowed_empty_body,1,0,0,,0.0
business_licensing::GET__licenses_export_replica-1,business_licensing,GET /licenses/export/replica-1,aggregation_boundary,allowed_with_extra_audit_metadata,1,7,0,,0.0
business_licensing::GET__licenses_export_replica-1,business_licensing,GET /licenses/export/replica-1,deprecated_inventory,allowed_full_sorted,1,7,0,,0.0
business_licensing::GET__licenses_export_replica-1,business_licensing,GET /licenses/export/replica-1,deprecated_inventory,allowed_full_shuffled,1,7,0,,0.0
business_licensing::GET__licenses_export_replica-1,business_licensing,GET /licenses/export/replica-1,deprecated_inventory,allowed_minimal_subset,1,3,0,,0.0
business_licensing::GET__licenses_export_replica-1,business_licensing,GET /licenses/export/replica-1,deprecated_inventory,allowed_empty_body,1,0,0,,0.0
business_licensing::GET__licenses_export_replica-1,business_licensing,GET /licenses/export/replica-1,deprecated_inventory,allowed_with_extra_audit_metadata,1,7,0,,0.0
health::GET__patients_id_replica-2,health,GET /patients/{id}/replica-2,valid,allowed_full_sorted,1,7,0,,0.0
health::GET__patients_id_replica-2,health,GET /patients/{id}/replica-2,valid,allowed_full_shuffled,1,7,0,,0.0
health::GET__patients_id_replica-2,health,GET /patients/{id}/replica-2,valid,allowed_minimal_subset,1,3,0,,0.0
health::GET__patients_id_replica-2,health,GET /patients/{id}/replica-2,valid,allowed_empty_body,1,0,0,,0.0
health::GET__patients_id_replica-2,health,GET /patients/{id}/replica-2,valid,allowed_with_extra_audit_metadata,1,7,0,,0.0
health::GET__patients_id_replica-2,health,GET /patients/{id}/replica-2,wrong_role,denied_empty_body,0,0,0,,0.0
health::GET__patients_id_replica-2,health,GET /patients/{id}/replica-2,wrong_role,denied_audit_logged,0,0,0,,0.0
health::GET__patients_id_replica-2,health,GET /patients/{id}/replica-2,wrong_role,deprecated_endpoint_unavailable,0,0,0,,0.0
health::GET__patients_id_replica-2,health,GET /patients/{id}/replica-2,wrong_jurisdiction,denied_empty_body,0,0,0,,0.0
health::GET__patients_id_replica-2,health,GET /patients/{id}/replica-2,wrong_jurisdiction,denied_audit_logged,0,0,0,,0.0
health::GET__patients_id_replica-2,health,GET /patients/{id}/replica-2,wrong_jurisdiction,deprecated_endpoint_unavailable,0,0,0,,0.0
health::GET__patients_id_replica-2,health,GET /patients/{id}/replica-2,wrong_purpose,denied_empty_body,0,0,0,,0.0
health::GET__patients_id_replica-2,health,GET /patients/{id}/replica-2,wrong_purpose,denied_audit_logged,0,0,0,,0.0
health::GET__patients_id_replica-2,health,GET /patients/{id}/replica-2,wrong_purpose,deprecated_endpoint_unavailable,0,0,0,,0.0
health::GET__patients_id_replica-2,health,GET /patients/{id}/replica-2,self_access,allowed_full_sorted,1,8,0,,0.0
health::GET__patients_id_replica-2,health,GET /patients/{id}/replica-2,self_access,allowed_full_shuffled,1,8,0,,0.0
health::GET__patients_id_replica-2,health,GET /patients/{id}/replica-2,self_access,allowed_minimal_subset,1,4,0,,0.0
health::GET__patients_id_replica-2,health,GET /patients/{id}/replica-2,self_access,allowed_empty_body,1,0,0,,0.0
health::GET__patients_id_replica-2,health,GET /patients/{id}/replica-2,self_access,allowed_with_extra_audit_metadata,1,8,0,,0.0
health::GET__patients_id_replica-2,health,GET /patients/{id}/replica-2,unauthenticated,denied_empty_body,0,0,0,,0.0
health::GET__patients_id_replica-2,health,GET /patients/{id}/replica-2,unauthenticated,denied_audit_logged,0,0,0,,0.0
health::GET__patients_id_replica-2,health,GET /patients/{id}/replica-2,unauthenticated,deprecated_endpoint_unavailable,0,0,0,,0.0
health::GET__patients_id_replica-2,health,GET /patients/{id}/replica-2,sensitive_field_probe,allowed_full_sorted,1,7,0,,0.0
health::GET__patients_id_replica-2,health,GET /patients/{id}/replica-2,sensitive_field_probe,allowed_full_shuffled,1,7,0,,0.0
health::GET__patients_id_replica-2,health,GET /patients/{id}/replica-2,sensitive_field_probe,allowed_minimal_subset,1,3,0,,0.0
health::GET__patients_id_replica-2,health,GET /patients/{id}/replica-2,sensitive_field_probe,allowed_empty_body,1,0,0,,0.0
health::GET__patients_id_replica-2,health,GET /patients/{id}/replica-2,sensitive_field_probe,allowed_with_extra_audit_metadata,1,7,0,,0.0
health::GET__patients_id_replica-2,health,GET /patients/{id}/replica-2,aggregation_boundary,allowed_full_sorted,1,7,0,,0.0
health::GET__patients_id_replica-2,health,GET /patients/{id}/replica-2,aggregation_boundary,allowed_full_shuffled,1,7,0,,0.0
health::GET__patients_id_replica-2,health,GET /patients/{id}/replica-2,aggregation_boundary,allowed_minimal_subset,1,3,0,,0.0
health::GET__patients_id_replica-2,health,GET /patients/{id}/replica-2,aggregation_boundary,allowed_empty_body,1,0,0,,0.0
health::GET__patients_id_replica-2,health,GET /patients/{id}/replica-2,aggregation_boundary,allowed_with_extra_audit_metadata,1,7,0,,0.0
health::GET__patients_id_replica-2,health,GET /patients/{id}/replica-2,deprecated_inventory,allowed_full_sorted,1,7,0,,0.0
health::GET__patients_id_replica-2,health,GET /patients/{id}/replica-2,deprecated_inventory,allowed_full_shuffled,1,7,0,,0.0
health::GET__patients_id_replica-2,health,GET /patients/{id}/replica-2,deprecated_inventory,allowed_minimal_subset,1,3,0,,0.0
health::GET__patients_id_replica-2,health,GET /patients/{id}/replica-2,deprecated_inventory,allowed_empty_body,1,0,0,,0.0
health::GET__patients_id_replica-2,health,GET /patients/{id}/replica-2,deprecated_inventory,allowed_with_extra_audit_metadata,1,7,0,,0.0
health::GET__encounters_id_replica-2,health,GET /encounters/{id}/replica-2,valid,allowed_full_sorted,1,6,0,,0.0
health::GET__encounters_id_replica-2,health,GET /encounters/{id}/replica-2,valid,allowed_full_shuffled,1,6,0,,0.0
health::GET__encounters_id_replica-2,health,GET /encounters/{id}/replica-2,valid,allowed_minimal_subset,1,3,0,,0.0
health::GET__encounters_id_replica-2,health,GET /encounters/{id}/replica-2,valid,allowed_empty_body,1,0,0,,0.0
health::GET__encounters_id_replica-2,health,GET /encounters/{id}/replica-2,valid,allowed_with_extra_audit_metadata,1,6,0,,0.0
health::GET__encounters_id_replica-2,health,GET /encounters/{id}/replica-2,wrong_role,denied_empty_body,0,0,0,,0.0
health::GET__encounters_id_replica-2,health,GET /encounters/{id}/replica-2,wrong_role,denied_audit_logged,0,0,0,,0.0
health::GET__encounters_id_replica-2,health,GET /encounters/{id}/replica-2,wrong_role,deprecated_endpoint_unavailable,0,0,0,,0.0
health::GET__encounters_id_replica-2,health,GET /encounters/{id}/replica-2,wrong_jurisdiction,denied_empty_body,0,0,0,,0.0
health::GET__encounters_id_replica-2,health,GET /encounters/{id}/replica-2,wrong_jurisdiction,denied_audit_logged,0,0,0,,0.0
health::GET__encounters_id_replica-2,health,GET /encounters/{id}/replica-2,wrong_jurisdiction,deprecated_endpoint_unavailable,0,0,0,,0.0
health::GET__encounters_id_replica-2,health,GET /encounters/{id}/replica-2,wrong_purpose,denied_empty_body,0,0,0,,0.0
health::GET__encounters_id_replica-2,health,GET /encounters/{id}/replica-2,wrong_purpose,denied_audit_logged,0,0,0,,0.0
health::GET__encounters_id_replica-2,health,GET /encounters/{id}/replica-2,wrong_purpose,deprecated_endpoint_unavailable,0,0,0,,0.0
health::GET__encounters_id_replica-2,health,GET /encounters/{id}/replica-2,self_access,allowed_full_sorted,1,7,0,,0.0
health::GET__encounters_id_replica-2,health,GET /encounters/{id}/replica-2,self_access,allowed_full_shuffled,1,7,0,,0.0
health::GET__encounters_id_replica-2,health,GET /encounters/{id}/replica-2,self_access,allowed_minimal_subset,1,3,0,,0.0
health::GET__encounters_id_replica-2,health,GET /encounters/{id}/replica-2,self_access,allowed_empty_body,1,0,0,,0.0
health::GET__encounters_id_replica-2,health,GET /encounters/{id}/replica-2,self_access,allowed_with_extra_audit_metadata,1,7,0,,0.0
health::GET__encounters_id_replica-2,health,GET /encounters/{id}/replica-2,unauthenticated,denied_empty_body,0,0,0,,0.0
health::GET__encounters_id_replica-2,health,GET /encounters/{id}/replica-2,unauthenticated,denied_audit_logged,0,0,0,,0.0
health::GET__encounters_id_replica-2,health,GET /encounters/{id}/replica-2,unauthenticated,deprecated_endpoint_unavailable,0,0,0,,0.0
health::GET__encounters_id_replica-2,health,GET /encounters/{id}/replica-2,sensitive_field_probe,allowed_full_sorted,1,6,0,,0.0
health::GET__encounters_id_replica-2,health,GET /encounters/{id}/replica-2,sensitive_field_probe,allowed_full_shuffled,1,6,0,,0.0
health::GET__encounters_id_replica-2,health,GET /encounters/{id}/replica-2,sensitive_field_probe,allowed_minimal_subset,1,3,0,,0.0
health::GET__encounters_id_replica-2,health,GET /encounters/{id}/replica-2,sensitive_field_probe,allowed_empty_body,1,0,0,,0.0
health::GET__encounters_id_replica-2,health,GET /encounters/{id}/replica-2,sensitive_field_probe,allowed_with_extra_audit_metadata,1,6,0,,0.0
health::GET__encounters_id_replica-2,health,GET /encounters/{id}/replica-2,aggregation_boundary,allowed_full_sorted,1,6,0,,0.0
health::GET__encounters_id_replica-2,health,GET /encounters/{id}/replica-2,aggregation_boundary,allowed_full_shuffled,1,6,0,,0.0
health::GET__encounters_id_replica-2,health,GET /encounters/{id}/replica-2,aggregation_boundary,allowed_minimal_subset,1,3,0,,0.0
health::GET__encounters_id_replica-2,health,GET /encounters/{id}/replica-2,aggregation_boundary,allowed_empty_body,1,0,0,,0.0
health::GET__encounters_id_replica-2,health,GET /encounters/{id}/replica-2,aggregation_boundary,allowed_with_extra_audit_metadata,1,6,0,,0.0
health::GET__encounters_id_replica-2,health,GET /encounters/{id}/replica-2,deprecated_inventory,allowed_full_sorted,1,6,0,,0.0
health::GET__encounters_id_replica-2,health,GET /encounters/{id}/replica-2,deprecated_inventory,allowed_full_shuffled,1,6,0,,0.0
health::GET__encounters_id_replica-2,health,GET /encounters/{id}/replica-2,deprecated_inventory,allowed_minimal_subset,1,3,0,,0.0
health::GET__encounters_id_replica-2,health,GET /encounters/{id}/replica-2,deprecated_inventory,allowed_empty_body,1,0,0,,0.0
health::GET__encounters_id_replica-2,health,GET /encounters/{id}/replica-2,deprecated_inventory,allowed_with_extra_audit_metadata,1,6,0,,0.0
health::GET__patients_search_replica-2,health,GET /patients/search/replica-2,valid,allowed_full_sorted,1,7,0,,0.0
health::GET__patients_search_replica-2,health,GET /patients/search/replica-2,valid,allowed_full_shuffled,1,7,0,,0.0
health::GET__patients_search_replica-2,health,GET /patients/search/replica-2,valid,allowed_minimal_subset,1,3,0,,0.0
health::GET__patients_search_replica-2,health,GET /patients/search/replica-2,valid,allowed_empty_body,1,0,0,,0.0
health::GET__patients_search_replica-2,health,GET /patients/search/replica-2,valid,allowed_with_extra_audit_metadata,1,7,0,,0.0
health::GET__patients_search_replica-2,health,GET /patients/search/replica-2,wrong_role,denied_empty_body,0,0,0,,0.0
health::GET__patients_search_replica-2,health,GET /patients/search/replica-2,wrong_role,denied_audit_logged,0,0,0,,0.0
health::GET__patients_search_replica-2,health,GET /patients/search/replica-2,wrong_role,deprecated_endpoint_unavailable,0,0,0,,0.0
health::GET__patients_search_replica-2,health,GET /patients/search/replica-2,wrong_jurisdiction,denied_empty_body,0,0,0,,0.0
health::GET__patients_search_replica-2,health,GET /patients/search/replica-2,wrong_jurisdiction,denied_audit_logged,0,0,0,,0.0
health::GET__patients_search_replica-2,health,GET /patients/search/replica-2,wrong_jurisdiction,deprecated_endpoint_unavailable,0,0,0,,0.0
health::GET__patients_search_replica-2,health,GET /patients/search/replica-2,wrong_purpose,denied_empty_body,0,0,0,,0.0
health::GET__patients_search_replica-2,health,GET /patients/search/replica-2,wrong_purpose,denied_audit_logged,0,0,0,,0.0
health::GET__patients_search_replica-2,health,GET /patients/search/replica-2,wrong_purpose,deprecated_endpoint_unavailable,0,0,0,,0.0
health::GET__patients_search_replica-2,health,GET /patients/search/replica-2,self_access,allowed_full_sorted,1,8,0,,0.0
health::GET__patients_search_replica-2,health,GET /patients/search/replica-2,self_access,allowed_full_shuffled,1,8,0,,0.0
health::GET__patients_search_replica-2,health,GET /patients/search/replica-2,self_access,allowed_minimal_subset,1,4,0,,0.0
health::GET__patients_search_replica-2,health,GET /patients/search/replica-2,self_access,allowed_empty_body,1,0,0,,0.0
health::GET__patients_search_replica-2,health,GET /patients/search/replica-2,self_access,allowed_with_extra_audit_metadata,1,8,0,,0.0
health::GET__patients_search_replica-2,health,GET /patients/search/replica-2,unauthenticated,denied_empty_body,0,0,0,,0.0
health::GET__patients_search_replica-2,health,GET /patients/search/replica-2,unauthenticated,denied_audit_logged,0,0,0,,0.0
health::GET__patients_search_replica-2,health,GET /patients/search/replica-2,unauthenticated,deprecated_endpoint_unavailable,0,0,0,,0.0
health::GET__patients_search_replica-2,health,GET /patients/search/replica-2,sensitive_field_probe,allowed_full_sorted,1,7,0,,0.0
health::GET__patients_search_replica-2,health,GET /patients/search/replica-2,sensitive_field_probe,allowed_full_shuffled,1,7,0,,0.0
health::GET__patients_search_replica-2,health,GET /patients/search/replica-2,sensitive_field_probe,allowed_minimal_subset,1,3,0,,0.0
health::GET__patients_search_replica-2,health,GET /patients/search/replica-2,sensitive_field_probe,allowed_empty_body,1,0,0,,0.0
health::GET__patients_search_replica-2,health,GET /patients/search/replica-2,sensitive_field_probe,allowed_with_extra_audit_metadata,1,7,0,,0.0
health::GET__patients_search_replica-2,health,GET /patients/search/replica-2,aggregation_boundary,allowed_full_sorted,1,7,0,,0.0
health::GET__patients_search_replica-2,health,GET /patients/search/replica-2,aggregation_boundary,allowed_full_shuffled,1,7,0,,0.0
health::GET__patients_search_replica-2,health,GET /patients/search/replica-2,aggregation_boundary,allowed_minimal_subset,1,3,0,,0.0
health::GET__patients_search_replica-2,health,GET /patients/search/replica-2,aggregation_boundary,allowed_empty_body,1,0,0,,0.0
health::GET__patients_search_replica-2,health,GET /patients/search/replica-2,aggregation_boundary,allowed_with_extra_audit_metadata,1,7,0,,0.0
health::GET__patients_search_replica-2,health,GET /patients/search/replica-2,deprecated_inventory,allowed_full_sorted,1,7,0,,0.0
health::GET__patients_search_replica-2,health,GET /patients/search/replica-2,deprecated_inventory,allowed_full_shuffled,1,7,0,,0.0
health::GET__patients_search_replica-2,health,GET /patients/search/replica-2,deprecated_inventory,allowed_minimal_subset,1,3,0,,0.0
health::GET__patients_search_replica-2,health,GET /patients/search/replica-2,deprecated_inventory,allowed_empty_body,1,0,0,,0.0
health::GET__patients_search_replica-2,health,GET /patients/search/replica-2,deprecated_inventory,allowed_with_extra_audit_metadata,1,7,0,,0.0
citizen_services::GET__citizens_id_replica-2,citizen_services,GET /citizens/{id}/replica-2,valid,allowed_full_sorted,1,5,0,,0.0
citizen_services::GET__citizens_id_replica-2,citizen_services,GET /citizens/{id}/replica-2,valid,allowed_full_shuffled,1,5,0,,0.0
citizen_services::GET__citizens_id_replica-2,citizen_services,GET /citizens/{id}/replica-2,valid,allowed_minimal_subset,1,2,0,,0.0
citizen_services::GET__citizens_id_replica-2,citizen_services,GET /citizens/{id}/replica-2,valid,allowed_empty_body,1,0,0,,0.0
citizen_services::GET__citizens_id_replica-2,citizen_services,GET /citizens/{id}/replica-2,valid,allowed_with_extra_audit_metadata,1,5,0,,0.0
citizen_services::GET__citizens_id_replica-2,citizen_services,GET /citizens/{id}/replica-2,wrong_role,denied_empty_body,0,0,0,,0.0
citizen_services::GET__citizens_id_replica-2,citizen_services,GET /citizens/{id}/replica-2,wrong_role,denied_audit_logged,0,0,0,,0.0
citizen_services::GET__citizens_id_replica-2,citizen_services,GET /citizens/{id}/replica-2,wrong_role,deprecated_endpoint_unavailable,0,0,0,,0.0
citizen_services::GET__citizens_id_replica-2,citizen_services,GET /citizens/{id}/replica-2,wrong_jurisdiction,denied_empty_body,0,0,0,,0.0
citizen_services::GET__citizens_id_replica-2,citizen_services,GET /citizens/{id}/replica-2,wrong_jurisdiction,denied_audit_logged,0,0,0,,0.0
citizen_services::GET__citizens_id_replica-2,citizen_services,GET /citizens/{id}/replica-2,wrong_jurisdiction,deprecated_endpoint_unavailable,0,0,0,,0.0
citizen_services::GET__citizens_id_replica-2,citizen_services,GET /citizens/{id}/replica-2,wrong_purpose,denied_empty_body,0,0,0,,0.0
citizen_services::GET__citizens_id_replica-2,citizen_services,GET /citizens/{id}/replica-2,wrong_purpose,denied_audit_logged,0,0,0,,0.0
citizen_services::GET__citizens_id_replica-2,citizen_services,GET /citizens/{id}/replica-2,wrong_purpose,deprecated_endpoint_unavailable,0,0,0,,0.0
citizen_services::GET__citizens_id_replica-2,citizen_services,GET /citizens/{id}/replica-2,self_access,allowed_full_sorted,1,5,0,,0.0
citizen_services::GET__citizens_id_replica-2,citizen_services,GET /citizens/{id}/replica-2,self_access,allowed_full_shuffled,1,5,0,,0.0
citizen_services::GET__citizens_id_replica-2,citizen_services,GET /citizens/{id}/replica-2,self_access,allowed_minimal_subset,1,2,0,,0.0
citizen_services::GET__citizens_id_replica-2,citizen_services,GET /citizens/{id}/replica-2,self_access,allowed_empty_body,1,0,0,,0.0
citizen_services::GET__citizens_id_replica-2,citizen_services,GET /citizens/{id}/replica-2,self_access,allowed_with_extra_audit_metadata,1,5,0,,0.0
citizen_services::GET__citizens_id_replica-2,citizen_services,GET /citizens/{id}/replica-2,unauthenticated,denied_empty_body,0,0,0,,0.0
citizen_services::GET__citizens_id_replica-2,citizen_services,GET /citizens/{id}/replica-2,unauthenticated,denied_audit_logged,0,0,0,,0.0
citizen_services::GET__citizens_id_replica-2,citizen_services,GET /citizens/{id}/replica-2,unauthenticated,deprecated_endpoint_unavailable,0,0,0,,0.0
citizen_services::GET__citizens_id_replica-2,citizen_services,GET /citizens/{id}/replica-2,sensitive_field_probe,allowed_full_sorted,1,5,0,,0.0
citizen_services::GET__citizens_id_replica-2,citizen_services,GET /citizens/{id}/replica-2,sensitive_field_probe,allowed_full_shuffled,1,5,0,,0.0
citizen_services::GET__citizens_id_replica-2,citizen_services,GET /citizens/{id}/replica-2,sensitive_field_probe,allowed_minimal_subset,1,2,0,,0.0
citizen_services::GET__citizens_id_replica-2,citizen_services,GET /citizens/{id}/replica-2,sensitive_field_probe,allowed_empty_body,1,0,0,,0.0
citizen_services::GET__citizens_id_replica-2,citizen_services,GET /citizens/{id}/replica-2,sensitive_field_probe,allowed_with_extra_audit_metadata,1,5,0,,0.0
citizen_services::GET__citizens_id_replica-2,citizen_services,GET /citizens/{id}/replica-2,aggregation_boundary,allowed_full_sorted,1,5,0,,0.0
citizen_services::GET__citizens_id_replica-2,citizen_services,GET /citizens/{id}/replica-2,aggregation_boundary,allowed_full_shuffled,1,5,0,,0.0
citizen_services::GET__citizens_id_replica-2,citizen_services,GET /citizens/{id}/replica-2,aggregation_boundary,allowed_minimal_subset,1,2,0,,0.0
citizen_services::GET__citizens_id_replica-2,citizen_services,GET /citizens/{id}/replica-2,aggregation_boundary,allowed_empty_body,1,0,0,,0.0
citizen_services::GET__citizens_id_replica-2,citizen_services,GET /citizens/{id}/replica-2,aggregation_boundary,allowed_with_extra_audit_metadata,1,5,0,,0.0
citizen_services::GET__citizens_id_replica-2,citizen_services,GET /citizens/{id}/replica-2,deprecated_inventory,allowed_full_sorted,1,5,0,,0.0
citizen_services::GET__citizens_id_replica-2,citizen_services,GET /citizens/{id}/replica-2,deprecated_inventory,allowed_full_shuffled,1,5,0,,0.0
citizen_services::GET__citizens_id_replica-2,citizen_services,GET /citizens/{id}/replica-2,deprecated_inventory,allowed_minimal_subset,1,2,0,,0.0
citizen_services::GET__citizens_id_replica-2,citizen_services,GET /citizens/{id}/replica-2,deprecated_inventory,allowed_empty_body,1,0,0,,0.0
citizen_services::GET__citizens_id_replica-2,citizen_services,GET /citizens/{id}/replica-2,deprecated_inventory,allowed_with_extra_audit_metadata,1,5,0,,0.0
citizen_services::GET__benefits_id_replica-2,citizen_services,GET /benefits/{id}/replica-2,valid,allowed_full_sorted,1,5,0,,0.0
citizen_services::GET__benefits_id_replica-2,citizen_services,GET /benefits/{id}/replica-2,valid,allowed_full_shuffled,1,5,0,,0.0
citizen_services::GET__benefits_id_replica-2,citizen_services,GET /benefits/{id}/replica-2,valid,allowed_minimal_subset,1,2,0,,0.0
citizen_services::GET__benefits_id_replica-2,citizen_services,GET /benefits/{id}/replica-2,valid,allowed_empty_body,1,0,0,,0.0
citizen_services::GET__benefits_id_replica-2,citizen_services,GET /benefits/{id}/replica-2,valid,allowed_with_extra_audit_metadata,1,5,0,,0.0
citizen_services::GET__benefits_id_replica-2,citizen_services,GET /benefits/{id}/replica-2,wrong_role,denied_empty_body,0,0,0,,0.0
citizen_services::GET__benefits_id_replica-2,citizen_services,GET /benefits/{id}/replica-2,wrong_role,denied_audit_logged,0,0,0,,0.0
citizen_services::GET__benefits_id_replica-2,citizen_services,GET /benefits/{id}/replica-2,wrong_role,deprecated_endpoint_unavailable,0,0,0,,0.0
citizen_services::GET__benefits_id_replica-2,citizen_services,GET /benefits/{id}/replica-2,wrong_jurisdiction,denied_empty_body,0,0,0,,0.0
citizen_services::GET__benefits_id_replica-2,citizen_services,GET /benefits/{id}/replica-2,wrong_jurisdiction,denied_audit_logged,0,0,0,,0.0
citizen_services::GET__benefits_id_replica-2,citizen_services,GET /benefits/{id}/replica-2,wrong_jurisdiction,deprecated_endpoint_unavailable,0,0,0,,0.0
citizen_services::GET__benefits_id_replica-2,citizen_services,GET /benefits/{id}/replica-2,wrong_purpose,denied_empty_body,0,0,0,,0.0
citizen_services::GET__benefits_id_replica-2,citizen_services,GET /benefits/{id}/replica-2,wrong_purpose,denied_audit_logged,0,0,0,,0.0
citizen_services::GET__benefits_id_replica-2,citizen_services,GET /benefits/{id}/replica-2,wrong_purpose,deprecated_endpoint_unavailable,0,0,0,,0.0
citizen_services::GET__benefits_id_replica-2,citizen_services,GET /benefits/{id}/replica-2,self_access,allowed_full_sorted,1,6,0,,0.0
citizen_services::GET__benefits_id_replica-2,citizen_services,GET /benefits/{id}/replica-2,self_access,allowed_full_shuffled,1,6,0,,0.0
citizen_services::GET__benefits_id_replica-2,citizen_services,GET /benefits/{id}/replica-2,self_access,allowed_minimal_subset,1,3,0,,0.0
citizen_services::GET__benefits_id_replica-2,citizen_services,GET /benefits/{id}/replica-2,self_access,allowed_empty_body,1,0,0,,0.0
citizen_services::GET__benefits_id_replica-2,citizen_services,GET /benefits/{id}/replica-2,self_access,allowed_with_extra_audit_metadata,1,6,0,,0.0
citizen_services::GET__benefits_id_replica-2,citizen_services,GET /benefits/{id}/replica-2,unauthenticated,denied_empty_body,0,0,0,,0.0
citizen_services::GET__benefits_id_replica-2,citizen_services,GET /benefits/{id}/replica-2,unauthenticated,denied_audit_logged,0,0,0,,0.0
citizen_services::GET__benefits_id_replica-2,citizen_services,GET /benefits/{id}/replica-2,unauthenticated,deprecated_endpoint_unavailable,0,0,0,,0.0
citizen_services::GET__benefits_id_replica-2,citizen_services,GET /benefits/{id}/replica-2,sensitive_field_probe,allowed_full_sorted,1,5,0,,0.0
citizen_services::GET__benefits_id_replica-2,citizen_services,GET /benefits/{id}/replica-2,sensitive_field_probe,allowed_full_shuffled,1,5,0,,0.0
citizen_services::GET__benefits_id_replica-2,citizen_services,GET /benefits/{id}/replica-2,sensitive_field_probe,allowed_minimal_subset,1,2,0,,0.0
citizen_services::GET__benefits_id_replica-2,citizen_services,GET /benefits/{id}/replica-2,sensitive_field_probe,allowed_empty_body,1,0,0,,0.0
citizen_services::GET__benefits_id_replica-2,citizen_services,GET /benefits/{id}/replica-2,sensitive_field_probe,allowed_with_extra_audit_metadata,1,5,0,,0.0
citizen_services::GET__benefits_id_replica-2,citizen_services,GET /benefits/{id}/replica-2,aggregation_boundary,allowed_full_sorted,1,5,0,,0.0
citizen_services::GET__benefits_id_replica-2,citizen_services,GET /benefits/{id}/replica-2,aggregation_boundary,allowed_full_shuffled,1,5,0,,0.0
citizen_services::GET__benefits_id_replica-2,citizen_services,GET /benefits/{id}/replica-2,aggregation_boundary,allowed_minimal_subset,1,2,0,,0.0
citizen_services::GET__benefits_id_replica-2,citizen_services,GET /benefits/{id}/replica-2,aggregation_boundary,allowed_empty_body,1,0,0,,0.0
citizen_services::GET__benefits_id_replica-2,citizen_services,GET /benefits/{id}/replica-2,aggregation_boundary,allowed_with_extra_audit_metadata,1,5,0,,0.0
citizen_services::GET__benefits_id_replica-2,citizen_services,GET /benefits/{id}/replica-2,deprecated_inventory,allowed_full_sorted,1,5,0,,0.0
citizen_services::GET__benefits_id_replica-2,citizen_services,GET /benefits/{id}/replica-2,deprecated_inventory,allowed_full_shuffled,1,5,0,,0.0
citizen_services::GET__benefits_id_replica-2,citizen_services,GET /benefits/{id}/replica-2,deprecated_inventory,allowed_minimal_subset,1,2,0,,0.0
citizen_services::GET__benefits_id_replica-2,citizen_services,GET /benefits/{id}/replica-2,deprecated_inventory,allowed_empty_body,1,0,0,,0.0
citizen_services::GET__benefits_id_replica-2,citizen_services,GET /benefits/{id}/replica-2,deprecated_inventory,allowed_with_extra_audit_metadata,1,5,0,,0.0
citizen_services::GET__citizens_export_replica-2,citizen_services,GET /citizens/export/replica-2,valid,allowed_full_sorted,1,5,0,,0.0
citizen_services::GET__citizens_export_replica-2,citizen_services,GET /citizens/export/replica-2,valid,allowed_full_shuffled,1,5,0,,0.0
citizen_services::GET__citizens_export_replica-2,citizen_services,GET /citizens/export/replica-2,valid,allowed_minimal_subset,1,2,0,,0.0
citizen_services::GET__citizens_export_replica-2,citizen_services,GET /citizens/export/replica-2,valid,allowed_empty_body,1,0,0,,0.0
citizen_services::GET__citizens_export_replica-2,citizen_services,GET /citizens/export/replica-2,valid,allowed_with_extra_audit_metadata,1,5,0,,0.0
citizen_services::GET__citizens_export_replica-2,citizen_services,GET /citizens/export/replica-2,wrong_role,denied_empty_body,0,0,0,,0.0
citizen_services::GET__citizens_export_replica-2,citizen_services,GET /citizens/export/replica-2,wrong_role,denied_audit_logged,0,0,0,,0.0
citizen_services::GET__citizens_export_replica-2,citizen_services,GET /citizens/export/replica-2,wrong_role,deprecated_endpoint_unavailable,0,0,0,,0.0
citizen_services::GET__citizens_export_replica-2,citizen_services,GET /citizens/export/replica-2,wrong_jurisdiction,denied_empty_body,0,0,0,,0.0
citizen_services::GET__citizens_export_replica-2,citizen_services,GET /citizens/export/replica-2,wrong_jurisdiction,denied_audit_logged,0,0,0,,0.0
citizen_services::GET__citizens_export_replica-2,citizen_services,GET /citizens/export/replica-2,wrong_jurisdiction,deprecated_endpoint_unavailable,0,0,0,,0.0
citizen_services::GET__citizens_export_replica-2,citizen_services,GET /citizens/export/replica-2,wrong_purpose,denied_empty_body,0,0,0,,0.0
citizen_services::GET__citizens_export_replica-2,citizen_services,GET /citizens/export/replica-2,wrong_purpose,denied_audit_logged,0,0,0,,0.0
citizen_services::GET__citizens_export_replica-2,citizen_services,GET /citizens/export/replica-2,wrong_purpose,deprecated_endpoint_unavailable,0,0,0,,0.0
citizen_services::GET__citizens_export_replica-2,citizen_services,GET /citizens/export/replica-2,self_access,allowed_full_sorted,1,5,0,,0.0
citizen_services::GET__citizens_export_replica-2,citizen_services,GET /citizens/export/replica-2,self_access,allowed_full_shuffled,1,5,0,,0.0
citizen_services::GET__citizens_export_replica-2,citizen_services,GET /citizens/export/replica-2,self_access,allowed_minimal_subset,1,2,0,,0.0
citizen_services::GET__citizens_export_replica-2,citizen_services,GET /citizens/export/replica-2,self_access,allowed_empty_body,1,0,0,,0.0
citizen_services::GET__citizens_export_replica-2,citizen_services,GET /citizens/export/replica-2,self_access,allowed_with_extra_audit_metadata,1,5,0,,0.0
citizen_services::GET__citizens_export_replica-2,citizen_services,GET /citizens/export/replica-2,unauthenticated,denied_empty_body,0,0,0,,0.0
citizen_services::GET__citizens_export_replica-2,citizen_services,GET /citizens/export/replica-2,unauthenticated,denied_audit_logged,0,0,0,,0.0
citizen_services::GET__citizens_export_replica-2,citizen_services,GET /citizens/export/replica-2,unauthenticated,deprecated_endpoint_unavailable,0,0,0,,0.0
citizen_services::GET__citizens_export_replica-2,citizen_services,GET /citizens/export/replica-2,sensitive_field_probe,allowed_full_sorted,1,5,0,,0.0
citizen_services::GET__citizens_export_replica-2,citizen_services,GET /citizens/export/replica-2,sensitive_field_probe,allowed_full_shuffled,1,5,0,,0.0
citizen_services::GET__citizens_export_replica-2,citizen_services,GET /citizens/export/replica-2,sensitive_field_probe,allowed_minimal_subset,1,2,0,,0.0
citizen_services::GET__citizens_export_replica-2,citizen_services,GET /citizens/export/replica-2,sensitive_field_probe,allowed_empty_body,1,0,0,,0.0
citizen_services::GET__citizens_export_replica-2,citizen_services,GET /citizens/export/replica-2,sensitive_field_probe,allowed_with_extra_audit_metadata,1,5,0,,0.0
citizen_services::GET__citizens_export_replica-2,citizen_services,GET /citizens/export/replica-2,aggregation_boundary,allowed_full_sorted,1,5,0,,0.0
citizen_services::GET__citizens_export_replica-2,citizen_services,GET /citizens/export/replica-2,aggregation_boundary,allowed_full_shuffled,1,5,0,,0.0
citizen_services::GET__citizens_export_replica-2,citizen_services,GET /citizens/export/replica-2,aggregation_boundary,allowed_minimal_subset,1,2,0,,0.0
citizen_services::GET__citizens_export_replica-2,citizen_services,GET /citizens/export/replica-2,aggregation_boundary,allowed_empty_body,1,0,0,,0.0
citizen_services::GET__citizens_export_replica-2,citizen_services,GET /citizens/export/replica-2,aggregation_boundary,allowed_with_extra_audit_metadata,1,5,0,,0.0
citizen_services::GET__citizens_export_replica-2,citizen_services,GET /citizens/export/replica-2,deprecated_inventory,allowed_full_sorted,1,5,0,,0.0
citizen_services::GET__citizens_export_replica-2,citizen_services,GET /citizens/export/replica-2,deprecated_inventory,allowed_full_shuffled,1,5,0,,0.0
citizen_services::GET__citizens_export_replica-2,citizen_services,GET /citizens/export/replica-2,deprecated_inventory,allowed_minimal_subset,1,2,0,,0.0
citizen_services::GET__citizens_export_replica-2,citizen_services,GET /citizens/export/replica-2,deprecated_inventory,allowed_empty_body,1,0,0,,0.0
citizen_services::GET__citizens_export_replica-2,citizen_services,GET /citizens/export/replica-2,deprecated_inventory,allowed_with_extra_audit_metadata,1,5,0,,0.0
education::GET__students_id_record_replica-2,education,GET /students/{id}/record/replica-2,valid,allowed_full_sorted,1,4,0,,0.0
education::GET__students_id_record_replica-2,education,GET /students/{id}/record/replica-2,valid,allowed_full_shuffled,1,4,0,,0.0
education::GET__students_id_record_replica-2,education,GET /students/{id}/record/replica-2,valid,allowed_minimal_subset,1,2,0,,0.0
education::GET__students_id_record_replica-2,education,GET /students/{id}/record/replica-2,valid,allowed_empty_body,1,0,0,,0.0
education::GET__students_id_record_replica-2,education,GET /students/{id}/record/replica-2,valid,allowed_with_extra_audit_metadata,1,4,0,,0.0
education::GET__students_id_record_replica-2,education,GET /students/{id}/record/replica-2,wrong_role,denied_empty_body,0,0,0,,0.0
education::GET__students_id_record_replica-2,education,GET /students/{id}/record/replica-2,wrong_role,denied_audit_logged,0,0,0,,0.0
education::GET__students_id_record_replica-2,education,GET /students/{id}/record/replica-2,wrong_role,deprecated_endpoint_unavailable,0,0,0,,0.0
education::GET__students_id_record_replica-2,education,GET /students/{id}/record/replica-2,wrong_jurisdiction,denied_empty_body,0,0,0,,0.0
education::GET__students_id_record_replica-2,education,GET /students/{id}/record/replica-2,wrong_jurisdiction,denied_audit_logged,0,0,0,,0.0
education::GET__students_id_record_replica-2,education,GET /students/{id}/record/replica-2,wrong_jurisdiction,deprecated_endpoint_unavailable,0,0,0,,0.0
education::GET__students_id_record_replica-2,education,GET /students/{id}/record/replica-2,wrong_purpose,denied_empty_body,0,0,0,,0.0
education::GET__students_id_record_replica-2,education,GET /students/{id}/record/replica-2,wrong_purpose,denied_audit_logged,0,0,0,,0.0
education::GET__students_id_record_replica-2,education,GET /students/{id}/record/replica-2,wrong_purpose,deprecated_endpoint_unavailable,0,0,0,,0.0
education::GET__students_id_record_replica-2,education,GET /students/{id}/record/replica-2,self_access,allowed_full_sorted,1,4,0,,0.0
education::GET__students_id_record_replica-2,education,GET /students/{id}/record/replica-2,self_access,allowed_full_shuffled,1,4,0,,0.0
education::GET__students_id_record_replica-2,education,GET /students/{id}/record/replica-2,self_access,allowed_minimal_subset,1,2,0,,0.0
education::GET__students_id_record_replica-2,education,GET /students/{id}/record/replica-2,self_access,allowed_empty_body,1,0,0,,0.0
education::GET__students_id_record_replica-2,education,GET /students/{id}/record/replica-2,self_access,allowed_with_extra_audit_metadata,1,4,0,,0.0
education::GET__students_id_record_replica-2,education,GET /students/{id}/record/replica-2,unauthenticated,denied_empty_body,0,0,0,,0.0
education::GET__students_id_record_replica-2,education,GET /students/{id}/record/replica-2,unauthenticated,denied_audit_logged,0,0,0,,0.0
education::GET__students_id_record_replica-2,education,GET /students/{id}/record/replica-2,unauthenticated,deprecated_endpoint_unavailable,0,0,0,,0.0
education::GET__students_id_record_replica-2,education,GET /students/{id}/record/replica-2,sensitive_field_probe,allowed_full_sorted,1,4,0,,0.0
education::GET__students_id_record_replica-2,education,GET /students/{id}/record/replica-2,sensitive_field_probe,allowed_full_shuffled,1,4,0,,0.0
education::GET__students_id_record_replica-2,education,GET /students/{id}/record/replica-2,sensitive_field_probe,allowed_minimal_subset,1,2,0,,0.0
education::GET__students_id_record_replica-2,education,GET /students/{id}/record/replica-2,sensitive_field_probe,allowed_empty_body,1,0,0,,0.0
education::GET__students_id_record_replica-2,education,GET /students/{id}/record/replica-2,sensitive_field_probe,allowed_with_extra_audit_metadata,1,4,0,,0.0
education::GET__students_id_record_replica-2,education,GET /students/{id}/record/replica-2,aggregation_boundary,allowed_full_sorted,1,4,0,,0.0
education::GET__students_id_record_replica-2,education,GET /students/{id}/record/replica-2,aggregation_boundary,allowed_full_shuffled,1,4,0,,0.0
education::GET__students_id_record_replica-2,education,GET /students/{id}/record/replica-2,aggregation_boundary,allowed_minimal_subset,1,2,0,,0.0
education::GET__students_id_record_replica-2,education,GET /students/{id}/record/replica-2,aggregation_boundary,allowed_empty_body,1,0,0,,0.0
education::GET__students_id_record_replica-2,education,GET /students/{id}/record/replica-2,aggregation_boundary,allowed_with_extra_audit_metadata,1,4,0,,0.0
education::GET__students_id_record_replica-2,education,GET /students/{id}/record/replica-2,deprecated_inventory,allowed_full_sorted,1,4,0,,0.0
education::GET__students_id_record_replica-2,education,GET /students/{id}/record/replica-2,deprecated_inventory,allowed_full_shuffled,1,4,0,,0.0
education::GET__students_id_record_replica-2,education,GET /students/{id}/record/replica-2,deprecated_inventory,allowed_minimal_subset,1,2,0,,0.0
education::GET__students_id_record_replica-2,education,GET /students/{id}/record/replica-2,deprecated_inventory,allowed_empty_body,1,0,0,,0.0
education::GET__students_id_record_replica-2,education,GET /students/{id}/record/replica-2,deprecated_inventory,allowed_with_extra_audit_metadata,1,4,0,,0.0
education::GET__classes_id_roster_replica-2,education,GET /classes/{id}/roster/replica-2,valid,allowed_full_sorted,1,4,0,,0.0
education::GET__classes_id_roster_replica-2,education,GET /classes/{id}/roster/replica-2,valid,allowed_full_shuffled,1,4,0,,0.0
education::GET__classes_id_roster_replica-2,education,GET /classes/{id}/roster/replica-2,valid,allowed_minimal_subset,1,2,0,,0.0
education::GET__classes_id_roster_replica-2,education,GET /classes/{id}/roster/replica-2,valid,allowed_empty_body,1,0,0,,0.0
education::GET__classes_id_roster_replica-2,education,GET /classes/{id}/roster/replica-2,valid,allowed_with_extra_audit_metadata,1,4,0,,0.0
education::GET__classes_id_roster_replica-2,education,GET /classes/{id}/roster/replica-2,wrong_role,denied_empty_body,0,0,0,,0.0
education::GET__classes_id_roster_replica-2,education,GET /classes/{id}/roster/replica-2,wrong_role,denied_audit_logged,0,0,0,,0.0
education::GET__classes_id_roster_replica-2,education,GET /classes/{id}/roster/replica-2,wrong_role,deprecated_endpoint_unavailable,0,0,0,,0.0
education::GET__classes_id_roster_replica-2,education,GET /classes/{id}/roster/replica-2,wrong_jurisdiction,denied_empty_body,0,0,0,,0.0
education::GET__classes_id_roster_replica-2,education,GET /classes/{id}/roster/replica-2,wrong_jurisdiction,denied_audit_logged,0,0,0,,0.0
education::GET__classes_id_roster_replica-2,education,GET /classes/{id}/roster/replica-2,wrong_jurisdiction,deprecated_endpoint_unavailable,0,0,0,,0.0
education::GET__classes_id_roster_replica-2,education,GET /classes/{id}/roster/replica-2,wrong_purpose,denied_empty_body,0,0,0,,0.0
education::GET__classes_id_roster_replica-2,education,GET /classes/{id}/roster/replica-2,wrong_purpose,denied_audit_logged,0,0,0,,0.0
education::GET__classes_id_roster_replica-2,education,GET /classes/{id}/roster/replica-2,wrong_purpose,deprecated_endpoint_unavailable,0,0,0,,0.0
education::GET__classes_id_roster_replica-2,education,GET /classes/{id}/roster/replica-2,self_access,allowed_full_sorted,1,4,0,,0.0
education::GET__classes_id_roster_replica-2,education,GET /classes/{id}/roster/replica-2,self_access,allowed_full_shuffled,1,4,0,,0.0
education::GET__classes_id_roster_replica-2,education,GET /classes/{id}/roster/replica-2,self_access,allowed_minimal_subset,1,2,0,,0.0
education::GET__classes_id_roster_replica-2,education,GET /classes/{id}/roster/replica-2,self_access,allowed_empty_body,1,0,0,,0.0
education::GET__classes_id_roster_replica-2,education,GET /classes/{id}/roster/replica-2,self_access,allowed_with_extra_audit_metadata,1,4,0,,0.0
education::GET__classes_id_roster_replica-2,education,GET /classes/{id}/roster/replica-2,unauthenticated,denied_empty_body,0,0,0,,0.0
education::GET__classes_id_roster_replica-2,education,GET /classes/{id}/roster/replica-2,unauthenticated,denied_audit_logged,0,0,0,,0.0
education::GET__classes_id_roster_replica-2,education,GET /classes/{id}/roster/replica-2,unauthenticated,deprecated_endpoint_unavailable,0,0,0,,0.0
education::GET__classes_id_roster_replica-2,education,GET /classes/{id}/roster/replica-2,sensitive_field_probe,allowed_full_sorted,1,4,0,,0.0
education::GET__classes_id_roster_replica-2,education,GET /classes/{id}/roster/replica-2,sensitive_field_probe,allowed_full_shuffled,1,4,0,,0.0
education::GET__classes_id_roster_replica-2,education,GET /classes/{id}/roster/replica-2,sensitive_field_probe,allowed_minimal_subset,1,2,0,,0.0
education::GET__classes_id_roster_replica-2,education,GET /classes/{id}/roster/replica-2,sensitive_field_probe,allowed_empty_body,1,0,0,,0.0
education::GET__classes_id_roster_replica-2,education,GET /classes/{id}/roster/replica-2,sensitive_field_probe,allowed_with_extra_audit_metadata,1,4,0,,0.0
education::GET__classes_id_roster_replica-2,education,GET /classes/{id}/roster/replica-2,aggregation_boundary,allowed_full_sorted,1,4,0,,0.0
education::GET__classes_id_roster_replica-2,education,GET /classes/{id}/roster/replica-2,aggregation_boundary,allowed_full_shuffled,1,4,0,,0.0
education::GET__classes_id_roster_replica-2,education,GET /classes/{id}/roster/replica-2,aggregation_boundary,allowed_minimal_subset,1,2,0,,0.0
education::GET__classes_id_roster_replica-2,education,GET /classes/{id}/roster/replica-2,aggregation_boundary,allowed_empty_body,1,0,0,,0.0
education::GET__classes_id_roster_replica-2,education,GET /classes/{id}/roster/replica-2,aggregation_boundary,allowed_with_extra_audit_metadata,1,4,0,,0.0
education::GET__classes_id_roster_replica-2,education,GET /classes/{id}/roster/replica-2,deprecated_inventory,allowed_full_sorted,1,4,0,,0.0
education::GET__classes_id_roster_replica-2,education,GET /classes/{id}/roster/replica-2,deprecated_inventory,allowed_full_shuffled,1,4,0,,0.0
education::GET__classes_id_roster_replica-2,education,GET /classes/{id}/roster/replica-2,deprecated_inventory,allowed_minimal_subset,1,2,0,,0.0
education::GET__classes_id_roster_replica-2,education,GET /classes/{id}/roster/replica-2,deprecated_inventory,allowed_empty_body,1,0,0,,0.0
education::GET__classes_id_roster_replica-2,education,GET /classes/{id}/roster/replica-2,deprecated_inventory,allowed_with_extra_audit_metadata,1,4,0,,0.0
education::GET__discipline_id_replica-2,education,GET /discipline/{id}/replica-2,valid,allowed_full_sorted,1,4,0,,0.0
education::GET__discipline_id_replica-2,education,GET /discipline/{id}/replica-2,valid,allowed_full_shuffled,1,4,0,,0.0
education::GET__discipline_id_replica-2,education,GET /discipline/{id}/replica-2,valid,allowed_minimal_subset,1,2,0,,0.0
education::GET__discipline_id_replica-2,education,GET /discipline/{id}/replica-2,valid,allowed_empty_body,1,0,0,,0.0
education::GET__discipline_id_replica-2,education,GET /discipline/{id}/replica-2,valid,allowed_with_extra_audit_metadata,1,4,0,,0.0
education::GET__discipline_id_replica-2,education,GET /discipline/{id}/replica-2,wrong_role,denied_empty_body,0,0,0,,0.0
education::GET__discipline_id_replica-2,education,GET /discipline/{id}/replica-2,wrong_role,denied_audit_logged,0,0,0,,0.0
education::GET__discipline_id_replica-2,education,GET /discipline/{id}/replica-2,wrong_role,deprecated_endpoint_unavailable,0,0,0,,0.0
education::GET__discipline_id_replica-2,education,GET /discipline/{id}/replica-2,wrong_jurisdiction,denied_empty_body,0,0,0,,0.0
education::GET__discipline_id_replica-2,education,GET /discipline/{id}/replica-2,wrong_jurisdiction,denied_audit_logged,0,0,0,,0.0
education::GET__discipline_id_replica-2,education,GET /discipline/{id}/replica-2,wrong_jurisdiction,deprecated_endpoint_unavailable,0,0,0,,0.0
education::GET__discipline_id_replica-2,education,GET /discipline/{id}/replica-2,wrong_purpose,denied_empty_body,0,0,0,,0.0
education::GET__discipline_id_replica-2,education,GET /discipline/{id}/replica-2,wrong_purpose,denied_audit_logged,0,0,0,,0.0
education::GET__discipline_id_replica-2,education,GET /discipline/{id}/replica-2,wrong_purpose,deprecated_endpoint_unavailable,0,0,0,,0.0
education::GET__discipline_id_replica-2,education,GET /discipline/{id}/replica-2,self_access,allowed_full_sorted,1,5,0,,0.0
education::GET__discipline_id_replica-2,education,GET /discipline/{id}/replica-2,self_access,allowed_full_shuffled,1,5,0,,0.0
education::GET__discipline_id_replica-2,education,GET /discipline/{id}/replica-2,self_access,allowed_minimal_subset,1,2,0,,0.0
education::GET__discipline_id_replica-2,education,GET /discipline/{id}/replica-2,self_access,allowed_empty_body,1,0,0,,0.0
education::GET__discipline_id_replica-2,education,GET /discipline/{id}/replica-2,self_access,allowed_with_extra_audit_metadata,1,5,0,,0.0
education::GET__discipline_id_replica-2,education,GET /discipline/{id}/replica-2,unauthenticated,denied_empty_body,0,0,0,,0.0
education::GET__discipline_id_replica-2,education,GET /discipline/{id}/replica-2,unauthenticated,denied_audit_logged,0,0,0,,0.0
education::GET__discipline_id_replica-2,education,GET /discipline/{id}/replica-2,unauthenticated,deprecated_endpoint_unavailable,0,0,0,,0.0
education::GET__discipline_id_replica-2,education,GET /discipline/{id}/replica-2,sensitive_field_probe,allowed_full_sorted,1,4,0,,0.0
education::GET__discipline_id_replica-2,education,GET /discipline/{id}/replica-2,sensitive_field_probe,allowed_full_shuffled,1,4,0,,0.0
education::GET__discipline_id_replica-2,education,GET /discipline/{id}/replica-2,sensitive_field_probe,allowed_minimal_subset,1,2,0,,0.0
education::GET__discipline_id_replica-2,education,GET /discipline/{id}/replica-2,sensitive_field_probe,allowed_empty_body,1,0,0,,0.0
education::GET__discipline_id_replica-2,education,GET /discipline/{id}/replica-2,sensitive_field_probe,allowed_with_extra_audit_metadata,1,4,0,,0.0
education::GET__discipline_id_replica-2,education,GET /discipline/{id}/replica-2,aggregation_boundary,allowed_full_sorted,1,4,0,,0.0
education::GET__discipline_id_replica-2,education,GET /discipline/{id}/replica-2,aggregation_boundary,allowed_full_shuffled,1,4,0,,0.0
education::GET__discipline_id_replica-2,education,GET /discipline/{id}/replica-2,aggregation_boundary,allowed_minimal_subset,1,2,0,,0.0
education::GET__discipline_id_replica-2,education,GET /discipline/{id}/replica-2,aggregation_boundary,allowed_empty_body,1,0,0,,0.0
education::GET__discipline_id_replica-2,education,GET /discipline/{id}/replica-2,aggregation_boundary,allowed_with_extra_audit_metadata,1,4,0,,0.0
education::GET__discipline_id_replica-2,education,GET /discipline/{id}/replica-2,deprecated_inventory,allowed_full_sorted,1,4,0,,0.0
education::GET__discipline_id_replica-2,education,GET /discipline/{id}/replica-2,deprecated_inventory,allowed_full_shuffled,1,4,0,,0.0
education::GET__discipline_id_replica-2,education,GET /discipline/{id}/replica-2,deprecated_inventory,allowed_minimal_subset,1,2,0,,0.0
education::GET__discipline_id_replica-2,education,GET /discipline/{id}/replica-2,deprecated_inventory,allowed_empty_body,1,0,0,,0.0
education::GET__discipline_id_replica-2,education,GET /discipline/{id}/replica-2,deprecated_inventory,allowed_with_extra_audit_metadata,1,4,0,,0.0
business_licensing::GET__licenses_id_replica-2,business_licensing,GET /licenses/{id}/replica-2,valid,allowed_full_sorted,1,7,0,,0.0
business_licensing::GET__licenses_id_replica-2,business_licensing,GET /licenses/{id}/replica-2,valid,allowed_full_shuffled,1,7,0,,0.0
business_licensing::GET__licenses_id_replica-2,business_licensing,GET /licenses/{id}/replica-2,valid,allowed_minimal_subset,1,3,0,,0.0
business_licensing::GET__licenses_id_replica-2,business_licensing,GET /licenses/{id}/replica-2,valid,allowed_empty_body,1,0,0,,0.0
business_licensing::GET__licenses_id_replica-2,business_licensing,GET /licenses/{id}/replica-2,valid,allowed_with_extra_audit_metadata,1,7,0,,0.0
business_licensing::GET__licenses_id_replica-2,business_licensing,GET /licenses/{id}/replica-2,wrong_role,denied_empty_body,0,0,0,,0.0
business_licensing::GET__licenses_id_replica-2,business_licensing,GET /licenses/{id}/replica-2,wrong_role,denied_audit_logged,0,0,0,,0.0
business_licensing::GET__licenses_id_replica-2,business_licensing,GET /licenses/{id}/replica-2,wrong_role,deprecated_endpoint_unavailable,0,0,0,,0.0
business_licensing::GET__licenses_id_replica-2,business_licensing,GET /licenses/{id}/replica-2,wrong_jurisdiction,denied_empty_body,0,0,0,,0.0
business_licensing::GET__licenses_id_replica-2,business_licensing,GET /licenses/{id}/replica-2,wrong_jurisdiction,denied_audit_logged,0,0,0,,0.0
business_licensing::GET__licenses_id_replica-2,business_licensing,GET /licenses/{id}/replica-2,wrong_jurisdiction,deprecated_endpoint_unavailable,0,0,0,,0.0
business_licensing::GET__licenses_id_replica-2,business_licensing,GET /licenses/{id}/replica-2,wrong_purpose,denied_empty_body,0,0,0,,0.0
business_licensing::GET__licenses_id_replica-2,business_licensing,GET /licenses/{id}/replica-2,wrong_purpose,denied_audit_logged,0,0,0,,0.0
business_licensing::GET__licenses_id_replica-2,business_licensing,GET /licenses/{id}/replica-2,wrong_purpose,deprecated_endpoint_unavailable,0,0,0,,0.0
business_licensing::GET__licenses_id_replica-2,business_licensing,GET /licenses/{id}/replica-2,self_access,allowed_full_sorted,1,6,0,,0.0
business_licensing::GET__licenses_id_replica-2,business_licensing,GET /licenses/{id}/replica-2,self_access,allowed_full_shuffled,1,6,0,,0.0
business_licensing::GET__licenses_id_replica-2,business_licensing,GET /licenses/{id}/replica-2,self_access,allowed_minimal_subset,1,3,0,,0.0
business_licensing::GET__licenses_id_replica-2,business_licensing,GET /licenses/{id}/replica-2,self_access,allowed_empty_body,1,0,0,,0.0
business_licensing::GET__licenses_id_replica-2,business_licensing,GET /licenses/{id}/replica-2,self_access,allowed_with_extra_audit_metadata,1,6,0,,0.0
business_licensing::GET__licenses_id_replica-2,business_licensing,GET /licenses/{id}/replica-2,unauthenticated,denied_empty_body,0,0,0,,0.0
business_licensing::GET__licenses_id_replica-2,business_licensing,GET /licenses/{id}/replica-2,unauthenticated,denied_audit_logged,0,0,0,,0.0
business_licensing::GET__licenses_id_replica-2,business_licensing,GET /licenses/{id}/replica-2,unauthenticated,deprecated_endpoint_unavailable,0,0,0,,0.0
business_licensing::GET__licenses_id_replica-2,business_licensing,GET /licenses/{id}/replica-2,sensitive_field_probe,allowed_full_sorted,1,7,0,,0.0
business_licensing::GET__licenses_id_replica-2,business_licensing,GET /licenses/{id}/replica-2,sensitive_field_probe,allowed_full_shuffled,1,7,0,,0.0
business_licensing::GET__licenses_id_replica-2,business_licensing,GET /licenses/{id}/replica-2,sensitive_field_probe,allowed_minimal_subset,1,3,0,,0.0
business_licensing::GET__licenses_id_replica-2,business_licensing,GET /licenses/{id}/replica-2,sensitive_field_probe,allowed_empty_body,1,0,0,,0.0
business_licensing::GET__licenses_id_replica-2,business_licensing,GET /licenses/{id}/replica-2,sensitive_field_probe,allowed_with_extra_audit_metadata,1,7,0,,0.0
business_licensing::GET__licenses_id_replica-2,business_licensing,GET /licenses/{id}/replica-2,aggregation_boundary,allowed_full_sorted,1,7,0,,0.0
business_licensing::GET__licenses_id_replica-2,business_licensing,GET /licenses/{id}/replica-2,aggregation_boundary,allowed_full_shuffled,1,7,0,,0.0
business_licensing::GET__licenses_id_replica-2,business_licensing,GET /licenses/{id}/replica-2,aggregation_boundary,allowed_minimal_subset,1,3,0,,0.0
business_licensing::GET__licenses_id_replica-2,business_licensing,GET /licenses/{id}/replica-2,aggregation_boundary,allowed_empty_body,1,0,0,,0.0
business_licensing::GET__licenses_id_replica-2,business_licensing,GET /licenses/{id}/replica-2,aggregation_boundary,allowed_with_extra_audit_metadata,1,7,0,,0.0
business_licensing::GET__licenses_id_replica-2,business_licensing,GET /licenses/{id}/replica-2,deprecated_inventory,allowed_full_sorted,1,7,0,,0.0
business_licensing::GET__licenses_id_replica-2,business_licensing,GET /licenses/{id}/replica-2,deprecated_inventory,allowed_full_shuffled,1,7,0,,0.0
business_licensing::GET__licenses_id_replica-2,business_licensing,GET /licenses/{id}/replica-2,deprecated_inventory,allowed_minimal_subset,1,3,0,,0.0
business_licensing::GET__licenses_id_replica-2,business_licensing,GET /licenses/{id}/replica-2,deprecated_inventory,allowed_empty_body,1,0,0,,0.0
business_licensing::GET__licenses_id_replica-2,business_licensing,GET /licenses/{id}/replica-2,deprecated_inventory,allowed_with_extra_audit_metadata,1,7,0,,0.0
business_licensing::GET__inspections_id_replica-2,business_licensing,GET /inspections/{id}/replica-2,valid,allowed_full_sorted,1,6,0,,0.0
business_licensing::GET__inspections_id_replica-2,business_licensing,GET /inspections/{id}/replica-2,valid,allowed_full_shuffled,1,6,0,,0.0
business_licensing::GET__inspections_id_replica-2,business_licensing,GET /inspections/{id}/replica-2,valid,allowed_minimal_subset,1,3,0,,0.0
business_licensing::GET__inspections_id_replica-2,business_licensing,GET /inspections/{id}/replica-2,valid,allowed_empty_body,1,0,0,,0.0
business_licensing::GET__inspections_id_replica-2,business_licensing,GET /inspections/{id}/replica-2,valid,allowed_with_extra_audit_metadata,1,6,0,,0.0
business_licensing::GET__inspections_id_replica-2,business_licensing,GET /inspections/{id}/replica-2,wrong_role,denied_empty_body,0,0,0,,0.0
business_licensing::GET__inspections_id_replica-2,business_licensing,GET /inspections/{id}/replica-2,wrong_role,denied_audit_logged,0,0,0,,0.0
business_licensing::GET__inspections_id_replica-2,business_licensing,GET /inspections/{id}/replica-2,wrong_role,deprecated_endpoint_unavailable,0,0,0,,0.0
business_licensing::GET__inspections_id_replica-2,business_licensing,GET /inspections/{id}/replica-2,wrong_jurisdiction,denied_empty_body,0,0,0,,0.0
business_licensing::GET__inspections_id_replica-2,business_licensing,GET /inspections/{id}/replica-2,wrong_jurisdiction,denied_audit_logged,0,0,0,,0.0
business_licensing::GET__inspections_id_replica-2,business_licensing,GET /inspections/{id}/replica-2,wrong_jurisdiction,deprecated_endpoint_unavailable,0,0,0,,0.0
business_licensing::GET__inspections_id_replica-2,business_licensing,GET /inspections/{id}/replica-2,wrong_purpose,denied_empty_body,0,0,0,,0.0
business_licensing::GET__inspections_id_replica-2,business_licensing,GET /inspections/{id}/replica-2,wrong_purpose,denied_audit_logged,0,0,0,,0.0
business_licensing::GET__inspections_id_replica-2,business_licensing,GET /inspections/{id}/replica-2,wrong_purpose,deprecated_endpoint_unavailable,0,0,0,,0.0
business_licensing::GET__inspections_id_replica-2,business_licensing,GET /inspections/{id}/replica-2,self_access,allowed_full_sorted,1,5,0,,0.0
business_licensing::GET__inspections_id_replica-2,business_licensing,GET /inspections/{id}/replica-2,self_access,allowed_full_shuffled,1,5,0,,0.0
business_licensing::GET__inspections_id_replica-2,business_licensing,GET /inspections/{id}/replica-2,self_access,allowed_minimal_subset,1,2,0,,0.0
business_licensing::GET__inspections_id_replica-2,business_licensing,GET /inspections/{id}/replica-2,self_access,allowed_empty_body,1,0,0,,0.0
business_licensing::GET__inspections_id_replica-2,business_licensing,GET /inspections/{id}/replica-2,self_access,allowed_with_extra_audit_metadata,1,5,0,,0.0
business_licensing::GET__inspections_id_replica-2,business_licensing,GET /inspections/{id}/replica-2,unauthenticated,denied_empty_body,0,0,0,,0.0
business_licensing::GET__inspections_id_replica-2,business_licensing,GET /inspections/{id}/replica-2,unauthenticated,denied_audit_logged,0,0,0,,0.0
business_licensing::GET__inspections_id_replica-2,business_licensing,GET /inspections/{id}/replica-2,unauthenticated,deprecated_endpoint_unavailable,0,0,0,,0.0
business_licensing::GET__inspections_id_replica-2,business_licensing,GET /inspections/{id}/replica-2,sensitive_field_probe,allowed_full_sorted,1,6,0,,0.0
business_licensing::GET__inspections_id_replica-2,business_licensing,GET /inspections/{id}/replica-2,sensitive_field_probe,allowed_full_shuffled,1,6,0,,0.0
business_licensing::GET__inspections_id_replica-2,business_licensing,GET /inspections/{id}/replica-2,sensitive_field_probe,allowed_minimal_subset,1,3,0,,0.0
business_licensing::GET__inspections_id_replica-2,business_licensing,GET /inspections/{id}/replica-2,sensitive_field_probe,allowed_empty_body,1,0,0,,0.0
business_licensing::GET__inspections_id_replica-2,business_licensing,GET /inspections/{id}/replica-2,sensitive_field_probe,allowed_with_extra_audit_metadata,1,6,0,,0.0
business_licensing::GET__inspections_id_replica-2,business_licensing,GET /inspections/{id}/replica-2,aggregation_boundary,allowed_full_sorted,1,6,0,,0.0
business_licensing::GET__inspections_id_replica-2,business_licensing,GET /inspections/{id}/replica-2,aggregation_boundary,allowed_full_shuffled,1,6,0,,0.0
business_licensing::GET__inspections_id_replica-2,business_licensing,GET /inspections/{id}/replica-2,aggregation_boundary,allowed_minimal_subset,1,3,0,,0.0
business_licensing::GET__inspections_id_replica-2,business_licensing,GET /inspections/{id}/replica-2,aggregation_boundary,allowed_empty_body,1,0,0,,0.0
business_licensing::GET__inspections_id_replica-2,business_licensing,GET /inspections/{id}/replica-2,aggregation_boundary,allowed_with_extra_audit_metadata,1,6,0,,0.0
business_licensing::GET__inspections_id_replica-2,business_licensing,GET /inspections/{id}/replica-2,deprecated_inventory,allowed_full_sorted,1,6,0,,0.0
business_licensing::GET__inspections_id_replica-2,business_licensing,GET /inspections/{id}/replica-2,deprecated_inventory,allowed_full_shuffled,1,6,0,,0.0
business_licensing::GET__inspections_id_replica-2,business_licensing,GET /inspections/{id}/replica-2,deprecated_inventory,allowed_minimal_subset,1,3,0,,0.0
business_licensing::GET__inspections_id_replica-2,business_licensing,GET /inspections/{id}/replica-2,deprecated_inventory,allowed_empty_body,1,0,0,,0.0
business_licensing::GET__inspections_id_replica-2,business_licensing,GET /inspections/{id}/replica-2,deprecated_inventory,allowed_with_extra_audit_metadata,1,6,0,,0.0
business_licensing::GET__licenses_export_replica-2,business_licensing,GET /licenses/export/replica-2,valid,allowed_full_sorted,1,7,0,,0.0
business_licensing::GET__licenses_export_replica-2,business_licensing,GET /licenses/export/replica-2,valid,allowed_full_shuffled,1,7,0,,0.0
business_licensing::GET__licenses_export_replica-2,business_licensing,GET /licenses/export/replica-2,valid,allowed_minimal_subset,1,3,0,,0.0
business_licensing::GET__licenses_export_replica-2,business_licensing,GET /licenses/export/replica-2,valid,allowed_empty_body,1,0,0,,0.0
business_licensing::GET__licenses_export_replica-2,business_licensing,GET /licenses/export/replica-2,valid,allowed_with_extra_audit_metadata,1,7,0,,0.0
business_licensing::GET__licenses_export_replica-2,business_licensing,GET /licenses/export/replica-2,wrong_role,denied_empty_body,0,0,0,,0.0
business_licensing::GET__licenses_export_replica-2,business_licensing,GET /licenses/export/replica-2,wrong_role,denied_audit_logged,0,0,0,,0.0
business_licensing::GET__licenses_export_replica-2,business_licensing,GET /licenses/export/replica-2,wrong_role,deprecated_endpoint_unavailable,0,0,0,,0.0
business_licensing::GET__licenses_export_replica-2,business_licensing,GET /licenses/export/replica-2,wrong_jurisdiction,denied_empty_body,0,0,0,,0.0
business_licensing::GET__licenses_export_replica-2,business_licensing,GET /licenses/export/replica-2,wrong_jurisdiction,denied_audit_logged,0,0,0,,0.0
business_licensing::GET__licenses_export_replica-2,business_licensing,GET /licenses/export/replica-2,wrong_jurisdiction,deprecated_endpoint_unavailable,0,0,0,,0.0
business_licensing::GET__licenses_export_replica-2,business_licensing,GET /licenses/export/replica-2,wrong_purpose,denied_empty_body,0,0,0,,0.0
business_licensing::GET__licenses_export_replica-2,business_licensing,GET /licenses/export/replica-2,wrong_purpose,denied_audit_logged,0,0,0,,0.0
business_licensing::GET__licenses_export_replica-2,business_licensing,GET /licenses/export/replica-2,wrong_purpose,deprecated_endpoint_unavailable,0,0,0,,0.0
business_licensing::GET__licenses_export_replica-2,business_licensing,GET /licenses/export/replica-2,self_access,allowed_full_sorted,1,6,0,,0.0
business_licensing::GET__licenses_export_replica-2,business_licensing,GET /licenses/export/replica-2,self_access,allowed_full_shuffled,1,6,0,,0.0
business_licensing::GET__licenses_export_replica-2,business_licensing,GET /licenses/export/replica-2,self_access,allowed_minimal_subset,1,3,0,,0.0
business_licensing::GET__licenses_export_replica-2,business_licensing,GET /licenses/export/replica-2,self_access,allowed_empty_body,1,0,0,,0.0
business_licensing::GET__licenses_export_replica-2,business_licensing,GET /licenses/export/replica-2,self_access,allowed_with_extra_audit_metadata,1,6,0,,0.0
business_licensing::GET__licenses_export_replica-2,business_licensing,GET /licenses/export/replica-2,unauthenticated,denied_empty_body,0,0,0,,0.0
business_licensing::GET__licenses_export_replica-2,business_licensing,GET /licenses/export/replica-2,unauthenticated,denied_audit_logged,0,0,0,,0.0
business_licensing::GET__licenses_export_replica-2,business_licensing,GET /licenses/export/replica-2,unauthenticated,deprecated_endpoint_unavailable,0,0,0,,0.0
business_licensing::GET__licenses_export_replica-2,business_licensing,GET /licenses/export/replica-2,sensitive_field_probe,allowed_full_sorted,1,7,0,,0.0
business_licensing::GET__licenses_export_replica-2,business_licensing,GET /licenses/export/replica-2,sensitive_field_probe,allowed_full_shuffled,1,7,0,,0.0
business_licensing::GET__licenses_export_replica-2,business_licensing,GET /licenses/export/replica-2,sensitive_field_probe,allowed_minimal_subset,1,3,0,,0.0
business_licensing::GET__licenses_export_replica-2,business_licensing,GET /licenses/export/replica-2,sensitive_field_probe,allowed_empty_body,1,0,0,,0.0
business_licensing::GET__licenses_export_replica-2,business_licensing,GET /licenses/export/replica-2,sensitive_field_probe,allowed_with_extra_audit_metadata,1,7,0,,0.0
business_licensing::GET__licenses_export_replica-2,business_licensing,GET /licenses/export/replica-2,aggregation_boundary,allowed_full_sorted,1,7,0,,0.0
business_licensing::GET__licenses_export_replica-2,business_licensing,GET /licenses/export/replica-2,aggregation_boundary,allowed_full_shuffled,1,7,0,,0.0
business_licensing::GET__licenses_export_replica-2,business_licensing,GET /licenses/export/replica-2,aggregation_boundary,allowed_minimal_subset,1,3,0,,0.0
business_licensing::GET__licenses_export_replica-2,business_licensing,GET /licenses/export/replica-2,aggregation_boundary,allowed_empty_body,1,0,0,,0.0
business_licensing::GET__licenses_export_replica-2,business_licensing,GET /licenses/export/replica-2,aggregation_boundary,allowed_with_extra_audit_metadata,1,7,0,,0.0
business_licensing::GET__licenses_export_replica-2,business_licensing,GET /licenses/export/replica-2,deprecated_inventory,allowed_full_sorted,1,7,0,,0.0
business_licensing::GET__licenses_export_replica-2,business_licensing,GET /licenses/export/replica-2,deprecated_inventory,allowed_full_shuffled,1,7,0,,0.0
business_licensing::GET__licenses_export_replica-2,business_licensing,GET /licenses/export/replica-2,deprecated_inventory,allowed_minimal_subset,1,3,0,,0.0
business_licensing::GET__licenses_export_replica-2,business_licensing,GET /licenses/export/replica-2,deprecated_inventory,allowed_empty_body,1,0,0,,0.0
business_licensing::GET__licenses_export_replica-2,business_licensing,GET /licenses/export/replica-2,deprecated_inventory,allowed_with_extra_audit_metadata,1,7,0,,0.0
health::GET__patients_id_replica-3,health,GET /patients/{id}/replica-3,valid,allowed_full_sorted,1,7,0,,0.0
health::GET__patients_id_replica-3,health,GET /patients/{id}/replica-3,valid,allowed_full_shuffled,1,7,0,,0.0
health::GET__patients_id_replica-3,health,GET /patients/{id}/replica-3,valid,allowed_minimal_subset,1,3,0,,0.0
health::GET__patients_id_replica-3,health,GET /patients/{id}/replica-3,valid,allowed_empty_body,1,0,0,,0.0
health::GET__patients_id_replica-3,health,GET /patients/{id}/replica-3,valid,allowed_with_extra_audit_metadata,1,7,0,,0.0
health::GET__patients_id_replica-3,health,GET /patients/{id}/replica-3,wrong_role,denied_empty_body,0,0,0,,0.0
health::GET__patients_id_replica-3,health,GET /patients/{id}/replica-3,wrong_role,denied_audit_logged,0,0,0,,0.0
health::GET__patients_id_replica-3,health,GET /patients/{id}/replica-3,wrong_role,deprecated_endpoint_unavailable,0,0,0,,0.0
health::GET__patients_id_replica-3,health,GET /patients/{id}/replica-3,wrong_jurisdiction,denied_empty_body,0,0,0,,0.0
health::GET__patients_id_replica-3,health,GET /patients/{id}/replica-3,wrong_jurisdiction,denied_audit_logged,0,0,0,,0.0
health::GET__patients_id_replica-3,health,GET /patients/{id}/replica-3,wrong_jurisdiction,deprecated_endpoint_unavailable,0,0,0,,0.0
health::GET__patients_id_replica-3,health,GET /patients/{id}/replica-3,wrong_purpose,denied_empty_body,0,0,0,,0.0
health::GET__patients_id_replica-3,health,GET /patients/{id}/replica-3,wrong_purpose,denied_audit_logged,0,0,0,,0.0
health::GET__patients_id_replica-3,health,GET /patients/{id}/replica-3,wrong_purpose,deprecated_endpoint_unavailable,0,0,0,,0.0
health::GET__patients_id_replica-3,health,GET /patients/{id}/replica-3,self_access,allowed_full_sorted,1,8,0,,0.0
health::GET__patients_id_replica-3,health,GET /patients/{id}/replica-3,self_access,allowed_full_shuffled,1,8,0,,0.0
health::GET__patients_id_replica-3,health,GET /patients/{id}/replica-3,self_access,allowed_minimal_subset,1,4,0,,0.0
health::GET__patients_id_replica-3,health,GET /patients/{id}/replica-3,self_access,allowed_empty_body,1,0,0,,0.0
health::GET__patients_id_replica-3,health,GET /patients/{id}/replica-3,self_access,allowed_with_extra_audit_metadata,1,8,0,,0.0
health::GET__patients_id_replica-3,health,GET /patients/{id}/replica-3,unauthenticated,denied_empty_body,0,0,0,,0.0
health::GET__patients_id_replica-3,health,GET /patients/{id}/replica-3,unauthenticated,denied_audit_logged,0,0,0,,0.0
health::GET__patients_id_replica-3,health,GET /patients/{id}/replica-3,unauthenticated,deprecated_endpoint_unavailable,0,0,0,,0.0
health::GET__patients_id_replica-3,health,GET /patients/{id}/replica-3,sensitive_field_probe,allowed_full_sorted,1,7,0,,0.0
health::GET__patients_id_replica-3,health,GET /patients/{id}/replica-3,sensitive_field_probe,allowed_full_shuffled,1,7,0,,0.0
health::GET__patients_id_replica-3,health,GET /patients/{id}/replica-3,sensitive_field_probe,allowed_minimal_subset,1,3,0,,0.0
health::GET__patients_id_replica-3,health,GET /patients/{id}/replica-3,sensitive_field_probe,allowed_empty_body,1,0,0,,0.0
health::GET__patients_id_replica-3,health,GET /patients/{id}/replica-3,sensitive_field_probe,allowed_with_extra_audit_metadata,1,7,0,,0.0
health::GET__patients_id_replica-3,health,GET /patients/{id}/replica-3,aggregation_boundary,allowed_full_sorted,1,7,0,,0.0
health::GET__patients_id_replica-3,health,GET /patients/{id}/replica-3,aggregation_boundary,allowed_full_shuffled,1,7,0,,0.0
health::GET__patients_id_replica-3,health,GET /patients/{id}/replica-3,aggregation_boundary,allowed_minimal_subset,1,3,0,,0.0
health::GET__patients_id_replica-3,health,GET /patients/{id}/replica-3,aggregation_boundary,allowed_empty_body,1,0,0,,0.0
health::GET__patients_id_replica-3,health,GET /patients/{id}/replica-3,aggregation_boundary,allowed_with_extra_audit_metadata,1,7,0,,0.0
health::GET__patients_id_replica-3,health,GET /patients/{id}/replica-3,deprecated_inventory,allowed_full_sorted,1,7,0,,0.0
health::GET__patients_id_replica-3,health,GET /patients/{id}/replica-3,deprecated_inventory,allowed_full_shuffled,1,7,0,,0.0
health::GET__patients_id_replica-3,health,GET /patients/{id}/replica-3,deprecated_inventory,allowed_minimal_subset,1,3,0,,0.0
health::GET__patients_id_replica-3,health,GET /patients/{id}/replica-3,deprecated_inventory,allowed_empty_body,1,0,0,,0.0
health::GET__patients_id_replica-3,health,GET /patients/{id}/replica-3,deprecated_inventory,allowed_with_extra_audit_metadata,1,7,0,,0.0
health::GET__encounters_id_replica-3,health,GET /encounters/{id}/replica-3,valid,allowed_full_sorted,1,6,0,,0.0
health::GET__encounters_id_replica-3,health,GET /encounters/{id}/replica-3,valid,allowed_full_shuffled,1,6,0,,0.0
health::GET__encounters_id_replica-3,health,GET /encounters/{id}/replica-3,valid,allowed_minimal_subset,1,3,0,,0.0
health::GET__encounters_id_replica-3,health,GET /encounters/{id}/replica-3,valid,allowed_empty_body,1,0,0,,0.0
health::GET__encounters_id_replica-3,health,GET /encounters/{id}/replica-3,valid,allowed_with_extra_audit_metadata,1,6,0,,0.0
health::GET__encounters_id_replica-3,health,GET /encounters/{id}/replica-3,wrong_role,denied_empty_body,0,0,0,,0.0
health::GET__encounters_id_replica-3,health,GET /encounters/{id}/replica-3,wrong_role,denied_audit_logged,0,0,0,,0.0
health::GET__encounters_id_replica-3,health,GET /encounters/{id}/replica-3,wrong_role,deprecated_endpoint_unavailable,0,0,0,,0.0
health::GET__encounters_id_replica-3,health,GET /encounters/{id}/replica-3,wrong_jurisdiction,denied_empty_body,0,0,0,,0.0
health::GET__encounters_id_replica-3,health,GET /encounters/{id}/replica-3,wrong_jurisdiction,denied_audit_logged,0,0,0,,0.0
health::GET__encounters_id_replica-3,health,GET /encounters/{id}/replica-3,wrong_jurisdiction,deprecated_endpoint_unavailable,0,0,0,,0.0
health::GET__encounters_id_replica-3,health,GET /encounters/{id}/replica-3,wrong_purpose,denied_empty_body,0,0,0,,0.0
health::GET__encounters_id_replica-3,health,GET /encounters/{id}/replica-3,wrong_purpose,denied_audit_logged,0,0,0,,0.0
health::GET__encounters_id_replica-3,health,GET /encounters/{id}/replica-3,wrong_purpose,deprecated_endpoint_unavailable,0,0,0,,0.0
health::GET__encounters_id_replica-3,health,GET /encounters/{id}/replica-3,self_access,allowed_full_sorted,1,7,0,,0.0
health::GET__encounters_id_replica-3,health,GET /encounters/{id}/replica-3,self_access,allowed_full_shuffled,1,7,0,,0.0
health::GET__encounters_id_replica-3,health,GET /encounters/{id}/replica-3,self_access,allowed_minimal_subset,1,3,0,,0.0
health::GET__encounters_id_replica-3,health,GET /encounters/{id}/replica-3,self_access,allowed_empty_body,1,0,0,,0.0
health::GET__encounters_id_replica-3,health,GET /encounters/{id}/replica-3,self_access,allowed_with_extra_audit_metadata,1,7,0,,0.0
health::GET__encounters_id_replica-3,health,GET /encounters/{id}/replica-3,unauthenticated,denied_empty_body,0,0,0,,0.0
health::GET__encounters_id_replica-3,health,GET /encounters/{id}/replica-3,unauthenticated,denied_audit_logged,0,0,0,,0.0
health::GET__encounters_id_replica-3,health,GET /encounters/{id}/replica-3,unauthenticated,deprecated_endpoint_unavailable,0,0,0,,0.0
health::GET__encounters_id_replica-3,health,GET /encounters/{id}/replica-3,sensitive_field_probe,allowed_full_sorted,1,6,0,,0.0
health::GET__encounters_id_replica-3,health,GET /encounters/{id}/replica-3,sensitive_field_probe,allowed_full_shuffled,1,6,0,,0.0
health::GET__encounters_id_replica-3,health,GET /encounters/{id}/replica-3,sensitive_field_probe,allowed_minimal_subset,1,3,0,,0.0
health::GET__encounters_id_replica-3,health,GET /encounters/{id}/replica-3,sensitive_field_probe,allowed_empty_body,1,0,0,,0.0
health::GET__encounters_id_replica-3,health,GET /encounters/{id}/replica-3,sensitive_field_probe,allowed_with_extra_audit_metadata,1,6,0,,0.0
health::GET__encounters_id_replica-3,health,GET /encounters/{id}/replica-3,aggregation_boundary,allowed_full_sorted,1,6,0,,0.0
health::GET__encounters_id_replica-3,health,GET /encounters/{id}/replica-3,aggregation_boundary,allowed_full_shuffled,1,6,0,,0.0
health::GET__encounters_id_replica-3,health,GET /encounters/{id}/replica-3,aggregation_boundary,allowed_minimal_subset,1,3,0,,0.0
health::GET__encounters_id_replica-3,health,GET /encounters/{id}/replica-3,aggregation_boundary,allowed_empty_body,1,0,0,,0.0
health::GET__encounters_id_replica-3,health,GET /encounters/{id}/replica-3,aggregation_boundary,allowed_with_extra_audit_metadata,1,6,0,,0.0
health::GET__encounters_id_replica-3,health,GET /encounters/{id}/replica-3,deprecated_inventory,allowed_full_sorted,1,6,0,,0.0
health::GET__encounters_id_replica-3,health,GET /encounters/{id}/replica-3,deprecated_inventory,allowed_full_shuffled,1,6,0,,0.0
health::GET__encounters_id_replica-3,health,GET /encounters/{id}/replica-3,deprecated_inventory,allowed_minimal_subset,1,3,0,,0.0
health::GET__encounters_id_replica-3,health,GET /encounters/{id}/replica-3,deprecated_inventory,allowed_empty_body,1,0,0,,0.0
health::GET__encounters_id_replica-3,health,GET /encounters/{id}/replica-3,deprecated_inventory,allowed_with_extra_audit_metadata,1,6,0,,0.0
health::GET__patients_search_replica-3,health,GET /patients/search/replica-3,valid,allowed_full_sorted,1,7,0,,0.0
health::GET__patients_search_replica-3,health,GET /patients/search/replica-3,valid,allowed_full_shuffled,1,7,0,,0.0
health::GET__patients_search_replica-3,health,GET /patients/search/replica-3,valid,allowed_minimal_subset,1,3,0,,0.0
health::GET__patients_search_replica-3,health,GET /patients/search/replica-3,valid,allowed_empty_body,1,0,0,,0.0
health::GET__patients_search_replica-3,health,GET /patients/search/replica-3,valid,allowed_with_extra_audit_metadata,1,7,0,,0.0
health::GET__patients_search_replica-3,health,GET /patients/search/replica-3,wrong_role,denied_empty_body,0,0,0,,0.0
health::GET__patients_search_replica-3,health,GET /patients/search/replica-3,wrong_role,denied_audit_logged,0,0,0,,0.0
health::GET__patients_search_replica-3,health,GET /patients/search/replica-3,wrong_role,deprecated_endpoint_unavailable,0,0,0,,0.0
health::GET__patients_search_replica-3,health,GET /patients/search/replica-3,wrong_jurisdiction,denied_empty_body,0,0,0,,0.0
health::GET__patients_search_replica-3,health,GET /patients/search/replica-3,wrong_jurisdiction,denied_audit_logged,0,0,0,,0.0
health::GET__patients_search_replica-3,health,GET /patients/search/replica-3,wrong_jurisdiction,deprecated_endpoint_unavailable,0,0,0,,0.0
health::GET__patients_search_replica-3,health,GET /patients/search/replica-3,wrong_purpose,denied_empty_body,0,0,0,,0.0
health::GET__patients_search_replica-3,health,GET /patients/search/replica-3,wrong_purpose,denied_audit_logged,0,0,0,,0.0
health::GET__patients_search_replica-3,health,GET /patients/search/replica-3,wrong_purpose,deprecated_endpoint_unavailable,0,0,0,,0.0
health::GET__patients_search_replica-3,health,GET /patients/search/replica-3,self_access,allowed_full_sorted,1,8,0,,0.0
health::GET__patients_search_replica-3,health,GET /patients/search/replica-3,self_access,allowed_full_shuffled,1,8,0,,0.0
health::GET__patients_search_replica-3,health,GET /patients/search/replica-3,self_access,allowed_minimal_subset,1,4,0,,0.0
health::GET__patients_search_replica-3,health,GET /patients/search/replica-3,self_access,allowed_empty_body,1,0,0,,0.0
health::GET__patients_search_replica-3,health,GET /patients/search/replica-3,self_access,allowed_with_extra_audit_metadata,1,8,0,,0.0
health::GET__patients_search_replica-3,health,GET /patients/search/replica-3,unauthenticated,denied_empty_body,0,0,0,,0.0
health::GET__patients_search_replica-3,health,GET /patients/search/replica-3,unauthenticated,denied_audit_logged,0,0,0,,0.0
health::GET__patients_search_replica-3,health,GET /patients/search/replica-3,unauthenticated,deprecated_endpoint_unavailable,0,0,0,,0.0
health::GET__patients_search_replica-3,health,GET /patients/search/replica-3,sensitive_field_probe,allowed_full_sorted,1,7,0,,0.0
health::GET__patients_search_replica-3,health,GET /patients/search/replica-3,sensitive_field_probe,allowed_full_shuffled,1,7,0,,0.0
health::GET__patients_search_replica-3,health,GET /patients/search/replica-3,sensitive_field_probe,allowed_minimal_subset,1,3,0,,0.0
health::GET__patients_search_replica-3,health,GET /patients/search/replica-3,sensitive_field_probe,allowed_empty_body,1,0,0,,0.0
health::GET__patients_search_replica-3,health,GET /patients/search/replica-3,sensitive_field_probe,allowed_with_extra_audit_metadata,1,7,0,,0.0
health::GET__patients_search_replica-3,health,GET /patients/search/replica-3,aggregation_boundary,allowed_full_sorted,1,7,0,,0.0
health::GET__patients_search_replica-3,health,GET /patients/search/replica-3,aggregation_boundary,allowed_full_shuffled,1,7,0,,0.0
health::GET__patients_search_replica-3,health,GET /patients/search/replica-3,aggregation_boundary,allowed_minimal_subset,1,3,0,,0.0
health::GET__patients_search_replica-3,health,GET /patients/search/replica-3,aggregation_boundary,allowed_empty_body,1,0,0,,0.0
health::GET__patients_search_replica-3,health,GET /patients/search/replica-3,aggregation_boundary,allowed_with_extra_audit_metadata,1,7,0,,0.0
health::GET__patients_search_replica-3,health,GET /patients/search/replica-3,deprecated_inventory,allowed_full_sorted,1,7,0,,0.0
health::GET__patients_search_replica-3,health,GET /patients/search/replica-3,deprecated_inventory,allowed_full_shuffled,1,7,0,,0.0
health::GET__patients_search_replica-3,health,GET /patients/search/replica-3,deprecated_inventory,allowed_minimal_subset,1,3,0,,0.0
health::GET__patients_search_replica-3,health,GET /patients/search/replica-3,deprecated_inventory,allowed_empty_body,1,0,0,,0.0
health::GET__patients_search_replica-3,health,GET /patients/search/replica-3,deprecated_inventory,allowed_with_extra_audit_metadata,1,7,0,,0.0
citizen_services::GET__citizens_id_replica-3,citizen_services,GET /citizens/{id}/replica-3,valid,allowed_full_sorted,1,5,0,,0.0
citizen_services::GET__citizens_id_replica-3,citizen_services,GET /citizens/{id}/replica-3,valid,allowed_full_shuffled,1,5,0,,0.0
citizen_services::GET__citizens_id_replica-3,citizen_services,GET /citizens/{id}/replica-3,valid,allowed_minimal_subset,1,2,0,,0.0
citizen_services::GET__citizens_id_replica-3,citizen_services,GET /citizens/{id}/replica-3,valid,allowed_empty_body,1,0,0,,0.0
citizen_services::GET__citizens_id_replica-3,citizen_services,GET /citizens/{id}/replica-3,valid,allowed_with_extra_audit_metadata,1,5,0,,0.0
citizen_services::GET__citizens_id_replica-3,citizen_services,GET /citizens/{id}/replica-3,wrong_role,denied_empty_body,0,0,0,,0.0
citizen_services::GET__citizens_id_replica-3,citizen_services,GET /citizens/{id}/replica-3,wrong_role,denied_audit_logged,0,0,0,,0.0
citizen_services::GET__citizens_id_replica-3,citizen_services,GET /citizens/{id}/replica-3,wrong_role,deprecated_endpoint_unavailable,0,0,0,,0.0
citizen_services::GET__citizens_id_replica-3,citizen_services,GET /citizens/{id}/replica-3,wrong_jurisdiction,denied_empty_body,0,0,0,,0.0
citizen_services::GET__citizens_id_replica-3,citizen_services,GET /citizens/{id}/replica-3,wrong_jurisdiction,denied_audit_logged,0,0,0,,0.0
citizen_services::GET__citizens_id_replica-3,citizen_services,GET /citizens/{id}/replica-3,wrong_jurisdiction,deprecated_endpoint_unavailable,0,0,0,,0.0
citizen_services::GET__citizens_id_replica-3,citizen_services,GET /citizens/{id}/replica-3,wrong_purpose,denied_empty_body,0,0,0,,0.0
citizen_services::GET__citizens_id_replica-3,citizen_services,GET /citizens/{id}/replica-3,wrong_purpose,denied_audit_logged,0,0,0,,0.0
citizen_services::GET__citizens_id_replica-3,citizen_services,GET /citizens/{id}/replica-3,wrong_purpose,deprecated_endpoint_unavailable,0,0,0,,0.0
citizen_services::GET__citizens_id_replica-3,citizen_services,GET /citizens/{id}/replica-3,self_access,allowed_full_sorted,1,5,0,,0.0
citizen_services::GET__citizens_id_replica-3,citizen_services,GET /citizens/{id}/replica-3,self_access,allowed_full_shuffled,1,5,0,,0.0
citizen_services::GET__citizens_id_replica-3,citizen_services,GET /citizens/{id}/replica-3,self_access,allowed_minimal_subset,1,2,0,,0.0
citizen_services::GET__citizens_id_replica-3,citizen_services,GET /citizens/{id}/replica-3,self_access,allowed_empty_body,1,0,0,,0.0
citizen_services::GET__citizens_id_replica-3,citizen_services,GET /citizens/{id}/replica-3,self_access,allowed_with_extra_audit_metadata,1,5,0,,0.0
citizen_services::GET__citizens_id_replica-3,citizen_services,GET /citizens/{id}/replica-3,unauthenticated,denied_empty_body,0,0,0,,0.0
citizen_services::GET__citizens_id_replica-3,citizen_services,GET /citizens/{id}/replica-3,unauthenticated,denied_audit_logged,0,0,0,,0.0
citizen_services::GET__citizens_id_replica-3,citizen_services,GET /citizens/{id}/replica-3,unauthenticated,deprecated_endpoint_unavailable,0,0,0,,0.0
citizen_services::GET__citizens_id_replica-3,citizen_services,GET /citizens/{id}/replica-3,sensitive_field_probe,allowed_full_sorted,1,5,0,,0.0
citizen_services::GET__citizens_id_replica-3,citizen_services,GET /citizens/{id}/replica-3,sensitive_field_probe,allowed_full_shuffled,1,5,0,,0.0
citizen_services::GET__citizens_id_replica-3,citizen_services,GET /citizens/{id}/replica-3,sensitive_field_probe,allowed_minimal_subset,1,2,0,,0.0
citizen_services::GET__citizens_id_replica-3,citizen_services,GET /citizens/{id}/replica-3,sensitive_field_probe,allowed_empty_body,1,0,0,,0.0
citizen_services::GET__citizens_id_replica-3,citizen_services,GET /citizens/{id}/replica-3,sensitive_field_probe,allowed_with_extra_audit_metadata,1,5,0,,0.0
citizen_services::GET__citizens_id_replica-3,citizen_services,GET /citizens/{id}/replica-3,aggregation_boundary,allowed_full_sorted,1,5,0,,0.0
citizen_services::GET__citizens_id_replica-3,citizen_services,GET /citizens/{id}/replica-3,aggregation_boundary,allowed_full_shuffled,1,5,0,,0.0
citizen_services::GET__citizens_id_replica-3,citizen_services,GET /citizens/{id}/replica-3,aggregation_boundary,allowed_minimal_subset,1,2,0,,0.0
citizen_services::GET__citizens_id_replica-3,citizen_services,GET /citizens/{id}/replica-3,aggregation_boundary,allowed_empty_body,1,0,0,,0.0
citizen_services::GET__citizens_id_replica-3,citizen_services,GET /citizens/{id}/replica-3,aggregation_boundary,allowed_with_extra_audit_metadata,1,5,0,,0.0
citizen_services::GET__citizens_id_replica-3,citizen_services,GET /citizens/{id}/replica-3,deprecated_inventory,allowed_full_sorted,1,5,0,,0.0
citizen_services::GET__citizens_id_replica-3,citizen_services,GET /citizens/{id}/replica-3,deprecated_inventory,allowed_full_shuffled,1,5,0,,0.0
citizen_services::GET__citizens_id_replica-3,citizen_services,GET /citizens/{id}/replica-3,deprecated_inventory,allowed_minimal_subset,1,2,0,,0.0
citizen_services::GET__citizens_id_replica-3,citizen_services,GET /citizens/{id}/replica-3,deprecated_inventory,allowed_empty_body,1,0,0,,0.0
citizen_services::GET__citizens_id_replica-3,citizen_services,GET /citizens/{id}/replica-3,deprecated_inventory,allowed_with_extra_audit_metadata,1,5,0,,0.0
citizen_services::GET__benefits_id_replica-3,citizen_services,GET /benefits/{id}/replica-3,valid,allowed_full_sorted,1,5,0,,0.0
citizen_services::GET__benefits_id_replica-3,citizen_services,GET /benefits/{id}/replica-3,valid,allowed_full_shuffled,1,5,0,,0.0
citizen_services::GET__benefits_id_replica-3,citizen_services,GET /benefits/{id}/replica-3,valid,allowed_minimal_subset,1,2,0,,0.0
citizen_services::GET__benefits_id_replica-3,citizen_services,GET /benefits/{id}/replica-3,valid,allowed_empty_body,1,0,0,,0.0
citizen_services::GET__benefits_id_replica-3,citizen_services,GET /benefits/{id}/replica-3,valid,allowed_with_extra_audit_metadata,1,5,0,,0.0
citizen_services::GET__benefits_id_replica-3,citizen_services,GET /benefits/{id}/replica-3,wrong_role,denied_empty_body,0,0,0,,0.0
citizen_services::GET__benefits_id_replica-3,citizen_services,GET /benefits/{id}/replica-3,wrong_role,denied_audit_logged,0,0,0,,0.0
citizen_services::GET__benefits_id_replica-3,citizen_services,GET /benefits/{id}/replica-3,wrong_role,deprecated_endpoint_unavailable,0,0,0,,0.0
citizen_services::GET__benefits_id_replica-3,citizen_services,GET /benefits/{id}/replica-3,wrong_jurisdiction,denied_empty_body,0,0,0,,0.0
citizen_services::GET__benefits_id_replica-3,citizen_services,GET /benefits/{id}/replica-3,wrong_jurisdiction,denied_audit_logged,0,0,0,,0.0
citizen_services::GET__benefits_id_replica-3,citizen_services,GET /benefits/{id}/replica-3,wrong_jurisdiction,deprecated_endpoint_unavailable,0,0,0,,0.0
citizen_services::GET__benefits_id_replica-3,citizen_services,GET /benefits/{id}/replica-3,wrong_purpose,denied_empty_body,0,0,0,,0.0
citizen_services::GET__benefits_id_replica-3,citizen_services,GET /benefits/{id}/replica-3,wrong_purpose,denied_audit_logged,0,0,0,,0.0
citizen_services::GET__benefits_id_replica-3,citizen_services,GET /benefits/{id}/replica-3,wrong_purpose,deprecated_endpoint_unavailable,0,0,0,,0.0
citizen_services::GET__benefits_id_replica-3,citizen_services,GET /benefits/{id}/replica-3,self_access,allowed_full_sorted,1,6,0,,0.0
citizen_services::GET__benefits_id_replica-3,citizen_services,GET /benefits/{id}/replica-3,self_access,allowed_full_shuffled,1,6,0,,0.0
citizen_services::GET__benefits_id_replica-3,citizen_services,GET /benefits/{id}/replica-3,self_access,allowed_minimal_subset,1,3,0,,0.0
citizen_services::GET__benefits_id_replica-3,citizen_services,GET /benefits/{id}/replica-3,self_access,allowed_empty_body,1,0,0,,0.0
citizen_services::GET__benefits_id_replica-3,citizen_services,GET /benefits/{id}/replica-3,self_access,allowed_with_extra_audit_metadata,1,6,0,,0.0
citizen_services::GET__benefits_id_replica-3,citizen_services,GET /benefits/{id}/replica-3,unauthenticated,denied_empty_body,0,0,0,,0.0
citizen_services::GET__benefits_id_replica-3,citizen_services,GET /benefits/{id}/replica-3,unauthenticated,denied_audit_logged,0,0,0,,0.0
citizen_services::GET__benefits_id_replica-3,citizen_services,GET /benefits/{id}/replica-3,unauthenticated,deprecated_endpoint_unavailable,0,0,0,,0.0
citizen_services::GET__benefits_id_replica-3,citizen_services,GET /benefits/{id}/replica-3,sensitive_field_probe,allowed_full_sorted,1,5,0,,0.0
citizen_services::GET__benefits_id_replica-3,citizen_services,GET /benefits/{id}/replica-3,sensitive_field_probe,allowed_full_shuffled,1,5,0,,0.0
citizen_services::GET__benefits_id_replica-3,citizen_services,GET /benefits/{id}/replica-3,sensitive_field_probe,allowed_minimal_subset,1,2,0,,0.0
citizen_services::GET__benefits_id_replica-3,citizen_services,GET /benefits/{id}/replica-3,sensitive_field_probe,allowed_empty_body,1,0,0,,0.0
citizen_services::GET__benefits_id_replica-3,citizen_services,GET /benefits/{id}/replica-3,sensitive_field_probe,allowed_with_extra_audit_metadata,1,5,0,,0.0
citizen_services::GET__benefits_id_replica-3,citizen_services,GET /benefits/{id}/replica-3,aggregation_boundary,allowed_full_sorted,1,5,0,,0.0
citizen_services::GET__benefits_id_replica-3,citizen_services,GET /benefits/{id}/replica-3,aggregation_boundary,allowed_full_shuffled,1,5,0,,0.0
citizen_services::GET__benefits_id_replica-3,citizen_services,GET /benefits/{id}/replica-3,aggregation_boundary,allowed_minimal_subset,1,2,0,,0.0
citizen_services::GET__benefits_id_replica-3,citizen_services,GET /benefits/{id}/replica-3,aggregation_boundary,allowed_empty_body,1,0,0,,0.0
citizen_services::GET__benefits_id_replica-3,citizen_services,GET /benefits/{id}/replica-3,aggregation_boundary,allowed_with_extra_audit_metadata,1,5,0,,0.0
citizen_services::GET__benefits_id_replica-3,citizen_services,GET /benefits/{id}/replica-3,deprecated_inventory,allowed_full_sorted,1,5,0,,0.0
citizen_services::GET__benefits_id_replica-3,citizen_services,GET /benefits/{id}/replica-3,deprecated_inventory,allowed_full_shuffled,1,5,0,,0.0
citizen_services::GET__benefits_id_replica-3,citizen_services,GET /benefits/{id}/replica-3,deprecated_inventory,allowed_minimal_subset,1,2,0,,0.0
citizen_services::GET__benefits_id_replica-3,citizen_services,GET /benefits/{id}/replica-3,deprecated_inventory,allowed_empty_body,1,0,0,,0.0
citizen_services::GET__benefits_id_replica-3,citizen_services,GET /benefits/{id}/replica-3,deprecated_inventory,allowed_with_extra_audit_metadata,1,5,0,,0.0
citizen_services::GET__citizens_export_replica-3,citizen_services,GET /citizens/export/replica-3,valid,allowed_full_sorted,1,5,0,,0.0
citizen_services::GET__citizens_export_replica-3,citizen_services,GET /citizens/export/replica-3,valid,allowed_full_shuffled,1,5,0,,0.0
citizen_services::GET__citizens_export_replica-3,citizen_services,GET /citizens/export/replica-3,valid,allowed_minimal_subset,1,2,0,,0.0
citizen_services::GET__citizens_export_replica-3,citizen_services,GET /citizens/export/replica-3,valid,allowed_empty_body,1,0,0,,0.0
citizen_services::GET__citizens_export_replica-3,citizen_services,GET /citizens/export/replica-3,valid,allowed_with_extra_audit_metadata,1,5,0,,0.0
citizen_services::GET__citizens_export_replica-3,citizen_services,GET /citizens/export/replica-3,wrong_role,denied_empty_body,0,0,0,,0.0
citizen_services::GET__citizens_export_replica-3,citizen_services,GET /citizens/export/replica-3,wrong_role,denied_audit_logged,0,0,0,,0.0
citizen_services::GET__citizens_export_replica-3,citizen_services,GET /citizens/export/replica-3,wrong_role,deprecated_endpoint_unavailable,0,0,0,,0.0
citizen_services::GET__citizens_export_replica-3,citizen_services,GET /citizens/export/replica-3,wrong_jurisdiction,denied_empty_body,0,0,0,,0.0
citizen_services::GET__citizens_export_replica-3,citizen_services,GET /citizens/export/replica-3,wrong_jurisdiction,denied_audit_logged,0,0,0,,0.0
citizen_services::GET__citizens_export_replica-3,citizen_services,GET /citizens/export/replica-3,wrong_jurisdiction,deprecated_endpoint_unavailable,0,0,0,,0.0
citizen_services::GET__citizens_export_replica-3,citizen_services,GET /citizens/export/replica-3,wrong_purpose,denied_empty_body,0,0,0,,0.0
citizen_services::GET__citizens_export_replica-3,citizen_services,GET /citizens/export/replica-3,wrong_purpose,denied_audit_logged,0,0,0,,0.0
citizen_services::GET__citizens_export_replica-3,citizen_services,GET /citizens/export/replica-3,wrong_purpose,deprecated_endpoint_unavailable,0,0,0,,0.0
citizen_services::GET__citizens_export_replica-3,citizen_services,GET /citizens/export/replica-3,self_access,allowed_full_sorted,1,5,0,,0.0
citizen_services::GET__citizens_export_replica-3,citizen_services,GET /citizens/export/replica-3,self_access,allowed_full_shuffled,1,5,0,,0.0
citizen_services::GET__citizens_export_replica-3,citizen_services,GET /citizens/export/replica-3,self_access,allowed_minimal_subset,1,2,0,,0.0
citizen_services::GET__citizens_export_replica-3,citizen_services,GET /citizens/export/replica-3,self_access,allowed_empty_body,1,0,0,,0.0
citizen_services::GET__citizens_export_replica-3,citizen_services,GET /citizens/export/replica-3,self_access,allowed_with_extra_audit_metadata,1,5,0,,0.0
citizen_services::GET__citizens_export_replica-3,citizen_services,GET /citizens/export/replica-3,unauthenticated,denied_empty_body,0,0,0,,0.0
citizen_services::GET__citizens_export_replica-3,citizen_services,GET /citizens/export/replica-3,unauthenticated,denied_audit_logged,0,0,0,,0.0
citizen_services::GET__citizens_export_replica-3,citizen_services,GET /citizens/export/replica-3,unauthenticated,deprecated_endpoint_unavailable,0,0,0,,0.0
citizen_services::GET__citizens_export_replica-3,citizen_services,GET /citizens/export/replica-3,sensitive_field_probe,allowed_full_sorted,1,5,0,,0.0
citizen_services::GET__citizens_export_replica-3,citizen_services,GET /citizens/export/replica-3,sensitive_field_probe,allowed_full_shuffled,1,5,0,,0.0
citizen_services::GET__citizens_export_replica-3,citizen_services,GET /citizens/export/replica-3,sensitive_field_probe,allowed_minimal_subset,1,2,0,,0.0
citizen_services::GET__citizens_export_replica-3,citizen_services,GET /citizens/export/replica-3,sensitive_field_probe,allowed_empty_body,1,0,0,,0.0
citizen_services::GET__citizens_export_replica-3,citizen_services,GET /citizens/export/replica-3,sensitive_field_probe,allowed_with_extra_audit_metadata,1,5,0,,0.0
citizen_services::GET__citizens_export_replica-3,citizen_services,GET /citizens/export/replica-3,aggregation_boundary,allowed_full_sorted,1,5,0,,0.0
citizen_services::GET__citizens_export_replica-3,citizen_services,GET /citizens/export/replica-3,aggregation_boundary,allowed_full_shuffled,1,5,0,,0.0
citizen_services::GET__citizens_export_replica-3,citizen_services,GET /citizens/export/replica-3,aggregation_boundary,allowed_minimal_subset,1,2,0,,0.0
citizen_services::GET__citizens_export_replica-3,citizen_services,GET /citizens/export/replica-3,aggregation_boundary,allowed_empty_body,1,0,0,,0.0
citizen_services::GET__citizens_export_replica-3,citizen_services,GET /citizens/export/replica-3,aggregation_boundary,allowed_with_extra_audit_metadata,1,5,0,,0.0
citizen_services::GET__citizens_export_replica-3,citizen_services,GET /citizens/export/replica-3,deprecated_inventory,allowed_full_sorted,1,5,0,,0.0
citizen_services::GET__citizens_export_replica-3,citizen_services,GET /citizens/export/replica-3,deprecated_inventory,allowed_full_shuffled,1,5,0,,0.0
citizen_services::GET__citizens_export_replica-3,citizen_services,GET /citizens/export/replica-3,deprecated_inventory,allowed_minimal_subset,1,2,0,,0.0
citizen_services::GET__citizens_export_replica-3,citizen_services,GET /citizens/export/replica-3,deprecated_inventory,allowed_empty_body,1,0,0,,0.0
citizen_services::GET__citizens_export_replica-3,citizen_services,GET /citizens/export/replica-3,deprecated_inventory,allowed_with_extra_audit_metadata,1,5,0,,0.0
education::GET__students_id_record_replica-3,education,GET /students/{id}/record/replica-3,valid,allowed_full_sorted,1,4,0,,0.0
education::GET__students_id_record_replica-3,education,GET /students/{id}/record/replica-3,valid,allowed_full_shuffled,1,4,0,,0.0
education::GET__students_id_record_replica-3,education,GET /students/{id}/record/replica-3,valid,allowed_minimal_subset,1,2,0,,0.0
education::GET__students_id_record_replica-3,education,GET /students/{id}/record/replica-3,valid,allowed_empty_body,1,0,0,,0.0
education::GET__students_id_record_replica-3,education,GET /students/{id}/record/replica-3,valid,allowed_with_extra_audit_metadata,1,4,0,,0.0
education::GET__students_id_record_replica-3,education,GET /students/{id}/record/replica-3,wrong_role,denied_empty_body,0,0,0,,0.0
education::GET__students_id_record_replica-3,education,GET /students/{id}/record/replica-3,wrong_role,denied_audit_logged,0,0,0,,0.0
education::GET__students_id_record_replica-3,education,GET /students/{id}/record/replica-3,wrong_role,deprecated_endpoint_unavailable,0,0,0,,0.0
education::GET__students_id_record_replica-3,education,GET /students/{id}/record/replica-3,wrong_jurisdiction,denied_empty_body,0,0,0,,0.0
education::GET__students_id_record_replica-3,education,GET /students/{id}/record/replica-3,wrong_jurisdiction,denied_audit_logged,0,0,0,,0.0
education::GET__students_id_record_replica-3,education,GET /students/{id}/record/replica-3,wrong_jurisdiction,deprecated_endpoint_unavailable,0,0,0,,0.0
education::GET__students_id_record_replica-3,education,GET /students/{id}/record/replica-3,wrong_purpose,denied_empty_body,0,0,0,,0.0
education::GET__students_id_record_replica-3,education,GET /students/{id}/record/replica-3,wrong_purpose,denied_audit_logged,0,0,0,,0.0
education::GET__students_id_record_replica-3,education,GET /students/{id}/record/replica-3,wrong_purpose,deprecated_endpoint_unavailable,0,0,0,,0.0
education::GET__students_id_record_replica-3,education,GET /students/{id}/record/replica-3,self_access,allowed_full_sorted,1,4,0,,0.0
education::GET__students_id_record_replica-3,education,GET /students/{id}/record/replica-3,self_access,allowed_full_shuffled,1,4,0,,0.0
education::GET__students_id_record_replica-3,education,GET /students/{id}/record/replica-3,self_access,allowed_minimal_subset,1,2,0,,0.0
education::GET__students_id_record_replica-3,education,GET /students/{id}/record/replica-3,self_access,allowed_empty_body,1,0,0,,0.0
education::GET__students_id_record_replica-3,education,GET /students/{id}/record/replica-3,self_access,allowed_with_extra_audit_metadata,1,4,0,,0.0
education::GET__students_id_record_replica-3,education,GET /students/{id}/record/replica-3,unauthenticated,denied_empty_body,0,0,0,,0.0
education::GET__students_id_record_replica-3,education,GET /students/{id}/record/replica-3,unauthenticated,denied_audit_logged,0,0,0,,0.0
education::GET__students_id_record_replica-3,education,GET /students/{id}/record/replica-3,unauthenticated,deprecated_endpoint_unavailable,0,0,0,,0.0
education::GET__students_id_record_replica-3,education,GET /students/{id}/record/replica-3,sensitive_field_probe,allowed_full_sorted,1,4,0,,0.0
education::GET__students_id_record_replica-3,education,GET /students/{id}/record/replica-3,sensitive_field_probe,allowed_full_shuffled,1,4,0,,0.0
education::GET__students_id_record_replica-3,education,GET /students/{id}/record/replica-3,sensitive_field_probe,allowed_minimal_subset,1,2,0,,0.0
education::GET__students_id_record_replica-3,education,GET /students/{id}/record/replica-3,sensitive_field_probe,allowed_empty_body,1,0,0,,0.0
education::GET__students_id_record_replica-3,education,GET /students/{id}/record/replica-3,sensitive_field_probe,allowed_with_extra_audit_metadata,1,4,0,,0.0
education::GET__students_id_record_replica-3,education,GET /students/{id}/record/replica-3,aggregation_boundary,allowed_full_sorted,1,4,0,,0.0
education::GET__students_id_record_replica-3,education,GET /students/{id}/record/replica-3,aggregation_boundary,allowed_full_shuffled,1,4,0,,0.0
education::GET__students_id_record_replica-3,education,GET /students/{id}/record/replica-3,aggregation_boundary,allowed_minimal_subset,1,2,0,,0.0
education::GET__students_id_record_replica-3,education,GET /students/{id}/record/replica-3,aggregation_boundary,allowed_empty_body,1,0,0,,0.0
education::GET__students_id_record_replica-3,education,GET /students/{id}/record/replica-3,aggregation_boundary,allowed_with_extra_audit_metadata,1,4,0,,0.0
education::GET__students_id_record_replica-3,education,GET /students/{id}/record/replica-3,deprecated_inventory,allowed_full_sorted,1,4,0,,0.0
education::GET__students_id_record_replica-3,education,GET /students/{id}/record/replica-3,deprecated_inventory,allowed_full_shuffled,1,4,0,,0.0
education::GET__students_id_record_replica-3,education,GET /students/{id}/record/replica-3,deprecated_inventory,allowed_minimal_subset,1,2,0,,0.0
education::GET__students_id_record_replica-3,education,GET /students/{id}/record/replica-3,deprecated_inventory,allowed_empty_body,1,0,0,,0.0
education::GET__students_id_record_replica-3,education,GET /students/{id}/record/replica-3,deprecated_inventory,allowed_with_extra_audit_metadata,1,4,0,,0.0
education::GET__classes_id_roster_replica-3,education,GET /classes/{id}/roster/replica-3,valid,allowed_full_sorted,1,4,0,,0.0
education::GET__classes_id_roster_replica-3,education,GET /classes/{id}/roster/replica-3,valid,allowed_full_shuffled,1,4,0,,0.0
education::GET__classes_id_roster_replica-3,education,GET /classes/{id}/roster/replica-3,valid,allowed_minimal_subset,1,2,0,,0.0
education::GET__classes_id_roster_replica-3,education,GET /classes/{id}/roster/replica-3,valid,allowed_empty_body,1,0,0,,0.0
education::GET__classes_id_roster_replica-3,education,GET /classes/{id}/roster/replica-3,valid,allowed_with_extra_audit_metadata,1,4,0,,0.0
education::GET__classes_id_roster_replica-3,education,GET /classes/{id}/roster/replica-3,wrong_role,denied_empty_body,0,0,0,,0.0
education::GET__classes_id_roster_replica-3,education,GET /classes/{id}/roster/replica-3,wrong_role,denied_audit_logged,0,0,0,,0.0
education::GET__classes_id_roster_replica-3,education,GET /classes/{id}/roster/replica-3,wrong_role,deprecated_endpoint_unavailable,0,0,0,,0.0
education::GET__classes_id_roster_replica-3,education,GET /classes/{id}/roster/replica-3,wrong_jurisdiction,denied_empty_body,0,0,0,,0.0
education::GET__classes_id_roster_replica-3,education,GET /classes/{id}/roster/replica-3,wrong_jurisdiction,denied_audit_logged,0,0,0,,0.0
education::GET__classes_id_roster_replica-3,education,GET /classes/{id}/roster/replica-3,wrong_jurisdiction,deprecated_endpoint_unavailable,0,0,0,,0.0
education::GET__classes_id_roster_replica-3,education,GET /classes/{id}/roster/replica-3,wrong_purpose,denied_empty_body,0,0,0,,0.0
education::GET__classes_id_roster_replica-3,education,GET /classes/{id}/roster/replica-3,wrong_purpose,denied_audit_logged,0,0,0,,0.0
education::GET__classes_id_roster_replica-3,education,GET /classes/{id}/roster/replica-3,wrong_purpose,deprecated_endpoint_unavailable,0,0,0,,0.0
education::GET__classes_id_roster_replica-3,education,GET /classes/{id}/roster/replica-3,self_access,allowed_full_sorted,1,4,0,,0.0
education::GET__classes_id_roster_replica-3,education,GET /classes/{id}/roster/replica-3,self_access,allowed_full_shuffled,1,4,0,,0.0
education::GET__classes_id_roster_replica-3,education,GET /classes/{id}/roster/replica-3,self_access,allowed_minimal_subset,1,2,0,,0.0
education::GET__classes_id_roster_replica-3,education,GET /classes/{id}/roster/replica-3,self_access,allowed_empty_body,1,0,0,,0.0
education::GET__classes_id_roster_replica-3,education,GET /classes/{id}/roster/replica-3,self_access,allowed_with_extra_audit_metadata,1,4,0,,0.0
education::GET__classes_id_roster_replica-3,education,GET /classes/{id}/roster/replica-3,unauthenticated,denied_empty_body,0,0,0,,0.0
education::GET__classes_id_roster_replica-3,education,GET /classes/{id}/roster/replica-3,unauthenticated,denied_audit_logged,0,0,0,,0.0
education::GET__classes_id_roster_replica-3,education,GET /classes/{id}/roster/replica-3,unauthenticated,deprecated_endpoint_unavailable,0,0,0,,0.0
education::GET__classes_id_roster_replica-3,education,GET /classes/{id}/roster/replica-3,sensitive_field_probe,allowed_full_sorted,1,4,0,,0.0
education::GET__classes_id_roster_replica-3,education,GET /classes/{id}/roster/replica-3,sensitive_field_probe,allowed_full_shuffled,1,4,0,,0.0
education::GET__classes_id_roster_replica-3,education,GET /classes/{id}/roster/replica-3,sensitive_field_probe,allowed_minimal_subset,1,2,0,,0.0
education::GET__classes_id_roster_replica-3,education,GET /classes/{id}/roster/replica-3,sensitive_field_probe,allowed_empty_body,1,0,0,,0.0
education::GET__classes_id_roster_replica-3,education,GET /classes/{id}/roster/replica-3,sensitive_field_probe,allowed_with_extra_audit_metadata,1,4,0,,0.0
education::GET__classes_id_roster_replica-3,education,GET /classes/{id}/roster/replica-3,aggregation_boundary,allowed_full_sorted,1,4,0,,0.0
education::GET__classes_id_roster_replica-3,education,GET /classes/{id}/roster/replica-3,aggregation_boundary,allowed_full_shuffled,1,4,0,,0.0
education::GET__classes_id_roster_replica-3,education,GET /classes/{id}/roster/replica-3,aggregation_boundary,allowed_minimal_subset,1,2,0,,0.0
education::GET__classes_id_roster_replica-3,education,GET /classes/{id}/roster/replica-3,aggregation_boundary,allowed_empty_body,1,0,0,,0.0
education::GET__classes_id_roster_replica-3,education,GET /classes/{id}/roster/replica-3,aggregation_boundary,allowed_with_extra_audit_metadata,1,4,0,,0.0
education::GET__classes_id_roster_replica-3,education,GET /classes/{id}/roster/replica-3,deprecated_inventory,allowed_full_sorted,1,4,0,,0.0
education::GET__classes_id_roster_replica-3,education,GET /classes/{id}/roster/replica-3,deprecated_inventory,allowed_full_shuffled,1,4,0,,0.0
education::GET__classes_id_roster_replica-3,education,GET /classes/{id}/roster/replica-3,deprecated_inventory,allowed_minimal_subset,1,2,0,,0.0
education::GET__classes_id_roster_replica-3,education,GET /classes/{id}/roster/replica-3,deprecated_inventory,allowed_empty_body,1,0,0,,0.0
education::GET__classes_id_roster_replica-3,education,GET /classes/{id}/roster/replica-3,deprecated_inventory,allowed_with_extra_audit_metadata,1,4,0,,0.0
education::GET__discipline_id_replica-3,education,GET /discipline/{id}/replica-3,valid,allowed_full_sorted,1,4,0,,0.0
education::GET__discipline_id_replica-3,education,GET /discipline/{id}/replica-3,valid,allowed_full_shuffled,1,4,0,,0.0
education::GET__discipline_id_replica-3,education,GET /discipline/{id}/replica-3,valid,allowed_minimal_subset,1,2,0,,0.0
education::GET__discipline_id_replica-3,education,GET /discipline/{id}/replica-3,valid,allowed_empty_body,1,0,0,,0.0
education::GET__discipline_id_replica-3,education,GET /discipline/{id}/replica-3,valid,allowed_with_extra_audit_metadata,1,4,0,,0.0
education::GET__discipline_id_replica-3,education,GET /discipline/{id}/replica-3,wrong_role,denied_empty_body,0,0,0,,0.0
education::GET__discipline_id_replica-3,education,GET /discipline/{id}/replica-3,wrong_role,denied_audit_logged,0,0,0,,0.0
education::GET__discipline_id_replica-3,education,GET /discipline/{id}/replica-3,wrong_role,deprecated_endpoint_unavailable,0,0,0,,0.0
education::GET__discipline_id_replica-3,education,GET /discipline/{id}/replica-3,wrong_jurisdiction,denied_empty_body,0,0,0,,0.0
education::GET__discipline_id_replica-3,education,GET /discipline/{id}/replica-3,wrong_jurisdiction,denied_audit_logged,0,0,0,,0.0
education::GET__discipline_id_replica-3,education,GET /discipline/{id}/replica-3,wrong_jurisdiction,deprecated_endpoint_unavailable,0,0,0,,0.0
education::GET__discipline_id_replica-3,education,GET /discipline/{id}/replica-3,wrong_purpose,denied_empty_body,0,0,0,,0.0
education::GET__discipline_id_replica-3,education,GET /discipline/{id}/replica-3,wrong_purpose,denied_audit_logged,0,0,0,,0.0
education::GET__discipline_id_replica-3,education,GET /discipline/{id}/replica-3,wrong_purpose,deprecated_endpoint_unavailable,0,0,0,,0.0
education::GET__discipline_id_replica-3,education,GET /discipline/{id}/replica-3,self_access,allowed_full_sorted,1,5,0,,0.0
education::GET__discipline_id_replica-3,education,GET /discipline/{id}/replica-3,self_access,allowed_full_shuffled,1,5,0,,0.0
education::GET__discipline_id_replica-3,education,GET /discipline/{id}/replica-3,self_access,allowed_minimal_subset,1,2,0,,0.0
education::GET__discipline_id_replica-3,education,GET /discipline/{id}/replica-3,self_access,allowed_empty_body,1,0,0,,0.0
education::GET__discipline_id_replica-3,education,GET /discipline/{id}/replica-3,self_access,allowed_with_extra_audit_metadata,1,5,0,,0.0
education::GET__discipline_id_replica-3,education,GET /discipline/{id}/replica-3,unauthenticated,denied_empty_body,0,0,0,,0.0
education::GET__discipline_id_replica-3,education,GET /discipline/{id}/replica-3,unauthenticated,denied_audit_logged,0,0,0,,0.0
education::GET__discipline_id_replica-3,education,GET /discipline/{id}/replica-3,unauthenticated,deprecated_endpoint_unavailable,0,0,0,,0.0
education::GET__discipline_id_replica-3,education,GET /discipline/{id}/replica-3,sensitive_field_probe,allowed_full_sorted,1,4,0,,0.0
education::GET__discipline_id_replica-3,education,GET /discipline/{id}/replica-3,sensitive_field_probe,allowed_full_shuffled,1,4,0,,0.0
education::GET__discipline_id_replica-3,education,GET /discipline/{id}/replica-3,sensitive_field_probe,allowed_minimal_subset,1,2,0,,0.0
education::GET__discipline_id_replica-3,education,GET /discipline/{id}/replica-3,sensitive_field_probe,allowed_empty_body,1,0,0,,0.0
education::GET__discipline_id_replica-3,education,GET /discipline/{id}/replica-3,sensitive_field_probe,allowed_with_extra_audit_metadata,1,4,0,,0.0
education::GET__discipline_id_replica-3,education,GET /discipline/{id}/replica-3,aggregation_boundary,allowed_full_sorted,1,4,0,,0.0
education::GET__discipline_id_replica-3,education,GET /discipline/{id}/replica-3,aggregation_boundary,allowed_full_shuffled,1,4,0,,0.0
education::GET__discipline_id_replica-3,education,GET /discipline/{id}/replica-3,aggregation_boundary,allowed_minimal_subset,1,2,0,,0.0
education::GET__discipline_id_replica-3,education,GET /discipline/{id}/replica-3,aggregation_boundary,allowed_empty_body,1,0,0,,0.0
education::GET__discipline_id_replica-3,education,GET /discipline/{id}/replica-3,aggregation_boundary,allowed_with_extra_audit_metadata,1,4,0,,0.0
education::GET__discipline_id_replica-3,education,GET /discipline/{id}/replica-3,deprecated_inventory,allowed_full_sorted,1,4,0,,0.0
education::GET__discipline_id_replica-3,education,GET /discipline/{id}/replica-3,deprecated_inventory,allowed_full_shuffled,1,4,0,,0.0
education::GET__discipline_id_replica-3,education,GET /discipline/{id}/replica-3,deprecated_inventory,allowed_minimal_subset,1,2,0,,0.0
education::GET__discipline_id_replica-3,education,GET /discipline/{id}/replica-3,deprecated_inventory,allowed_empty_body,1,0,0,,0.0
education::GET__discipline_id_replica-3,education,GET /discipline/{id}/replica-3,deprecated_inventory,allowed_with_extra_audit_metadata,1,4,0,,0.0
business_licensing::GET__licenses_id_replica-3,business_licensing,GET /licenses/{id}/replica-3,valid,allowed_full_sorted,1,7,0,,0.0
business_licensing::GET__licenses_id_replica-3,business_licensing,GET /licenses/{id}/replica-3,valid,allowed_full_shuffled,1,7,0,,0.0
business_licensing::GET__licenses_id_replica-3,business_licensing,GET /licenses/{id}/replica-3,valid,allowed_minimal_subset,1,3,0,,0.0
business_licensing::GET__licenses_id_replica-3,business_licensing,GET /licenses/{id}/replica-3,valid,allowed_empty_body,1,0,0,,0.0
business_licensing::GET__licenses_id_replica-3,business_licensing,GET /licenses/{id}/replica-3,valid,allowed_with_extra_audit_metadata,1,7,0,,0.0
business_licensing::GET__licenses_id_replica-3,business_licensing,GET /licenses/{id}/replica-3,wrong_role,denied_empty_body,0,0,0,,0.0
business_licensing::GET__licenses_id_replica-3,business_licensing,GET /licenses/{id}/replica-3,wrong_role,denied_audit_logged,0,0,0,,0.0
business_licensing::GET__licenses_id_replica-3,business_licensing,GET /licenses/{id}/replica-3,wrong_role,deprecated_endpoint_unavailable,0,0,0,,0.0
business_licensing::GET__licenses_id_replica-3,business_licensing,GET /licenses/{id}/replica-3,wrong_jurisdiction,denied_empty_body,0,0,0,,0.0
business_licensing::GET__licenses_id_replica-3,business_licensing,GET /licenses/{id}/replica-3,wrong_jurisdiction,denied_audit_logged,0,0,0,,0.0
business_licensing::GET__licenses_id_replica-3,business_licensing,GET /licenses/{id}/replica-3,wrong_jurisdiction,deprecated_endpoint_unavailable,0,0,0,,0.0
business_licensing::GET__licenses_id_replica-3,business_licensing,GET /licenses/{id}/replica-3,wrong_purpose,denied_empty_body,0,0,0,,0.0
business_licensing::GET__licenses_id_replica-3,business_licensing,GET /licenses/{id}/replica-3,wrong_purpose,denied_audit_logged,0,0,0,,0.0
business_licensing::GET__licenses_id_replica-3,business_licensing,GET /licenses/{id}/replica-3,wrong_purpose,deprecated_endpoint_unavailable,0,0,0,,0.0
business_licensing::GET__licenses_id_replica-3,business_licensing,GET /licenses/{id}/replica-3,self_access,allowed_full_sorted,1,6,0,,0.0
business_licensing::GET__licenses_id_replica-3,business_licensing,GET /licenses/{id}/replica-3,self_access,allowed_full_shuffled,1,6,0,,0.0
business_licensing::GET__licenses_id_replica-3,business_licensing,GET /licenses/{id}/replica-3,self_access,allowed_minimal_subset,1,3,0,,0.0
business_licensing::GET__licenses_id_replica-3,business_licensing,GET /licenses/{id}/replica-3,self_access,allowed_empty_body,1,0,0,,0.0
business_licensing::GET__licenses_id_replica-3,business_licensing,GET /licenses/{id}/replica-3,self_access,allowed_with_extra_audit_metadata,1,6,0,,0.0
business_licensing::GET__licenses_id_replica-3,business_licensing,GET /licenses/{id}/replica-3,unauthenticated,denied_empty_body,0,0,0,,0.0
business_licensing::GET__licenses_id_replica-3,business_licensing,GET /licenses/{id}/replica-3,unauthenticated,denied_audit_logged,0,0,0,,0.0
business_licensing::GET__licenses_id_replica-3,business_licensing,GET /licenses/{id}/replica-3,unauthenticated,deprecated_endpoint_unavailable,0,0,0,,0.0
business_licensing::GET__licenses_id_replica-3,business_licensing,GET /licenses/{id}/replica-3,sensitive_field_probe,allowed_full_sorted,1,7,0,,0.0
business_licensing::GET__licenses_id_replica-3,business_licensing,GET /licenses/{id}/replica-3,sensitive_field_probe,allowed_full_shuffled,1,7,0,,0.0
business_licensing::GET__licenses_id_replica-3,business_licensing,GET /licenses/{id}/replica-3,sensitive_field_probe,allowed_minimal_subset,1,3,0,,0.0
business_licensing::GET__licenses_id_replica-3,business_licensing,GET /licenses/{id}/replica-3,sensitive_field_probe,allowed_empty_body,1,0,0,,0.0
business_licensing::GET__licenses_id_replica-3,business_licensing,GET /licenses/{id}/replica-3,sensitive_field_probe,allowed_with_extra_audit_metadata,1,7,0,,0.0
business_licensing::GET__licenses_id_replica-3,business_licensing,GET /licenses/{id}/replica-3,aggregation_boundary,allowed_full_sorted,1,7,0,,0.0
business_licensing::GET__licenses_id_replica-3,business_licensing,GET /licenses/{id}/replica-3,aggregation_boundary,allowed_full_shuffled,1,7,0,,0.0
business_licensing::GET__licenses_id_replica-3,business_licensing,GET /licenses/{id}/replica-3,aggregation_boundary,allowed_minimal_subset,1,3,0,,0.0
business_licensing::GET__licenses_id_replica-3,business_licensing,GET /licenses/{id}/replica-3,aggregation_boundary,allowed_empty_body,1,0,0,,0.0
business_licensing::GET__licenses_id_replica-3,business_licensing,GET /licenses/{id}/replica-3,aggregation_boundary,allowed_with_extra_audit_metadata,1,7,0,,0.0
business_licensing::GET__licenses_id_replica-3,business_licensing,GET /licenses/{id}/replica-3,deprecated_inventory,allowed_full_sorted,1,7,0,,0.0
business_licensing::GET__licenses_id_replica-3,business_licensing,GET /licenses/{id}/replica-3,deprecated_inventory,allowed_full_shuffled,1,7,0,,0.0
business_licensing::GET__licenses_id_replica-3,business_licensing,GET /licenses/{id}/replica-3,deprecated_inventory,allowed_minimal_subset,1,3,0,,0.0
business_licensing::GET__licenses_id_replica-3,business_licensing,GET /licenses/{id}/replica-3,deprecated_inventory,allowed_empty_body,1,0,0,,0.0
business_licensing::GET__licenses_id_replica-3,business_licensing,GET /licenses/{id}/replica-3,deprecated_inventory,allowed_with_extra_audit_metadata,1,7,0,,0.0
business_licensing::GET__inspections_id_replica-3,business_licensing,GET /inspections/{id}/replica-3,valid,allowed_full_sorted,1,6,0,,0.0
business_licensing::GET__inspections_id_replica-3,business_licensing,GET /inspections/{id}/replica-3,valid,allowed_full_shuffled,1,6,0,,0.0
business_licensing::GET__inspections_id_replica-3,business_licensing,GET /inspections/{id}/replica-3,valid,allowed_minimal_subset,1,3,0,,0.0
business_licensing::GET__inspections_id_replica-3,business_licensing,GET /inspections/{id}/replica-3,valid,allowed_empty_body,1,0,0,,0.0
business_licensing::GET__inspections_id_replica-3,business_licensing,GET /inspections/{id}/replica-3,valid,allowed_with_extra_audit_metadata,1,6,0,,0.0
business_licensing::GET__inspections_id_replica-3,business_licensing,GET /inspections/{id}/replica-3,wrong_role,denied_empty_body,0,0,0,,0.0
business_licensing::GET__inspections_id_replica-3,business_licensing,GET /inspections/{id}/replica-3,wrong_role,denied_audit_logged,0,0,0,,0.0
business_licensing::GET__inspections_id_replica-3,business_licensing,GET /inspections/{id}/replica-3,wrong_role,deprecated_endpoint_unavailable,0,0,0,,0.0
business_licensing::GET__inspections_id_replica-3,business_licensing,GET /inspections/{id}/replica-3,wrong_jurisdiction,denied_empty_body,0,0,0,,0.0
business_licensing::GET__inspections_id_replica-3,business_licensing,GET /inspections/{id}/replica-3,wrong_jurisdiction,denied_audit_logged,0,0,0,,0.0
business_licensing::GET__inspections_id_replica-3,business_licensing,GET /inspections/{id}/replica-3,wrong_jurisdiction,deprecated_endpoint_unavailable,0,0,0,,0.0
business_licensing::GET__inspections_id_replica-3,business_licensing,GET /inspections/{id}/replica-3,wrong_purpose,denied_empty_body,0,0,0,,0.0
business_licensing::GET__inspections_id_replica-3,business_licensing,GET /inspections/{id}/replica-3,wrong_purpose,denied_audit_logged,0,0,0,,0.0
business_licensing::GET__inspections_id_replica-3,business_licensing,GET /inspections/{id}/replica-3,wrong_purpose,deprecated_endpoint_unavailable,0,0,0,,0.0
business_licensing::GET__inspections_id_replica-3,business_licensing,GET /inspections/{id}/replica-3,self_access,allowed_full_sorted,1,5,0,,0.0
business_licensing::GET__inspections_id_replica-3,business_licensing,GET /inspections/{id}/replica-3,self_access,allowed_full_shuffled,1,5,0,,0.0
business_licensing::GET__inspections_id_replica-3,business_licensing,GET /inspections/{id}/replica-3,self_access,allowed_minimal_subset,1,2,0,,0.0
business_licensing::GET__inspections_id_replica-3,business_licensing,GET /inspections/{id}/replica-3,self_access,allowed_empty_body,1,0,0,,0.0
business_licensing::GET__inspections_id_replica-3,business_licensing,GET /inspections/{id}/replica-3,self_access,allowed_with_extra_audit_metadata,1,5,0,,0.0
business_licensing::GET__inspections_id_replica-3,business_licensing,GET /inspections/{id}/replica-3,unauthenticated,denied_empty_body,0,0,0,,0.0
business_licensing::GET__inspections_id_replica-3,business_licensing,GET /inspections/{id}/replica-3,unauthenticated,denied_audit_logged,0,0,0,,0.0
business_licensing::GET__inspections_id_replica-3,business_licensing,GET /inspections/{id}/replica-3,unauthenticated,deprecated_endpoint_unavailable,0,0,0,,0.0
business_licensing::GET__inspections_id_replica-3,business_licensing,GET /inspections/{id}/replica-3,sensitive_field_probe,allowed_full_sorted,1,6,0,,0.0
business_licensing::GET__inspections_id_replica-3,business_licensing,GET /inspections/{id}/replica-3,sensitive_field_probe,allowed_full_shuffled,1,6,0,,0.0
business_licensing::GET__inspections_id_replica-3,business_licensing,GET /inspections/{id}/replica-3,sensitive_field_probe,allowed_minimal_subset,1,3,0,,0.0
business_licensing::GET__inspections_id_replica-3,business_licensing,GET /inspections/{id}/replica-3,sensitive_field_probe,allowed_empty_body,1,0,0,,0.0
business_licensing::GET__inspections_id_replica-3,business_licensing,GET /inspections/{id}/replica-3,sensitive_field_probe,allowed_with_extra_audit_metadata,1,6,0,,0.0
business_licensing::GET__inspections_id_replica-3,business_licensing,GET /inspections/{id}/replica-3,aggregation_boundary,allowed_full_sorted,1,6,0,,0.0
business_licensing::GET__inspections_id_replica-3,business_licensing,GET /inspections/{id}/replica-3,aggregation_boundary,allowed_full_shuffled,1,6,0,,0.0
business_licensing::GET__inspections_id_replica-3,business_licensing,GET /inspections/{id}/replica-3,aggregation_boundary,allowed_minimal_subset,1,3,0,,0.0
business_licensing::GET__inspections_id_replica-3,business_licensing,GET /inspections/{id}/replica-3,aggregation_boundary,allowed_empty_body,1,0,0,,0.0
business_licensing::GET__inspections_id_replica-3,business_licensing,GET /inspections/{id}/replica-3,aggregation_boundary,allowed_with_extra_audit_metadata,1,6,0,,0.0
business_licensing::GET__inspections_id_replica-3,business_licensing,GET /inspections/{id}/replica-3,deprecated_inventory,allowed_full_sorted,1,6,0,,0.0
business_licensing::GET__inspections_id_replica-3,business_licensing,GET /inspections/{id}/replica-3,deprecated_inventory,allowed_full_shuffled,1,6,0,,0.0
business_licensing::GET__inspections_id_replica-3,business_licensing,GET /inspections/{id}/replica-3,deprecated_inventory,allowed_minimal_subset,1,3,0,,0.0
business_licensing::GET__inspections_id_replica-3,business_licensing,GET /inspections/{id}/replica-3,deprecated_inventory,allowed_empty_body,1,0,0,,0.0
business_licensing::GET__inspections_id_replica-3,business_licensing,GET /inspections/{id}/replica-3,deprecated_inventory,allowed_with_extra_audit_metadata,1,6,0,,0.0
business_licensing::GET__licenses_export_replica-3,business_licensing,GET /licenses/export/replica-3,valid,allowed_full_sorted,1,7,0,,0.0
business_licensing::GET__licenses_export_replica-3,business_licensing,GET /licenses/export/replica-3,valid,allowed_full_shuffled,1,7,0,,0.0
business_licensing::GET__licenses_export_replica-3,business_licensing,GET /licenses/export/replica-3,valid,allowed_minimal_subset,1,3,0,,0.0
business_licensing::GET__licenses_export_replica-3,business_licensing,GET /licenses/export/replica-3,valid,allowed_empty_body,1,0,0,,0.0
business_licensing::GET__licenses_export_replica-3,business_licensing,GET /licenses/export/replica-3,valid,allowed_with_extra_audit_metadata,1,7,0,,0.0
business_licensing::GET__licenses_export_replica-3,business_licensing,GET /licenses/export/replica-3,wrong_role,denied_empty_body,0,0,0,,0.0
business_licensing::GET__licenses_export_replica-3,business_licensing,GET /licenses/export/replica-3,wrong_role,denied_audit_logged,0,0,0,,0.0
business_licensing::GET__licenses_export_replica-3,business_licensing,GET /licenses/export/replica-3,wrong_role,deprecated_endpoint_unavailable,0,0,0,,0.0
business_licensing::GET__licenses_export_replica-3,business_licensing,GET /licenses/export/replica-3,wrong_jurisdiction,denied_empty_body,0,0,0,,0.0
business_licensing::GET__licenses_export_replica-3,business_licensing,GET /licenses/export/replica-3,wrong_jurisdiction,denied_audit_logged,0,0,0,,0.0
business_licensing::GET__licenses_export_replica-3,business_licensing,GET /licenses/export/replica-3,wrong_jurisdiction,deprecated_endpoint_unavailable,0,0,0,,0.0
business_licensing::GET__licenses_export_replica-3,business_licensing,GET /licenses/export/replica-3,wrong_purpose,denied_empty_body,0,0,0,,0.0
business_licensing::GET__licenses_export_replica-3,business_licensing,GET /licenses/export/replica-3,wrong_purpose,denied_audit_logged,0,0,0,,0.0
business_licensing::GET__licenses_export_replica-3,business_licensing,GET /licenses/export/replica-3,wrong_purpose,deprecated_endpoint_unavailable,0,0,0,,0.0
business_licensing::GET__licenses_export_replica-3,business_licensing,GET /licenses/export/replica-3,self_access,allowed_full_sorted,1,6,0,,0.0
business_licensing::GET__licenses_export_replica-3,business_licensing,GET /licenses/export/replica-3,self_access,allowed_full_shuffled,1,6,0,,0.0
business_licensing::GET__licenses_export_replica-3,business_licensing,GET /licenses/export/replica-3,self_access,allowed_minimal_subset,1,3,0,,0.0
business_licensing::GET__licenses_export_replica-3,business_licensing,GET /licenses/export/replica-3,self_access,allowed_empty_body,1,0,0,,0.0
business_licensing::GET__licenses_export_replica-3,business_licensing,GET /licenses/export/replica-3,self_access,allowed_with_extra_audit_metadata,1,6,0,,0.0
business_licensing::GET__licenses_export_replica-3,business_licensing,GET /licenses/export/replica-3,unauthenticated,denied_empty_body,0,0,0,,0.0
business_licensing::GET__licenses_export_replica-3,business_licensing,GET /licenses/export/replica-3,unauthenticated,denied_audit_logged,0,0,0,,0.0
business_licensing::GET__licenses_export_replica-3,business_licensing,GET /licenses/export/replica-3,unauthenticated,deprecated_endpoint_unavailable,0,0,0,,0.0
business_licensing::GET__licenses_export_replica-3,business_licensing,GET /licenses/export/replica-3,sensitive_field_probe,allowed_full_sorted,1,7,0,,0.0
business_licensing::GET__licenses_export_replica-3,business_licensing,GET /licenses/export/replica-3,sensitive_field_probe,allowed_full_shuffled,1,7,0,,0.0
business_licensing::GET__licenses_export_replica-3,business_licensing,GET /licenses/export/replica-3,sensitive_field_probe,allowed_minimal_subset,1,3,0,,0.0
business_licensing::GET__licenses_export_replica-3,business_licensing,GET /licenses/export/replica-3,sensitive_field_probe,allowed_empty_body,1,0,0,,0.0
business_licensing::GET__licenses_export_replica-3,business_licensing,GET /licenses/export/replica-3,sensitive_field_probe,allowed_with_extra_audit_metadata,1,7,0,,0.0
business_licensing::GET__licenses_export_replica-3,business_licensing,GET /licenses/export/replica-3,aggregation_boundary,allowed_full_sorted,1,7,0,,0.0
business_licensing::GET__licenses_export_replica-3,business_licensing,GET /licenses/export/replica-3,aggregation_boundary,allowed_full_shuffled,1,7,0,,0.0
business_licensing::GET__licenses_export_replica-3,business_licensing,GET /licenses/export/replica-3,aggregation_boundary,allowed_minimal_subset,1,3,0,,0.0
business_licensing::GET__licenses_export_replica-3,business_licensing,GET /licenses/export/replica-3,aggregation_boundary,allowed_empty_body,1,0,0,,0.0
business_licensing::GET__licenses_export_replica-3,business_licensing,GET /licenses/export/replica-3,aggregation_boundary,allowed_with_extra_audit_metadata,1,7,0,,0.0
business_licensing::GET__licenses_export_replica-3,business_licensing,GET /licenses/export/replica-3,deprecated_inventory,allowed_full_sorted,1,7,0,,0.0
business_licensing::GET__licenses_export_replica-3,business_licensing,GET /licenses/export/replica-3,deprecated_inventory,allowed_full_shuffled,1,7,0,,0.0
business_licensing::GET__licenses_export_replica-3,business_licensing,GET /licenses/export/replica-3,deprecated_inventory,allowed_minimal_subset,1,3,0,,0.0
business_licensing::GET__licenses_export_replica-3,business_licensing,GET /licenses/export/replica-3,deprecated_inventory,allowed_empty_body,1,0,0,,0.0
business_licensing::GET__licenses_export_replica-3,business_licensing,GET /licenses/export/replica-3,deprecated_inventory,allowed_with_extra_audit_metadata,1,7,0,,0.0
health::GET__patients_id_replica-4,health,GET /patients/{id}/replica-4,valid,allowed_full_sorted,1,7,0,,0.0
health::GET__patients_id_replica-4,health,GET /patients/{id}/replica-4,valid,allowed_full_shuffled,1,7,0,,0.0
health::GET__patients_id_replica-4,health,GET /patients/{id}/replica-4,valid,allowed_minimal_subset,1,3,0,,0.0
health::GET__patients_id_replica-4,health,GET /patients/{id}/replica-4,valid,allowed_empty_body,1,0,0,,0.0
health::GET__patients_id_replica-4,health,GET /patients/{id}/replica-4,valid,allowed_with_extra_audit_metadata,1,7,0,,0.0
health::GET__patients_id_replica-4,health,GET /patients/{id}/replica-4,wrong_role,denied_empty_body,0,0,0,,0.0
health::GET__patients_id_replica-4,health,GET /patients/{id}/replica-4,wrong_role,denied_audit_logged,0,0,0,,0.0
health::GET__patients_id_replica-4,health,GET /patients/{id}/replica-4,wrong_role,deprecated_endpoint_unavailable,0,0,0,,0.0
health::GET__patients_id_replica-4,health,GET /patients/{id}/replica-4,wrong_jurisdiction,denied_empty_body,0,0,0,,0.0
health::GET__patients_id_replica-4,health,GET /patients/{id}/replica-4,wrong_jurisdiction,denied_audit_logged,0,0,0,,0.0
health::GET__patients_id_replica-4,health,GET /patients/{id}/replica-4,wrong_jurisdiction,deprecated_endpoint_unavailable,0,0,0,,0.0
health::GET__patients_id_replica-4,health,GET /patients/{id}/replica-4,wrong_purpose,denied_empty_body,0,0,0,,0.0
health::GET__patients_id_replica-4,health,GET /patients/{id}/replica-4,wrong_purpose,denied_audit_logged,0,0,0,,0.0
health::GET__patients_id_replica-4,health,GET /patients/{id}/replica-4,wrong_purpose,deprecated_endpoint_unavailable,0,0,0,,0.0
health::GET__patients_id_replica-4,health,GET /patients/{id}/replica-4,self_access,allowed_full_sorted,1,8,0,,0.0
health::GET__patients_id_replica-4,health,GET /patients/{id}/replica-4,self_access,allowed_full_shuffled,1,8,0,,0.0
health::GET__patients_id_replica-4,health,GET /patients/{id}/replica-4,self_access,allowed_minimal_subset,1,4,0,,0.0
health::GET__patients_id_replica-4,health,GET /patients/{id}/replica-4,self_access,allowed_empty_body,1,0,0,,0.0
health::GET__patients_id_replica-4,health,GET /patients/{id}/replica-4,self_access,allowed_with_extra_audit_metadata,1,8,0,,0.0
health::GET__patients_id_replica-4,health,GET /patients/{id}/replica-4,unauthenticated,denied_empty_body,0,0,0,,0.0
health::GET__patients_id_replica-4,health,GET /patients/{id}/replica-4,unauthenticated,denied_audit_logged,0,0,0,,0.0
health::GET__patients_id_replica-4,health,GET /patients/{id}/replica-4,unauthenticated,deprecated_endpoint_unavailable,0,0,0,,0.0
health::GET__patients_id_replica-4,health,GET /patients/{id}/replica-4,sensitive_field_probe,allowed_full_sorted,1,7,0,,0.0
health::GET__patients_id_replica-4,health,GET /patients/{id}/replica-4,sensitive_field_probe,allowed_full_shuffled,1,7,0,,0.0
health::GET__patients_id_replica-4,health,GET /patients/{id}/replica-4,sensitive_field_probe,allowed_minimal_subset,1,3,0,,0.0
health::GET__patients_id_replica-4,health,GET /patients/{id}/replica-4,sensitive_field_probe,allowed_empty_body,1,0,0,,0.0
health::GET__patients_id_replica-4,health,GET /patients/{id}/replica-4,sensitive_field_probe,allowed_with_extra_audit_metadata,1,7,0,,0.0
health::GET__patients_id_replica-4,health,GET /patients/{id}/replica-4,aggregation_boundary,allowed_full_sorted,1,7,0,,0.0
health::GET__patients_id_replica-4,health,GET /patients/{id}/replica-4,aggregation_boundary,allowed_full_shuffled,1,7,0,,0.0
health::GET__patients_id_replica-4,health,GET /patients/{id}/replica-4,aggregation_boundary,allowed_minimal_subset,1,3,0,,0.0
health::GET__patients_id_replica-4,health,GET /patients/{id}/replica-4,aggregation_boundary,allowed_empty_body,1,0,0,,0.0
health::GET__patients_id_replica-4,health,GET /patients/{id}/replica-4,aggregation_boundary,allowed_with_extra_audit_metadata,1,7,0,,0.0
health::GET__patients_id_replica-4,health,GET /patients/{id}/replica-4,deprecated_inventory,allowed_full_sorted,1,7,0,,0.0
health::GET__patients_id_replica-4,health,GET /patients/{id}/replica-4,deprecated_inventory,allowed_full_shuffled,1,7,0,,0.0
health::GET__patients_id_replica-4,health,GET /patients/{id}/replica-4,deprecated_inventory,allowed_minimal_subset,1,3,0,,0.0
health::GET__patients_id_replica-4,health,GET /patients/{id}/replica-4,deprecated_inventory,allowed_empty_body,1,0,0,,0.0
health::GET__patients_id_replica-4,health,GET /patients/{id}/replica-4,deprecated_inventory,allowed_with_extra_audit_metadata,1,7,0,,0.0
health::GET__encounters_id_replica-4,health,GET /encounters/{id}/replica-4,valid,allowed_full_sorted,1,6,0,,0.0
health::GET__encounters_id_replica-4,health,GET /encounters/{id}/replica-4,valid,allowed_full_shuffled,1,6,0,,0.0
health::GET__encounters_id_replica-4,health,GET /encounters/{id}/replica-4,valid,allowed_minimal_subset,1,3,0,,0.0
health::GET__encounters_id_replica-4,health,GET /encounters/{id}/replica-4,valid,allowed_empty_body,1,0,0,,0.0
health::GET__encounters_id_replica-4,health,GET /encounters/{id}/replica-4,valid,allowed_with_extra_audit_metadata,1,6,0,,0.0
health::GET__encounters_id_replica-4,health,GET /encounters/{id}/replica-4,wrong_role,denied_empty_body,0,0,0,,0.0
health::GET__encounters_id_replica-4,health,GET /encounters/{id}/replica-4,wrong_role,denied_audit_logged,0,0,0,,0.0
health::GET__encounters_id_replica-4,health,GET /encounters/{id}/replica-4,wrong_role,deprecated_endpoint_unavailable,0,0,0,,0.0
health::GET__encounters_id_replica-4,health,GET /encounters/{id}/replica-4,wrong_jurisdiction,denied_empty_body,0,0,0,,0.0
health::GET__encounters_id_replica-4,health,GET /encounters/{id}/replica-4,wrong_jurisdiction,denied_audit_logged,0,0,0,,0.0
health::GET__encounters_id_replica-4,health,GET /encounters/{id}/replica-4,wrong_jurisdiction,deprecated_endpoint_unavailable,0,0,0,,0.0
health::GET__encounters_id_replica-4,health,GET /encounters/{id}/replica-4,wrong_purpose,denied_empty_body,0,0,0,,0.0
health::GET__encounters_id_replica-4,health,GET /encounters/{id}/replica-4,wrong_purpose,denied_audit_logged,0,0,0,,0.0
health::GET__encounters_id_replica-4,health,GET /encounters/{id}/replica-4,wrong_purpose,deprecated_endpoint_unavailable,0,0,0,,0.0
health::GET__encounters_id_replica-4,health,GET /encounters/{id}/replica-4,self_access,allowed_full_sorted,1,7,0,,0.0
health::GET__encounters_id_replica-4,health,GET /encounters/{id}/replica-4,self_access,allowed_full_shuffled,1,7,0,,0.0
health::GET__encounters_id_replica-4,health,GET /encounters/{id}/replica-4,self_access,allowed_minimal_subset,1,3,0,,0.0
health::GET__encounters_id_replica-4,health,GET /encounters/{id}/replica-4,self_access,allowed_empty_body,1,0,0,,0.0
health::GET__encounters_id_replica-4,health,GET /encounters/{id}/replica-4,self_access,allowed_with_extra_audit_metadata,1,7,0,,0.0
health::GET__encounters_id_replica-4,health,GET /encounters/{id}/replica-4,unauthenticated,denied_empty_body,0,0,0,,0.0
health::GET__encounters_id_replica-4,health,GET /encounters/{id}/replica-4,unauthenticated,denied_audit_logged,0,0,0,,0.0
health::GET__encounters_id_replica-4,health,GET /encounters/{id}/replica-4,unauthenticated,deprecated_endpoint_unavailable,0,0,0,,0.0
health::GET__encounters_id_replica-4,health,GET /encounters/{id}/replica-4,sensitive_field_probe,allowed_full_sorted,1,6,0,,0.0
health::GET__encounters_id_replica-4,health,GET /encounters/{id}/replica-4,sensitive_field_probe,allowed_full_shuffled,1,6,0,,0.0
health::GET__encounters_id_replica-4,health,GET /encounters/{id}/replica-4,sensitive_field_probe,allowed_minimal_subset,1,3,0,,0.0
health::GET__encounters_id_replica-4,health,GET /encounters/{id}/replica-4,sensitive_field_probe,allowed_empty_body,1,0,0,,0.0
health::GET__encounters_id_replica-4,health,GET /encounters/{id}/replica-4,sensitive_field_probe,allowed_with_extra_audit_metadata,1,6,0,,0.0
health::GET__encounters_id_replica-4,health,GET /encounters/{id}/replica-4,aggregation_boundary,allowed_full_sorted,1,6,0,,0.0
health::GET__encounters_id_replica-4,health,GET /encounters/{id}/replica-4,aggregation_boundary,allowed_full_shuffled,1,6,0,,0.0
health::GET__encounters_id_replica-4,health,GET /encounters/{id}/replica-4,aggregation_boundary,allowed_minimal_subset,1,3,0,,0.0
health::GET__encounters_id_replica-4,health,GET /encounters/{id}/replica-4,aggregation_boundary,allowed_empty_body,1,0,0,,0.0
health::GET__encounters_id_replica-4,health,GET /encounters/{id}/replica-4,aggregation_boundary,allowed_with_extra_audit_metadata,1,6,0,,0.0
health::GET__encounters_id_replica-4,health,GET /encounters/{id}/replica-4,deprecated_inventory,allowed_full_sorted,1,6,0,,0.0
health::GET__encounters_id_replica-4,health,GET /encounters/{id}/replica-4,deprecated_inventory,allowed_full_shuffled,1,6,0,,0.0
health::GET__encounters_id_replica-4,health,GET /encounters/{id}/replica-4,deprecated_inventory,allowed_minimal_subset,1,3,0,,0.0
health::GET__encounters_id_replica-4,health,GET /encounters/{id}/replica-4,deprecated_inventory,allowed_empty_body,1,0,0,,0.0
health::GET__encounters_id_replica-4,health,GET /encounters/{id}/replica-4,deprecated_inventory,allowed_with_extra_audit_metadata,1,6,0,,0.0
health::GET__patients_search_replica-4,health,GET /patients/search/replica-4,valid,allowed_full_sorted,1,7,0,,0.0
health::GET__patients_search_replica-4,health,GET /patients/search/replica-4,valid,allowed_full_shuffled,1,7,0,,0.0
health::GET__patients_search_replica-4,health,GET /patients/search/replica-4,valid,allowed_minimal_subset,1,3,0,,0.0
health::GET__patients_search_replica-4,health,GET /patients/search/replica-4,valid,allowed_empty_body,1,0,0,,0.0
health::GET__patients_search_replica-4,health,GET /patients/search/replica-4,valid,allowed_with_extra_audit_metadata,1,7,0,,0.0
health::GET__patients_search_replica-4,health,GET /patients/search/replica-4,wrong_role,denied_empty_body,0,0,0,,0.0
health::GET__patients_search_replica-4,health,GET /patients/search/replica-4,wrong_role,denied_audit_logged,0,0,0,,0.0
health::GET__patients_search_replica-4,health,GET /patients/search/replica-4,wrong_role,deprecated_endpoint_unavailable,0,0,0,,0.0
health::GET__patients_search_replica-4,health,GET /patients/search/replica-4,wrong_jurisdiction,denied_empty_body,0,0,0,,0.0
health::GET__patients_search_replica-4,health,GET /patients/search/replica-4,wrong_jurisdiction,denied_audit_logged,0,0,0,,0.0
health::GET__patients_search_replica-4,health,GET /patients/search/replica-4,wrong_jurisdiction,deprecated_endpoint_unavailable,0,0,0,,0.0
health::GET__patients_search_replica-4,health,GET /patients/search/replica-4,wrong_purpose,denied_empty_body,0,0,0,,0.0
health::GET__patients_search_replica-4,health,GET /patients/search/replica-4,wrong_purpose,denied_audit_logged,0,0,0,,0.0
health::GET__patients_search_replica-4,health,GET /patients/search/replica-4,wrong_purpose,deprecated_endpoint_unavailable,0,0,0,,0.0
health::GET__patients_search_replica-4,health,GET /patients/search/replica-4,self_access,allowed_full_sorted,1,8,0,,0.0
health::GET__patients_search_replica-4,health,GET /patients/search/replica-4,self_access,allowed_full_shuffled,1,8,0,,0.0
health::GET__patients_search_replica-4,health,GET /patients/search/replica-4,self_access,allowed_minimal_subset,1,4,0,,0.0
health::GET__patients_search_replica-4,health,GET /patients/search/replica-4,self_access,allowed_empty_body,1,0,0,,0.0
health::GET__patients_search_replica-4,health,GET /patients/search/replica-4,self_access,allowed_with_extra_audit_metadata,1,8,0,,0.0
health::GET__patients_search_replica-4,health,GET /patients/search/replica-4,unauthenticated,denied_empty_body,0,0,0,,0.0
health::GET__patients_search_replica-4,health,GET /patients/search/replica-4,unauthenticated,denied_audit_logged,0,0,0,,0.0
health::GET__patients_search_replica-4,health,GET /patients/search/replica-4,unauthenticated,deprecated_endpoint_unavailable,0,0,0,,0.0
health::GET__patients_search_replica-4,health,GET /patients/search/replica-4,sensitive_field_probe,allowed_full_sorted,1,7,0,,0.0
health::GET__patients_search_replica-4,health,GET /patients/search/replica-4,sensitive_field_probe,allowed_full_shuffled,1,7,0,,0.0
health::GET__patients_search_replica-4,health,GET /patients/search/replica-4,sensitive_field_probe,allowed_minimal_subset,1,3,0,,0.0
health::GET__patients_search_replica-4,health,GET /patients/search/replica-4,sensitive_field_probe,allowed_empty_body,1,0,0,,0.0
health::GET__patients_search_replica-4,health,GET /patients/search/replica-4,sensitive_field_probe,allowed_with_extra_audit_metadata,1,7,0,,0.0
health::GET__patients_search_replica-4,health,GET /patients/search/replica-4,aggregation_boundary,allowed_full_sorted,1,7,0,,0.0
health::GET__patients_search_replica-4,health,GET /patients/search/replica-4,aggregation_boundary,allowed_full_shuffled,1,7,0,,0.0
health::GET__patients_search_replica-4,health,GET /patients/search/replica-4,aggregation_boundary,allowed_minimal_subset,1,3,0,,0.0
health::GET__patients_search_replica-4,health,GET /patients/search/replica-4,aggregation_boundary,allowed_empty_body,1,0,0,,0.0
health::GET__patients_search_replica-4,health,GET /patients/search/replica-4,aggregation_boundary,allowed_with_extra_audit_metadata,1,7,0,,0.0
health::GET__patients_search_replica-4,health,GET /patients/search/replica-4,deprecated_inventory,allowed_full_sorted,1,7,0,,0.0
health::GET__patients_search_replica-4,health,GET /patients/search/replica-4,deprecated_inventory,allowed_full_shuffled,1,7,0,,0.0
health::GET__patients_search_replica-4,health,GET /patients/search/replica-4,deprecated_inventory,allowed_minimal_subset,1,3,0,,0.0
health::GET__patients_search_replica-4,health,GET /patients/search/replica-4,deprecated_inventory,allowed_empty_body,1,0,0,,0.0
health::GET__patients_search_replica-4,health,GET /patients/search/replica-4,deprecated_inventory,allowed_with_extra_audit_metadata,1,7,0,,0.0
citizen_services::GET__citizens_id_replica-4,citizen_services,GET /citizens/{id}/replica-4,valid,allowed_full_sorted,1,5,0,,0.0
citizen_services::GET__citizens_id_replica-4,citizen_services,GET /citizens/{id}/replica-4,valid,allowed_full_shuffled,1,5,0,,0.0
citizen_services::GET__citizens_id_replica-4,citizen_services,GET /citizens/{id}/replica-4,valid,allowed_minimal_subset,1,2,0,,0.0
citizen_services::GET__citizens_id_replica-4,citizen_services,GET /citizens/{id}/replica-4,valid,allowed_empty_body,1,0,0,,0.0
citizen_services::GET__citizens_id_replica-4,citizen_services,GET /citizens/{id}/replica-4,valid,allowed_with_extra_audit_metadata,1,5,0,,0.0
citizen_services::GET__citizens_id_replica-4,citizen_services,GET /citizens/{id}/replica-4,wrong_role,denied_empty_body,0,0,0,,0.0
citizen_services::GET__citizens_id_replica-4,citizen_services,GET /citizens/{id}/replica-4,wrong_role,denied_audit_logged,0,0,0,,0.0
citizen_services::GET__citizens_id_replica-4,citizen_services,GET /citizens/{id}/replica-4,wrong_role,deprecated_endpoint_unavailable,0,0,0,,0.0
citizen_services::GET__citizens_id_replica-4,citizen_services,GET /citizens/{id}/replica-4,wrong_jurisdiction,denied_empty_body,0,0,0,,0.0
citizen_services::GET__citizens_id_replica-4,citizen_services,GET /citizens/{id}/replica-4,wrong_jurisdiction,denied_audit_logged,0,0,0,,0.0
citizen_services::GET__citizens_id_replica-4,citizen_services,GET /citizens/{id}/replica-4,wrong_jurisdiction,deprecated_endpoint_unavailable,0,0,0,,0.0
citizen_services::GET__citizens_id_replica-4,citizen_services,GET /citizens/{id}/replica-4,wrong_purpose,denied_empty_body,0,0,0,,0.0
citizen_services::GET__citizens_id_replica-4,citizen_services,GET /citizens/{id}/replica-4,wrong_purpose,denied_audit_logged,0,0,0,,0.0
citizen_services::GET__citizens_id_replica-4,citizen_services,GET /citizens/{id}/replica-4,wrong_purpose,deprecated_endpoint_unavailable,0,0,0,,0.0
citizen_services::GET__citizens_id_replica-4,citizen_services,GET /citizens/{id}/replica-4,self_access,allowed_full_sorted,1,5,0,,0.0
citizen_services::GET__citizens_id_replica-4,citizen_services,GET /citizens/{id}/replica-4,self_access,allowed_full_shuffled,1,5,0,,0.0
citizen_services::GET__citizens_id_replica-4,citizen_services,GET /citizens/{id}/replica-4,self_access,allowed_minimal_subset,1,2,0,,0.0
citizen_services::GET__citizens_id_replica-4,citizen_services,GET /citizens/{id}/replica-4,self_access,allowed_empty_body,1,0,0,,0.0
citizen_services::GET__citizens_id_replica-4,citizen_services,GET /citizens/{id}/replica-4,self_access,allowed_with_extra_audit_metadata,1,5,0,,0.0
citizen_services::GET__citizens_id_replica-4,citizen_services,GET /citizens/{id}/replica-4,unauthenticated,denied_empty_body,0,0,0,,0.0
citizen_services::GET__citizens_id_replica-4,citizen_services,GET /citizens/{id}/replica-4,unauthenticated,denied_audit_logged,0,0,0,,0.0
citizen_services::GET__citizens_id_replica-4,citizen_services,GET /citizens/{id}/replica-4,unauthenticated,deprecated_endpoint_unavailable,0,0,0,,0.0
citizen_services::GET__citizens_id_replica-4,citizen_services,GET /citizens/{id}/replica-4,sensitive_field_probe,allowed_full_sorted,1,5,0,,0.0
citizen_services::GET__citizens_id_replica-4,citizen_services,GET /citizens/{id}/replica-4,sensitive_field_probe,allowed_full_shuffled,1,5,0,,0.0
citizen_services::GET__citizens_id_replica-4,citizen_services,GET /citizens/{id}/replica-4,sensitive_field_probe,allowed_minimal_subset,1,2,0,,0.0
citizen_services::GET__citizens_id_replica-4,citizen_services,GET /citizens/{id}/replica-4,sensitive_field_probe,allowed_empty_body,1,0,0,,0.0
citizen_services::GET__citizens_id_replica-4,citizen_services,GET /citizens/{id}/replica-4,sensitive_field_probe,allowed_with_extra_audit_metadata,1,5,0,,0.0
citizen_services::GET__citizens_id_replica-4,citizen_services,GET /citizens/{id}/replica-4,aggregation_boundary,allowed_full_sorted,1,5,0,,0.0
citizen_services::GET__citizens_id_replica-4,citizen_services,GET /citizens/{id}/replica-4,aggregation_boundary,allowed_full_shuffled,1,5,0,,0.0
citizen_services::GET__citizens_id_replica-4,citizen_services,GET /citizens/{id}/replica-4,aggregation_boundary,allowed_minimal_subset,1,2,0,,0.0
citizen_services::GET__citizens_id_replica-4,citizen_services,GET /citizens/{id}/replica-4,aggregation_boundary,allowed_empty_body,1,0,0,,0.0
citizen_services::GET__citizens_id_replica-4,citizen_services,GET /citizens/{id}/replica-4,aggregation_boundary,allowed_with_extra_audit_metadata,1,5,0,,0.0
citizen_services::GET__citizens_id_replica-4,citizen_services,GET /citizens/{id}/replica-4,deprecated_inventory,allowed_full_sorted,1,5,0,,0.0
citizen_services::GET__citizens_id_replica-4,citizen_services,GET /citizens/{id}/replica-4,deprecated_inventory,allowed_full_shuffled,1,5,0,,0.0
citizen_services::GET__citizens_id_replica-4,citizen_services,GET /citizens/{id}/replica-4,deprecated_inventory,allowed_minimal_subset,1,2,0,,0.0
citizen_services::GET__citizens_id_replica-4,citizen_services,GET /citizens/{id}/replica-4,deprecated_inventory,allowed_empty_body,1,0,0,,0.0
citizen_services::GET__citizens_id_replica-4,citizen_services,GET /citizens/{id}/replica-4,deprecated_inventory,allowed_with_extra_audit_metadata,1,5,0,,0.0
citizen_services::GET__benefits_id_replica-4,citizen_services,GET /benefits/{id}/replica-4,valid,allowed_full_sorted,1,5,0,,0.0
citizen_services::GET__benefits_id_replica-4,citizen_services,GET /benefits/{id}/replica-4,valid,allowed_full_shuffled,1,5,0,,0.0
citizen_services::GET__benefits_id_replica-4,citizen_services,GET /benefits/{id}/replica-4,valid,allowed_minimal_subset,1,2,0,,0.0
citizen_services::GET__benefits_id_replica-4,citizen_services,GET /benefits/{id}/replica-4,valid,allowed_empty_body,1,0,0,,0.0
citizen_services::GET__benefits_id_replica-4,citizen_services,GET /benefits/{id}/replica-4,valid,allowed_with_extra_audit_metadata,1,5,0,,0.0
citizen_services::GET__benefits_id_replica-4,citizen_services,GET /benefits/{id}/replica-4,wrong_role,denied_empty_body,0,0,0,,0.0
citizen_services::GET__benefits_id_replica-4,citizen_services,GET /benefits/{id}/replica-4,wrong_role,denied_audit_logged,0,0,0,,0.0
citizen_services::GET__benefits_id_replica-4,citizen_services,GET /benefits/{id}/replica-4,wrong_role,deprecated_endpoint_unavailable,0,0,0,,0.0
citizen_services::GET__benefits_id_replica-4,citizen_services,GET /benefits/{id}/replica-4,wrong_jurisdiction,denied_empty_body,0,0,0,,0.0
citizen_services::GET__benefits_id_replica-4,citizen_services,GET /benefits/{id}/replica-4,wrong_jurisdiction,denied_audit_logged,0,0,0,,0.0
citizen_services::GET__benefits_id_replica-4,citizen_services,GET /benefits/{id}/replica-4,wrong_jurisdiction,deprecated_endpoint_unavailable,0,0,0,,0.0
citizen_services::GET__benefits_id_replica-4,citizen_services,GET /benefits/{id}/replica-4,wrong_purpose,denied_empty_body,0,0,0,,0.0
citizen_services::GET__benefits_id_replica-4,citizen_services,GET /benefits/{id}/replica-4,wrong_purpose,denied_audit_logged,0,0,0,,0.0
citizen_services::GET__benefits_id_replica-4,citizen_services,GET /benefits/{id}/replica-4,wrong_purpose,deprecated_endpoint_unavailable,0,0,0,,0.0
citizen_services::GET__benefits_id_replica-4,citizen_services,GET /benefits/{id}/replica-4,self_access,allowed_full_sorted,1,6,0,,0.0
citizen_services::GET__benefits_id_replica-4,citizen_services,GET /benefits/{id}/replica-4,self_access,allowed_full_shuffled,1,6,0,,0.0
citizen_services::GET__benefits_id_replica-4,citizen_services,GET /benefits/{id}/replica-4,self_access,allowed_minimal_subset,1,3,0,,0.0
citizen_services::GET__benefits_id_replica-4,citizen_services,GET /benefits/{id}/replica-4,self_access,allowed_empty_body,1,0,0,,0.0
citizen_services::GET__benefits_id_replica-4,citizen_services,GET /benefits/{id}/replica-4,self_access,allowed_with_extra_audit_metadata,1,6,0,,0.0
citizen_services::GET__benefits_id_replica-4,citizen_services,GET /benefits/{id}/replica-4,unauthenticated,denied_empty_body,0,0,0,,0.0
citizen_services::GET__benefits_id_replica-4,citizen_services,GET /benefits/{id}/replica-4,unauthenticated,denied_audit_logged,0,0,0,,0.0
citizen_services::GET__benefits_id_replica-4,citizen_services,GET /benefits/{id}/replica-4,unauthenticated,deprecated_endpoint_unavailable,0,0,0,,0.0
citizen_services::GET__benefits_id_replica-4,citizen_services,GET /benefits/{id}/replica-4,sensitive_field_probe,allowed_full_sorted,1,5,0,,0.0
citizen_services::GET__benefits_id_replica-4,citizen_services,GET /benefits/{id}/replica-4,sensitive_field_probe,allowed_full_shuffled,1,5,0,,0.0
citizen_services::GET__benefits_id_replica-4,citizen_services,GET /benefits/{id}/replica-4,sensitive_field_probe,allowed_minimal_subset,1,2,0,,0.0
citizen_services::GET__benefits_id_replica-4,citizen_services,GET /benefits/{id}/replica-4,sensitive_field_probe,allowed_empty_body,1,0,0,,0.0
citizen_services::GET__benefits_id_replica-4,citizen_services,GET /benefits/{id}/replica-4,sensitive_field_probe,allowed_with_extra_audit_metadata,1,5,0,,0.0
citizen_services::GET__benefits_id_replica-4,citizen_services,GET /benefits/{id}/replica-4,aggregation_boundary,allowed_full_sorted,1,5,0,,0.0
citizen_services::GET__benefits_id_replica-4,citizen_services,GET /benefits/{id}/replica-4,aggregation_boundary,allowed_full_shuffled,1,5,0,,0.0
citizen_services::GET__benefits_id_replica-4,citizen_services,GET /benefits/{id}/replica-4,aggregation_boundary,allowed_minimal_subset,1,2,0,,0.0
citizen_services::GET__benefits_id_replica-4,citizen_services,GET /benefits/{id}/replica-4,aggregation_boundary,allowed_empty_body,1,0,0,,0.0
citizen_services::GET__benefits_id_replica-4,citizen_services,GET /benefits/{id}/replica-4,aggregation_boundary,allowed_with_extra_audit_metadata,1,5,0,,0.0
citizen_services::GET__benefits_id_replica-4,citizen_services,GET /benefits/{id}/replica-4,deprecated_inventory,allowed_full_sorted,1,5,0,,0.0
citizen_services::GET__benefits_id_replica-4,citizen_services,GET /benefits/{id}/replica-4,deprecated_inventory,allowed_full_shuffled,1,5,0,,0.0
citizen_services::GET__benefits_id_replica-4,citizen_services,GET /benefits/{id}/replica-4,deprecated_inventory,allowed_minimal_subset,1,2,0,,0.0
citizen_services::GET__benefits_id_replica-4,citizen_services,GET /benefits/{id}/replica-4,deprecated_inventory,allowed_empty_body,1,0,0,,0.0
citizen_services::GET__benefits_id_replica-4,citizen_services,GET /benefits/{id}/replica-4,deprecated_inventory,allowed_with_extra_audit_metadata,1,5,0,,0.0
citizen_services::GET__citizens_export_replica-4,citizen_services,GET /citizens/export/replica-4,valid,allowed_full_sorted,1,5,0,,0.0
citizen_services::GET__citizens_export_replica-4,citizen_services,GET /citizens/export/replica-4,valid,allowed_full_shuffled,1,5,0,,0.0
citizen_services::GET__citizens_export_replica-4,citizen_services,GET /citizens/export/replica-4,valid,allowed_minimal_subset,1,2,0,,0.0
citizen_services::GET__citizens_export_replica-4,citizen_services,GET /citizens/export/replica-4,valid,allowed_empty_body,1,0,0,,0.0
citizen_services::GET__citizens_export_replica-4,citizen_services,GET /citizens/export/replica-4,valid,allowed_with_extra_audit_metadata,1,5,0,,0.0
citizen_services::GET__citizens_export_replica-4,citizen_services,GET /citizens/export/replica-4,wrong_role,denied_empty_body,0,0,0,,0.0
citizen_services::GET__citizens_export_replica-4,citizen_services,GET /citizens/export/replica-4,wrong_role,denied_audit_logged,0,0,0,,0.0
citizen_services::GET__citizens_export_replica-4,citizen_services,GET /citizens/export/replica-4,wrong_role,deprecated_endpoint_unavailable,0,0,0,,0.0
citizen_services::GET__citizens_export_replica-4,citizen_services,GET /citizens/export/replica-4,wrong_jurisdiction,denied_empty_body,0,0,0,,0.0
citizen_services::GET__citizens_export_replica-4,citizen_services,GET /citizens/export/replica-4,wrong_jurisdiction,denied_audit_logged,0,0,0,,0.0
citizen_services::GET__citizens_export_replica-4,citizen_services,GET /citizens/export/replica-4,wrong_jurisdiction,deprecated_endpoint_unavailable,0,0,0,,0.0
citizen_services::GET__citizens_export_replica-4,citizen_services,GET /citizens/export/replica-4,wrong_purpose,denied_empty_body,0,0,0,,0.0
citizen_services::GET__citizens_export_replica-4,citizen_services,GET /citizens/export/replica-4,wrong_purpose,denied_audit_logged,0,0,0,,0.0
citizen_services::GET__citizens_export_replica-4,citizen_services,GET /citizens/export/replica-4,wrong_purpose,deprecated_endpoint_unavailable,0,0,0,,0.0
citizen_services::GET__citizens_export_replica-4,citizen_services,GET /citizens/export/replica-4,self_access,allowed_full_sorted,1,5,0,,0.0
citizen_services::GET__citizens_export_replica-4,citizen_services,GET /citizens/export/replica-4,self_access,allowed_full_shuffled,1,5,0,,0.0
citizen_services::GET__citizens_export_replica-4,citizen_services,GET /citizens/export/replica-4,self_access,allowed_minimal_subset,1,2,0,,0.0
citizen_services::GET__citizens_export_replica-4,citizen_services,GET /citizens/export/replica-4,self_access,allowed_empty_body,1,0,0,,0.0
citizen_services::GET__citizens_export_replica-4,citizen_services,GET /citizens/export/replica-4,self_access,allowed_with_extra_audit_metadata,1,5,0,,0.0
citizen_services::GET__citizens_export_replica-4,citizen_services,GET /citizens/export/replica-4,unauthenticated,denied_empty_body,0,0,0,,0.0
citizen_services::GET__citizens_export_replica-4,citizen_services,GET /citizens/export/replica-4,unauthenticated,denied_audit_logged,0,0,0,,0.0
citizen_services::GET__citizens_export_replica-4,citizen_services,GET /citizens/export/replica-4,unauthenticated,deprecated_endpoint_unavailable,0,0,0,,0.0
citizen_services::GET__citizens_export_replica-4,citizen_services,GET /citizens/export/replica-4,sensitive_field_probe,allowed_full_sorted,1,5,0,,0.0
citizen_services::GET__citizens_export_replica-4,citizen_services,GET /citizens/export/replica-4,sensitive_field_probe,allowed_full_shuffled,1,5,0,,0.0
citizen_services::GET__citizens_export_replica-4,citizen_services,GET /citizens/export/replica-4,sensitive_field_probe,allowed_minimal_subset,1,2,0,,0.0
citizen_services::GET__citizens_export_replica-4,citizen_services,GET /citizens/export/replica-4,sensitive_field_probe,allowed_empty_body,1,0,0,,0.0
citizen_services::GET__citizens_export_replica-4,citizen_services,GET /citizens/export/replica-4,sensitive_field_probe,allowed_with_extra_audit_metadata,1,5,0,,0.0
citizen_services::GET__citizens_export_replica-4,citizen_services,GET /citizens/export/replica-4,aggregation_boundary,allowed_full_sorted,1,5,0,,0.0
citizen_services::GET__citizens_export_replica-4,citizen_services,GET /citizens/export/replica-4,aggregation_boundary,allowed_full_shuffled,1,5,0,,0.0
citizen_services::GET__citizens_export_replica-4,citizen_services,GET /citizens/export/replica-4,aggregation_boundary,allowed_minimal_subset,1,2,0,,0.0
citizen_services::GET__citizens_export_replica-4,citizen_services,GET /citizens/export/replica-4,aggregation_boundary,allowed_empty_body,1,0,0,,0.0
citizen_services::GET__citizens_export_replica-4,citizen_services,GET /citizens/export/replica-4,aggregation_boundary,allowed_with_extra_audit_metadata,1,5,0,,0.0
citizen_services::GET__citizens_export_replica-4,citizen_services,GET /citizens/export/replica-4,deprecated_inventory,allowed_full_sorted,1,5,0,,0.0
citizen_services::GET__citizens_export_replica-4,citizen_services,GET /citizens/export/replica-4,deprecated_inventory,allowed_full_shuffled,1,5,0,,0.0
citizen_services::GET__citizens_export_replica-4,citizen_services,GET /citizens/export/replica-4,deprecated_inventory,allowed_minimal_subset,1,2,0,,0.0
citizen_services::GET__citizens_export_replica-4,citizen_services,GET /citizens/export/replica-4,deprecated_inventory,allowed_empty_body,1,0,0,,0.0
citizen_services::GET__citizens_export_replica-4,citizen_services,GET /citizens/export/replica-4,deprecated_inventory,allowed_with_extra_audit_metadata,1,5,0,,0.0
education::GET__students_id_record_replica-4,education,GET /students/{id}/record/replica-4,valid,allowed_full_sorted,1,4,0,,0.0
education::GET__students_id_record_replica-4,education,GET /students/{id}/record/replica-4,valid,allowed_full_shuffled,1,4,0,,0.0
education::GET__students_id_record_replica-4,education,GET /students/{id}/record/replica-4,valid,allowed_minimal_subset,1,2,0,,0.0
education::GET__students_id_record_replica-4,education,GET /students/{id}/record/replica-4,valid,allowed_empty_body,1,0,0,,0.0
education::GET__students_id_record_replica-4,education,GET /students/{id}/record/replica-4,valid,allowed_with_extra_audit_metadata,1,4,0,,0.0
education::GET__students_id_record_replica-4,education,GET /students/{id}/record/replica-4,wrong_role,denied_empty_body,0,0,0,,0.0
education::GET__students_id_record_replica-4,education,GET /students/{id}/record/replica-4,wrong_role,denied_audit_logged,0,0,0,,0.0
education::GET__students_id_record_replica-4,education,GET /students/{id}/record/replica-4,wrong_role,deprecated_endpoint_unavailable,0,0,0,,0.0
education::GET__students_id_record_replica-4,education,GET /students/{id}/record/replica-4,wrong_jurisdiction,denied_empty_body,0,0,0,,0.0
education::GET__students_id_record_replica-4,education,GET /students/{id}/record/replica-4,wrong_jurisdiction,denied_audit_logged,0,0,0,,0.0
education::GET__students_id_record_replica-4,education,GET /students/{id}/record/replica-4,wrong_jurisdiction,deprecated_endpoint_unavailable,0,0,0,,0.0
education::GET__students_id_record_replica-4,education,GET /students/{id}/record/replica-4,wrong_purpose,denied_empty_body,0,0,0,,0.0
education::GET__students_id_record_replica-4,education,GET /students/{id}/record/replica-4,wrong_purpose,denied_audit_logged,0,0,0,,0.0
education::GET__students_id_record_replica-4,education,GET /students/{id}/record/replica-4,wrong_purpose,deprecated_endpoint_unavailable,0,0,0,,0.0
education::GET__students_id_record_replica-4,education,GET /students/{id}/record/replica-4,self_access,allowed_full_sorted,1,4,0,,0.0
education::GET__students_id_record_replica-4,education,GET /students/{id}/record/replica-4,self_access,allowed_full_shuffled,1,4,0,,0.0
education::GET__students_id_record_replica-4,education,GET /students/{id}/record/replica-4,self_access,allowed_minimal_subset,1,2,0,,0.0
education::GET__students_id_record_replica-4,education,GET /students/{id}/record/replica-4,self_access,allowed_empty_body,1,0,0,,0.0
education::GET__students_id_record_replica-4,education,GET /students/{id}/record/replica-4,self_access,allowed_with_extra_audit_metadata,1,4,0,,0.0
education::GET__students_id_record_replica-4,education,GET /students/{id}/record/replica-4,unauthenticated,denied_empty_body,0,0,0,,0.0
education::GET__students_id_record_replica-4,education,GET /students/{id}/record/replica-4,unauthenticated,denied_audit_logged,0,0,0,,0.0
education::GET__students_id_record_replica-4,education,GET /students/{id}/record/replica-4,unauthenticated,deprecated_endpoint_unavailable,0,0,0,,0.0
education::GET__students_id_record_replica-4,education,GET /students/{id}/record/replica-4,sensitive_field_probe,allowed_full_sorted,1,4,0,,0.0
education::GET__students_id_record_replica-4,education,GET /students/{id}/record/replica-4,sensitive_field_probe,allowed_full_shuffled,1,4,0,,0.0
education::GET__students_id_record_replica-4,education,GET /students/{id}/record/replica-4,sensitive_field_probe,allowed_minimal_subset,1,2,0,,0.0
education::GET__students_id_record_replica-4,education,GET /students/{id}/record/replica-4,sensitive_field_probe,allowed_empty_body,1,0,0,,0.0
education::GET__students_id_record_replica-4,education,GET /students/{id}/record/replica-4,sensitive_field_probe,allowed_with_extra_audit_metadata,1,4,0,,0.0
education::GET__students_id_record_replica-4,education,GET /students/{id}/record/replica-4,aggregation_boundary,allowed_full_sorted,1,4,0,,0.0
education::GET__students_id_record_replica-4,education,GET /students/{id}/record/replica-4,aggregation_boundary,allowed_full_shuffled,1,4,0,,0.0
education::GET__students_id_record_replica-4,education,GET /students/{id}/record/replica-4,aggregation_boundary,allowed_minimal_subset,1,2,0,,0.0
education::GET__students_id_record_replica-4,education,GET /students/{id}/record/replica-4,aggregation_boundary,allowed_empty_body,1,0,0,,0.0
education::GET__students_id_record_replica-4,education,GET /students/{id}/record/replica-4,aggregation_boundary,allowed_with_extra_audit_metadata,1,4,0,,0.0
education::GET__students_id_record_replica-4,education,GET /students/{id}/record/replica-4,deprecated_inventory,allowed_full_sorted,1,4,0,,0.0
education::GET__students_id_record_replica-4,education,GET /students/{id}/record/replica-4,deprecated_inventory,allowed_full_shuffled,1,4,0,,0.0
education::GET__students_id_record_replica-4,education,GET /students/{id}/record/replica-4,deprecated_inventory,allowed_minimal_subset,1,2,0,,0.0
education::GET__students_id_record_replica-4,education,GET /students/{id}/record/replica-4,deprecated_inventory,allowed_empty_body,1,0,0,,0.0
education::GET__students_id_record_replica-4,education,GET /students/{id}/record/replica-4,deprecated_inventory,allowed_with_extra_audit_metadata,1,4,0,,0.0
education::GET__classes_id_roster_replica-4,education,GET /classes/{id}/roster/replica-4,valid,allowed_full_sorted,1,4,0,,0.0
education::GET__classes_id_roster_replica-4,education,GET /classes/{id}/roster/replica-4,valid,allowed_full_shuffled,1,4,0,,0.0
education::GET__classes_id_roster_replica-4,education,GET /classes/{id}/roster/replica-4,valid,allowed_minimal_subset,1,2,0,,0.0
education::GET__classes_id_roster_replica-4,education,GET /classes/{id}/roster/replica-4,valid,allowed_empty_body,1,0,0,,0.0
education::GET__classes_id_roster_replica-4,education,GET /classes/{id}/roster/replica-4,valid,allowed_with_extra_audit_metadata,1,4,0,,0.0
education::GET__classes_id_roster_replica-4,education,GET /classes/{id}/roster/replica-4,wrong_role,denied_empty_body,0,0,0,,0.0
education::GET__classes_id_roster_replica-4,education,GET /classes/{id}/roster/replica-4,wrong_role,denied_audit_logged,0,0,0,,0.0
education::GET__classes_id_roster_replica-4,education,GET /classes/{id}/roster/replica-4,wrong_role,deprecated_endpoint_unavailable,0,0,0,,0.0
education::GET__classes_id_roster_replica-4,education,GET /classes/{id}/roster/replica-4,wrong_jurisdiction,denied_empty_body,0,0,0,,0.0
education::GET__classes_id_roster_replica-4,education,GET /classes/{id}/roster/replica-4,wrong_jurisdiction,denied_audit_logged,0,0,0,,0.0
education::GET__classes_id_roster_replica-4,education,GET /classes/{id}/roster/replica-4,wrong_jurisdiction,deprecated_endpoint_unavailable,0,0,0,,0.0
education::GET__classes_id_roster_replica-4,education,GET /classes/{id}/roster/replica-4,wrong_purpose,denied_empty_body,0,0,0,,0.0
education::GET__classes_id_roster_replica-4,education,GET /classes/{id}/roster/replica-4,wrong_purpose,denied_audit_logged,0,0,0,,0.0
education::GET__classes_id_roster_replica-4,education,GET /classes/{id}/roster/replica-4,wrong_purpose,deprecated_endpoint_unavailable,0,0,0,,0.0
education::GET__classes_id_roster_replica-4,education,GET /classes/{id}/roster/replica-4,self_access,allowed_full_sorted,1,4,0,,0.0
education::GET__classes_id_roster_replica-4,education,GET /classes/{id}/roster/replica-4,self_access,allowed_full_shuffled,1,4,0,,0.0
education::GET__classes_id_roster_replica-4,education,GET /classes/{id}/roster/replica-4,self_access,allowed_minimal_subset,1,2,0,,0.0
education::GET__classes_id_roster_replica-4,education,GET /classes/{id}/roster/replica-4,self_access,allowed_empty_body,1,0,0,,0.0
education::GET__classes_id_roster_replica-4,education,GET /classes/{id}/roster/replica-4,self_access,allowed_with_extra_audit_metadata,1,4,0,,0.0
education::GET__classes_id_roster_replica-4,education,GET /classes/{id}/roster/replica-4,unauthenticated,denied_empty_body,0,0,0,,0.0
education::GET__classes_id_roster_replica-4,education,GET /classes/{id}/roster/replica-4,unauthenticated,denied_audit_logged,0,0,0,,0.0
education::GET__classes_id_roster_replica-4,education,GET /classes/{id}/roster/replica-4,unauthenticated,deprecated_endpoint_unavailable,0,0,0,,0.0
education::GET__classes_id_roster_replica-4,education,GET /classes/{id}/roster/replica-4,sensitive_field_probe,allowed_full_sorted,1,4,0,,0.0
education::GET__classes_id_roster_replica-4,education,GET /classes/{id}/roster/replica-4,sensitive_field_probe,allowed_full_shuffled,1,4,0,,0.0
education::GET__classes_id_roster_replica-4,education,GET /classes/{id}/roster/replica-4,sensitive_field_probe,allowed_minimal_subset,1,2,0,,0.0
education::GET__classes_id_roster_replica-4,education,GET /classes/{id}/roster/replica-4,sensitive_field_probe,allowed_empty_body,1,0,0,,0.0
education::GET__classes_id_roster_replica-4,education,GET /classes/{id}/roster/replica-4,sensitive_field_probe,allowed_with_extra_audit_metadata,1,4,0,,0.0
education::GET__classes_id_roster_replica-4,education,GET /classes/{id}/roster/replica-4,aggregation_boundary,allowed_full_sorted,1,4,0,,0.0
education::GET__classes_id_roster_replica-4,education,GET /classes/{id}/roster/replica-4,aggregation_boundary,allowed_full_shuffled,1,4,0,,0.0
education::GET__classes_id_roster_replica-4,education,GET /classes/{id}/roster/replica-4,aggregation_boundary,allowed_minimal_subset,1,2,0,,0.0
education::GET__classes_id_roster_replica-4,education,GET /classes/{id}/roster/replica-4,aggregation_boundary,allowed_empty_body,1,0,0,,0.0
education::GET__classes_id_roster_replica-4,education,GET /classes/{id}/roster/replica-4,aggregation_boundary,allowed_with_extra_audit_metadata,1,4,0,,0.0
education::GET__classes_id_roster_replica-4,education,GET /classes/{id}/roster/replica-4,deprecated_inventory,allowed_full_sorted,1,4,0,,0.0
education::GET__classes_id_roster_replica-4,education,GET /classes/{id}/roster/replica-4,deprecated_inventory,allowed_full_shuffled,1,4,0,,0.0
education::GET__classes_id_roster_replica-4,education,GET /classes/{id}/roster/replica-4,deprecated_inventory,allowed_minimal_subset,1,2,0,,0.0
education::GET__classes_id_roster_replica-4,education,GET /classes/{id}/roster/replica-4,deprecated_inventory,allowed_empty_body,1,0,0,,0.0
education::GET__classes_id_roster_replica-4,education,GET /classes/{id}/roster/replica-4,deprecated_inventory,allowed_with_extra_audit_metadata,1,4,0,,0.0
education::GET__discipline_id_replica-4,education,GET /discipline/{id}/replica-4,valid,allowed_full_sorted,1,4,0,,0.0
education::GET__discipline_id_replica-4,education,GET /discipline/{id}/replica-4,valid,allowed_full_shuffled,1,4,0,,0.0
education::GET__discipline_id_replica-4,education,GET /discipline/{id}/replica-4,valid,allowed_minimal_subset,1,2,0,,0.0
education::GET__discipline_id_replica-4,education,GET /discipline/{id}/replica-4,valid,allowed_empty_body,1,0,0,,0.0
education::GET__discipline_id_replica-4,education,GET /discipline/{id}/replica-4,valid,allowed_with_extra_audit_metadata,1,4,0,,0.0
education::GET__discipline_id_replica-4,education,GET /discipline/{id}/replica-4,wrong_role,denied_empty_body,0,0,0,,0.0
education::GET__discipline_id_replica-4,education,GET /discipline/{id}/replica-4,wrong_role,denied_audit_logged,0,0,0,,0.0
education::GET__discipline_id_replica-4,education,GET /discipline/{id}/replica-4,wrong_role,deprecated_endpoint_unavailable,0,0,0,,0.0
education::GET__discipline_id_replica-4,education,GET /discipline/{id}/replica-4,wrong_jurisdiction,denied_empty_body,0,0,0,,0.0
education::GET__discipline_id_replica-4,education,GET /discipline/{id}/replica-4,wrong_jurisdiction,denied_audit_logged,0,0,0,,0.0
education::GET__discipline_id_replica-4,education,GET /discipline/{id}/replica-4,wrong_jurisdiction,deprecated_endpoint_unavailable,0,0,0,,0.0
education::GET__discipline_id_replica-4,education,GET /discipline/{id}/replica-4,wrong_purpose,denied_empty_body,0,0,0,,0.0
education::GET__discipline_id_replica-4,education,GET /discipline/{id}/replica-4,wrong_purpose,denied_audit_logged,0,0,0,,0.0
education::GET__discipline_id_replica-4,education,GET /discipline/{id}/replica-4,wrong_purpose,deprecated_endpoint_unavailable,0,0,0,,0.0
education::GET__discipline_id_replica-4,education,GET /discipline/{id}/replica-4,self_access,allowed_full_sorted,1,5,0,,0.0
education::GET__discipline_id_replica-4,education,GET /discipline/{id}/replica-4,self_access,allowed_full_shuffled,1,5,0,,0.0
education::GET__discipline_id_replica-4,education,GET /discipline/{id}/replica-4,self_access,allowed_minimal_subset,1,2,0,,0.0
education::GET__discipline_id_replica-4,education,GET /discipline/{id}/replica-4,self_access,allowed_empty_body,1,0,0,,0.0
education::GET__discipline_id_replica-4,education,GET /discipline/{id}/replica-4,self_access,allowed_with_extra_audit_metadata,1,5,0,,0.0
education::GET__discipline_id_replica-4,education,GET /discipline/{id}/replica-4,unauthenticated,denied_empty_body,0,0,0,,0.0
education::GET__discipline_id_replica-4,education,GET /discipline/{id}/replica-4,unauthenticated,denied_audit_logged,0,0,0,,0.0
education::GET__discipline_id_replica-4,education,GET /discipline/{id}/replica-4,unauthenticated,deprecated_endpoint_unavailable,0,0,0,,0.0
education::GET__discipline_id_replica-4,education,GET /discipline/{id}/replica-4,sensitive_field_probe,allowed_full_sorted,1,4,0,,0.0
education::GET__discipline_id_replica-4,education,GET /discipline/{id}/replica-4,sensitive_field_probe,allowed_full_shuffled,1,4,0,,0.0
education::GET__discipline_id_replica-4,education,GET /discipline/{id}/replica-4,sensitive_field_probe,allowed_minimal_subset,1,2,0,,0.0
education::GET__discipline_id_replica-4,education,GET /discipline/{id}/replica-4,sensitive_field_probe,allowed_empty_body,1,0,0,,0.0
education::GET__discipline_id_replica-4,education,GET /discipline/{id}/replica-4,sensitive_field_probe,allowed_with_extra_audit_metadata,1,4,0,,0.0
education::GET__discipline_id_replica-4,education,GET /discipline/{id}/replica-4,aggregation_boundary,allowed_full_sorted,1,4,0,,0.0
education::GET__discipline_id_replica-4,education,GET /discipline/{id}/replica-4,aggregation_boundary,allowed_full_shuffled,1,4,0,,0.0
education::GET__discipline_id_replica-4,education,GET /discipline/{id}/replica-4,aggregation_boundary,allowed_minimal_subset,1,2,0,,0.0
education::GET__discipline_id_replica-4,education,GET /discipline/{id}/replica-4,aggregation_boundary,allowed_empty_body,1,0,0,,0.0
education::GET__discipline_id_replica-4,education,GET /discipline/{id}/replica-4,aggregation_boundary,allowed_with_extra_audit_metadata,1,4,0,,0.0
education::GET__discipline_id_replica-4,education,GET /discipline/{id}/replica-4,deprecated_inventory,allowed_full_sorted,1,4,0,,0.0
education::GET__discipline_id_replica-4,education,GET /discipline/{id}/replica-4,deprecated_inventory,allowed_full_shuffled,1,4,0,,0.0
education::GET__discipline_id_replica-4,education,GET /discipline/{id}/replica-4,deprecated_inventory,allowed_minimal_subset,1,2,0,,0.0
education::GET__discipline_id_replica-4,education,GET /discipline/{id}/replica-4,deprecated_inventory,allowed_empty_body,1,0,0,,0.0
education::GET__discipline_id_replica-4,education,GET /discipline/{id}/replica-4,deprecated_inventory,allowed_with_extra_audit_metadata,1,4,0,,0.0
business_licensing::GET__licenses_id_replica-4,business_licensing,GET /licenses/{id}/replica-4,valid,allowed_full_sorted,1,7,0,,0.0
business_licensing::GET__licenses_id_replica-4,business_licensing,GET /licenses/{id}/replica-4,valid,allowed_full_shuffled,1,7,0,,0.0
business_licensing::GET__licenses_id_replica-4,business_licensing,GET /licenses/{id}/replica-4,valid,allowed_minimal_subset,1,3,0,,0.0
business_licensing::GET__licenses_id_replica-4,business_licensing,GET /licenses/{id}/replica-4,valid,allowed_empty_body,1,0,0,,0.0
business_licensing::GET__licenses_id_replica-4,business_licensing,GET /licenses/{id}/replica-4,valid,allowed_with_extra_audit_metadata,1,7,0,,0.0
business_licensing::GET__licenses_id_replica-4,business_licensing,GET /licenses/{id}/replica-4,wrong_role,denied_empty_body,0,0,0,,0.0
business_licensing::GET__licenses_id_replica-4,business_licensing,GET /licenses/{id}/replica-4,wrong_role,denied_audit_logged,0,0,0,,0.0
business_licensing::GET__licenses_id_replica-4,business_licensing,GET /licenses/{id}/replica-4,wrong_role,deprecated_endpoint_unavailable,0,0,0,,0.0
business_licensing::GET__licenses_id_replica-4,business_licensing,GET /licenses/{id}/replica-4,wrong_jurisdiction,denied_empty_body,0,0,0,,0.0
business_licensing::GET__licenses_id_replica-4,business_licensing,GET /licenses/{id}/replica-4,wrong_jurisdiction,denied_audit_logged,0,0,0,,0.0
business_licensing::GET__licenses_id_replica-4,business_licensing,GET /licenses/{id}/replica-4,wrong_jurisdiction,deprecated_endpoint_unavailable,0,0,0,,0.0
business_licensing::GET__licenses_id_replica-4,business_licensing,GET /licenses/{id}/replica-4,wrong_purpose,denied_empty_body,0,0,0,,0.0
business_licensing::GET__licenses_id_replica-4,business_licensing,GET /licenses/{id}/replica-4,wrong_purpose,denied_audit_logged,0,0,0,,0.0
business_licensing::GET__licenses_id_replica-4,business_licensing,GET /licenses/{id}/replica-4,wrong_purpose,deprecated_endpoint_unavailable,0,0,0,,0.0
business_licensing::GET__licenses_id_replica-4,business_licensing,GET /licenses/{id}/replica-4,self_access,allowed_full_sorted,1,6,0,,0.0
business_licensing::GET__licenses_id_replica-4,business_licensing,GET /licenses/{id}/replica-4,self_access,allowed_full_shuffled,1,6,0,,0.0
business_licensing::GET__licenses_id_replica-4,business_licensing,GET /licenses/{id}/replica-4,self_access,allowed_minimal_subset,1,3,0,,0.0
business_licensing::GET__licenses_id_replica-4,business_licensing,GET /licenses/{id}/replica-4,self_access,allowed_empty_body,1,0,0,,0.0
business_licensing::GET__licenses_id_replica-4,business_licensing,GET /licenses/{id}/replica-4,self_access,allowed_with_extra_audit_metadata,1,6,0,,0.0
business_licensing::GET__licenses_id_replica-4,business_licensing,GET /licenses/{id}/replica-4,unauthenticated,denied_empty_body,0,0,0,,0.0
business_licensing::GET__licenses_id_replica-4,business_licensing,GET /licenses/{id}/replica-4,unauthenticated,denied_audit_logged,0,0,0,,0.0
business_licensing::GET__licenses_id_replica-4,business_licensing,GET /licenses/{id}/replica-4,unauthenticated,deprecated_endpoint_unavailable,0,0,0,,0.0
business_licensing::GET__licenses_id_replica-4,business_licensing,GET /licenses/{id}/replica-4,sensitive_field_probe,allowed_full_sorted,1,7,0,,0.0
business_licensing::GET__licenses_id_replica-4,business_licensing,GET /licenses/{id}/replica-4,sensitive_field_probe,allowed_full_shuffled,1,7,0,,0.0
business_licensing::GET__licenses_id_replica-4,business_licensing,GET /licenses/{id}/replica-4,sensitive_field_probe,allowed_minimal_subset,1,3,0,,0.0
business_licensing::GET__licenses_id_replica-4,business_licensing,GET /licenses/{id}/replica-4,sensitive_field_probe,allowed_empty_body,1,0,0,,0.0
business_licensing::GET__licenses_id_replica-4,business_licensing,GET /licenses/{id}/replica-4,sensitive_field_probe,allowed_with_extra_audit_metadata,1,7,0,,0.0
business_licensing::GET__licenses_id_replica-4,business_licensing,GET /licenses/{id}/replica-4,aggregation_boundary,allowed_full_sorted,1,7,0,,0.0
business_licensing::GET__licenses_id_replica-4,business_licensing,GET /licenses/{id}/replica-4,aggregation_boundary,allowed_full_shuffled,1,7,0,,0.0
business_licensing::GET__licenses_id_replica-4,business_licensing,GET /licenses/{id}/replica-4,aggregation_boundary,allowed_minimal_subset,1,3,0,,0.0
business_licensing::GET__licenses_id_replica-4,business_licensing,GET /licenses/{id}/replica-4,aggregation_boundary,allowed_empty_body,1,0,0,,0.0
business_licensing::GET__licenses_id_replica-4,business_licensing,GET /licenses/{id}/replica-4,aggregation_boundary,allowed_with_extra_audit_metadata,1,7,0,,0.0
business_licensing::GET__licenses_id_replica-4,business_licensing,GET /licenses/{id}/replica-4,deprecated_inventory,allowed_full_sorted,1,7,0,,0.0
business_licensing::GET__licenses_id_replica-4,business_licensing,GET /licenses/{id}/replica-4,deprecated_inventory,allowed_full_shuffled,1,7,0,,0.0
business_licensing::GET__licenses_id_replica-4,business_licensing,GET /licenses/{id}/replica-4,deprecated_inventory,allowed_minimal_subset,1,3,0,,0.0
business_licensing::GET__licenses_id_replica-4,business_licensing,GET /licenses/{id}/replica-4,deprecated_inventory,allowed_empty_body,1,0,0,,0.0
business_licensing::GET__licenses_id_replica-4,business_licensing,GET /licenses/{id}/replica-4,deprecated_inventory,allowed_with_extra_audit_metadata,1,7,0,,0.0
business_licensing::GET__inspections_id_replica-4,business_licensing,GET /inspections/{id}/replica-4,valid,allowed_full_sorted,1,6,0,,0.0
business_licensing::GET__inspections_id_replica-4,business_licensing,GET /inspections/{id}/replica-4,valid,allowed_full_shuffled,1,6,0,,0.0
business_licensing::GET__inspections_id_replica-4,business_licensing,GET /inspections/{id}/replica-4,valid,allowed_minimal_subset,1,3,0,,0.0
business_licensing::GET__inspections_id_replica-4,business_licensing,GET /inspections/{id}/replica-4,valid,allowed_empty_body,1,0,0,,0.0
business_licensing::GET__inspections_id_replica-4,business_licensing,GET /inspections/{id}/replica-4,valid,allowed_with_extra_audit_metadata,1,6,0,,0.0
business_licensing::GET__inspections_id_replica-4,business_licensing,GET /inspections/{id}/replica-4,wrong_role,denied_empty_body,0,0,0,,0.0
business_licensing::GET__inspections_id_replica-4,business_licensing,GET /inspections/{id}/replica-4,wrong_role,denied_audit_logged,0,0,0,,0.0
business_licensing::GET__inspections_id_replica-4,business_licensing,GET /inspections/{id}/replica-4,wrong_role,deprecated_endpoint_unavailable,0,0,0,,0.0
business_licensing::GET__inspections_id_replica-4,business_licensing,GET /inspections/{id}/replica-4,wrong_jurisdiction,denied_empty_body,0,0,0,,0.0
business_licensing::GET__inspections_id_replica-4,business_licensing,GET /inspections/{id}/replica-4,wrong_jurisdiction,denied_audit_logged,0,0,0,,0.0
business_licensing::GET__inspections_id_replica-4,business_licensing,GET /inspections/{id}/replica-4,wrong_jurisdiction,deprecated_endpoint_unavailable,0,0,0,,0.0
business_licensing::GET__inspections_id_replica-4,business_licensing,GET /inspections/{id}/replica-4,wrong_purpose,denied_empty_body,0,0,0,,0.0
business_licensing::GET__inspections_id_replica-4,business_licensing,GET /inspections/{id}/replica-4,wrong_purpose,denied_audit_logged,0,0,0,,0.0
business_licensing::GET__inspections_id_replica-4,business_licensing,GET /inspections/{id}/replica-4,wrong_purpose,deprecated_endpoint_unavailable,0,0,0,,0.0
business_licensing::GET__inspections_id_replica-4,business_licensing,GET /inspections/{id}/replica-4,self_access,allowed_full_sorted,1,5,0,,0.0
business_licensing::GET__inspections_id_replica-4,business_licensing,GET /inspections/{id}/replica-4,self_access,allowed_full_shuffled,1,5,0,,0.0
business_licensing::GET__inspections_id_replica-4,business_licensing,GET /inspections/{id}/replica-4,self_access,allowed_minimal_subset,1,2,0,,0.0
business_licensing::GET__inspections_id_replica-4,business_licensing,GET /inspections/{id}/replica-4,self_access,allowed_empty_body,1,0,0,,0.0
business_licensing::GET__inspections_id_replica-4,business_licensing,GET /inspections/{id}/replica-4,self_access,allowed_with_extra_audit_metadata,1,5,0,,0.0
business_licensing::GET__inspections_id_replica-4,business_licensing,GET /inspections/{id}/replica-4,unauthenticated,denied_empty_body,0,0,0,,0.0
business_licensing::GET__inspections_id_replica-4,business_licensing,GET /inspections/{id}/replica-4,unauthenticated,denied_audit_logged,0,0,0,,0.0
business_licensing::GET__inspections_id_replica-4,business_licensing,GET /inspections/{id}/replica-4,unauthenticated,deprecated_endpoint_unavailable,0,0,0,,0.0
business_licensing::GET__inspections_id_replica-4,business_licensing,GET /inspections/{id}/replica-4,sensitive_field_probe,allowed_full_sorted,1,6,0,,0.0
business_licensing::GET__inspections_id_replica-4,business_licensing,GET /inspections/{id}/replica-4,sensitive_field_probe,allowed_full_shuffled,1,6,0,,0.0
business_licensing::GET__inspections_id_replica-4,business_licensing,GET /inspections/{id}/replica-4,sensitive_field_probe,allowed_minimal_subset,1,3,0,,0.0
business_licensing::GET__inspections_id_replica-4,business_licensing,GET /inspections/{id}/replica-4,sensitive_field_probe,allowed_empty_body,1,0,0,,0.0
business_licensing::GET__inspections_id_replica-4,business_licensing,GET /inspections/{id}/replica-4,sensitive_field_probe,allowed_with_extra_audit_metadata,1,6,0,,0.0
business_licensing::GET__inspections_id_replica-4,business_licensing,GET /inspections/{id}/replica-4,aggregation_boundary,allowed_full_sorted,1,6,0,,0.0
business_licensing::GET__inspections_id_replica-4,business_licensing,GET /inspections/{id}/replica-4,aggregation_boundary,allowed_full_shuffled,1,6,0,,0.0
business_licensing::GET__inspections_id_replica-4,business_licensing,GET /inspections/{id}/replica-4,aggregation_boundary,allowed_minimal_subset,1,3,0,,0.0
business_licensing::GET__inspections_id_replica-4,business_licensing,GET /inspections/{id}/replica-4,aggregation_boundary,allowed_empty_body,1,0,0,,0.0
business_licensing::GET__inspections_id_replica-4,business_licensing,GET /inspections/{id}/replica-4,aggregation_boundary,allowed_with_extra_audit_metadata,1,6,0,,0.0
business_licensing::GET__inspections_id_replica-4,business_licensing,GET /inspections/{id}/replica-4,deprecated_inventory,allowed_full_sorted,1,6,0,,0.0
business_licensing::GET__inspections_id_replica-4,business_licensing,GET /inspections/{id}/replica-4,deprecated_inventory,allowed_full_shuffled,1,6,0,,0.0
business_licensing::GET__inspections_id_replica-4,business_licensing,GET /inspections/{id}/replica-4,deprecated_inventory,allowed_minimal_subset,1,3,0,,0.0
business_licensing::GET__inspections_id_replica-4,business_licensing,GET /inspections/{id}/replica-4,deprecated_inventory,allowed_empty_body,1,0,0,,0.0
business_licensing::GET__inspections_id_replica-4,business_licensing,GET /inspections/{id}/replica-4,deprecated_inventory,allowed_with_extra_audit_metadata,1,6,0,,0.0
business_licensing::GET__licenses_export_replica-4,business_licensing,GET /licenses/export/replica-4,valid,allowed_full_sorted,1,7,0,,0.0
business_licensing::GET__licenses_export_replica-4,business_licensing,GET /licenses/export/replica-4,valid,allowed_full_shuffled,1,7,0,,0.0
business_licensing::GET__licenses_export_replica-4,business_licensing,GET /licenses/export/replica-4,valid,allowed_minimal_subset,1,3,0,,0.0
business_licensing::GET__licenses_export_replica-4,business_licensing,GET /licenses/export/replica-4,valid,allowed_empty_body,1,0,0,,0.0
business_licensing::GET__licenses_export_replica-4,business_licensing,GET /licenses/export/replica-4,valid,allowed_with_extra_audit_metadata,1,7,0,,0.0
business_licensing::GET__licenses_export_replica-4,business_licensing,GET /licenses/export/replica-4,wrong_role,denied_empty_body,0,0,0,,0.0
business_licensing::GET__licenses_export_replica-4,business_licensing,GET /licenses/export/replica-4,wrong_role,denied_audit_logged,0,0,0,,0.0
business_licensing::GET__licenses_export_replica-4,business_licensing,GET /licenses/export/replica-4,wrong_role,deprecated_endpoint_unavailable,0,0,0,,0.0
business_licensing::GET__licenses_export_replica-4,business_licensing,GET /licenses/export/replica-4,wrong_jurisdiction,denied_empty_body,0,0,0,,0.0
business_licensing::GET__licenses_export_replica-4,business_licensing,GET /licenses/export/replica-4,wrong_jurisdiction,denied_audit_logged,0,0,0,,0.0
business_licensing::GET__licenses_export_replica-4,business_licensing,GET /licenses/export/replica-4,wrong_jurisdiction,deprecated_endpoint_unavailable,0,0,0,,0.0
business_licensing::GET__licenses_export_replica-4,business_licensing,GET /licenses/export/replica-4,wrong_purpose,denied_empty_body,0,0,0,,0.0
business_licensing::GET__licenses_export_replica-4,business_licensing,GET /licenses/export/replica-4,wrong_purpose,denied_audit_logged,0,0,0,,0.0
business_licensing::GET__licenses_export_replica-4,business_licensing,GET /licenses/export/replica-4,wrong_purpose,deprecated_endpoint_unavailable,0,0,0,,0.0
business_licensing::GET__licenses_export_replica-4,business_licensing,GET /licenses/export/replica-4,self_access,allowed_full_sorted,1,6,0,,0.0
business_licensing::GET__licenses_export_replica-4,business_licensing,GET /licenses/export/replica-4,self_access,allowed_full_shuffled,1,6,0,,0.0
business_licensing::GET__licenses_export_replica-4,business_licensing,GET /licenses/export/replica-4,self_access,allowed_minimal_subset,1,3,0,,0.0
business_licensing::GET__licenses_export_replica-4,business_licensing,GET /licenses/export/replica-4,self_access,allowed_empty_body,1,0,0,,0.0
business_licensing::GET__licenses_export_replica-4,business_licensing,GET /licenses/export/replica-4,self_access,allowed_with_extra_audit_metadata,1,6,0,,0.0
business_licensing::GET__licenses_export_replica-4,business_licensing,GET /licenses/export/replica-4,unauthenticated,denied_empty_body,0,0,0,,0.0
business_licensing::GET__licenses_export_replica-4,business_licensing,GET /licenses/export/replica-4,unauthenticated,denied_audit_logged,0,0,0,,0.0
business_licensing::GET__licenses_export_replica-4,business_licensing,GET /licenses/export/replica-4,unauthenticated,deprecated_endpoint_unavailable,0,0,0,,0.0
business_licensing::GET__licenses_export_replica-4,business_licensing,GET /licenses/export/replica-4,sensitive_field_probe,allowed_full_sorted,1,7,0,,0.0
business_licensing::GET__licenses_export_replica-4,business_licensing,GET /licenses/export/replica-4,sensitive_field_probe,allowed_full_shuffled,1,7,0,,0.0
business_licensing::GET__licenses_export_replica-4,business_licensing,GET /licenses/export/replica-4,sensitive_field_probe,allowed_minimal_subset,1,3,0,,0.0
business_licensing::GET__licenses_export_replica-4,business_licensing,GET /licenses/export/replica-4,sensitive_field_probe,allowed_empty_body,1,0,0,,0.0
business_licensing::GET__licenses_export_replica-4,business_licensing,GET /licenses/export/replica-4,sensitive_field_probe,allowed_with_extra_audit_metadata,1,7,0,,0.0
business_licensing::GET__licenses_export_replica-4,business_licensing,GET /licenses/export/replica-4,aggregation_boundary,allowed_full_sorted,1,7,0,,0.0
business_licensing::GET__licenses_export_replica-4,business_licensing,GET /licenses/export/replica-4,aggregation_boundary,allowed_full_shuffled,1,7,0,,0.0
business_licensing::GET__licenses_export_replica-4,business_licensing,GET /licenses/export/replica-4,aggregation_boundary,allowed_minimal_subset,1,3,0,,0.0
business_licensing::GET__licenses_export_replica-4,business_licensing,GET /licenses/export/replica-4,aggregation_boundary,allowed_empty_body,1,0,0,,0.0
business_licensing::GET__licenses_export_replica-4,business_licensing,GET /licenses/export/replica-4,aggregation_boundary,allowed_with_extra_audit_metadata,1,7,0,,0.0
business_licensing::GET__licenses_export_replica-4,business_licensing,GET /licenses/export/replica-4,deprecated_inventory,allowed_full_sorted,1,7,0,,0.0
business_licensing::GET__licenses_export_replica-4,business_licensing,GET /licenses/export/replica-4,deprecated_inventory,allowed_full_shuffled,1,7,0,,0.0
business_licensing::GET__licenses_export_replica-4,business_licensing,GET /licenses/export/replica-4,deprecated_inventory,allowed_minimal_subset,1,3,0,,0.0
business_licensing::GET__licenses_export_replica-4,business_licensing,GET /licenses/export/replica-4,deprecated_inventory,allowed_empty_body,1,0,0,,0.0
business_licensing::GET__licenses_export_replica-4,business_licensing,GET /licenses/export/replica-4,deprecated_inventory,allowed_with_extra_audit_metadata,1,7,0,,0.0
health::GET__patients_id_replica-5,health,GET /patients/{id}/replica-5,valid,allowed_full_sorted,1,7,0,,0.0
health::GET__patients_id_replica-5,health,GET /patients/{id}/replica-5,valid,allowed_full_shuffled,1,7,0,,0.0
health::GET__patients_id_replica-5,health,GET /patients/{id}/replica-5,valid,allowed_minimal_subset,1,3,0,,0.0
health::GET__patients_id_replica-5,health,GET /patients/{id}/replica-5,valid,allowed_empty_body,1,0,0,,0.0
health::GET__patients_id_replica-5,health,GET /patients/{id}/replica-5,valid,allowed_with_extra_audit_metadata,1,7,0,,0.0
health::GET__patients_id_replica-5,health,GET /patients/{id}/replica-5,wrong_role,denied_empty_body,0,0,0,,0.0
health::GET__patients_id_replica-5,health,GET /patients/{id}/replica-5,wrong_role,denied_audit_logged,0,0,0,,0.0
health::GET__patients_id_replica-5,health,GET /patients/{id}/replica-5,wrong_role,deprecated_endpoint_unavailable,0,0,0,,0.0
health::GET__patients_id_replica-5,health,GET /patients/{id}/replica-5,wrong_jurisdiction,denied_empty_body,0,0,0,,0.0
health::GET__patients_id_replica-5,health,GET /patients/{id}/replica-5,wrong_jurisdiction,denied_audit_logged,0,0,0,,0.0
health::GET__patients_id_replica-5,health,GET /patients/{id}/replica-5,wrong_jurisdiction,deprecated_endpoint_unavailable,0,0,0,,0.0
health::GET__patients_id_replica-5,health,GET /patients/{id}/replica-5,wrong_purpose,denied_empty_body,0,0,0,,0.0
health::GET__patients_id_replica-5,health,GET /patients/{id}/replica-5,wrong_purpose,denied_audit_logged,0,0,0,,0.0
health::GET__patients_id_replica-5,health,GET /patients/{id}/replica-5,wrong_purpose,deprecated_endpoint_unavailable,0,0,0,,0.0
health::GET__patients_id_replica-5,health,GET /patients/{id}/replica-5,self_access,allowed_full_sorted,1,8,0,,0.0
health::GET__patients_id_replica-5,health,GET /patients/{id}/replica-5,self_access,allowed_full_shuffled,1,8,0,,0.0
health::GET__patients_id_replica-5,health,GET /patients/{id}/replica-5,self_access,allowed_minimal_subset,1,4,0,,0.0
health::GET__patients_id_replica-5,health,GET /patients/{id}/replica-5,self_access,allowed_empty_body,1,0,0,,0.0
health::GET__patients_id_replica-5,health,GET /patients/{id}/replica-5,self_access,allowed_with_extra_audit_metadata,1,8,0,,0.0
health::GET__patients_id_replica-5,health,GET /patients/{id}/replica-5,unauthenticated,denied_empty_body,0,0,0,,0.0
health::GET__patients_id_replica-5,health,GET /patients/{id}/replica-5,unauthenticated,denied_audit_logged,0,0,0,,0.0
health::GET__patients_id_replica-5,health,GET /patients/{id}/replica-5,unauthenticated,deprecated_endpoint_unavailable,0,0,0,,0.0
health::GET__patients_id_replica-5,health,GET /patients/{id}/replica-5,sensitive_field_probe,allowed_full_sorted,1,7,0,,0.0
health::GET__patients_id_replica-5,health,GET /patients/{id}/replica-5,sensitive_field_probe,allowed_full_shuffled,1,7,0,,0.0
health::GET__patients_id_replica-5,health,GET /patients/{id}/replica-5,sensitive_field_probe,allowed_minimal_subset,1,3,0,,0.0
health::GET__patients_id_replica-5,health,GET /patients/{id}/replica-5,sensitive_field_probe,allowed_empty_body,1,0,0,,0.0
health::GET__patients_id_replica-5,health,GET /patients/{id}/replica-5,sensitive_field_probe,allowed_with_extra_audit_metadata,1,7,0,,0.0
health::GET__patients_id_replica-5,health,GET /patients/{id}/replica-5,aggregation_boundary,allowed_full_sorted,1,7,0,,0.0
health::GET__patients_id_replica-5,health,GET /patients/{id}/replica-5,aggregation_boundary,allowed_full_shuffled,1,7,0,,0.0
health::GET__patients_id_replica-5,health,GET /patients/{id}/replica-5,aggregation_boundary,allowed_minimal_subset,1,3,0,,0.0
health::GET__patients_id_replica-5,health,GET /patients/{id}/replica-5,aggregation_boundary,allowed_empty_body,1,0,0,,0.0
health::GET__patients_id_replica-5,health,GET /patients/{id}/replica-5,aggregation_boundary,allowed_with_extra_audit_metadata,1,7,0,,0.0
health::GET__patients_id_replica-5,health,GET /patients/{id}/replica-5,deprecated_inventory,allowed_full_sorted,1,7,0,,0.0
health::GET__patients_id_replica-5,health,GET /patients/{id}/replica-5,deprecated_inventory,allowed_full_shuffled,1,7,0,,0.0
health::GET__patients_id_replica-5,health,GET /patients/{id}/replica-5,deprecated_inventory,allowed_minimal_subset,1,3,0,,0.0
health::GET__patients_id_replica-5,health,GET /patients/{id}/replica-5,deprecated_inventory,allowed_empty_body,1,0,0,,0.0
health::GET__patients_id_replica-5,health,GET /patients/{id}/replica-5,deprecated_inventory,allowed_with_extra_audit_metadata,1,7,0,,0.0
health::GET__encounters_id_replica-5,health,GET /encounters/{id}/replica-5,valid,allowed_full_sorted,1,6,0,,0.0
health::GET__encounters_id_replica-5,health,GET /encounters/{id}/replica-5,valid,allowed_full_shuffled,1,6,0,,0.0
health::GET__encounters_id_replica-5,health,GET /encounters/{id}/replica-5,valid,allowed_minimal_subset,1,3,0,,0.0
health::GET__encounters_id_replica-5,health,GET /encounters/{id}/replica-5,valid,allowed_empty_body,1,0,0,,0.0
health::GET__encounters_id_replica-5,health,GET /encounters/{id}/replica-5,valid,allowed_with_extra_audit_metadata,1,6,0,,0.0
health::GET__encounters_id_replica-5,health,GET /encounters/{id}/replica-5,wrong_role,denied_empty_body,0,0,0,,0.0
health::GET__encounters_id_replica-5,health,GET /encounters/{id}/replica-5,wrong_role,denied_audit_logged,0,0,0,,0.0
health::GET__encounters_id_replica-5,health,GET /encounters/{id}/replica-5,wrong_role,deprecated_endpoint_unavailable,0,0,0,,0.0
health::GET__encounters_id_replica-5,health,GET /encounters/{id}/replica-5,wrong_jurisdiction,denied_empty_body,0,0,0,,0.0
health::GET__encounters_id_replica-5,health,GET /encounters/{id}/replica-5,wrong_jurisdiction,denied_audit_logged,0,0,0,,0.0
health::GET__encounters_id_replica-5,health,GET /encounters/{id}/replica-5,wrong_jurisdiction,deprecated_endpoint_unavailable,0,0,0,,0.0
health::GET__encounters_id_replica-5,health,GET /encounters/{id}/replica-5,wrong_purpose,denied_empty_body,0,0,0,,0.0
health::GET__encounters_id_replica-5,health,GET /encounters/{id}/replica-5,wrong_purpose,denied_audit_logged,0,0,0,,0.0
health::GET__encounters_id_replica-5,health,GET /encounters/{id}/replica-5,wrong_purpose,deprecated_endpoint_unavailable,0,0,0,,0.0
health::GET__encounters_id_replica-5,health,GET /encounters/{id}/replica-5,self_access,allowed_full_sorted,1,7,0,,0.0
health::GET__encounters_id_replica-5,health,GET /encounters/{id}/replica-5,self_access,allowed_full_shuffled,1,7,0,,0.0
health::GET__encounters_id_replica-5,health,GET /encounters/{id}/replica-5,self_access,allowed_minimal_subset,1,3,0,,0.0
health::GET__encounters_id_replica-5,health,GET /encounters/{id}/replica-5,self_access,allowed_empty_body,1,0,0,,0.0
health::GET__encounters_id_replica-5,health,GET /encounters/{id}/replica-5,self_access,allowed_with_extra_audit_metadata,1,7,0,,0.0
health::GET__encounters_id_replica-5,health,GET /encounters/{id}/replica-5,unauthenticated,denied_empty_body,0,0,0,,0.0
health::GET__encounters_id_replica-5,health,GET /encounters/{id}/replica-5,unauthenticated,denied_audit_logged,0,0,0,,0.0
health::GET__encounters_id_replica-5,health,GET /encounters/{id}/replica-5,unauthenticated,deprecated_endpoint_unavailable,0,0,0,,0.0
health::GET__encounters_id_replica-5,health,GET /encounters/{id}/replica-5,sensitive_field_probe,allowed_full_sorted,1,6,0,,0.0
health::GET__encounters_id_replica-5,health,GET /encounters/{id}/replica-5,sensitive_field_probe,allowed_full_shuffled,1,6,0,,0.0
health::GET__encounters_id_replica-5,health,GET /encounters/{id}/replica-5,sensitive_field_probe,allowed_minimal_subset,1,3,0,,0.0
health::GET__encounters_id_replica-5,health,GET /encounters/{id}/replica-5,sensitive_field_probe,allowed_empty_body,1,0,0,,0.0
health::GET__encounters_id_replica-5,health,GET /encounters/{id}/replica-5,sensitive_field_probe,allowed_with_extra_audit_metadata,1,6,0,,0.0
health::GET__encounters_id_replica-5,health,GET /encounters/{id}/replica-5,aggregation_boundary,allowed_full_sorted,1,6,0,,0.0
health::GET__encounters_id_replica-5,health,GET /encounters/{id}/replica-5,aggregation_boundary,allowed_full_shuffled,1,6,0,,0.0
health::GET__encounters_id_replica-5,health,GET /encounters/{id}/replica-5,aggregation_boundary,allowed_minimal_subset,1,3,0,,0.0
health::GET__encounters_id_replica-5,health,GET /encounters/{id}/replica-5,aggregation_boundary,allowed_empty_body,1,0,0,,0.0
health::GET__encounters_id_replica-5,health,GET /encounters/{id}/replica-5,aggregation_boundary,allowed_with_extra_audit_metadata,1,6,0,,0.0
health::GET__encounters_id_replica-5,health,GET /encounters/{id}/replica-5,deprecated_inventory,allowed_full_sorted,1,6,0,,0.0
health::GET__encounters_id_replica-5,health,GET /encounters/{id}/replica-5,deprecated_inventory,allowed_full_shuffled,1,6,0,,0.0
health::GET__encounters_id_replica-5,health,GET /encounters/{id}/replica-5,deprecated_inventory,allowed_minimal_subset,1,3,0,,0.0
health::GET__encounters_id_replica-5,health,GET /encounters/{id}/replica-5,deprecated_inventory,allowed_empty_body,1,0,0,,0.0
health::GET__encounters_id_replica-5,health,GET /encounters/{id}/replica-5,deprecated_inventory,allowed_with_extra_audit_metadata,1,6,0,,0.0
health::GET__patients_search_replica-5,health,GET /patients/search/replica-5,valid,allowed_full_sorted,1,7,0,,0.0
health::GET__patients_search_replica-5,health,GET /patients/search/replica-5,valid,allowed_full_shuffled,1,7,0,,0.0
health::GET__patients_search_replica-5,health,GET /patients/search/replica-5,valid,allowed_minimal_subset,1,3,0,,0.0
health::GET__patients_search_replica-5,health,GET /patients/search/replica-5,valid,allowed_empty_body,1,0,0,,0.0
health::GET__patients_search_replica-5,health,GET /patients/search/replica-5,valid,allowed_with_extra_audit_metadata,1,7,0,,0.0
health::GET__patients_search_replica-5,health,GET /patients/search/replica-5,wrong_role,denied_empty_body,0,0,0,,0.0
health::GET__patients_search_replica-5,health,GET /patients/search/replica-5,wrong_role,denied_audit_logged,0,0,0,,0.0
health::GET__patients_search_replica-5,health,GET /patients/search/replica-5,wrong_role,deprecated_endpoint_unavailable,0,0,0,,0.0
health::GET__patients_search_replica-5,health,GET /patients/search/replica-5,wrong_jurisdiction,denied_empty_body,0,0,0,,0.0
health::GET__patients_search_replica-5,health,GET /patients/search/replica-5,wrong_jurisdiction,denied_audit_logged,0,0,0,,0.0
health::GET__patients_search_replica-5,health,GET /patients/search/replica-5,wrong_jurisdiction,deprecated_endpoint_unavailable,0,0,0,,0.0
health::GET__patients_search_replica-5,health,GET /patients/search/replica-5,wrong_purpose,denied_empty_body,0,0,0,,0.0
health::GET__patients_search_replica-5,health,GET /patients/search/replica-5,wrong_purpose,denied_audit_logged,0,0,0,,0.0
health::GET__patients_search_replica-5,health,GET /patients/search/replica-5,wrong_purpose,deprecated_endpoint_unavailable,0,0,0,,0.0
health::GET__patients_search_replica-5,health,GET /patients/search/replica-5,self_access,allowed_full_sorted,1,8,0,,0.0
health::GET__patients_search_replica-5,health,GET /patients/search/replica-5,self_access,allowed_full_shuffled,1,8,0,,0.0
health::GET__patients_search_replica-5,health,GET /patients/search/replica-5,self_access,allowed_minimal_subset,1,4,0,,0.0
health::GET__patients_search_replica-5,health,GET /patients/search/replica-5,self_access,allowed_empty_body,1,0,0,,0.0
health::GET__patients_search_replica-5,health,GET /patients/search/replica-5,self_access,allowed_with_extra_audit_metadata,1,8,0,,0.0
health::GET__patients_search_replica-5,health,GET /patients/search/replica-5,unauthenticated,denied_empty_body,0,0,0,,0.0
health::GET__patients_search_replica-5,health,GET /patients/search/replica-5,unauthenticated,denied_audit_logged,0,0,0,,0.0
health::GET__patients_search_replica-5,health,GET /patients/search/replica-5,unauthenticated,deprecated_endpoint_unavailable,0,0,0,,0.0
health::GET__patients_search_replica-5,health,GET /patients/search/replica-5,sensitive_field_probe,allowed_full_sorted,1,7,0,,0.0
health::GET__patients_search_replica-5,health,GET /patients/search/replica-5,sensitive_field_probe,allowed_full_shuffled,1,7,0,,0.0
health::GET__patients_search_replica-5,health,GET /patients/search/replica-5,sensitive_field_probe,allowed_minimal_subset,1,3,0,,0.0
health::GET__patients_search_replica-5,health,GET /patients/search/replica-5,sensitive_field_probe,allowed_empty_body,1,0,0,,0.0
health::GET__patients_search_replica-5,health,GET /patients/search/replica-5,sensitive_field_probe,allowed_with_extra_audit_metadata,1,7,0,,0.0
health::GET__patients_search_replica-5,health,GET /patients/search/replica-5,aggregation_boundary,allowed_full_sorted,1,7,0,,0.0
health::GET__patients_search_replica-5,health,GET /patients/search/replica-5,aggregation_boundary,allowed_full_shuffled,1,7,0,,0.0
health::GET__patients_search_replica-5,health,GET /patients/search/replica-5,aggregation_boundary,allowed_minimal_subset,1,3,0,,0.0
health::GET__patients_search_replica-5,health,GET /patients/search/replica-5,aggregation_boundary,allowed_empty_body,1,0,0,,0.0
health::GET__patients_search_replica-5,health,GET /patients/search/replica-5,aggregation_boundary,allowed_with_extra_audit_metadata,1,7,0,,0.0
health::GET__patients_search_replica-5,health,GET /patients/search/replica-5,deprecated_inventory,allowed_full_sorted,1,7,0,,0.0
health::GET__patients_search_replica-5,health,GET /patients/search/replica-5,deprecated_inventory,allowed_full_shuffled,1,7,0,,0.0
health::GET__patients_search_replica-5,health,GET /patients/search/replica-5,deprecated_inventory,allowed_minimal_subset,1,3,0,,0.0
health::GET__patients_search_replica-5,health,GET /patients/search/replica-5,deprecated_inventory,allowed_empty_body,1,0,0,,0.0
health::GET__patients_search_replica-5,health,GET /patients/search/replica-5,deprecated_inventory,allowed_with_extra_audit_metadata,1,7,0,,0.0
citizen_services::GET__citizens_id_replica-5,citizen_services,GET /citizens/{id}/replica-5,valid,allowed_full_sorted,1,5,0,,0.0
citizen_services::GET__citizens_id_replica-5,citizen_services,GET /citizens/{id}/replica-5,valid,allowed_full_shuffled,1,5,0,,0.0
citizen_services::GET__citizens_id_replica-5,citizen_services,GET /citizens/{id}/replica-5,valid,allowed_minimal_subset,1,2,0,,0.0
citizen_services::GET__citizens_id_replica-5,citizen_services,GET /citizens/{id}/replica-5,valid,allowed_empty_body,1,0,0,,0.0
citizen_services::GET__citizens_id_replica-5,citizen_services,GET /citizens/{id}/replica-5,valid,allowed_with_extra_audit_metadata,1,5,0,,0.0
citizen_services::GET__citizens_id_replica-5,citizen_services,GET /citizens/{id}/replica-5,wrong_role,denied_empty_body,0,0,0,,0.0
citizen_services::GET__citizens_id_replica-5,citizen_services,GET /citizens/{id}/replica-5,wrong_role,denied_audit_logged,0,0,0,,0.0
citizen_services::GET__citizens_id_replica-5,citizen_services,GET /citizens/{id}/replica-5,wrong_role,deprecated_endpoint_unavailable,0,0,0,,0.0
citizen_services::GET__citizens_id_replica-5,citizen_services,GET /citizens/{id}/replica-5,wrong_jurisdiction,denied_empty_body,0,0,0,,0.0
citizen_services::GET__citizens_id_replica-5,citizen_services,GET /citizens/{id}/replica-5,wrong_jurisdiction,denied_audit_logged,0,0,0,,0.0
citizen_services::GET__citizens_id_replica-5,citizen_services,GET /citizens/{id}/replica-5,wrong_jurisdiction,deprecated_endpoint_unavailable,0,0,0,,0.0
citizen_services::GET__citizens_id_replica-5,citizen_services,GET /citizens/{id}/replica-5,wrong_purpose,denied_empty_body,0,0,0,,0.0
citizen_services::GET__citizens_id_replica-5,citizen_services,GET /citizens/{id}/replica-5,wrong_purpose,denied_audit_logged,0,0,0,,0.0
citizen_services::GET__citizens_id_replica-5,citizen_services,GET /citizens/{id}/replica-5,wrong_purpose,deprecated_endpoint_unavailable,0,0,0,,0.0
citizen_services::GET__citizens_id_replica-5,citizen_services,GET /citizens/{id}/replica-5,self_access,allowed_full_sorted,1,5,0,,0.0
citizen_services::GET__citizens_id_replica-5,citizen_services,GET /citizens/{id}/replica-5,self_access,allowed_full_shuffled,1,5,0,,0.0
citizen_services::GET__citizens_id_replica-5,citizen_services,GET /citizens/{id}/replica-5,self_access,allowed_minimal_subset,1,2,0,,0.0
citizen_services::GET__citizens_id_replica-5,citizen_services,GET /citizens/{id}/replica-5,self_access,allowed_empty_body,1,0,0,,0.0
citizen_services::GET__citizens_id_replica-5,citizen_services,GET /citizens/{id}/replica-5,self_access,allowed_with_extra_audit_metadata,1,5,0,,0.0
citizen_services::GET__citizens_id_replica-5,citizen_services,GET /citizens/{id}/replica-5,unauthenticated,denied_empty_body,0,0,0,,0.0
citizen_services::GET__citizens_id_replica-5,citizen_services,GET /citizens/{id}/replica-5,unauthenticated,denied_audit_logged,0,0,0,,0.0
citizen_services::GET__citizens_id_replica-5,citizen_services,GET /citizens/{id}/replica-5,unauthenticated,deprecated_endpoint_unavailable,0,0,0,,0.0
citizen_services::GET__citizens_id_replica-5,citizen_services,GET /citizens/{id}/replica-5,sensitive_field_probe,allowed_full_sorted,1,5,0,,0.0
citizen_services::GET__citizens_id_replica-5,citizen_services,GET /citizens/{id}/replica-5,sensitive_field_probe,allowed_full_shuffled,1,5,0,,0.0
citizen_services::GET__citizens_id_replica-5,citizen_services,GET /citizens/{id}/replica-5,sensitive_field_probe,allowed_minimal_subset,1,2,0,,0.0
citizen_services::GET__citizens_id_replica-5,citizen_services,GET /citizens/{id}/replica-5,sensitive_field_probe,allowed_empty_body,1,0,0,,0.0
citizen_services::GET__citizens_id_replica-5,citizen_services,GET /citizens/{id}/replica-5,sensitive_field_probe,allowed_with_extra_audit_metadata,1,5,0,,0.0
citizen_services::GET__citizens_id_replica-5,citizen_services,GET /citizens/{id}/replica-5,aggregation_boundary,allowed_full_sorted,1,5,0,,0.0
citizen_services::GET__citizens_id_replica-5,citizen_services,GET /citizens/{id}/replica-5,aggregation_boundary,allowed_full_shuffled,1,5,0,,0.0
citizen_services::GET__citizens_id_replica-5,citizen_services,GET /citizens/{id}/replica-5,aggregation_boundary,allowed_minimal_subset,1,2,0,,0.0
citizen_services::GET__citizens_id_replica-5,citizen_services,GET /citizens/{id}/replica-5,aggregation_boundary,allowed_empty_body,1,0,0,,0.0
citizen_services::GET__citizens_id_replica-5,citizen_services,GET /citizens/{id}/replica-5,aggregation_boundary,allowed_with_extra_audit_metadata,1,5,0,,0.0
citizen_services::GET__citizens_id_replica-5,citizen_services,GET /citizens/{id}/replica-5,deprecated_inventory,allowed_full_sorted,1,5,0,,0.0
citizen_services::GET__citizens_id_replica-5,citizen_services,GET /citizens/{id}/replica-5,deprecated_inventory,allowed_full_shuffled,1,5,0,,0.0
citizen_services::GET__citizens_id_replica-5,citizen_services,GET /citizens/{id}/replica-5,deprecated_inventory,allowed_minimal_subset,1,2,0,,0.0
citizen_services::GET__citizens_id_replica-5,citizen_services,GET /citizens/{id}/replica-5,deprecated_inventory,allowed_empty_body,1,0,0,,0.0
citizen_services::GET__citizens_id_replica-5,citizen_services,GET /citizens/{id}/replica-5,deprecated_inventory,allowed_with_extra_audit_metadata,1,5,0,,0.0
citizen_services::GET__benefits_id_replica-5,citizen_services,GET /benefits/{id}/replica-5,valid,allowed_full_sorted,1,5,0,,0.0
citizen_services::GET__benefits_id_replica-5,citizen_services,GET /benefits/{id}/replica-5,valid,allowed_full_shuffled,1,5,0,,0.0
citizen_services::GET__benefits_id_replica-5,citizen_services,GET /benefits/{id}/replica-5,valid,allowed_minimal_subset,1,2,0,,0.0
citizen_services::GET__benefits_id_replica-5,citizen_services,GET /benefits/{id}/replica-5,valid,allowed_empty_body,1,0,0,,0.0
citizen_services::GET__benefits_id_replica-5,citizen_services,GET /benefits/{id}/replica-5,valid,allowed_with_extra_audit_metadata,1,5,0,,0.0
citizen_services::GET__benefits_id_replica-5,citizen_services,GET /benefits/{id}/replica-5,wrong_role,denied_empty_body,0,0,0,,0.0
citizen_services::GET__benefits_id_replica-5,citizen_services,GET /benefits/{id}/replica-5,wrong_role,denied_audit_logged,0,0,0,,0.0
citizen_services::GET__benefits_id_replica-5,citizen_services,GET /benefits/{id}/replica-5,wrong_role,deprecated_endpoint_unavailable,0,0,0,,0.0
citizen_services::GET__benefits_id_replica-5,citizen_services,GET /benefits/{id}/replica-5,wrong_jurisdiction,denied_empty_body,0,0,0,,0.0
citizen_services::GET__benefits_id_replica-5,citizen_services,GET /benefits/{id}/replica-5,wrong_jurisdiction,denied_audit_logged,0,0,0,,0.0
citizen_services::GET__benefits_id_replica-5,citizen_services,GET /benefits/{id}/replica-5,wrong_jurisdiction,deprecated_endpoint_unavailable,0,0,0,,0.0
citizen_services::GET__benefits_id_replica-5,citizen_services,GET /benefits/{id}/replica-5,wrong_purpose,denied_empty_body,0,0,0,,0.0
citizen_services::GET__benefits_id_replica-5,citizen_services,GET /benefits/{id}/replica-5,wrong_purpose,denied_audit_logged,0,0,0,,0.0
citizen_services::GET__benefits_id_replica-5,citizen_services,GET /benefits/{id}/replica-5,wrong_purpose,deprecated_endpoint_unavailable,0,0,0,,0.0
citizen_services::GET__benefits_id_replica-5,citizen_services,GET /benefits/{id}/replica-5,self_access,allowed_full_sorted,1,6,0,,0.0
citizen_services::GET__benefits_id_replica-5,citizen_services,GET /benefits/{id}/replica-5,self_access,allowed_full_shuffled,1,6,0,,0.0
citizen_services::GET__benefits_id_replica-5,citizen_services,GET /benefits/{id}/replica-5,self_access,allowed_minimal_subset,1,3,0,,0.0
citizen_services::GET__benefits_id_replica-5,citizen_services,GET /benefits/{id}/replica-5,self_access,allowed_empty_body,1,0,0,,0.0
citizen_services::GET__benefits_id_replica-5,citizen_services,GET /benefits/{id}/replica-5,self_access,allowed_with_extra_audit_metadata,1,6,0,,0.0
citizen_services::GET__benefits_id_replica-5,citizen_services,GET /benefits/{id}/replica-5,unauthenticated,denied_empty_body,0,0,0,,0.0
citizen_services::GET__benefits_id_replica-5,citizen_services,GET /benefits/{id}/replica-5,unauthenticated,denied_audit_logged,0,0,0,,0.0
citizen_services::GET__benefits_id_replica-5,citizen_services,GET /benefits/{id}/replica-5,unauthenticated,deprecated_endpoint_unavailable,0,0,0,,0.0
citizen_services::GET__benefits_id_replica-5,citizen_services,GET /benefits/{id}/replica-5,sensitive_field_probe,allowed_full_sorted,1,5,0,,0.0
citizen_services::GET__benefits_id_replica-5,citizen_services,GET /benefits/{id}/replica-5,sensitive_field_probe,allowed_full_shuffled,1,5,0,,0.0
citizen_services::GET__benefits_id_replica-5,citizen_services,GET /benefits/{id}/replica-5,sensitive_field_probe,allowed_minimal_subset,1,2,0,,0.0
citizen_services::GET__benefits_id_replica-5,citizen_services,GET /benefits/{id}/replica-5,sensitive_field_probe,allowed_empty_body,1,0,0,,0.0
citizen_services::GET__benefits_id_replica-5,citizen_services,GET /benefits/{id}/replica-5,sensitive_field_probe,allowed_with_extra_audit_metadata,1,5,0,,0.0
citizen_services::GET__benefits_id_replica-5,citizen_services,GET /benefits/{id}/replica-5,aggregation_boundary,allowed_full_sorted,1,5,0,,0.0
citizen_services::GET__benefits_id_replica-5,citizen_services,GET /benefits/{id}/replica-5,aggregation_boundary,allowed_full_shuffled,1,5,0,,0.0
citizen_services::GET__benefits_id_replica-5,citizen_services,GET /benefits/{id}/replica-5,aggregation_boundary,allowed_minimal_subset,1,2,0,,0.0
citizen_services::GET__benefits_id_replica-5,citizen_services,GET /benefits/{id}/replica-5,aggregation_boundary,allowed_empty_body,1,0,0,,0.0
citizen_services::GET__benefits_id_replica-5,citizen_services,GET /benefits/{id}/replica-5,aggregation_boundary,allowed_with_extra_audit_metadata,1,5,0,,0.0
citizen_services::GET__benefits_id_replica-5,citizen_services,GET /benefits/{id}/replica-5,deprecated_inventory,allowed_full_sorted,1,5,0,,0.0
citizen_services::GET__benefits_id_replica-5,citizen_services,GET /benefits/{id}/replica-5,deprecated_inventory,allowed_full_shuffled,1,5,0,,0.0
citizen_services::GET__benefits_id_replica-5,citizen_services,GET /benefits/{id}/replica-5,deprecated_inventory,allowed_minimal_subset,1,2,0,,0.0
citizen_services::GET__benefits_id_replica-5,citizen_services,GET /benefits/{id}/replica-5,deprecated_inventory,allowed_empty_body,1,0,0,,0.0
citizen_services::GET__benefits_id_replica-5,citizen_services,GET /benefits/{id}/replica-5,deprecated_inventory,allowed_with_extra_audit_metadata,1,5,0,,0.0
citizen_services::GET__citizens_export_replica-5,citizen_services,GET /citizens/export/replica-5,valid,allowed_full_sorted,1,5,0,,0.0
citizen_services::GET__citizens_export_replica-5,citizen_services,GET /citizens/export/replica-5,valid,allowed_full_shuffled,1,5,0,,0.0
citizen_services::GET__citizens_export_replica-5,citizen_services,GET /citizens/export/replica-5,valid,allowed_minimal_subset,1,2,0,,0.0
citizen_services::GET__citizens_export_replica-5,citizen_services,GET /citizens/export/replica-5,valid,allowed_empty_body,1,0,0,,0.0
citizen_services::GET__citizens_export_replica-5,citizen_services,GET /citizens/export/replica-5,valid,allowed_with_extra_audit_metadata,1,5,0,,0.0
citizen_services::GET__citizens_export_replica-5,citizen_services,GET /citizens/export/replica-5,wrong_role,denied_empty_body,0,0,0,,0.0
citizen_services::GET__citizens_export_replica-5,citizen_services,GET /citizens/export/replica-5,wrong_role,denied_audit_logged,0,0,0,,0.0
citizen_services::GET__citizens_export_replica-5,citizen_services,GET /citizens/export/replica-5,wrong_role,deprecated_endpoint_unavailable,0,0,0,,0.0
citizen_services::GET__citizens_export_replica-5,citizen_services,GET /citizens/export/replica-5,wrong_jurisdiction,denied_empty_body,0,0,0,,0.0
citizen_services::GET__citizens_export_replica-5,citizen_services,GET /citizens/export/replica-5,wrong_jurisdiction,denied_audit_logged,0,0,0,,0.0
citizen_services::GET__citizens_export_replica-5,citizen_services,GET /citizens/export/replica-5,wrong_jurisdiction,deprecated_endpoint_unavailable,0,0,0,,0.0
citizen_services::GET__citizens_export_replica-5,citizen_services,GET /citizens/export/replica-5,wrong_purpose,denied_empty_body,0,0,0,,0.0
citizen_services::GET__citizens_export_replica-5,citizen_services,GET /citizens/export/replica-5,wrong_purpose,denied_audit_logged,0,0,0,,0.0
citizen_services::GET__citizens_export_replica-5,citizen_services,GET /citizens/export/replica-5,wrong_purpose,deprecated_endpoint_unavailable,0,0,0,,0.0
citizen_services::GET__citizens_export_replica-5,citizen_services,GET /citizens/export/replica-5,self_access,allowed_full_sorted,1,5,0,,0.0
citizen_services::GET__citizens_export_replica-5,citizen_services,GET /citizens/export/replica-5,self_access,allowed_full_shuffled,1,5,0,,0.0
citizen_services::GET__citizens_export_replica-5,citizen_services,GET /citizens/export/replica-5,self_access,allowed_minimal_subset,1,2,0,,0.0
citizen_services::GET__citizens_export_replica-5,citizen_services,GET /citizens/export/replica-5,self_access,allowed_empty_body,1,0,0,,0.0
citizen_services::GET__citizens_export_replica-5,citizen_services,GET /citizens/export/replica-5,self_access,allowed_with_extra_audit_metadata,1,5,0,,0.0
citizen_services::GET__citizens_export_replica-5,citizen_services,GET /citizens/export/replica-5,unauthenticated,denied_empty_body,0,0,0,,0.0
citizen_services::GET__citizens_export_replica-5,citizen_services,GET /citizens/export/replica-5,unauthenticated,denied_audit_logged,0,0,0,,0.0
citizen_services::GET__citizens_export_replica-5,citizen_services,GET /citizens/export/replica-5,unauthenticated,deprecated_endpoint_unavailable,0,0,0,,0.0
citizen_services::GET__citizens_export_replica-5,citizen_services,GET /citizens/export/replica-5,sensitive_field_probe,allowed_full_sorted,1,5,0,,0.0
citizen_services::GET__citizens_export_replica-5,citizen_services,GET /citizens/export/replica-5,sensitive_field_probe,allowed_full_shuffled,1,5,0,,0.0
citizen_services::GET__citizens_export_replica-5,citizen_services,GET /citizens/export/replica-5,sensitive_field_probe,allowed_minimal_subset,1,2,0,,0.0
citizen_services::GET__citizens_export_replica-5,citizen_services,GET /citizens/export/replica-5,sensitive_field_probe,allowed_empty_body,1,0,0,,0.0
citizen_services::GET__citizens_export_replica-5,citizen_services,GET /citizens/export/replica-5,sensitive_field_probe,allowed_with_extra_audit_metadata,1,5,0,,0.0
citizen_services::GET__citizens_export_replica-5,citizen_services,GET /citizens/export/replica-5,aggregation_boundary,allowed_full_sorted,1,5,0,,0.0
citizen_services::GET__citizens_export_replica-5,citizen_services,GET /citizens/export/replica-5,aggregation_boundary,allowed_full_shuffled,1,5,0,,0.0
citizen_services::GET__citizens_export_replica-5,citizen_services,GET /citizens/export/replica-5,aggregation_boundary,allowed_minimal_subset,1,2,0,,0.0
citizen_services::GET__citizens_export_replica-5,citizen_services,GET /citizens/export/replica-5,aggregation_boundary,allowed_empty_body,1,0,0,,0.0
citizen_services::GET__citizens_export_replica-5,citizen_services,GET /citizens/export/replica-5,aggregation_boundary,allowed_with_extra_audit_metadata,1,5,0,,0.0
citizen_services::GET__citizens_export_replica-5,citizen_services,GET /citizens/export/replica-5,deprecated_inventory,allowed_full_sorted,1,5,0,,0.0
citizen_services::GET__citizens_export_replica-5,citizen_services,GET /citizens/export/replica-5,deprecated_inventory,allowed_full_shuffled,1,5,0,,0.0
citizen_services::GET__citizens_export_replica-5,citizen_services,GET /citizens/export/replica-5,deprecated_inventory,allowed_minimal_subset,1,2,0,,0.0
citizen_services::GET__citizens_export_replica-5,citizen_services,GET /citizens/export/replica-5,deprecated_inventory,allowed_empty_body,1,0,0,,0.0
citizen_services::GET__citizens_export_replica-5,citizen_services,GET /citizens/export/replica-5,deprecated_inventory,allowed_with_extra_audit_metadata,1,5,0,,0.0
education::GET__students_id_record_replica-5,education,GET /students/{id}/record/replica-5,valid,allowed_full_sorted,1,4,0,,0.0
education::GET__students_id_record_replica-5,education,GET /students/{id}/record/replica-5,valid,allowed_full_shuffled,1,4,0,,0.0
education::GET__students_id_record_replica-5,education,GET /students/{id}/record/replica-5,valid,allowed_minimal_subset,1,2,0,,0.0
education::GET__students_id_record_replica-5,education,GET /students/{id}/record/replica-5,valid,allowed_empty_body,1,0,0,,0.0
education::GET__students_id_record_replica-5,education,GET /students/{id}/record/replica-5,valid,allowed_with_extra_audit_metadata,1,4,0,,0.0
education::GET__students_id_record_replica-5,education,GET /students/{id}/record/replica-5,wrong_role,denied_empty_body,0,0,0,,0.0
education::GET__students_id_record_replica-5,education,GET /students/{id}/record/replica-5,wrong_role,denied_audit_logged,0,0,0,,0.0
education::GET__students_id_record_replica-5,education,GET /students/{id}/record/replica-5,wrong_role,deprecated_endpoint_unavailable,0,0,0,,0.0
education::GET__students_id_record_replica-5,education,GET /students/{id}/record/replica-5,wrong_jurisdiction,denied_empty_body,0,0,0,,0.0
education::GET__students_id_record_replica-5,education,GET /students/{id}/record/replica-5,wrong_jurisdiction,denied_audit_logged,0,0,0,,0.0
education::GET__students_id_record_replica-5,education,GET /students/{id}/record/replica-5,wrong_jurisdiction,deprecated_endpoint_unavailable,0,0,0,,0.0
education::GET__students_id_record_replica-5,education,GET /students/{id}/record/replica-5,wrong_purpose,denied_empty_body,0,0,0,,0.0
education::GET__students_id_record_replica-5,education,GET /students/{id}/record/replica-5,wrong_purpose,denied_audit_logged,0,0,0,,0.0
education::GET__students_id_record_replica-5,education,GET /students/{id}/record/replica-5,wrong_purpose,deprecated_endpoint_unavailable,0,0,0,,0.0
education::GET__students_id_record_replica-5,education,GET /students/{id}/record/replica-5,self_access,allowed_full_sorted,1,4,0,,0.0
education::GET__students_id_record_replica-5,education,GET /students/{id}/record/replica-5,self_access,allowed_full_shuffled,1,4,0,,0.0
education::GET__students_id_record_replica-5,education,GET /students/{id}/record/replica-5,self_access,allowed_minimal_subset,1,2,0,,0.0
education::GET__students_id_record_replica-5,education,GET /students/{id}/record/replica-5,self_access,allowed_empty_body,1,0,0,,0.0
education::GET__students_id_record_replica-5,education,GET /students/{id}/record/replica-5,self_access,allowed_with_extra_audit_metadata,1,4,0,,0.0
education::GET__students_id_record_replica-5,education,GET /students/{id}/record/replica-5,unauthenticated,denied_empty_body,0,0,0,,0.0
education::GET__students_id_record_replica-5,education,GET /students/{id}/record/replica-5,unauthenticated,denied_audit_logged,0,0,0,,0.0
education::GET__students_id_record_replica-5,education,GET /students/{id}/record/replica-5,unauthenticated,deprecated_endpoint_unavailable,0,0,0,,0.0
education::GET__students_id_record_replica-5,education,GET /students/{id}/record/replica-5,sensitive_field_probe,allowed_full_sorted,1,4,0,,0.0
education::GET__students_id_record_replica-5,education,GET /students/{id}/record/replica-5,sensitive_field_probe,allowed_full_shuffled,1,4,0,,0.0
education::GET__students_id_record_replica-5,education,GET /students/{id}/record/replica-5,sensitive_field_probe,allowed_minimal_subset,1,2,0,,0.0
education::GET__students_id_record_replica-5,education,GET /students/{id}/record/replica-5,sensitive_field_probe,allowed_empty_body,1,0,0,,0.0
education::GET__students_id_record_replica-5,education,GET /students/{id}/record/replica-5,sensitive_field_probe,allowed_with_extra_audit_metadata,1,4,0,,0.0
education::GET__students_id_record_replica-5,education,GET /students/{id}/record/replica-5,aggregation_boundary,allowed_full_sorted,1,4,0,,0.0
education::GET__students_id_record_replica-5,education,GET /students/{id}/record/replica-5,aggregation_boundary,allowed_full_shuffled,1,4,0,,0.0
education::GET__students_id_record_replica-5,education,GET /students/{id}/record/replica-5,aggregation_boundary,allowed_minimal_subset,1,2,0,,0.0
education::GET__students_id_record_replica-5,education,GET /students/{id}/record/replica-5,aggregation_boundary,allowed_empty_body,1,0,0,,0.0
education::GET__students_id_record_replica-5,education,GET /students/{id}/record/replica-5,aggregation_boundary,allowed_with_extra_audit_metadata,1,4,0,,0.0
education::GET__students_id_record_replica-5,education,GET /students/{id}/record/replica-5,deprecated_inventory,allowed_full_sorted,1,4,0,,0.0
education::GET__students_id_record_replica-5,education,GET /students/{id}/record/replica-5,deprecated_inventory,allowed_full_shuffled,1,4,0,,0.0
education::GET__students_id_record_replica-5,education,GET /students/{id}/record/replica-5,deprecated_inventory,allowed_minimal_subset,1,2,0,,0.0
education::GET__students_id_record_replica-5,education,GET /students/{id}/record/replica-5,deprecated_inventory,allowed_empty_body,1,0,0,,0.0
education::GET__students_id_record_replica-5,education,GET /students/{id}/record/replica-5,deprecated_inventory,allowed_with_extra_audit_metadata,1,4,0,,0.0
education::GET__classes_id_roster_replica-5,education,GET /classes/{id}/roster/replica-5,valid,allowed_full_sorted,1,4,0,,0.0
education::GET__classes_id_roster_replica-5,education,GET /classes/{id}/roster/replica-5,valid,allowed_full_shuffled,1,4,0,,0.0
education::GET__classes_id_roster_replica-5,education,GET /classes/{id}/roster/replica-5,valid,allowed_minimal_subset,1,2,0,,0.0
education::GET__classes_id_roster_replica-5,education,GET /classes/{id}/roster/replica-5,valid,allowed_empty_body,1,0,0,,0.0
education::GET__classes_id_roster_replica-5,education,GET /classes/{id}/roster/replica-5,valid,allowed_with_extra_audit_metadata,1,4,0,,0.0
education::GET__classes_id_roster_replica-5,education,GET /classes/{id}/roster/replica-5,wrong_role,denied_empty_body,0,0,0,,0.0
education::GET__classes_id_roster_replica-5,education,GET /classes/{id}/roster/replica-5,wrong_role,denied_audit_logged,0,0,0,,0.0
education::GET__classes_id_roster_replica-5,education,GET /classes/{id}/roster/replica-5,wrong_role,deprecated_endpoint_unavailable,0,0,0,,0.0
education::GET__classes_id_roster_replica-5,education,GET /classes/{id}/roster/replica-5,wrong_jurisdiction,denied_empty_body,0,0,0,,0.0
education::GET__classes_id_roster_replica-5,education,GET /classes/{id}/roster/replica-5,wrong_jurisdiction,denied_audit_logged,0,0,0,,0.0
education::GET__classes_id_roster_replica-5,education,GET /classes/{id}/roster/replica-5,wrong_jurisdiction,deprecated_endpoint_unavailable,0,0,0,,0.0
education::GET__classes_id_roster_replica-5,education,GET /classes/{id}/roster/replica-5,wrong_purpose,denied_empty_body,0,0,0,,0.0
education::GET__classes_id_roster_replica-5,education,GET /classes/{id}/roster/replica-5,wrong_purpose,denied_audit_logged,0,0,0,,0.0
education::GET__classes_id_roster_replica-5,education,GET /classes/{id}/roster/replica-5,wrong_purpose,deprecated_endpoint_unavailable,0,0,0,,0.0
education::GET__classes_id_roster_replica-5,education,GET /classes/{id}/roster/replica-5,self_access,allowed_full_sorted,1,4,0,,0.0
education::GET__classes_id_roster_replica-5,education,GET /classes/{id}/roster/replica-5,self_access,allowed_full_shuffled,1,4,0,,0.0
education::GET__classes_id_roster_replica-5,education,GET /classes/{id}/roster/replica-5,self_access,allowed_minimal_subset,1,2,0,,0.0
education::GET__classes_id_roster_replica-5,education,GET /classes/{id}/roster/replica-5,self_access,allowed_empty_body,1,0,0,,0.0
education::GET__classes_id_roster_replica-5,education,GET /classes/{id}/roster/replica-5,self_access,allowed_with_extra_audit_metadata,1,4,0,,0.0
education::GET__classes_id_roster_replica-5,education,GET /classes/{id}/roster/replica-5,unauthenticated,denied_empty_body,0,0,0,,0.0
education::GET__classes_id_roster_replica-5,education,GET /classes/{id}/roster/replica-5,unauthenticated,denied_audit_logged,0,0,0,,0.0
education::GET__classes_id_roster_replica-5,education,GET /classes/{id}/roster/replica-5,unauthenticated,deprecated_endpoint_unavailable,0,0,0,,0.0
education::GET__classes_id_roster_replica-5,education,GET /classes/{id}/roster/replica-5,sensitive_field_probe,allowed_full_sorted,1,4,0,,0.0
education::GET__classes_id_roster_replica-5,education,GET /classes/{id}/roster/replica-5,sensitive_field_probe,allowed_full_shuffled,1,4,0,,0.0
education::GET__classes_id_roster_replica-5,education,GET /classes/{id}/roster/replica-5,sensitive_field_probe,allowed_minimal_subset,1,2,0,,0.0
education::GET__classes_id_roster_replica-5,education,GET /classes/{id}/roster/replica-5,sensitive_field_probe,allowed_empty_body,1,0,0,,0.0
education::GET__classes_id_roster_replica-5,education,GET /classes/{id}/roster/replica-5,sensitive_field_probe,allowed_with_extra_audit_metadata,1,4,0,,0.0
education::GET__classes_id_roster_replica-5,education,GET /classes/{id}/roster/replica-5,aggregation_boundary,allowed_full_sorted,1,4,0,,0.0
education::GET__classes_id_roster_replica-5,education,GET /classes/{id}/roster/replica-5,aggregation_boundary,allowed_full_shuffled,1,4,0,,0.0
education::GET__classes_id_roster_replica-5,education,GET /classes/{id}/roster/replica-5,aggregation_boundary,allowed_minimal_subset,1,2,0,,0.0
education::GET__classes_id_roster_replica-5,education,GET /classes/{id}/roster/replica-5,aggregation_boundary,allowed_empty_body,1,0,0,,0.0
education::GET__classes_id_roster_replica-5,education,GET /classes/{id}/roster/replica-5,aggregation_boundary,allowed_with_extra_audit_metadata,1,4,0,,0.0
education::GET__classes_id_roster_replica-5,education,GET /classes/{id}/roster/replica-5,deprecated_inventory,allowed_full_sorted,1,4,0,,0.0
education::GET__classes_id_roster_replica-5,education,GET /classes/{id}/roster/replica-5,deprecated_inventory,allowed_full_shuffled,1,4,0,,0.0
education::GET__classes_id_roster_replica-5,education,GET /classes/{id}/roster/replica-5,deprecated_inventory,allowed_minimal_subset,1,2,0,,0.0
education::GET__classes_id_roster_replica-5,education,GET /classes/{id}/roster/replica-5,deprecated_inventory,allowed_empty_body,1,0,0,,0.0
education::GET__classes_id_roster_replica-5,education,GET /classes/{id}/roster/replica-5,deprecated_inventory,allowed_with_extra_audit_metadata,1,4,0,,0.0
education::GET__discipline_id_replica-5,education,GET /discipline/{id}/replica-5,valid,allowed_full_sorted,1,4,0,,0.0
education::GET__discipline_id_replica-5,education,GET /discipline/{id}/replica-5,valid,allowed_full_shuffled,1,4,0,,0.0
education::GET__discipline_id_replica-5,education,GET /discipline/{id}/replica-5,valid,allowed_minimal_subset,1,2,0,,0.0
education::GET__discipline_id_replica-5,education,GET /discipline/{id}/replica-5,valid,allowed_empty_body,1,0,0,,0.0
education::GET__discipline_id_replica-5,education,GET /discipline/{id}/replica-5,valid,allowed_with_extra_audit_metadata,1,4,0,,0.0
education::GET__discipline_id_replica-5,education,GET /discipline/{id}/replica-5,wrong_role,denied_empty_body,0,0,0,,0.0
education::GET__discipline_id_replica-5,education,GET /discipline/{id}/replica-5,wrong_role,denied_audit_logged,0,0,0,,0.0
education::GET__discipline_id_replica-5,education,GET /discipline/{id}/replica-5,wrong_role,deprecated_endpoint_unavailable,0,0,0,,0.0
education::GET__discipline_id_replica-5,education,GET /discipline/{id}/replica-5,wrong_jurisdiction,denied_empty_body,0,0,0,,0.0
education::GET__discipline_id_replica-5,education,GET /discipline/{id}/replica-5,wrong_jurisdiction,denied_audit_logged,0,0,0,,0.0
education::GET__discipline_id_replica-5,education,GET /discipline/{id}/replica-5,wrong_jurisdiction,deprecated_endpoint_unavailable,0,0,0,,0.0
education::GET__discipline_id_replica-5,education,GET /discipline/{id}/replica-5,wrong_purpose,denied_empty_body,0,0,0,,0.0
education::GET__discipline_id_replica-5,education,GET /discipline/{id}/replica-5,wrong_purpose,denied_audit_logged,0,0,0,,0.0
education::GET__discipline_id_replica-5,education,GET /discipline/{id}/replica-5,wrong_purpose,deprecated_endpoint_unavailable,0,0,0,,0.0
education::GET__discipline_id_replica-5,education,GET /discipline/{id}/replica-5,self_access,allowed_full_sorted,1,5,0,,0.0
education::GET__discipline_id_replica-5,education,GET /discipline/{id}/replica-5,self_access,allowed_full_shuffled,1,5,0,,0.0
education::GET__discipline_id_replica-5,education,GET /discipline/{id}/replica-5,self_access,allowed_minimal_subset,1,2,0,,0.0
education::GET__discipline_id_replica-5,education,GET /discipline/{id}/replica-5,self_access,allowed_empty_body,1,0,0,,0.0
education::GET__discipline_id_replica-5,education,GET /discipline/{id}/replica-5,self_access,allowed_with_extra_audit_metadata,1,5,0,,0.0
education::GET__discipline_id_replica-5,education,GET /discipline/{id}/replica-5,unauthenticated,denied_empty_body,0,0,0,,0.0
education::GET__discipline_id_replica-5,education,GET /discipline/{id}/replica-5,unauthenticated,denied_audit_logged,0,0,0,,0.0
education::GET__discipline_id_replica-5,education,GET /discipline/{id}/replica-5,unauthenticated,deprecated_endpoint_unavailable,0,0,0,,0.0
education::GET__discipline_id_replica-5,education,GET /discipline/{id}/replica-5,sensitive_field_probe,allowed_full_sorted,1,4,0,,0.0
education::GET__discipline_id_replica-5,education,GET /discipline/{id}/replica-5,sensitive_field_probe,allowed_full_shuffled,1,4,0,,0.0
education::GET__discipline_id_replica-5,education,GET /discipline/{id}/replica-5,sensitive_field_probe,allowed_minimal_subset,1,2,0,,0.0
education::GET__discipline_id_replica-5,education,GET /discipline/{id}/replica-5,sensitive_field_probe,allowed_empty_body,1,0,0,,0.0
education::GET__discipline_id_replica-5,education,GET /discipline/{id}/replica-5,sensitive_field_probe,allowed_with_extra_audit_metadata,1,4,0,,0.0
education::GET__discipline_id_replica-5,education,GET /discipline/{id}/replica-5,aggregation_boundary,allowed_full_sorted,1,4,0,,0.0
education::GET__discipline_id_replica-5,education,GET /discipline/{id}/replica-5,aggregation_boundary,allowed_full_shuffled,1,4,0,,0.0
education::GET__discipline_id_replica-5,education,GET /discipline/{id}/replica-5,aggregation_boundary,allowed_minimal_subset,1,2,0,,0.0
education::GET__discipline_id_replica-5,education,GET /discipline/{id}/replica-5,aggregation_boundary,allowed_empty_body,1,0,0,,0.0
education::GET__discipline_id_replica-5,education,GET /discipline/{id}/replica-5,aggregation_boundary,allowed_with_extra_audit_metadata,1,4,0,,0.0
education::GET__discipline_id_replica-5,education,GET /discipline/{id}/replica-5,deprecated_inventory,allowed_full_sorted,1,4,0,,0.0
education::GET__discipline_id_replica-5,education,GET /discipline/{id}/replica-5,deprecated_inventory,allowed_full_shuffled,1,4,0,,0.0
education::GET__discipline_id_replica-5,education,GET /discipline/{id}/replica-5,deprecated_inventory,allowed_minimal_subset,1,2,0,,0.0
education::GET__discipline_id_replica-5,education,GET /discipline/{id}/replica-5,deprecated_inventory,allowed_empty_body,1,0,0,,0.0
education::GET__discipline_id_replica-5,education,GET /discipline/{id}/replica-5,deprecated_inventory,allowed_with_extra_audit_metadata,1,4,0,,0.0
business_licensing::GET__licenses_id_replica-5,business_licensing,GET /licenses/{id}/replica-5,valid,allowed_full_sorted,1,7,0,,0.0
business_licensing::GET__licenses_id_replica-5,business_licensing,GET /licenses/{id}/replica-5,valid,allowed_full_shuffled,1,7,0,,0.0
business_licensing::GET__licenses_id_replica-5,business_licensing,GET /licenses/{id}/replica-5,valid,allowed_minimal_subset,1,3,0,,0.0
business_licensing::GET__licenses_id_replica-5,business_licensing,GET /licenses/{id}/replica-5,valid,allowed_empty_body,1,0,0,,0.0
business_licensing::GET__licenses_id_replica-5,business_licensing,GET /licenses/{id}/replica-5,valid,allowed_with_extra_audit_metadata,1,7,0,,0.0
business_licensing::GET__licenses_id_replica-5,business_licensing,GET /licenses/{id}/replica-5,wrong_role,denied_empty_body,0,0,0,,0.0
business_licensing::GET__licenses_id_replica-5,business_licensing,GET /licenses/{id}/replica-5,wrong_role,denied_audit_logged,0,0,0,,0.0
business_licensing::GET__licenses_id_replica-5,business_licensing,GET /licenses/{id}/replica-5,wrong_role,deprecated_endpoint_unavailable,0,0,0,,0.0
business_licensing::GET__licenses_id_replica-5,business_licensing,GET /licenses/{id}/replica-5,wrong_jurisdiction,denied_empty_body,0,0,0,,0.0
business_licensing::GET__licenses_id_replica-5,business_licensing,GET /licenses/{id}/replica-5,wrong_jurisdiction,denied_audit_logged,0,0,0,,0.0
business_licensing::GET__licenses_id_replica-5,business_licensing,GET /licenses/{id}/replica-5,wrong_jurisdiction,deprecated_endpoint_unavailable,0,0,0,,0.0
business_licensing::GET__licenses_id_replica-5,business_licensing,GET /licenses/{id}/replica-5,wrong_purpose,denied_empty_body,0,0,0,,0.0
business_licensing::GET__licenses_id_replica-5,business_licensing,GET /licenses/{id}/replica-5,wrong_purpose,denied_audit_logged,0,0,0,,0.0
business_licensing::GET__licenses_id_replica-5,business_licensing,GET /licenses/{id}/replica-5,wrong_purpose,deprecated_endpoint_unavailable,0,0,0,,0.0
business_licensing::GET__licenses_id_replica-5,business_licensing,GET /licenses/{id}/replica-5,self_access,allowed_full_sorted,1,6,0,,0.0
business_licensing::GET__licenses_id_replica-5,business_licensing,GET /licenses/{id}/replica-5,self_access,allowed_full_shuffled,1,6,0,,0.0
business_licensing::GET__licenses_id_replica-5,business_licensing,GET /licenses/{id}/replica-5,self_access,allowed_minimal_subset,1,3,0,,0.0
business_licensing::GET__licenses_id_replica-5,business_licensing,GET /licenses/{id}/replica-5,self_access,allowed_empty_body,1,0,0,,0.0
business_licensing::GET__licenses_id_replica-5,business_licensing,GET /licenses/{id}/replica-5,self_access,allowed_with_extra_audit_metadata,1,6,0,,0.0
business_licensing::GET__licenses_id_replica-5,business_licensing,GET /licenses/{id}/replica-5,unauthenticated,denied_empty_body,0,0,0,,0.0
business_licensing::GET__licenses_id_replica-5,business_licensing,GET /licenses/{id}/replica-5,unauthenticated,denied_audit_logged,0,0,0,,0.0
business_licensing::GET__licenses_id_replica-5,business_licensing,GET /licenses/{id}/replica-5,unauthenticated,deprecated_endpoint_unavailable,0,0,0,,0.0
business_licensing::GET__licenses_id_replica-5,business_licensing,GET /licenses/{id}/replica-5,sensitive_field_probe,allowed_full_sorted,1,7,0,,0.0
business_licensing::GET__licenses_id_replica-5,business_licensing,GET /licenses/{id}/replica-5,sensitive_field_probe,allowed_full_shuffled,1,7,0,,0.0
business_licensing::GET__licenses_id_replica-5,business_licensing,GET /licenses/{id}/replica-5,sensitive_field_probe,allowed_minimal_subset,1,3,0,,0.0
business_licensing::GET__licenses_id_replica-5,business_licensing,GET /licenses/{id}/replica-5,sensitive_field_probe,allowed_empty_body,1,0,0,,0.0
business_licensing::GET__licenses_id_replica-5,business_licensing,GET /licenses/{id}/replica-5,sensitive_field_probe,allowed_with_extra_audit_metadata,1,7,0,,0.0
business_licensing::GET__licenses_id_replica-5,business_licensing,GET /licenses/{id}/replica-5,aggregation_boundary,allowed_full_sorted,1,7,0,,0.0
business_licensing::GET__licenses_id_replica-5,business_licensing,GET /licenses/{id}/replica-5,aggregation_boundary,allowed_full_shuffled,1,7,0,,0.0
business_licensing::GET__licenses_id_replica-5,business_licensing,GET /licenses/{id}/replica-5,aggregation_boundary,allowed_minimal_subset,1,3,0,,0.0
business_licensing::GET__licenses_id_replica-5,business_licensing,GET /licenses/{id}/replica-5,aggregation_boundary,allowed_empty_body,1,0,0,,0.0
business_licensing::GET__licenses_id_replica-5,business_licensing,GET /licenses/{id}/replica-5,aggregation_boundary,allowed_with_extra_audit_metadata,1,7,0,,0.0
business_licensing::GET__licenses_id_replica-5,business_licensing,GET /licenses/{id}/replica-5,deprecated_inventory,allowed_full_sorted,1,7,0,,0.0
business_licensing::GET__licenses_id_replica-5,business_licensing,GET /licenses/{id}/replica-5,deprecated_inventory,allowed_full_shuffled,1,7,0,,0.0
business_licensing::GET__licenses_id_replica-5,business_licensing,GET /licenses/{id}/replica-5,deprecated_inventory,allowed_minimal_subset,1,3,0,,0.0
business_licensing::GET__licenses_id_replica-5,business_licensing,GET /licenses/{id}/replica-5,deprecated_inventory,allowed_empty_body,1,0,0,,0.0
business_licensing::GET__licenses_id_replica-5,business_licensing,GET /licenses/{id}/replica-5,deprecated_inventory,allowed_with_extra_audit_metadata,1,7,0,,0.0
business_licensing::GET__inspections_id_replica-5,business_licensing,GET /inspections/{id}/replica-5,valid,allowed_full_sorted,1,6,0,,0.0
business_licensing::GET__inspections_id_replica-5,business_licensing,GET /inspections/{id}/replica-5,valid,allowed_full_shuffled,1,6,0,,0.0
business_licensing::GET__inspections_id_replica-5,business_licensing,GET /inspections/{id}/replica-5,valid,allowed_minimal_subset,1,3,0,,0.0
business_licensing::GET__inspections_id_replica-5,business_licensing,GET /inspections/{id}/replica-5,valid,allowed_empty_body,1,0,0,,0.0
business_licensing::GET__inspections_id_replica-5,business_licensing,GET /inspections/{id}/replica-5,valid,allowed_with_extra_audit_metadata,1,6,0,,0.0
business_licensing::GET__inspections_id_replica-5,business_licensing,GET /inspections/{id}/replica-5,wrong_role,denied_empty_body,0,0,0,,0.0
business_licensing::GET__inspections_id_replica-5,business_licensing,GET /inspections/{id}/replica-5,wrong_role,denied_audit_logged,0,0,0,,0.0
business_licensing::GET__inspections_id_replica-5,business_licensing,GET /inspections/{id}/replica-5,wrong_role,deprecated_endpoint_unavailable,0,0,0,,0.0
business_licensing::GET__inspections_id_replica-5,business_licensing,GET /inspections/{id}/replica-5,wrong_jurisdiction,denied_empty_body,0,0,0,,0.0
business_licensing::GET__inspections_id_replica-5,business_licensing,GET /inspections/{id}/replica-5,wrong_jurisdiction,denied_audit_logged,0,0,0,,0.0
business_licensing::GET__inspections_id_replica-5,business_licensing,GET /inspections/{id}/replica-5,wrong_jurisdiction,deprecated_endpoint_unavailable,0,0,0,,0.0
business_licensing::GET__inspections_id_replica-5,business_licensing,GET /inspections/{id}/replica-5,wrong_purpose,denied_empty_body,0,0,0,,0.0
business_licensing::GET__inspections_id_replica-5,business_licensing,GET /inspections/{id}/replica-5,wrong_purpose,denied_audit_logged,0,0,0,,0.0
business_licensing::GET__inspections_id_replica-5,business_licensing,GET /inspections/{id}/replica-5,wrong_purpose,deprecated_endpoint_unavailable,0,0,0,,0.0
business_licensing::GET__inspections_id_replica-5,business_licensing,GET /inspections/{id}/replica-5,self_access,allowed_full_sorted,1,5,0,,0.0
business_licensing::GET__inspections_id_replica-5,business_licensing,GET /inspections/{id}/replica-5,self_access,allowed_full_shuffled,1,5,0,,0.0
business_licensing::GET__inspections_id_replica-5,business_licensing,GET /inspections/{id}/replica-5,self_access,allowed_minimal_subset,1,2,0,,0.0
business_licensing::GET__inspections_id_replica-5,business_licensing,GET /inspections/{id}/replica-5,self_access,allowed_empty_body,1,0,0,,0.0
business_licensing::GET__inspections_id_replica-5,business_licensing,GET /inspections/{id}/replica-5,self_access,allowed_with_extra_audit_metadata,1,5,0,,0.0
business_licensing::GET__inspections_id_replica-5,business_licensing,GET /inspections/{id}/replica-5,unauthenticated,denied_empty_body,0,0,0,,0.0
business_licensing::GET__inspections_id_replica-5,business_licensing,GET /inspections/{id}/replica-5,unauthenticated,denied_audit_logged,0,0,0,,0.0
business_licensing::GET__inspections_id_replica-5,business_licensing,GET /inspections/{id}/replica-5,unauthenticated,deprecated_endpoint_unavailable,0,0,0,,0.0
business_licensing::GET__inspections_id_replica-5,business_licensing,GET /inspections/{id}/replica-5,sensitive_field_probe,allowed_full_sorted,1,6,0,,0.0
business_licensing::GET__inspections_id_replica-5,business_licensing,GET /inspections/{id}/replica-5,sensitive_field_probe,allowed_full_shuffled,1,6,0,,0.0
business_licensing::GET__inspections_id_replica-5,business_licensing,GET /inspections/{id}/replica-5,sensitive_field_probe,allowed_minimal_subset,1,3,0,,0.0
business_licensing::GET__inspections_id_replica-5,business_licensing,GET /inspections/{id}/replica-5,sensitive_field_probe,allowed_empty_body,1,0,0,,0.0
business_licensing::GET__inspections_id_replica-5,business_licensing,GET /inspections/{id}/replica-5,sensitive_field_probe,allowed_with_extra_audit_metadata,1,6,0,,0.0
business_licensing::GET__inspections_id_replica-5,business_licensing,GET /inspections/{id}/replica-5,aggregation_boundary,allowed_full_sorted,1,6,0,,0.0
business_licensing::GET__inspections_id_replica-5,business_licensing,GET /inspections/{id}/replica-5,aggregation_boundary,allowed_full_shuffled,1,6,0,,0.0
business_licensing::GET__inspections_id_replica-5,business_licensing,GET /inspections/{id}/replica-5,aggregation_boundary,allowed_minimal_subset,1,3,0,,0.0
business_licensing::GET__inspections_id_replica-5,business_licensing,GET /inspections/{id}/replica-5,aggregation_boundary,allowed_empty_body,1,0,0,,0.0
business_licensing::GET__inspections_id_replica-5,business_licensing,GET /inspections/{id}/replica-5,aggregation_boundary,allowed_with_extra_audit_metadata,1,6,0,,0.0
business_licensing::GET__inspections_id_replica-5,business_licensing,GET /inspections/{id}/replica-5,deprecated_inventory,allowed_full_sorted,1,6,0,,0.0
business_licensing::GET__inspections_id_replica-5,business_licensing,GET /inspections/{id}/replica-5,deprecated_inventory,allowed_full_shuffled,1,6,0,,0.0
business_licensing::GET__inspections_id_replica-5,business_licensing,GET /inspections/{id}/replica-5,deprecated_inventory,allowed_minimal_subset,1,3,0,,0.0
business_licensing::GET__inspections_id_replica-5,business_licensing,GET /inspections/{id}/replica-5,deprecated_inventory,allowed_empty_body,1,0,0,,0.0
business_licensing::GET__inspections_id_replica-5,business_licensing,GET /inspections/{id}/replica-5,deprecated_inventory,allowed_with_extra_audit_metadata,1,6,0,,0.0
business_licensing::GET__licenses_export_replica-5,business_licensing,GET /licenses/export/replica-5,valid,allowed_full_sorted,1,7,0,,0.0
business_licensing::GET__licenses_export_replica-5,business_licensing,GET /licenses/export/replica-5,valid,allowed_full_shuffled,1,7,0,,0.0
business_licensing::GET__licenses_export_replica-5,business_licensing,GET /licenses/export/replica-5,valid,allowed_minimal_subset,1,3,0,,0.0
business_licensing::GET__licenses_export_replica-5,business_licensing,GET /licenses/export/replica-5,valid,allowed_empty_body,1,0,0,,0.0
business_licensing::GET__licenses_export_replica-5,business_licensing,GET /licenses/export/replica-5,valid,allowed_with_extra_audit_metadata,1,7,0,,0.0
business_licensing::GET__licenses_export_replica-5,business_licensing,GET /licenses/export/replica-5,wrong_role,denied_empty_body,0,0,0,,0.0
business_licensing::GET__licenses_export_replica-5,business_licensing,GET /licenses/export/replica-5,wrong_role,denied_audit_logged,0,0,0,,0.0
business_licensing::GET__licenses_export_replica-5,business_licensing,GET /licenses/export/replica-5,wrong_role,deprecated_endpoint_unavailable,0,0,0,,0.0
business_licensing::GET__licenses_export_replica-5,business_licensing,GET /licenses/export/replica-5,wrong_jurisdiction,denied_empty_body,0,0,0,,0.0
business_licensing::GET__licenses_export_replica-5,business_licensing,GET /licenses/export/replica-5,wrong_jurisdiction,denied_audit_logged,0,0,0,,0.0
business_licensing::GET__licenses_export_replica-5,business_licensing,GET /licenses/export/replica-5,wrong_jurisdiction,deprecated_endpoint_unavailable,0,0,0,,0.0
business_licensing::GET__licenses_export_replica-5,business_licensing,GET /licenses/export/replica-5,wrong_purpose,denied_empty_body,0,0,0,,0.0
business_licensing::GET__licenses_export_replica-5,business_licensing,GET /licenses/export/replica-5,wrong_purpose,denied_audit_logged,0,0,0,,0.0
business_licensing::GET__licenses_export_replica-5,business_licensing,GET /licenses/export/replica-5,wrong_purpose,deprecated_endpoint_unavailable,0,0,0,,0.0
business_licensing::GET__licenses_export_replica-5,business_licensing,GET /licenses/export/replica-5,self_access,allowed_full_sorted,1,6,0,,0.0
business_licensing::GET__licenses_export_replica-5,business_licensing,GET /licenses/export/replica-5,self_access,allowed_full_shuffled,1,6,0,,0.0
business_licensing::GET__licenses_export_replica-5,business_licensing,GET /licenses/export/replica-5,self_access,allowed_minimal_subset,1,3,0,,0.0
business_licensing::GET__licenses_export_replica-5,business_licensing,GET /licenses/export/replica-5,self_access,allowed_empty_body,1,0,0,,0.0
business_licensing::GET__licenses_export_replica-5,business_licensing,GET /licenses/export/replica-5,self_access,allowed_with_extra_audit_metadata,1,6,0,,0.0
business_licensing::GET__licenses_export_replica-5,business_licensing,GET /licenses/export/replica-5,unauthenticated,denied_empty_body,0,0,0,,0.0
business_licensing::GET__licenses_export_replica-5,business_licensing,GET /licenses/export/replica-5,unauthenticated,denied_audit_logged,0,0,0,,0.0
business_licensing::GET__licenses_export_replica-5,business_licensing,GET /licenses/export/replica-5,unauthenticated,deprecated_endpoint_unavailable,0,0,0,,0.0
business_licensing::GET__licenses_export_replica-5,business_licensing,GET /licenses/export/replica-5,sensitive_field_probe,allowed_full_sorted,1,7,0,,0.0
business_licensing::GET__licenses_export_replica-5,business_licensing,GET /licenses/export/replica-5,sensitive_field_probe,allowed_full_shuffled,1,7,0,,0.0
business_licensing::GET__licenses_export_replica-5,business_licensing,GET /licenses/export/replica-5,sensitive_field_probe,allowed_minimal_subset,1,3,0,,0.0
business_licensing::GET__licenses_export_replica-5,business_licensing,GET /licenses/export/replica-5,sensitive_field_probe,allowed_empty_body,1,0,0,,0.0
business_licensing::GET__licenses_export_replica-5,business_licensing,GET /licenses/export/replica-5,sensitive_field_probe,allowed_with_extra_audit_metadata,1,7,0,,0.0
business_licensing::GET__licenses_export_replica-5,business_licensing,GET /licenses/export/replica-5,aggregation_boundary,allowed_full_sorted,1,7,0,,0.0
business_licensing::GET__licenses_export_replica-5,business_licensing,GET /licenses/export/replica-5,aggregation_boundary,allowed_full_shuffled,1,7,0,,0.0
business_licensing::GET__licenses_export_replica-5,business_licensing,GET /licenses/export/replica-5,aggregation_boundary,allowed_minimal_subset,1,3,0,,0.0
business_licensing::GET__licenses_export_replica-5,business_licensing,GET /licenses/export/replica-5,aggregation_boundary,allowed_empty_body,1,0,0,,0.0
business_licensing::GET__licenses_export_replica-5,business_licensing,GET /licenses/export/replica-5,aggregation_boundary,allowed_with_extra_audit_metadata,1,7,0,,0.0
business_licensing::GET__licenses_export_replica-5,business_licensing,GET /licenses/export/replica-5,deprecated_inventory,allowed_full_sorted,1,7,0,,0.0
business_licensing::GET__licenses_export_replica-5,business_licensing,GET /licenses/export/replica-5,deprecated_inventory,allowed_full_shuffled,1,7,0,,0.0
business_licensing::GET__licenses_export_replica-5,business_licensing,GET /licenses/export/replica-5,deprecated_inventory,allowed_minimal_subset,1,3,0,,0.0
business_licensing::GET__licenses_export_replica-5,business_licensing,GET /licenses/export/replica-5,deprecated_inventory,allowed_empty_body,1,0,0,,0.0
business_licensing::GET__licenses_export_replica-5,business_licensing,GET /licenses/export/replica-5,deprecated_inventory,allowed_with_extra_audit_metadata,1,7,0,,0.0
health::GET__patients_id_replica-6,health,GET /patients/{id}/replica-6,valid,allowed_full_sorted,1,7,0,,0.0
health::GET__patients_id_replica-6,health,GET /patients/{id}/replica-6,valid,allowed_full_shuffled,1,7,0,,0.0
health::GET__patients_id_replica-6,health,GET /patients/{id}/replica-6,valid,allowed_minimal_subset,1,3,0,,0.0
health::GET__patients_id_replica-6,health,GET /patients/{id}/replica-6,valid,allowed_empty_body,1,0,0,,0.0
health::GET__patients_id_replica-6,health,GET /patients/{id}/replica-6,valid,allowed_with_extra_audit_metadata,1,7,0,,0.0
health::GET__patients_id_replica-6,health,GET /patients/{id}/replica-6,wrong_role,denied_empty_body,0,0,0,,0.0
health::GET__patients_id_replica-6,health,GET /patients/{id}/replica-6,wrong_role,denied_audit_logged,0,0,0,,0.0
health::GET__patients_id_replica-6,health,GET /patients/{id}/replica-6,wrong_role,deprecated_endpoint_unavailable,0,0,0,,0.0
health::GET__patients_id_replica-6,health,GET /patients/{id}/replica-6,wrong_jurisdiction,denied_empty_body,0,0,0,,0.0
health::GET__patients_id_replica-6,health,GET /patients/{id}/replica-6,wrong_jurisdiction,denied_audit_logged,0,0,0,,0.0
health::GET__patients_id_replica-6,health,GET /patients/{id}/replica-6,wrong_jurisdiction,deprecated_endpoint_unavailable,0,0,0,,0.0
health::GET__patients_id_replica-6,health,GET /patients/{id}/replica-6,wrong_purpose,denied_empty_body,0,0,0,,0.0
health::GET__patients_id_replica-6,health,GET /patients/{id}/replica-6,wrong_purpose,denied_audit_logged,0,0,0,,0.0
health::GET__patients_id_replica-6,health,GET /patients/{id}/replica-6,wrong_purpose,deprecated_endpoint_unavailable,0,0,0,,0.0
health::GET__patients_id_replica-6,health,GET /patients/{id}/replica-6,self_access,allowed_full_sorted,1,8,0,,0.0
health::GET__patients_id_replica-6,health,GET /patients/{id}/replica-6,self_access,allowed_full_shuffled,1,8,0,,0.0
health::GET__patients_id_replica-6,health,GET /patients/{id}/replica-6,self_access,allowed_minimal_subset,1,4,0,,0.0
health::GET__patients_id_replica-6,health,GET /patients/{id}/replica-6,self_access,allowed_empty_body,1,0,0,,0.0
health::GET__patients_id_replica-6,health,GET /patients/{id}/replica-6,self_access,allowed_with_extra_audit_metadata,1,8,0,,0.0
health::GET__patients_id_replica-6,health,GET /patients/{id}/replica-6,unauthenticated,denied_empty_body,0,0,0,,0.0
health::GET__patients_id_replica-6,health,GET /patients/{id}/replica-6,unauthenticated,denied_audit_logged,0,0,0,,0.0
health::GET__patients_id_replica-6,health,GET /patients/{id}/replica-6,unauthenticated,deprecated_endpoint_unavailable,0,0,0,,0.0
health::GET__patients_id_replica-6,health,GET /patients/{id}/replica-6,sensitive_field_probe,allowed_full_sorted,1,7,0,,0.0
health::GET__patients_id_replica-6,health,GET /patients/{id}/replica-6,sensitive_field_probe,allowed_full_shuffled,1,7,0,,0.0
health::GET__patients_id_replica-6,health,GET /patients/{id}/replica-6,sensitive_field_probe,allowed_minimal_subset,1,3,0,,0.0
health::GET__patients_id_replica-6,health,GET /patients/{id}/replica-6,sensitive_field_probe,allowed_empty_body,1,0,0,,0.0
health::GET__patients_id_replica-6,health,GET /patients/{id}/replica-6,sensitive_field_probe,allowed_with_extra_audit_metadata,1,7,0,,0.0
health::GET__patients_id_replica-6,health,GET /patients/{id}/replica-6,aggregation_boundary,allowed_full_sorted,1,7,0,,0.0
health::GET__patients_id_replica-6,health,GET /patients/{id}/replica-6,aggregation_boundary,allowed_full_shuffled,1,7,0,,0.0
health::GET__patients_id_replica-6,health,GET /patients/{id}/replica-6,aggregation_boundary,allowed_minimal_subset,1,3,0,,0.0
health::GET__patients_id_replica-6,health,GET /patients/{id}/replica-6,aggregation_boundary,allowed_empty_body,1,0,0,,0.0
health::GET__patients_id_replica-6,health,GET /patients/{id}/replica-6,aggregation_boundary,allowed_with_extra_audit_metadata,1,7,0,,0.0
health::GET__patients_id_replica-6,health,GET /patients/{id}/replica-6,deprecated_inventory,allowed_full_sorted,1,7,0,,0.0
health::GET__patients_id_replica-6,health,GET /patients/{id}/replica-6,deprecated_inventory,allowed_full_shuffled,1,7,0,,0.0
health::GET__patients_id_replica-6,health,GET /patients/{id}/replica-6,deprecated_inventory,allowed_minimal_subset,1,3,0,,0.0
health::GET__patients_id_replica-6,health,GET /patients/{id}/replica-6,deprecated_inventory,allowed_empty_body,1,0,0,,0.0
health::GET__patients_id_replica-6,health,GET /patients/{id}/replica-6,deprecated_inventory,allowed_with_extra_audit_metadata,1,7,0,,0.0
health::GET__encounters_id_replica-6,health,GET /encounters/{id}/replica-6,valid,allowed_full_sorted,1,6,0,,0.0
health::GET__encounters_id_replica-6,health,GET /encounters/{id}/replica-6,valid,allowed_full_shuffled,1,6,0,,0.0
health::GET__encounters_id_replica-6,health,GET /encounters/{id}/replica-6,valid,allowed_minimal_subset,1,3,0,,0.0
health::GET__encounters_id_replica-6,health,GET /encounters/{id}/replica-6,valid,allowed_empty_body,1,0,0,,0.0
health::GET__encounters_id_replica-6,health,GET /encounters/{id}/replica-6,valid,allowed_with_extra_audit_metadata,1,6,0,,0.0
health::GET__encounters_id_replica-6,health,GET /encounters/{id}/replica-6,wrong_role,denied_empty_body,0,0,0,,0.0
health::GET__encounters_id_replica-6,health,GET /encounters/{id}/replica-6,wrong_role,denied_audit_logged,0,0,0,,0.0
health::GET__encounters_id_replica-6,health,GET /encounters/{id}/replica-6,wrong_role,deprecated_endpoint_unavailable,0,0,0,,0.0
health::GET__encounters_id_replica-6,health,GET /encounters/{id}/replica-6,wrong_jurisdiction,denied_empty_body,0,0,0,,0.0
health::GET__encounters_id_replica-6,health,GET /encounters/{id}/replica-6,wrong_jurisdiction,denied_audit_logged,0,0,0,,0.0
health::GET__encounters_id_replica-6,health,GET /encounters/{id}/replica-6,wrong_jurisdiction,deprecated_endpoint_unavailable,0,0,0,,0.0
health::GET__encounters_id_replica-6,health,GET /encounters/{id}/replica-6,wrong_purpose,denied_empty_body,0,0,0,,0.0
health::GET__encounters_id_replica-6,health,GET /encounters/{id}/replica-6,wrong_purpose,denied_audit_logged,0,0,0,,0.0
health::GET__encounters_id_replica-6,health,GET /encounters/{id}/replica-6,wrong_purpose,deprecated_endpoint_unavailable,0,0,0,,0.0
health::GET__encounters_id_replica-6,health,GET /encounters/{id}/replica-6,self_access,allowed_full_sorted,1,7,0,,0.0
health::GET__encounters_id_replica-6,health,GET /encounters/{id}/replica-6,self_access,allowed_full_shuffled,1,7,0,,0.0
health::GET__encounters_id_replica-6,health,GET /encounters/{id}/replica-6,self_access,allowed_minimal_subset,1,3,0,,0.0
health::GET__encounters_id_replica-6,health,GET /encounters/{id}/replica-6,self_access,allowed_empty_body,1,0,0,,0.0
health::GET__encounters_id_replica-6,health,GET /encounters/{id}/replica-6,self_access,allowed_with_extra_audit_metadata,1,7,0,,0.0
health::GET__encounters_id_replica-6,health,GET /encounters/{id}/replica-6,unauthenticated,denied_empty_body,0,0,0,,0.0
health::GET__encounters_id_replica-6,health,GET /encounters/{id}/replica-6,unauthenticated,denied_audit_logged,0,0,0,,0.0
health::GET__encounters_id_replica-6,health,GET /encounters/{id}/replica-6,unauthenticated,deprecated_endpoint_unavailable,0,0,0,,0.0
health::GET__encounters_id_replica-6,health,GET /encounters/{id}/replica-6,sensitive_field_probe,allowed_full_sorted,1,6,0,,0.0
health::GET__encounters_id_replica-6,health,GET /encounters/{id}/replica-6,sensitive_field_probe,allowed_full_shuffled,1,6,0,,0.0
health::GET__encounters_id_replica-6,health,GET /encounters/{id}/replica-6,sensitive_field_probe,allowed_minimal_subset,1,3,0,,0.0
health::GET__encounters_id_replica-6,health,GET /encounters/{id}/replica-6,sensitive_field_probe,allowed_empty_body,1,0,0,,0.0
health::GET__encounters_id_replica-6,health,GET /encounters/{id}/replica-6,sensitive_field_probe,allowed_with_extra_audit_metadata,1,6,0,,0.0
health::GET__encounters_id_replica-6,health,GET /encounters/{id}/replica-6,aggregation_boundary,allowed_full_sorted,1,6,0,,0.0
health::GET__encounters_id_replica-6,health,GET /encounters/{id}/replica-6,aggregation_boundary,allowed_full_shuffled,1,6,0,,0.0
health::GET__encounters_id_replica-6,health,GET /encounters/{id}/replica-6,aggregation_boundary,allowed_minimal_subset,1,3,0,,0.0
health::GET__encounters_id_replica-6,health,GET /encounters/{id}/replica-6,aggregation_boundary,allowed_empty_body,1,0,0,,0.0
health::GET__encounters_id_replica-6,health,GET /encounters/{id}/replica-6,aggregation_boundary,allowed_with_extra_audit_metadata,1,6,0,,0.0
health::GET__encounters_id_replica-6,health,GET /encounters/{id}/replica-6,deprecated_inventory,allowed_full_sorted,1,6,0,,0.0
health::GET__encounters_id_replica-6,health,GET /encounters/{id}/replica-6,deprecated_inventory,allowed_full_shuffled,1,6,0,,0.0
health::GET__encounters_id_replica-6,health,GET /encounters/{id}/replica-6,deprecated_inventory,allowed_minimal_subset,1,3,0,,0.0
health::GET__encounters_id_replica-6,health,GET /encounters/{id}/replica-6,deprecated_inventory,allowed_empty_body,1,0,0,,0.0
health::GET__encounters_id_replica-6,health,GET /encounters/{id}/replica-6,deprecated_inventory,allowed_with_extra_audit_metadata,1,6,0,,0.0
health::GET__patients_search_replica-6,health,GET /patients/search/replica-6,valid,allowed_full_sorted,1,7,0,,0.0
health::GET__patients_search_replica-6,health,GET /patients/search/replica-6,valid,allowed_full_shuffled,1,7,0,,0.0
health::GET__patients_search_replica-6,health,GET /patients/search/replica-6,valid,allowed_minimal_subset,1,3,0,,0.0
health::GET__patients_search_replica-6,health,GET /patients/search/replica-6,valid,allowed_empty_body,1,0,0,,0.0
health::GET__patients_search_replica-6,health,GET /patients/search/replica-6,valid,allowed_with_extra_audit_metadata,1,7,0,,0.0
health::GET__patients_search_replica-6,health,GET /patients/search/replica-6,wrong_role,denied_empty_body,0,0,0,,0.0
health::GET__patients_search_replica-6,health,GET /patients/search/replica-6,wrong_role,denied_audit_logged,0,0,0,,0.0
health::GET__patients_search_replica-6,health,GET /patients/search/replica-6,wrong_role,deprecated_endpoint_unavailable,0,0,0,,0.0
health::GET__patients_search_replica-6,health,GET /patients/search/replica-6,wrong_jurisdiction,denied_empty_body,0,0,0,,0.0
health::GET__patients_search_replica-6,health,GET /patients/search/replica-6,wrong_jurisdiction,denied_audit_logged,0,0,0,,0.0
health::GET__patients_search_replica-6,health,GET /patients/search/replica-6,wrong_jurisdiction,deprecated_endpoint_unavailable,0,0,0,,0.0
health::GET__patients_search_replica-6,health,GET /patients/search/replica-6,wrong_purpose,denied_empty_body,0,0,0,,0.0
health::GET__patients_search_replica-6,health,GET /patients/search/replica-6,wrong_purpose,denied_audit_logged,0,0,0,,0.0
health::GET__patients_search_replica-6,health,GET /patients/search/replica-6,wrong_purpose,deprecated_endpoint_unavailable,0,0,0,,0.0
health::GET__patients_search_replica-6,health,GET /patients/search/replica-6,self_access,allowed_full_sorted,1,8,0,,0.0
health::GET__patients_search_replica-6,health,GET /patients/search/replica-6,self_access,allowed_full_shuffled,1,8,0,,0.0
health::GET__patients_search_replica-6,health,GET /patients/search/replica-6,self_access,allowed_minimal_subset,1,4,0,,0.0
health::GET__patients_search_replica-6,health,GET /patients/search/replica-6,self_access,allowed_empty_body,1,0,0,,0.0
health::GET__patients_search_replica-6,health,GET /patients/search/replica-6,self_access,allowed_with_extra_audit_metadata,1,8,0,,0.0
health::GET__patients_search_replica-6,health,GET /patients/search/replica-6,unauthenticated,denied_empty_body,0,0,0,,0.0
health::GET__patients_search_replica-6,health,GET /patients/search/replica-6,unauthenticated,denied_audit_logged,0,0,0,,0.0
health::GET__patients_search_replica-6,health,GET /patients/search/replica-6,unauthenticated,deprecated_endpoint_unavailable,0,0,0,,0.0
health::GET__patients_search_replica-6,health,GET /patients/search/replica-6,sensitive_field_probe,allowed_full_sorted,1,7,0,,0.0
health::GET__patients_search_replica-6,health,GET /patients/search/replica-6,sensitive_field_probe,allowed_full_shuffled,1,7,0,,0.0
health::GET__patients_search_replica-6,health,GET /patients/search/replica-6,sensitive_field_probe,allowed_minimal_subset,1,3,0,,0.0
health::GET__patients_search_replica-6,health,GET /patients/search/replica-6,sensitive_field_probe,allowed_empty_body,1,0,0,,0.0
health::GET__patients_search_replica-6,health,GET /patients/search/replica-6,sensitive_field_probe,allowed_with_extra_audit_metadata,1,7,0,,0.0
health::GET__patients_search_replica-6,health,GET /patients/search/replica-6,aggregation_boundary,allowed_full_sorted,1,7,0,,0.0
health::GET__patients_search_replica-6,health,GET /patients/search/replica-6,aggregation_boundary,allowed_full_shuffled,1,7,0,,0.0
health::GET__patients_search_replica-6,health,GET /patients/search/replica-6,aggregation_boundary,allowed_minimal_subset,1,3,0,,0.0
health::GET__patients_search_replica-6,health,GET /patients/search/replica-6,aggregation_boundary,allowed_empty_body,1,0,0,,0.0
health::GET__patients_search_replica-6,health,GET /patients/search/replica-6,aggregation_boundary,allowed_with_extra_audit_metadata,1,7,0,,0.0
health::GET__patients_search_replica-6,health,GET /patients/search/replica-6,deprecated_inventory,allowed_full_sorted,1,7,0,,0.0
health::GET__patients_search_replica-6,health,GET /patients/search/replica-6,deprecated_inventory,allowed_full_shuffled,1,7,0,,0.0
health::GET__patients_search_replica-6,health,GET /patients/search/replica-6,deprecated_inventory,allowed_minimal_subset,1,3,0,,0.0
health::GET__patients_search_replica-6,health,GET /patients/search/replica-6,deprecated_inventory,allowed_empty_body,1,0,0,,0.0
health::GET__patients_search_replica-6,health,GET /patients/search/replica-6,deprecated_inventory,allowed_with_extra_audit_metadata,1,7,0,,0.0
citizen_services::GET__citizens_id_replica-6,citizen_services,GET /citizens/{id}/replica-6,valid,allowed_full_sorted,1,5,0,,0.0
citizen_services::GET__citizens_id_replica-6,citizen_services,GET /citizens/{id}/replica-6,valid,allowed_full_shuffled,1,5,0,,0.0
citizen_services::GET__citizens_id_replica-6,citizen_services,GET /citizens/{id}/replica-6,valid,allowed_minimal_subset,1,2,0,,0.0
citizen_services::GET__citizens_id_replica-6,citizen_services,GET /citizens/{id}/replica-6,valid,allowed_empty_body,1,0,0,,0.0
citizen_services::GET__citizens_id_replica-6,citizen_services,GET /citizens/{id}/replica-6,valid,allowed_with_extra_audit_metadata,1,5,0,,0.0
citizen_services::GET__citizens_id_replica-6,citizen_services,GET /citizens/{id}/replica-6,wrong_role,denied_empty_body,0,0,0,,0.0
citizen_services::GET__citizens_id_replica-6,citizen_services,GET /citizens/{id}/replica-6,wrong_role,denied_audit_logged,0,0,0,,0.0
citizen_services::GET__citizens_id_replica-6,citizen_services,GET /citizens/{id}/replica-6,wrong_role,deprecated_endpoint_unavailable,0,0,0,,0.0
citizen_services::GET__citizens_id_replica-6,citizen_services,GET /citizens/{id}/replica-6,wrong_jurisdiction,denied_empty_body,0,0,0,,0.0
citizen_services::GET__citizens_id_replica-6,citizen_services,GET /citizens/{id}/replica-6,wrong_jurisdiction,denied_audit_logged,0,0,0,,0.0
citizen_services::GET__citizens_id_replica-6,citizen_services,GET /citizens/{id}/replica-6,wrong_jurisdiction,deprecated_endpoint_unavailable,0,0,0,,0.0
citizen_services::GET__citizens_id_replica-6,citizen_services,GET /citizens/{id}/replica-6,wrong_purpose,denied_empty_body,0,0,0,,0.0
citizen_services::GET__citizens_id_replica-6,citizen_services,GET /citizens/{id}/replica-6,wrong_purpose,denied_audit_logged,0,0,0,,0.0
citizen_services::GET__citizens_id_replica-6,citizen_services,GET /citizens/{id}/replica-6,wrong_purpose,deprecated_endpoint_unavailable,0,0,0,,0.0
citizen_services::GET__citizens_id_replica-6,citizen_services,GET /citizens/{id}/replica-6,self_access,allowed_full_sorted,1,5,0,,0.0
citizen_services::GET__citizens_id_replica-6,citizen_services,GET /citizens/{id}/replica-6,self_access,allowed_full_shuffled,1,5,0,,0.0
citizen_services::GET__citizens_id_replica-6,citizen_services,GET /citizens/{id}/replica-6,self_access,allowed_minimal_subset,1,2,0,,0.0
citizen_services::GET__citizens_id_replica-6,citizen_services,GET /citizens/{id}/replica-6,self_access,allowed_empty_body,1,0,0,,0.0
citizen_services::GET__citizens_id_replica-6,citizen_services,GET /citizens/{id}/replica-6,self_access,allowed_with_extra_audit_metadata,1,5,0,,0.0
citizen_services::GET__citizens_id_replica-6,citizen_services,GET /citizens/{id}/replica-6,unauthenticated,denied_empty_body,0,0,0,,0.0
citizen_services::GET__citizens_id_replica-6,citizen_services,GET /citizens/{id}/replica-6,unauthenticated,denied_audit_logged,0,0,0,,0.0
citizen_services::GET__citizens_id_replica-6,citizen_services,GET /citizens/{id}/replica-6,unauthenticated,deprecated_endpoint_unavailable,0,0,0,,0.0
citizen_services::GET__citizens_id_replica-6,citizen_services,GET /citizens/{id}/replica-6,sensitive_field_probe,allowed_full_sorted,1,5,0,,0.0
citizen_services::GET__citizens_id_replica-6,citizen_services,GET /citizens/{id}/replica-6,sensitive_field_probe,allowed_full_shuffled,1,5,0,,0.0
citizen_services::GET__citizens_id_replica-6,citizen_services,GET /citizens/{id}/replica-6,sensitive_field_probe,allowed_minimal_subset,1,2,0,,0.0
citizen_services::GET__citizens_id_replica-6,citizen_services,GET /citizens/{id}/replica-6,sensitive_field_probe,allowed_empty_body,1,0,0,,0.0
citizen_services::GET__citizens_id_replica-6,citizen_services,GET /citizens/{id}/replica-6,sensitive_field_probe,allowed_with_extra_audit_metadata,1,5,0,,0.0
citizen_services::GET__citizens_id_replica-6,citizen_services,GET /citizens/{id}/replica-6,aggregation_boundary,allowed_full_sorted,1,5,0,,0.0
citizen_services::GET__citizens_id_replica-6,citizen_services,GET /citizens/{id}/replica-6,aggregation_boundary,allowed_full_shuffled,1,5,0,,0.0
citizen_services::GET__citizens_id_replica-6,citizen_services,GET /citizens/{id}/replica-6,aggregation_boundary,allowed_minimal_subset,1,2,0,,0.0
citizen_services::GET__citizens_id_replica-6,citizen_services,GET /citizens/{id}/replica-6,aggregation_boundary,allowed_empty_body,1,0,0,,0.0
citizen_services::GET__citizens_id_replica-6,citizen_services,GET /citizens/{id}/replica-6,aggregation_boundary,allowed_with_extra_audit_metadata,1,5,0,,0.0
citizen_services::GET__citizens_id_replica-6,citizen_services,GET /citizens/{id}/replica-6,deprecated_inventory,allowed_full_sorted,1,5,0,,0.0
citizen_services::GET__citizens_id_replica-6,citizen_services,GET /citizens/{id}/replica-6,deprecated_inventory,allowed_full_shuffled,1,5,0,,0.0
citizen_services::GET__citizens_id_replica-6,citizen_services,GET /citizens/{id}/replica-6,deprecated_inventory,allowed_minimal_subset,1,2,0,,0.0
citizen_services::GET__citizens_id_replica-6,citizen_services,GET /citizens/{id}/replica-6,deprecated_inventory,allowed_empty_body,1,0,0,,0.0
citizen_services::GET__citizens_id_replica-6,citizen_services,GET /citizens/{id}/replica-6,deprecated_inventory,allowed_with_extra_audit_metadata,1,5,0,,0.0
citizen_services::GET__benefits_id_replica-6,citizen_services,GET /benefits/{id}/replica-6,valid,allowed_full_sorted,1,5,0,,0.0
citizen_services::GET__benefits_id_replica-6,citizen_services,GET /benefits/{id}/replica-6,valid,allowed_full_shuffled,1,5,0,,0.0
citizen_services::GET__benefits_id_replica-6,citizen_services,GET /benefits/{id}/replica-6,valid,allowed_minimal_subset,1,2,0,,0.0
citizen_services::GET__benefits_id_replica-6,citizen_services,GET /benefits/{id}/replica-6,valid,allowed_empty_body,1,0,0,,0.0
citizen_services::GET__benefits_id_replica-6,citizen_services,GET /benefits/{id}/replica-6,valid,allowed_with_extra_audit_metadata,1,5,0,,0.0
citizen_services::GET__benefits_id_replica-6,citizen_services,GET /benefits/{id}/replica-6,wrong_role,denied_empty_body,0,0,0,,0.0
citizen_services::GET__benefits_id_replica-6,citizen_services,GET /benefits/{id}/replica-6,wrong_role,denied_audit_logged,0,0,0,,0.0
citizen_services::GET__benefits_id_replica-6,citizen_services,GET /benefits/{id}/replica-6,wrong_role,deprecated_endpoint_unavailable,0,0,0,,0.0
citizen_services::GET__benefits_id_replica-6,citizen_services,GET /benefits/{id}/replica-6,wrong_jurisdiction,denied_empty_body,0,0,0,,0.0
citizen_services::GET__benefits_id_replica-6,citizen_services,GET /benefits/{id}/replica-6,wrong_jurisdiction,denied_audit_logged,0,0,0,,0.0
citizen_services::GET__benefits_id_replica-6,citizen_services,GET /benefits/{id}/replica-6,wrong_jurisdiction,deprecated_endpoint_unavailable,0,0,0,,0.0
citizen_services::GET__benefits_id_replica-6,citizen_services,GET /benefits/{id}/replica-6,wrong_purpose,denied_empty_body,0,0,0,,0.0
citizen_services::GET__benefits_id_replica-6,citizen_services,GET /benefits/{id}/replica-6,wrong_purpose,denied_audit_logged,0,0,0,,0.0
citizen_services::GET__benefits_id_replica-6,citizen_services,GET /benefits/{id}/replica-6,wrong_purpose,deprecated_endpoint_unavailable,0,0,0,,0.0
citizen_services::GET__benefits_id_replica-6,citizen_services,GET /benefits/{id}/replica-6,self_access,allowed_full_sorted,1,6,0,,0.0
citizen_services::GET__benefits_id_replica-6,citizen_services,GET /benefits/{id}/replica-6,self_access,allowed_full_shuffled,1,6,0,,0.0
citizen_services::GET__benefits_id_replica-6,citizen_services,GET /benefits/{id}/replica-6,self_access,allowed_minimal_subset,1,3,0,,0.0
citizen_services::GET__benefits_id_replica-6,citizen_services,GET /benefits/{id}/replica-6,self_access,allowed_empty_body,1,0,0,,0.0
citizen_services::GET__benefits_id_replica-6,citizen_services,GET /benefits/{id}/replica-6,self_access,allowed_with_extra_audit_metadata,1,6,0,,0.0
citizen_services::GET__benefits_id_replica-6,citizen_services,GET /benefits/{id}/replica-6,unauthenticated,denied_empty_body,0,0,0,,0.0
citizen_services::GET__benefits_id_replica-6,citizen_services,GET /benefits/{id}/replica-6,unauthenticated,denied_audit_logged,0,0,0,,0.0
citizen_services::GET__benefits_id_replica-6,citizen_services,GET /benefits/{id}/replica-6,unauthenticated,deprecated_endpoint_unavailable,0,0,0,,0.0
citizen_services::GET__benefits_id_replica-6,citizen_services,GET /benefits/{id}/replica-6,sensitive_field_probe,allowed_full_sorted,1,5,0,,0.0
citizen_services::GET__benefits_id_replica-6,citizen_services,GET /benefits/{id}/replica-6,sensitive_field_probe,allowed_full_shuffled,1,5,0,,0.0
citizen_services::GET__benefits_id_replica-6,citizen_services,GET /benefits/{id}/replica-6,sensitive_field_probe,allowed_minimal_subset,1,2,0,,0.0
citizen_services::GET__benefits_id_replica-6,citizen_services,GET /benefits/{id}/replica-6,sensitive_field_probe,allowed_empty_body,1,0,0,,0.0
citizen_services::GET__benefits_id_replica-6,citizen_services,GET /benefits/{id}/replica-6,sensitive_field_probe,allowed_with_extra_audit_metadata,1,5,0,,0.0
citizen_services::GET__benefits_id_replica-6,citizen_services,GET /benefits/{id}/replica-6,aggregation_boundary,allowed_full_sorted,1,5,0,,0.0
citizen_services::GET__benefits_id_replica-6,citizen_services,GET /benefits/{id}/replica-6,aggregation_boundary,allowed_full_shuffled,1,5,0,,0.0
citizen_services::GET__benefits_id_replica-6,citizen_services,GET /benefits/{id}/replica-6,aggregation_boundary,allowed_minimal_subset,1,2,0,,0.0
citizen_services::GET__benefits_id_replica-6,citizen_services,GET /benefits/{id}/replica-6,aggregation_boundary,allowed_empty_body,1,0,0,,0.0
citizen_services::GET__benefits_id_replica-6,citizen_services,GET /benefits/{id}/replica-6,aggregation_boundary,allowed_with_extra_audit_metadata,1,5,0,,0.0
citizen_services::GET__benefits_id_replica-6,citizen_services,GET /benefits/{id}/replica-6,deprecated_inventory,allowed_full_sorted,1,5,0,,0.0
citizen_services::GET__benefits_id_replica-6,citizen_services,GET /benefits/{id}/replica-6,deprecated_inventory,allowed_full_shuffled,1,5,0,,0.0
citizen_services::GET__benefits_id_replica-6,citizen_services,GET /benefits/{id}/replica-6,deprecated_inventory,allowed_minimal_subset,1,2,0,,0.0
citizen_services::GET__benefits_id_replica-6,citizen_services,GET /benefits/{id}/replica-6,deprecated_inventory,allowed_empty_body,1,0,0,,0.0
citizen_services::GET__benefits_id_replica-6,citizen_services,GET /benefits/{id}/replica-6,deprecated_inventory,allowed_with_extra_audit_metadata,1,5,0,,0.0
citizen_services::GET__citizens_export_replica-6,citizen_services,GET /citizens/export/replica-6,valid,allowed_full_sorted,1,5,0,,0.0
citizen_services::GET__citizens_export_replica-6,citizen_services,GET /citizens/export/replica-6,valid,allowed_full_shuffled,1,5,0,,0.0
citizen_services::GET__citizens_export_replica-6,citizen_services,GET /citizens/export/replica-6,valid,allowed_minimal_subset,1,2,0,,0.0
citizen_services::GET__citizens_export_replica-6,citizen_services,GET /citizens/export/replica-6,valid,allowed_empty_body,1,0,0,,0.0
citizen_services::GET__citizens_export_replica-6,citizen_services,GET /citizens/export/replica-6,valid,allowed_with_extra_audit_metadata,1,5,0,,0.0
citizen_services::GET__citizens_export_replica-6,citizen_services,GET /citizens/export/replica-6,wrong_role,denied_empty_body,0,0,0,,0.0
citizen_services::GET__citizens_export_replica-6,citizen_services,GET /citizens/export/replica-6,wrong_role,denied_audit_logged,0,0,0,,0.0
citizen_services::GET__citizens_export_replica-6,citizen_services,GET /citizens/export/replica-6,wrong_role,deprecated_endpoint_unavailable,0,0,0,,0.0
citizen_services::GET__citizens_export_replica-6,citizen_services,GET /citizens/export/replica-6,wrong_jurisdiction,denied_empty_body,0,0,0,,0.0
citizen_services::GET__citizens_export_replica-6,citizen_services,GET /citizens/export/replica-6,wrong_jurisdiction,denied_audit_logged,0,0,0,,0.0
citizen_services::GET__citizens_export_replica-6,citizen_services,GET /citizens/export/replica-6,wrong_jurisdiction,deprecated_endpoint_unavailable,0,0,0,,0.0
citizen_services::GET__citizens_export_replica-6,citizen_services,GET /citizens/export/replica-6,wrong_purpose,denied_empty_body,0,0,0,,0.0
citizen_services::GET__citizens_export_replica-6,citizen_services,GET /citizens/export/replica-6,wrong_purpose,denied_audit_logged,0,0,0,,0.0
citizen_services::GET__citizens_export_replica-6,citizen_services,GET /citizens/export/replica-6,wrong_purpose,deprecated_endpoint_unavailable,0,0,0,,0.0
citizen_services::GET__citizens_export_replica-6,citizen_services,GET /citizens/export/replica-6,self_access,allowed_full_sorted,1,5,0,,0.0
citizen_services::GET__citizens_export_replica-6,citizen_services,GET /citizens/export/replica-6,self_access,allowed_full_shuffled,1,5,0,,0.0
citizen_services::GET__citizens_export_replica-6,citizen_services,GET /citizens/export/replica-6,self_access,allowed_minimal_subset,1,2,0,,0.0
citizen_services::GET__citizens_export_replica-6,citizen_services,GET /citizens/export/replica-6,self_access,allowed_empty_body,1,0,0,,0.0
citizen_services::GET__citizens_export_replica-6,citizen_services,GET /citizens/export/replica-6,self_access,allowed_with_extra_audit_metadata,1,5,0,,0.0
citizen_services::GET__citizens_export_replica-6,citizen_services,GET /citizens/export/replica-6,unauthenticated,denied_empty_body,0,0,0,,0.0
citizen_services::GET__citizens_export_replica-6,citizen_services,GET /citizens/export/replica-6,unauthenticated,denied_audit_logged,0,0,0,,0.0
citizen_services::GET__citizens_export_replica-6,citizen_services,GET /citizens/export/replica-6,unauthenticated,deprecated_endpoint_unavailable,0,0,0,,0.0
citizen_services::GET__citizens_export_replica-6,citizen_services,GET /citizens/export/replica-6,sensitive_field_probe,allowed_full_sorted,1,5,0,,0.0
citizen_services::GET__citizens_export_replica-6,citizen_services,GET /citizens/export/replica-6,sensitive_field_probe,allowed_full_shuffled,1,5,0,,0.0
citizen_services::GET__citizens_export_replica-6,citizen_services,GET /citizens/export/replica-6,sensitive_field_probe,allowed_minimal_subset,1,2,0,,0.0
citizen_services::GET__citizens_export_replica-6,citizen_services,GET /citizens/export/replica-6,sensitive_field_probe,allowed_empty_body,1,0,0,,0.0
citizen_services::GET__citizens_export_replica-6,citizen_services,GET /citizens/export/replica-6,sensitive_field_probe,allowed_with_extra_audit_metadata,1,5,0,,0.0
citizen_services::GET__citizens_export_replica-6,citizen_services,GET /citizens/export/replica-6,aggregation_boundary,allowed_full_sorted,1,5,0,,0.0
citizen_services::GET__citizens_export_replica-6,citizen_services,GET /citizens/export/replica-6,aggregation_boundary,allowed_full_shuffled,1,5,0,,0.0
citizen_services::GET__citizens_export_replica-6,citizen_services,GET /citizens/export/replica-6,aggregation_boundary,allowed_minimal_subset,1,2,0,,0.0
citizen_services::GET__citizens_export_replica-6,citizen_services,GET /citizens/export/replica-6,aggregation_boundary,allowed_empty_body,1,0,0,,0.0
citizen_services::GET__citizens_export_replica-6,citizen_services,GET /citizens/export/replica-6,aggregation_boundary,allowed_with_extra_audit_metadata,1,5,0,,0.0
citizen_services::GET__citizens_export_replica-6,citizen_services,GET /citizens/export/replica-6,deprecated_inventory,allowed_full_sorted,1,5,0,,0.0
citizen_services::GET__citizens_export_replica-6,citizen_services,GET /citizens/export/replica-6,deprecated_inventory,allowed_full_shuffled,1,5,0,,0.0
citizen_services::GET__citizens_export_replica-6,citizen_services,GET /citizens/export/replica-6,deprecated_inventory,allowed_minimal_subset,1,2,0,,0.0
citizen_services::GET__citizens_export_replica-6,citizen_services,GET /citizens/export/replica-6,deprecated_inventory,allowed_empty_body,1,0,0,,0.0
citizen_services::GET__citizens_export_replica-6,citizen_services,GET /citizens/export/replica-6,deprecated_inventory,allowed_with_extra_audit_metadata,1,5,0,,0.0
education::GET__students_id_record_replica-6,education,GET /students/{id}/record/replica-6,valid,allowed_full_sorted,1,4,0,,0.0
education::GET__students_id_record_replica-6,education,GET /students/{id}/record/replica-6,valid,allowed_full_shuffled,1,4,0,,0.0
education::GET__students_id_record_replica-6,education,GET /students/{id}/record/replica-6,valid,allowed_minimal_subset,1,2,0,,0.0
education::GET__students_id_record_replica-6,education,GET /students/{id}/record/replica-6,valid,allowed_empty_body,1,0,0,,0.0
education::GET__students_id_record_replica-6,education,GET /students/{id}/record/replica-6,valid,allowed_with_extra_audit_metadata,1,4,0,,0.0
education::GET__students_id_record_replica-6,education,GET /students/{id}/record/replica-6,wrong_role,denied_empty_body,0,0,0,,0.0
education::GET__students_id_record_replica-6,education,GET /students/{id}/record/replica-6,wrong_role,denied_audit_logged,0,0,0,,0.0
education::GET__students_id_record_replica-6,education,GET /students/{id}/record/replica-6,wrong_role,deprecated_endpoint_unavailable,0,0,0,,0.0
education::GET__students_id_record_replica-6,education,GET /students/{id}/record/replica-6,wrong_jurisdiction,denied_empty_body,0,0,0,,0.0
education::GET__students_id_record_replica-6,education,GET /students/{id}/record/replica-6,wrong_jurisdiction,denied_audit_logged,0,0,0,,0.0
education::GET__students_id_record_replica-6,education,GET /students/{id}/record/replica-6,wrong_jurisdiction,deprecated_endpoint_unavailable,0,0,0,,0.0
education::GET__students_id_record_replica-6,education,GET /students/{id}/record/replica-6,wrong_purpose,denied_empty_body,0,0,0,,0.0
education::GET__students_id_record_replica-6,education,GET /students/{id}/record/replica-6,wrong_purpose,denied_audit_logged,0,0,0,,0.0
education::GET__students_id_record_replica-6,education,GET /students/{id}/record/replica-6,wrong_purpose,deprecated_endpoint_unavailable,0,0,0,,0.0
education::GET__students_id_record_replica-6,education,GET /students/{id}/record/replica-6,self_access,allowed_full_sorted,1,4,0,,0.0
education::GET__students_id_record_replica-6,education,GET /students/{id}/record/replica-6,self_access,allowed_full_shuffled,1,4,0,,0.0
education::GET__students_id_record_replica-6,education,GET /students/{id}/record/replica-6,self_access,allowed_minimal_subset,1,2,0,,0.0
education::GET__students_id_record_replica-6,education,GET /students/{id}/record/replica-6,self_access,allowed_empty_body,1,0,0,,0.0
education::GET__students_id_record_replica-6,education,GET /students/{id}/record/replica-6,self_access,allowed_with_extra_audit_metadata,1,4,0,,0.0
education::GET__students_id_record_replica-6,education,GET /students/{id}/record/replica-6,unauthenticated,denied_empty_body,0,0,0,,0.0
education::GET__students_id_record_replica-6,education,GET /students/{id}/record/replica-6,unauthenticated,denied_audit_logged,0,0,0,,0.0
education::GET__students_id_record_replica-6,education,GET /students/{id}/record/replica-6,unauthenticated,deprecated_endpoint_unavailable,0,0,0,,0.0
education::GET__students_id_record_replica-6,education,GET /students/{id}/record/replica-6,sensitive_field_probe,allowed_full_sorted,1,4,0,,0.0
education::GET__students_id_record_replica-6,education,GET /students/{id}/record/replica-6,sensitive_field_probe,allowed_full_shuffled,1,4,0,,0.0
education::GET__students_id_record_replica-6,education,GET /students/{id}/record/replica-6,sensitive_field_probe,allowed_minimal_subset,1,2,0,,0.0
education::GET__students_id_record_replica-6,education,GET /students/{id}/record/replica-6,sensitive_field_probe,allowed_empty_body,1,0,0,,0.0
education::GET__students_id_record_replica-6,education,GET /students/{id}/record/replica-6,sensitive_field_probe,allowed_with_extra_audit_metadata,1,4,0,,0.0
education::GET__students_id_record_replica-6,education,GET /students/{id}/record/replica-6,aggregation_boundary,allowed_full_sorted,1,4,0,,0.0
education::GET__students_id_record_replica-6,education,GET /students/{id}/record/replica-6,aggregation_boundary,allowed_full_shuffled,1,4,0,,0.0
education::GET__students_id_record_replica-6,education,GET /students/{id}/record/replica-6,aggregation_boundary,allowed_minimal_subset,1,2,0,,0.0
education::GET__students_id_record_replica-6,education,GET /students/{id}/record/replica-6,aggregation_boundary,allowed_empty_body,1,0,0,,0.0
education::GET__students_id_record_replica-6,education,GET /students/{id}/record/replica-6,aggregation_boundary,allowed_with_extra_audit_metadata,1,4,0,,0.0
education::GET__students_id_record_replica-6,education,GET /students/{id}/record/replica-6,deprecated_inventory,allowed_full_sorted,1,4,0,,0.0
education::GET__students_id_record_replica-6,education,GET /students/{id}/record/replica-6,deprecated_inventory,allowed_full_shuffled,1,4,0,,0.0
education::GET__students_id_record_replica-6,education,GET /students/{id}/record/replica-6,deprecated_inventory,allowed_minimal_subset,1,2,0,,0.0
education::GET__students_id_record_replica-6,education,GET /students/{id}/record/replica-6,deprecated_inventory,allowed_empty_body,1,0,0,,0.0
education::GET__students_id_record_replica-6,education,GET /students/{id}/record/replica-6,deprecated_inventory,allowed_with_extra_audit_metadata,1,4,0,,0.0
education::GET__classes_id_roster_replica-6,education,GET /classes/{id}/roster/replica-6,valid,allowed_full_sorted,1,4,0,,0.0
education::GET__classes_id_roster_replica-6,education,GET /classes/{id}/roster/replica-6,valid,allowed_full_shuffled,1,4,0,,0.0
education::GET__classes_id_roster_replica-6,education,GET /classes/{id}/roster/replica-6,valid,allowed_minimal_subset,1,2,0,,0.0
education::GET__classes_id_roster_replica-6,education,GET /classes/{id}/roster/replica-6,valid,allowed_empty_body,1,0,0,,0.0
education::GET__classes_id_roster_replica-6,education,GET /classes/{id}/roster/replica-6,valid,allowed_with_extra_audit_metadata,1,4,0,,0.0
education::GET__classes_id_roster_replica-6,education,GET /classes/{id}/roster/replica-6,wrong_role,denied_empty_body,0,0,0,,0.0
education::GET__classes_id_roster_replica-6,education,GET /classes/{id}/roster/replica-6,wrong_role,denied_audit_logged,0,0,0,,0.0
education::GET__classes_id_roster_replica-6,education,GET /classes/{id}/roster/replica-6,wrong_role,deprecated_endpoint_unavailable,0,0,0,,0.0
education::GET__classes_id_roster_replica-6,education,GET /classes/{id}/roster/replica-6,wrong_jurisdiction,denied_empty_body,0,0,0,,0.0
education::GET__classes_id_roster_replica-6,education,GET /classes/{id}/roster/replica-6,wrong_jurisdiction,denied_audit_logged,0,0,0,,0.0
education::GET__classes_id_roster_replica-6,education,GET /classes/{id}/roster/replica-6,wrong_jurisdiction,deprecated_endpoint_unavailable,0,0,0,,0.0
education::GET__classes_id_roster_replica-6,education,GET /classes/{id}/roster/replica-6,wrong_purpose,denied_empty_body,0,0,0,,0.0
education::GET__classes_id_roster_replica-6,education,GET /classes/{id}/roster/replica-6,wrong_purpose,denied_audit_logged,0,0,0,,0.0
education::GET__classes_id_roster_replica-6,education,GET /classes/{id}/roster/replica-6,wrong_purpose,deprecated_endpoint_unavailable,0,0,0,,0.0
education::GET__classes_id_roster_replica-6,education,GET /classes/{id}/roster/replica-6,self_access,allowed_full_sorted,1,4,0,,0.0
education::GET__classes_id_roster_replica-6,education,GET /classes/{id}/roster/replica-6,self_access,allowed_full_shuffled,1,4,0,,0.0
education::GET__classes_id_roster_replica-6,education,GET /classes/{id}/roster/replica-6,self_access,allowed_minimal_subset,1,2,0,,0.0
education::GET__classes_id_roster_replica-6,education,GET /classes/{id}/roster/replica-6,self_access,allowed_empty_body,1,0,0,,0.0
education::GET__classes_id_roster_replica-6,education,GET /classes/{id}/roster/replica-6,self_access,allowed_with_extra_audit_metadata,1,4,0,,0.0
education::GET__classes_id_roster_replica-6,education,GET /classes/{id}/roster/replica-6,unauthenticated,denied_empty_body,0,0,0,,0.0
education::GET__classes_id_roster_replica-6,education,GET /classes/{id}/roster/replica-6,unauthenticated,denied_audit_logged,0,0,0,,0.0
education::GET__classes_id_roster_replica-6,education,GET /classes/{id}/roster/replica-6,unauthenticated,deprecated_endpoint_unavailable,0,0,0,,0.0
education::GET__classes_id_roster_replica-6,education,GET /classes/{id}/roster/replica-6,sensitive_field_probe,allowed_full_sorted,1,4,0,,0.0
education::GET__classes_id_roster_replica-6,education,GET /classes/{id}/roster/replica-6,sensitive_field_probe,allowed_full_shuffled,1,4,0,,0.0
education::GET__classes_id_roster_replica-6,education,GET /classes/{id}/roster/replica-6,sensitive_field_probe,allowed_minimal_subset,1,2,0,,0.0
education::GET__classes_id_roster_replica-6,education,GET /classes/{id}/roster/replica-6,sensitive_field_probe,allowed_empty_body,1,0,0,,0.0
education::GET__classes_id_roster_replica-6,education,GET /classes/{id}/roster/replica-6,sensitive_field_probe,allowed_with_extra_audit_metadata,1,4,0,,0.0
education::GET__classes_id_roster_replica-6,education,GET /classes/{id}/roster/replica-6,aggregation_boundary,allowed_full_sorted,1,4,0,,0.0
education::GET__classes_id_roster_replica-6,education,GET /classes/{id}/roster/replica-6,aggregation_boundary,allowed_full_shuffled,1,4,0,,0.0
education::GET__classes_id_roster_replica-6,education,GET /classes/{id}/roster/replica-6,aggregation_boundary,allowed_minimal_subset,1,2,0,,0.0
education::GET__classes_id_roster_replica-6,education,GET /classes/{id}/roster/replica-6,aggregation_boundary,allowed_empty_body,1,0,0,,0.0
education::GET__classes_id_roster_replica-6,education,GET /classes/{id}/roster/replica-6,aggregation_boundary,allowed_with_extra_audit_metadata,1,4,0,,0.0
education::GET__classes_id_roster_replica-6,education,GET /classes/{id}/roster/replica-6,deprecated_inventory,allowed_full_sorted,1,4,0,,0.0
education::GET__classes_id_roster_replica-6,education,GET /classes/{id}/roster/replica-6,deprecated_inventory,allowed_full_shuffled,1,4,0,,0.0
education::GET__classes_id_roster_replica-6,education,GET /classes/{id}/roster/replica-6,deprecated_inventory,allowed_minimal_subset,1,2,0,,0.0
education::GET__classes_id_roster_replica-6,education,GET /classes/{id}/roster/replica-6,deprecated_inventory,allowed_empty_body,1,0,0,,0.0
education::GET__classes_id_roster_replica-6,education,GET /classes/{id}/roster/replica-6,deprecated_inventory,allowed_with_extra_audit_metadata,1,4,0,,0.0
education::GET__discipline_id_replica-6,education,GET /discipline/{id}/replica-6,valid,allowed_full_sorted,1,4,0,,0.0
education::GET__discipline_id_replica-6,education,GET /discipline/{id}/replica-6,valid,allowed_full_shuffled,1,4,0,,0.0
education::GET__discipline_id_replica-6,education,GET /discipline/{id}/replica-6,valid,allowed_minimal_subset,1,2,0,,0.0
education::GET__discipline_id_replica-6,education,GET /discipline/{id}/replica-6,valid,allowed_empty_body,1,0,0,,0.0
education::GET__discipline_id_replica-6,education,GET /discipline/{id}/replica-6,valid,allowed_with_extra_audit_metadata,1,4,0,,0.0
education::GET__discipline_id_replica-6,education,GET /discipline/{id}/replica-6,wrong_role,denied_empty_body,0,0,0,,0.0
education::GET__discipline_id_replica-6,education,GET /discipline/{id}/replica-6,wrong_role,denied_audit_logged,0,0,0,,0.0
education::GET__discipline_id_replica-6,education,GET /discipline/{id}/replica-6,wrong_role,deprecated_endpoint_unavailable,0,0,0,,0.0
education::GET__discipline_id_replica-6,education,GET /discipline/{id}/replica-6,wrong_jurisdiction,denied_empty_body,0,0,0,,0.0
education::GET__discipline_id_replica-6,education,GET /discipline/{id}/replica-6,wrong_jurisdiction,denied_audit_logged,0,0,0,,0.0
education::GET__discipline_id_replica-6,education,GET /discipline/{id}/replica-6,wrong_jurisdiction,deprecated_endpoint_unavailable,0,0,0,,0.0
education::GET__discipline_id_replica-6,education,GET /discipline/{id}/replica-6,wrong_purpose,denied_empty_body,0,0,0,,0.0
education::GET__discipline_id_replica-6,education,GET /discipline/{id}/replica-6,wrong_purpose,denied_audit_logged,0,0,0,,0.0
education::GET__discipline_id_replica-6,education,GET /discipline/{id}/replica-6,wrong_purpose,deprecated_endpoint_unavailable,0,0,0,,0.0
education::GET__discipline_id_replica-6,education,GET /discipline/{id}/replica-6,self_access,allowed_full_sorted,1,5,0,,0.0
education::GET__discipline_id_replica-6,education,GET /discipline/{id}/replica-6,self_access,allowed_full_shuffled,1,5,0,,0.0
education::GET__discipline_id_replica-6,education,GET /discipline/{id}/replica-6,self_access,allowed_minimal_subset,1,2,0,,0.0
education::GET__discipline_id_replica-6,education,GET /discipline/{id}/replica-6,self_access,allowed_empty_body,1,0,0,,0.0
education::GET__discipline_id_replica-6,education,GET /discipline/{id}/replica-6,self_access,allowed_with_extra_audit_metadata,1,5,0,,0.0
education::GET__discipline_id_replica-6,education,GET /discipline/{id}/replica-6,unauthenticated,denied_empty_body,0,0,0,,0.0
education::GET__discipline_id_replica-6,education,GET /discipline/{id}/replica-6,unauthenticated,denied_audit_logged,0,0,0,,0.0
education::GET__discipline_id_replica-6,education,GET /discipline/{id}/replica-6,unauthenticated,deprecated_endpoint_unavailable,0,0,0,,0.0
education::GET__discipline_id_replica-6,education,GET /discipline/{id}/replica-6,sensitive_field_probe,allowed_full_sorted,1,4,0,,0.0
education::GET__discipline_id_replica-6,education,GET /discipline/{id}/replica-6,sensitive_field_probe,allowed_full_shuffled,1,4,0,,0.0
education::GET__discipline_id_replica-6,education,GET /discipline/{id}/replica-6,sensitive_field_probe,allowed_minimal_subset,1,2,0,,0.0
education::GET__discipline_id_replica-6,education,GET /discipline/{id}/replica-6,sensitive_field_probe,allowed_empty_body,1,0,0,,0.0
education::GET__discipline_id_replica-6,education,GET /discipline/{id}/replica-6,sensitive_field_probe,allowed_with_extra_audit_metadata,1,4,0,,0.0
education::GET__discipline_id_replica-6,education,GET /discipline/{id}/replica-6,aggregation_boundary,allowed_full_sorted,1,4,0,,0.0
education::GET__discipline_id_replica-6,education,GET /discipline/{id}/replica-6,aggregation_boundary,allowed_full_shuffled,1,4,0,,0.0
education::GET__discipline_id_replica-6,education,GET /discipline/{id}/replica-6,aggregation_boundary,allowed_minimal_subset,1,2,0,,0.0
education::GET__discipline_id_replica-6,education,GET /discipline/{id}/replica-6,aggregation_boundary,allowed_empty_body,1,0,0,,0.0
education::GET__discipline_id_replica-6,education,GET /discipline/{id}/replica-6,aggregation_boundary,allowed_with_extra_audit_metadata,1,4,0,,0.0
education::GET__discipline_id_replica-6,education,GET /discipline/{id}/replica-6,deprecated_inventory,allowed_full_sorted,1,4,0,,0.0
education::GET__discipline_id_replica-6,education,GET /discipline/{id}/replica-6,deprecated_inventory,allowed_full_shuffled,1,4,0,,0.0
education::GET__discipline_id_replica-6,education,GET /discipline/{id}/replica-6,deprecated_inventory,allowed_minimal_subset,1,2,0,,0.0
education::GET__discipline_id_replica-6,education,GET /discipline/{id}/replica-6,deprecated_inventory,allowed_empty_body,1,0,0,,0.0
education::GET__discipline_id_replica-6,education,GET /discipline/{id}/replica-6,deprecated_inventory,allowed_with_extra_audit_metadata,1,4,0,,0.0
business_licensing::GET__licenses_id_replica-6,business_licensing,GET /licenses/{id}/replica-6,valid,allowed_full_sorted,1,7,0,,0.0
business_licensing::GET__licenses_id_replica-6,business_licensing,GET /licenses/{id}/replica-6,valid,allowed_full_shuffled,1,7,0,,0.0
business_licensing::GET__licenses_id_replica-6,business_licensing,GET /licenses/{id}/replica-6,valid,allowed_minimal_subset,1,3,0,,0.0
business_licensing::GET__licenses_id_replica-6,business_licensing,GET /licenses/{id}/replica-6,valid,allowed_empty_body,1,0,0,,0.0
business_licensing::GET__licenses_id_replica-6,business_licensing,GET /licenses/{id}/replica-6,valid,allowed_with_extra_audit_metadata,1,7,0,,0.0
business_licensing::GET__licenses_id_replica-6,business_licensing,GET /licenses/{id}/replica-6,wrong_role,denied_empty_body,0,0,0,,0.0
business_licensing::GET__licenses_id_replica-6,business_licensing,GET /licenses/{id}/replica-6,wrong_role,denied_audit_logged,0,0,0,,0.0
business_licensing::GET__licenses_id_replica-6,business_licensing,GET /licenses/{id}/replica-6,wrong_role,deprecated_endpoint_unavailable,0,0,0,,0.0
business_licensing::GET__licenses_id_replica-6,business_licensing,GET /licenses/{id}/replica-6,wrong_jurisdiction,denied_empty_body,0,0,0,,0.0
business_licensing::GET__licenses_id_replica-6,business_licensing,GET /licenses/{id}/replica-6,wrong_jurisdiction,denied_audit_logged,0,0,0,,0.0
business_licensing::GET__licenses_id_replica-6,business_licensing,GET /licenses/{id}/replica-6,wrong_jurisdiction,deprecated_endpoint_unavailable,0,0,0,,0.0
business_licensing::GET__licenses_id_replica-6,business_licensing,GET /licenses/{id}/replica-6,wrong_purpose,denied_empty_body,0,0,0,,0.0
business_licensing::GET__licenses_id_replica-6,business_licensing,GET /licenses/{id}/replica-6,wrong_purpose,denied_audit_logged,0,0,0,,0.0
business_licensing::GET__licenses_id_replica-6,business_licensing,GET /licenses/{id}/replica-6,wrong_purpose,deprecated_endpoint_unavailable,0,0,0,,0.0
business_licensing::GET__licenses_id_replica-6,business_licensing,GET /licenses/{id}/replica-6,self_access,allowed_full_sorted,1,6,0,,0.0
business_licensing::GET__licenses_id_replica-6,business_licensing,GET /licenses/{id}/replica-6,self_access,allowed_full_shuffled,1,6,0,,0.0
business_licensing::GET__licenses_id_replica-6,business_licensing,GET /licenses/{id}/replica-6,self_access,allowed_minimal_subset,1,3,0,,0.0
business_licensing::GET__licenses_id_replica-6,business_licensing,GET /licenses/{id}/replica-6,self_access,allowed_empty_body,1,0,0,,0.0
business_licensing::GET__licenses_id_replica-6,business_licensing,GET /licenses/{id}/replica-6,self_access,allowed_with_extra_audit_metadata,1,6,0,,0.0
business_licensing::GET__licenses_id_replica-6,business_licensing,GET /licenses/{id}/replica-6,unauthenticated,denied_empty_body,0,0,0,,0.0
business_licensing::GET__licenses_id_replica-6,business_licensing,GET /licenses/{id}/replica-6,unauthenticated,denied_audit_logged,0,0,0,,0.0
business_licensing::GET__licenses_id_replica-6,business_licensing,GET /licenses/{id}/replica-6,unauthenticated,deprecated_endpoint_unavailable,0,0,0,,0.0
business_licensing::GET__licenses_id_replica-6,business_licensing,GET /licenses/{id}/replica-6,sensitive_field_probe,allowed_full_sorted,1,7,0,,0.0
business_licensing::GET__licenses_id_replica-6,business_licensing,GET /licenses/{id}/replica-6,sensitive_field_probe,allowed_full_shuffled,1,7,0,,0.0
business_licensing::GET__licenses_id_replica-6,business_licensing,GET /licenses/{id}/replica-6,sensitive_field_probe,allowed_minimal_subset,1,3,0,,0.0
business_licensing::GET__licenses_id_replica-6,business_licensing,GET /licenses/{id}/replica-6,sensitive_field_probe,allowed_empty_body,1,0,0,,0.0
business_licensing::GET__licenses_id_replica-6,business_licensing,GET /licenses/{id}/replica-6,sensitive_field_probe,allowed_with_extra_audit_metadata,1,7,0,,0.0
business_licensing::GET__licenses_id_replica-6,business_licensing,GET /licenses/{id}/replica-6,aggregation_boundary,allowed_full_sorted,1,7,0,,0.0
business_licensing::GET__licenses_id_replica-6,business_licensing,GET /licenses/{id}/replica-6,aggregation_boundary,allowed_full_shuffled,1,7,0,,0.0
business_licensing::GET__licenses_id_replica-6,business_licensing,GET /licenses/{id}/replica-6,aggregation_boundary,allowed_minimal_subset,1,3,0,,0.0
business_licensing::GET__licenses_id_replica-6,business_licensing,GET /licenses/{id}/replica-6,aggregation_boundary,allowed_empty_body,1,0,0,,0.0
business_licensing::GET__licenses_id_replica-6,business_licensing,GET /licenses/{id}/replica-6,aggregation_boundary,allowed_with_extra_audit_metadata,1,7,0,,0.0
business_licensing::GET__licenses_id_replica-6,business_licensing,GET /licenses/{id}/replica-6,deprecated_inventory,allowed_full_sorted,1,7,0,,0.0
business_licensing::GET__licenses_id_replica-6,business_licensing,GET /licenses/{id}/replica-6,deprecated_inventory,allowed_full_shuffled,1,7,0,,0.0
business_licensing::GET__licenses_id_replica-6,business_licensing,GET /licenses/{id}/replica-6,deprecated_inventory,allowed_minimal_subset,1,3,0,,0.0
business_licensing::GET__licenses_id_replica-6,business_licensing,GET /licenses/{id}/replica-6,deprecated_inventory,allowed_empty_body,1,0,0,,0.0
business_licensing::GET__licenses_id_replica-6,business_licensing,GET /licenses/{id}/replica-6,deprecated_inventory,allowed_with_extra_audit_metadata,1,7,0,,0.0
business_licensing::GET__inspections_id_replica-6,business_licensing,GET /inspections/{id}/replica-6,valid,allowed_full_sorted,1,6,0,,0.0
business_licensing::GET__inspections_id_replica-6,business_licensing,GET /inspections/{id}/replica-6,valid,allowed_full_shuffled,1,6,0,,0.0
business_licensing::GET__inspections_id_replica-6,business_licensing,GET /inspections/{id}/replica-6,valid,allowed_minimal_subset,1,3,0,,0.0
business_licensing::GET__inspections_id_replica-6,business_licensing,GET /inspections/{id}/replica-6,valid,allowed_empty_body,1,0,0,,0.0
business_licensing::GET__inspections_id_replica-6,business_licensing,GET /inspections/{id}/replica-6,valid,allowed_with_extra_audit_metadata,1,6,0,,0.0
business_licensing::GET__inspections_id_replica-6,business_licensing,GET /inspections/{id}/replica-6,wrong_role,denied_empty_body,0,0,0,,0.0
business_licensing::GET__inspections_id_replica-6,business_licensing,GET /inspections/{id}/replica-6,wrong_role,denied_audit_logged,0,0,0,,0.0
business_licensing::GET__inspections_id_replica-6,business_licensing,GET /inspections/{id}/replica-6,wrong_role,deprecated_endpoint_unavailable,0,0,0,,0.0
business_licensing::GET__inspections_id_replica-6,business_licensing,GET /inspections/{id}/replica-6,wrong_jurisdiction,denied_empty_body,0,0,0,,0.0
business_licensing::GET__inspections_id_replica-6,business_licensing,GET /inspections/{id}/replica-6,wrong_jurisdiction,denied_audit_logged,0,0,0,,0.0
business_licensing::GET__inspections_id_replica-6,business_licensing,GET /inspections/{id}/replica-6,wrong_jurisdiction,deprecated_endpoint_unavailable,0,0,0,,0.0
business_licensing::GET__inspections_id_replica-6,business_licensing,GET /inspections/{id}/replica-6,wrong_purpose,denied_empty_body,0,0,0,,0.0
business_licensing::GET__inspections_id_replica-6,business_licensing,GET /inspections/{id}/replica-6,wrong_purpose,denied_audit_logged,0,0,0,,0.0
business_licensing::GET__inspections_id_replica-6,business_licensing,GET /inspections/{id}/replica-6,wrong_purpose,deprecated_endpoint_unavailable,0,0,0,,0.0
business_licensing::GET__inspections_id_replica-6,business_licensing,GET /inspections/{id}/replica-6,self_access,allowed_full_sorted,1,5,0,,0.0
business_licensing::GET__inspections_id_replica-6,business_licensing,GET /inspections/{id}/replica-6,self_access,allowed_full_shuffled,1,5,0,,0.0
business_licensing::GET__inspections_id_replica-6,business_licensing,GET /inspections/{id}/replica-6,self_access,allowed_minimal_subset,1,2,0,,0.0
business_licensing::GET__inspections_id_replica-6,business_licensing,GET /inspections/{id}/replica-6,self_access,allowed_empty_body,1,0,0,,0.0
business_licensing::GET__inspections_id_replica-6,business_licensing,GET /inspections/{id}/replica-6,self_access,allowed_with_extra_audit_metadata,1,5,0,,0.0
business_licensing::GET__inspections_id_replica-6,business_licensing,GET /inspections/{id}/replica-6,unauthenticated,denied_empty_body,0,0,0,,0.0
business_licensing::GET__inspections_id_replica-6,business_licensing,GET /inspections/{id}/replica-6,unauthenticated,denied_audit_logged,0,0,0,,0.0
business_licensing::GET__inspections_id_replica-6,business_licensing,GET /inspections/{id}/replica-6,unauthenticated,deprecated_endpoint_unavailable,0,0,0,,0.0
business_licensing::GET__inspections_id_replica-6,business_licensing,GET /inspections/{id}/replica-6,sensitive_field_probe,allowed_full_sorted,1,6,0,,0.0
business_licensing::GET__inspections_id_replica-6,business_licensing,GET /inspections/{id}/replica-6,sensitive_field_probe,allowed_full_shuffled,1,6,0,,0.0
business_licensing::GET__inspections_id_replica-6,business_licensing,GET /inspections/{id}/replica-6,sensitive_field_probe,allowed_minimal_subset,1,3,0,,0.0
business_licensing::GET__inspections_id_replica-6,business_licensing,GET /inspections/{id}/replica-6,sensitive_field_probe,allowed_empty_body,1,0,0,,0.0
business_licensing::GET__inspections_id_replica-6,business_licensing,GET /inspections/{id}/replica-6,sensitive_field_probe,allowed_with_extra_audit_metadata,1,6,0,,0.0
business_licensing::GET__inspections_id_replica-6,business_licensing,GET /inspections/{id}/replica-6,aggregation_boundary,allowed_full_sorted,1,6,0,,0.0
business_licensing::GET__inspections_id_replica-6,business_licensing,GET /inspections/{id}/replica-6,aggregation_boundary,allowed_full_shuffled,1,6,0,,0.0
business_licensing::GET__inspections_id_replica-6,business_licensing,GET /inspections/{id}/replica-6,aggregation_boundary,allowed_minimal_subset,1,3,0,,0.0
business_licensing::GET__inspections_id_replica-6,business_licensing,GET /inspections/{id}/replica-6,aggregation_boundary,allowed_empty_body,1,0,0,,0.0
business_licensing::GET__inspections_id_replica-6,business_licensing,GET /inspections/{id}/replica-6,aggregation_boundary,allowed_with_extra_audit_metadata,1,6,0,,0.0
business_licensing::GET__inspections_id_replica-6,business_licensing,GET /inspections/{id}/replica-6,deprecated_inventory,allowed_full_sorted,1,6,0,,0.0
business_licensing::GET__inspections_id_replica-6,business_licensing,GET /inspections/{id}/replica-6,deprecated_inventory,allowed_full_shuffled,1,6,0,,0.0
business_licensing::GET__inspections_id_replica-6,business_licensing,GET /inspections/{id}/replica-6,deprecated_inventory,allowed_minimal_subset,1,3,0,,0.0
business_licensing::GET__inspections_id_replica-6,business_licensing,GET /inspections/{id}/replica-6,deprecated_inventory,allowed_empty_body,1,0,0,,0.0
business_licensing::GET__inspections_id_replica-6,business_licensing,GET /inspections/{id}/replica-6,deprecated_inventory,allowed_with_extra_audit_metadata,1,6,0,,0.0
business_licensing::GET__licenses_export_replica-6,business_licensing,GET /licenses/export/replica-6,valid,allowed_full_sorted,1,7,0,,0.0
business_licensing::GET__licenses_export_replica-6,business_licensing,GET /licenses/export/replica-6,valid,allowed_full_shuffled,1,7,0,,0.0
business_licensing::GET__licenses_export_replica-6,business_licensing,GET /licenses/export/replica-6,valid,allowed_minimal_subset,1,3,0,,0.0
business_licensing::GET__licenses_export_replica-6,business_licensing,GET /licenses/export/replica-6,valid,allowed_empty_body,1,0,0,,0.0
business_licensing::GET__licenses_export_replica-6,business_licensing,GET /licenses/export/replica-6,valid,allowed_with_extra_audit_metadata,1,7,0,,0.0
business_licensing::GET__licenses_export_replica-6,business_licensing,GET /licenses/export/replica-6,wrong_role,denied_empty_body,0,0,0,,0.0
business_licensing::GET__licenses_export_replica-6,business_licensing,GET /licenses/export/replica-6,wrong_role,denied_audit_logged,0,0,0,,0.0
business_licensing::GET__licenses_export_replica-6,business_licensing,GET /licenses/export/replica-6,wrong_role,deprecated_endpoint_unavailable,0,0,0,,0.0
business_licensing::GET__licenses_export_replica-6,business_licensing,GET /licenses/export/replica-6,wrong_jurisdiction,denied_empty_body,0,0,0,,0.0
business_licensing::GET__licenses_export_replica-6,business_licensing,GET /licenses/export/replica-6,wrong_jurisdiction,denied_audit_logged,0,0,0,,0.0
business_licensing::GET__licenses_export_replica-6,business_licensing,GET /licenses/export/replica-6,wrong_jurisdiction,deprecated_endpoint_unavailable,0,0,0,,0.0
business_licensing::GET__licenses_export_replica-6,business_licensing,GET /licenses/export/replica-6,wrong_purpose,denied_empty_body,0,0,0,,0.0
business_licensing::GET__licenses_export_replica-6,business_licensing,GET /licenses/export/replica-6,wrong_purpose,denied_audit_logged,0,0,0,,0.0
business_licensing::GET__licenses_export_replica-6,business_licensing,GET /licenses/export/replica-6,wrong_purpose,deprecated_endpoint_unavailable,0,0,0,,0.0
business_licensing::GET__licenses_export_replica-6,business_licensing,GET /licenses/export/replica-6,self_access,allowed_full_sorted,1,6,0,,0.0
business_licensing::GET__licenses_export_replica-6,business_licensing,GET /licenses/export/replica-6,self_access,allowed_full_shuffled,1,6,0,,0.0
business_licensing::GET__licenses_export_replica-6,business_licensing,GET /licenses/export/replica-6,self_access,allowed_minimal_subset,1,3,0,,0.0
business_licensing::GET__licenses_export_replica-6,business_licensing,GET /licenses/export/replica-6,self_access,allowed_empty_body,1,0,0,,0.0
business_licensing::GET__licenses_export_replica-6,business_licensing,GET /licenses/export/replica-6,self_access,allowed_with_extra_audit_metadata,1,6,0,,0.0
business_licensing::GET__licenses_export_replica-6,business_licensing,GET /licenses/export/replica-6,unauthenticated,denied_empty_body,0,0,0,,0.0
business_licensing::GET__licenses_export_replica-6,business_licensing,GET /licenses/export/replica-6,unauthenticated,denied_audit_logged,0,0,0,,0.0
business_licensing::GET__licenses_export_replica-6,business_licensing,GET /licenses/export/replica-6,unauthenticated,deprecated_endpoint_unavailable,0,0,0,,0.0
business_licensing::GET__licenses_export_replica-6,business_licensing,GET /licenses/export/replica-6,sensitive_field_probe,allowed_full_sorted,1,7,0,,0.0
business_licensing::GET__licenses_export_replica-6,business_licensing,GET /licenses/export/replica-6,sensitive_field_probe,allowed_full_shuffled,1,7,0,,0.0
business_licensing::GET__licenses_export_replica-6,business_licensing,GET /licenses/export/replica-6,sensitive_field_probe,allowed_minimal_subset,1,3,0,,0.0
business_licensing::GET__licenses_export_replica-6,business_licensing,GET /licenses/export/replica-6,sensitive_field_probe,allowed_empty_body,1,0,0,,0.0
business_licensing::GET__licenses_export_replica-6,business_licensing,GET /licenses/export/replica-6,sensitive_field_probe,allowed_with_extra_audit_metadata,1,7,0,,0.0
business_licensing::GET__licenses_export_replica-6,business_licensing,GET /licenses/export/replica-6,aggregation_boundary,allowed_full_sorted,1,7,0,,0.0
business_licensing::GET__licenses_export_replica-6,business_licensing,GET /licenses/export/replica-6,aggregation_boundary,allowed_full_shuffled,1,7,0,,0.0
business_licensing::GET__licenses_export_replica-6,business_licensing,GET /licenses/export/replica-6,aggregation_boundary,allowed_minimal_subset,1,3,0,,0.0
business_licensing::GET__licenses_export_replica-6,business_licensing,GET /licenses/export/replica-6,aggregation_boundary,allowed_empty_body,1,0,0,,0.0
business_licensing::GET__licenses_export_replica-6,business_licensing,GET /licenses/export/replica-6,aggregation_boundary,allowed_with_extra_audit_metadata,1,7,0,,0.0
business_licensing::GET__licenses_export_replica-6,business_licensing,GET /licenses/export/replica-6,deprecated_inventory,allowed_full_sorted,1,7,0,,0.0
business_licensing::GET__licenses_export_replica-6,business_licensing,GET /licenses/export/replica-6,deprecated_inventory,allowed_full_shuffled,1,7,0,,0.0
business_licensing::GET__licenses_export_replica-6,business_licensing,GET /licenses/export/replica-6,deprecated_inventory,allowed_minimal_subset,1,3,0,,0.0
business_licensing::GET__licenses_export_replica-6,business_licensing,GET /licenses/export/replica-6,deprecated_inventory,allowed_empty_body,1,0,0,,0.0
business_licensing::GET__licenses_export_replica-6,business_licensing,GET /licenses/export/replica-6,deprecated_inventory,allowed_with_extra_audit_metadata,1,7,0,,0.0
health::GET__patients_id_replica-7,health,GET /patients/{id}/replica-7,valid,allowed_full_sorted,1,7,0,,0.0
health::GET__patients_id_replica-7,health,GET /patients/{id}/replica-7,valid,allowed_full_shuffled,1,7,0,,0.0
health::GET__patients_id_replica-7,health,GET /patients/{id}/replica-7,valid,allowed_minimal_subset,1,3,0,,0.0
health::GET__patients_id_replica-7,health,GET /patients/{id}/replica-7,valid,allowed_empty_body,1,0,0,,0.0
health::GET__patients_id_replica-7,health,GET /patients/{id}/replica-7,valid,allowed_with_extra_audit_metadata,1,7,0,,0.0
health::GET__patients_id_replica-7,health,GET /patients/{id}/replica-7,wrong_role,denied_empty_body,0,0,0,,0.0
health::GET__patients_id_replica-7,health,GET /patients/{id}/replica-7,wrong_role,denied_audit_logged,0,0,0,,0.0
health::GET__patients_id_replica-7,health,GET /patients/{id}/replica-7,wrong_role,deprecated_endpoint_unavailable,0,0,0,,0.0
health::GET__patients_id_replica-7,health,GET /patients/{id}/replica-7,wrong_jurisdiction,denied_empty_body,0,0,0,,0.0
health::GET__patients_id_replica-7,health,GET /patients/{id}/replica-7,wrong_jurisdiction,denied_audit_logged,0,0,0,,0.0
health::GET__patients_id_replica-7,health,GET /patients/{id}/replica-7,wrong_jurisdiction,deprecated_endpoint_unavailable,0,0,0,,0.0
health::GET__patients_id_replica-7,health,GET /patients/{id}/replica-7,wrong_purpose,denied_empty_body,0,0,0,,0.0
health::GET__patients_id_replica-7,health,GET /patients/{id}/replica-7,wrong_purpose,denied_audit_logged,0,0,0,,0.0
health::GET__patients_id_replica-7,health,GET /patients/{id}/replica-7,wrong_purpose,deprecated_endpoint_unavailable,0,0,0,,0.0
health::GET__patients_id_replica-7,health,GET /patients/{id}/replica-7,self_access,allowed_full_sorted,1,8,0,,0.0
health::GET__patients_id_replica-7,health,GET /patients/{id}/replica-7,self_access,allowed_full_shuffled,1,8,0,,0.0
health::GET__patients_id_replica-7,health,GET /patients/{id}/replica-7,self_access,allowed_minimal_subset,1,4,0,,0.0
health::GET__patients_id_replica-7,health,GET /patients/{id}/replica-7,self_access,allowed_empty_body,1,0,0,,0.0
health::GET__patients_id_replica-7,health,GET /patients/{id}/replica-7,self_access,allowed_with_extra_audit_metadata,1,8,0,,0.0
health::GET__patients_id_replica-7,health,GET /patients/{id}/replica-7,unauthenticated,denied_empty_body,0,0,0,,0.0
health::GET__patients_id_replica-7,health,GET /patients/{id}/replica-7,unauthenticated,denied_audit_logged,0,0,0,,0.0
health::GET__patients_id_replica-7,health,GET /patients/{id}/replica-7,unauthenticated,deprecated_endpoint_unavailable,0,0,0,,0.0
health::GET__patients_id_replica-7,health,GET /patients/{id}/replica-7,sensitive_field_probe,allowed_full_sorted,1,7,0,,0.0
health::GET__patients_id_replica-7,health,GET /patients/{id}/replica-7,sensitive_field_probe,allowed_full_shuffled,1,7,0,,0.0
health::GET__patients_id_replica-7,health,GET /patients/{id}/replica-7,sensitive_field_probe,allowed_minimal_subset,1,3,0,,0.0
health::GET__patients_id_replica-7,health,GET /patients/{id}/replica-7,sensitive_field_probe,allowed_empty_body,1,0,0,,0.0
health::GET__patients_id_replica-7,health,GET /patients/{id}/replica-7,sensitive_field_probe,allowed_with_extra_audit_metadata,1,7,0,,0.0
health::GET__patients_id_replica-7,health,GET /patients/{id}/replica-7,aggregation_boundary,allowed_full_sorted,1,7,0,,0.0
health::GET__patients_id_replica-7,health,GET /patients/{id}/replica-7,aggregation_boundary,allowed_full_shuffled,1,7,0,,0.0
health::GET__patients_id_replica-7,health,GET /patients/{id}/replica-7,aggregation_boundary,allowed_minimal_subset,1,3,0,,0.0
health::GET__patients_id_replica-7,health,GET /patients/{id}/replica-7,aggregation_boundary,allowed_empty_body,1,0,0,,0.0
health::GET__patients_id_replica-7,health,GET /patients/{id}/replica-7,aggregation_boundary,allowed_with_extra_audit_metadata,1,7,0,,0.0
health::GET__patients_id_replica-7,health,GET /patients/{id}/replica-7,deprecated_inventory,allowed_full_sorted,1,7,0,,0.0
health::GET__patients_id_replica-7,health,GET /patients/{id}/replica-7,deprecated_inventory,allowed_full_shuffled,1,7,0,,0.0
health::GET__patients_id_replica-7,health,GET /patients/{id}/replica-7,deprecated_inventory,allowed_minimal_subset,1,3,0,,0.0
health::GET__patients_id_replica-7,health,GET /patients/{id}/replica-7,deprecated_inventory,allowed_empty_body,1,0,0,,0.0
health::GET__patients_id_replica-7,health,GET /patients/{id}/replica-7,deprecated_inventory,allowed_with_extra_audit_metadata,1,7,0,,0.0
health::GET__encounters_id_replica-7,health,GET /encounters/{id}/replica-7,valid,allowed_full_sorted,1,6,0,,0.0
health::GET__encounters_id_replica-7,health,GET /encounters/{id}/replica-7,valid,allowed_full_shuffled,1,6,0,,0.0
health::GET__encounters_id_replica-7,health,GET /encounters/{id}/replica-7,valid,allowed_minimal_subset,1,3,0,,0.0
health::GET__encounters_id_replica-7,health,GET /encounters/{id}/replica-7,valid,allowed_empty_body,1,0,0,,0.0
health::GET__encounters_id_replica-7,health,GET /encounters/{id}/replica-7,valid,allowed_with_extra_audit_metadata,1,6,0,,0.0
health::GET__encounters_id_replica-7,health,GET /encounters/{id}/replica-7,wrong_role,denied_empty_body,0,0,0,,0.0
health::GET__encounters_id_replica-7,health,GET /encounters/{id}/replica-7,wrong_role,denied_audit_logged,0,0,0,,0.0
health::GET__encounters_id_replica-7,health,GET /encounters/{id}/replica-7,wrong_role,deprecated_endpoint_unavailable,0,0,0,,0.0
health::GET__encounters_id_replica-7,health,GET /encounters/{id}/replica-7,wrong_jurisdiction,denied_empty_body,0,0,0,,0.0
health::GET__encounters_id_replica-7,health,GET /encounters/{id}/replica-7,wrong_jurisdiction,denied_audit_logged,0,0,0,,0.0
health::GET__encounters_id_replica-7,health,GET /encounters/{id}/replica-7,wrong_jurisdiction,deprecated_endpoint_unavailable,0,0,0,,0.0
health::GET__encounters_id_replica-7,health,GET /encounters/{id}/replica-7,wrong_purpose,denied_empty_body,0,0,0,,0.0
health::GET__encounters_id_replica-7,health,GET /encounters/{id}/replica-7,wrong_purpose,denied_audit_logged,0,0,0,,0.0
health::GET__encounters_id_replica-7,health,GET /encounters/{id}/replica-7,wrong_purpose,deprecated_endpoint_unavailable,0,0,0,,0.0
health::GET__encounters_id_replica-7,health,GET /encounters/{id}/replica-7,self_access,allowed_full_sorted,1,7,0,,0.0
health::GET__encounters_id_replica-7,health,GET /encounters/{id}/replica-7,self_access,allowed_full_shuffled,1,7,0,,0.0
health::GET__encounters_id_replica-7,health,GET /encounters/{id}/replica-7,self_access,allowed_minimal_subset,1,3,0,,0.0
health::GET__encounters_id_replica-7,health,GET /encounters/{id}/replica-7,self_access,allowed_empty_body,1,0,0,,0.0
health::GET__encounters_id_replica-7,health,GET /encounters/{id}/replica-7,self_access,allowed_with_extra_audit_metadata,1,7,0,,0.0
health::GET__encounters_id_replica-7,health,GET /encounters/{id}/replica-7,unauthenticated,denied_empty_body,0,0,0,,0.0
health::GET__encounters_id_replica-7,health,GET /encounters/{id}/replica-7,unauthenticated,denied_audit_logged,0,0,0,,0.0
health::GET__encounters_id_replica-7,health,GET /encounters/{id}/replica-7,unauthenticated,deprecated_endpoint_unavailable,0,0,0,,0.0
health::GET__encounters_id_replica-7,health,GET /encounters/{id}/replica-7,sensitive_field_probe,allowed_full_sorted,1,6,0,,0.0
health::GET__encounters_id_replica-7,health,GET /encounters/{id}/replica-7,sensitive_field_probe,allowed_full_shuffled,1,6,0,,0.0
health::GET__encounters_id_replica-7,health,GET /encounters/{id}/replica-7,sensitive_field_probe,allowed_minimal_subset,1,3,0,,0.0
health::GET__encounters_id_replica-7,health,GET /encounters/{id}/replica-7,sensitive_field_probe,allowed_empty_body,1,0,0,,0.0
health::GET__encounters_id_replica-7,health,GET /encounters/{id}/replica-7,sensitive_field_probe,allowed_with_extra_audit_metadata,1,6,0,,0.0
health::GET__encounters_id_replica-7,health,GET /encounters/{id}/replica-7,aggregation_boundary,allowed_full_sorted,1,6,0,,0.0
health::GET__encounters_id_replica-7,health,GET /encounters/{id}/replica-7,aggregation_boundary,allowed_full_shuffled,1,6,0,,0.0
health::GET__encounters_id_replica-7,health,GET /encounters/{id}/replica-7,aggregation_boundary,allowed_minimal_subset,1,3,0,,0.0
health::GET__encounters_id_replica-7,health,GET /encounters/{id}/replica-7,aggregation_boundary,allowed_empty_body,1,0,0,,0.0
health::GET__encounters_id_replica-7,health,GET /encounters/{id}/replica-7,aggregation_boundary,allowed_with_extra_audit_metadata,1,6,0,,0.0
health::GET__encounters_id_replica-7,health,GET /encounters/{id}/replica-7,deprecated_inventory,allowed_full_sorted,1,6,0,,0.0
health::GET__encounters_id_replica-7,health,GET /encounters/{id}/replica-7,deprecated_inventory,allowed_full_shuffled,1,6,0,,0.0
health::GET__encounters_id_replica-7,health,GET /encounters/{id}/replica-7,deprecated_inventory,allowed_minimal_subset,1,3,0,,0.0
health::GET__encounters_id_replica-7,health,GET /encounters/{id}/replica-7,deprecated_inventory,allowed_empty_body,1,0,0,,0.0
health::GET__encounters_id_replica-7,health,GET /encounters/{id}/replica-7,deprecated_inventory,allowed_with_extra_audit_metadata,1,6,0,,0.0
health::GET__patients_search_replica-7,health,GET /patients/search/replica-7,valid,allowed_full_sorted,1,7,0,,0.0
health::GET__patients_search_replica-7,health,GET /patients/search/replica-7,valid,allowed_full_shuffled,1,7,0,,0.0
health::GET__patients_search_replica-7,health,GET /patients/search/replica-7,valid,allowed_minimal_subset,1,3,0,,0.0
health::GET__patients_search_replica-7,health,GET /patients/search/replica-7,valid,allowed_empty_body,1,0,0,,0.0
health::GET__patients_search_replica-7,health,GET /patients/search/replica-7,valid,allowed_with_extra_audit_metadata,1,7,0,,0.0
health::GET__patients_search_replica-7,health,GET /patients/search/replica-7,wrong_role,denied_empty_body,0,0,0,,0.0
health::GET__patients_search_replica-7,health,GET /patients/search/replica-7,wrong_role,denied_audit_logged,0,0,0,,0.0
health::GET__patients_search_replica-7,health,GET /patients/search/replica-7,wrong_role,deprecated_endpoint_unavailable,0,0,0,,0.0
health::GET__patients_search_replica-7,health,GET /patients/search/replica-7,wrong_jurisdiction,denied_empty_body,0,0,0,,0.0
health::GET__patients_search_replica-7,health,GET /patients/search/replica-7,wrong_jurisdiction,denied_audit_logged,0,0,0,,0.0
health::GET__patients_search_replica-7,health,GET /patients/search/replica-7,wrong_jurisdiction,deprecated_endpoint_unavailable,0,0,0,,0.0
health::GET__patients_search_replica-7,health,GET /patients/search/replica-7,wrong_purpose,denied_empty_body,0,0,0,,0.0
health::GET__patients_search_replica-7,health,GET /patients/search/replica-7,wrong_purpose,denied_audit_logged,0,0,0,,0.0
health::GET__patients_search_replica-7,health,GET /patients/search/replica-7,wrong_purpose,deprecated_endpoint_unavailable,0,0,0,,0.0
health::GET__patients_search_replica-7,health,GET /patients/search/replica-7,self_access,allowed_full_sorted,1,8,0,,0.0
health::GET__patients_search_replica-7,health,GET /patients/search/replica-7,self_access,allowed_full_shuffled,1,8,0,,0.0
health::GET__patients_search_replica-7,health,GET /patients/search/replica-7,self_access,allowed_minimal_subset,1,4,0,,0.0
health::GET__patients_search_replica-7,health,GET /patients/search/replica-7,self_access,allowed_empty_body,1,0,0,,0.0
health::GET__patients_search_replica-7,health,GET /patients/search/replica-7,self_access,allowed_with_extra_audit_metadata,1,8,0,,0.0
health::GET__patients_search_replica-7,health,GET /patients/search/replica-7,unauthenticated,denied_empty_body,0,0,0,,0.0
health::GET__patients_search_replica-7,health,GET /patients/search/replica-7,unauthenticated,denied_audit_logged,0,0,0,,0.0
health::GET__patients_search_replica-7,health,GET /patients/search/replica-7,unauthenticated,deprecated_endpoint_unavailable,0,0,0,,0.0
health::GET__patients_search_replica-7,health,GET /patients/search/replica-7,sensitive_field_probe,allowed_full_sorted,1,7,0,,0.0
health::GET__patients_search_replica-7,health,GET /patients/search/replica-7,sensitive_field_probe,allowed_full_shuffled,1,7,0,,0.0
health::GET__patients_search_replica-7,health,GET /patients/search/replica-7,sensitive_field_probe,allowed_minimal_subset,1,3,0,,0.0
health::GET__patients_search_replica-7,health,GET /patients/search/replica-7,sensitive_field_probe,allowed_empty_body,1,0,0,,0.0
health::GET__patients_search_replica-7,health,GET /patients/search/replica-7,sensitive_field_probe,allowed_with_extra_audit_metadata,1,7,0,,0.0
health::GET__patients_search_replica-7,health,GET /patients/search/replica-7,aggregation_boundary,allowed_full_sorted,1,7,0,,0.0
health::GET__patients_search_replica-7,health,GET /patients/search/replica-7,aggregation_boundary,allowed_full_shuffled,1,7,0,,0.0
health::GET__patients_search_replica-7,health,GET /patients/search/replica-7,aggregation_boundary,allowed_minimal_subset,1,3,0,,0.0
health::GET__patients_search_replica-7,health,GET /patients/search/replica-7,aggregation_boundary,allowed_empty_body,1,0,0,,0.0
health::GET__patients_search_replica-7,health,GET /patients/search/replica-7,aggregation_boundary,allowed_with_extra_audit_metadata,1,7,0,,0.0
health::GET__patients_search_replica-7,health,GET /patients/search/replica-7,deprecated_inventory,allowed_full_sorted,1,7,0,,0.0
health::GET__patients_search_replica-7,health,GET /patients/search/replica-7,deprecated_inventory,allowed_full_shuffled,1,7,0,,0.0
health::GET__patients_search_replica-7,health,GET /patients/search/replica-7,deprecated_inventory,allowed_minimal_subset,1,3,0,,0.0
health::GET__patients_search_replica-7,health,GET /patients/search/replica-7,deprecated_inventory,allowed_empty_body,1,0,0,,0.0
health::GET__patients_search_replica-7,health,GET /patients/search/replica-7,deprecated_inventory,allowed_with_extra_audit_metadata,1,7,0,,0.0
citizen_services::GET__citizens_id_replica-7,citizen_services,GET /citizens/{id}/replica-7,valid,allowed_full_sorted,1,5,0,,0.0
citizen_services::GET__citizens_id_replica-7,citizen_services,GET /citizens/{id}/replica-7,valid,allowed_full_shuffled,1,5,0,,0.0
citizen_services::GET__citizens_id_replica-7,citizen_services,GET /citizens/{id}/replica-7,valid,allowed_minimal_subset,1,2,0,,0.0
citizen_services::GET__citizens_id_replica-7,citizen_services,GET /citizens/{id}/replica-7,valid,allowed_empty_body,1,0,0,,0.0
citizen_services::GET__citizens_id_replica-7,citizen_services,GET /citizens/{id}/replica-7,valid,allowed_with_extra_audit_metadata,1,5,0,,0.0
citizen_services::GET__citizens_id_replica-7,citizen_services,GET /citizens/{id}/replica-7,wrong_role,denied_empty_body,0,0,0,,0.0
citizen_services::GET__citizens_id_replica-7,citizen_services,GET /citizens/{id}/replica-7,wrong_role,denied_audit_logged,0,0,0,,0.0
citizen_services::GET__citizens_id_replica-7,citizen_services,GET /citizens/{id}/replica-7,wrong_role,deprecated_endpoint_unavailable,0,0,0,,0.0
citizen_services::GET__citizens_id_replica-7,citizen_services,GET /citizens/{id}/replica-7,wrong_jurisdiction,denied_empty_body,0,0,0,,0.0
citizen_services::GET__citizens_id_replica-7,citizen_services,GET /citizens/{id}/replica-7,wrong_jurisdiction,denied_audit_logged,0,0,0,,0.0
citizen_services::GET__citizens_id_replica-7,citizen_services,GET /citizens/{id}/replica-7,wrong_jurisdiction,deprecated_endpoint_unavailable,0,0,0,,0.0
citizen_services::GET__citizens_id_replica-7,citizen_services,GET /citizens/{id}/replica-7,wrong_purpose,denied_empty_body,0,0,0,,0.0
citizen_services::GET__citizens_id_replica-7,citizen_services,GET /citizens/{id}/replica-7,wrong_purpose,denied_audit_logged,0,0,0,,0.0
citizen_services::GET__citizens_id_replica-7,citizen_services,GET /citizens/{id}/replica-7,wrong_purpose,deprecated_endpoint_unavailable,0,0,0,,0.0
citizen_services::GET__citizens_id_replica-7,citizen_services,GET /citizens/{id}/replica-7,self_access,allowed_full_sorted,1,5,0,,0.0
citizen_services::GET__citizens_id_replica-7,citizen_services,GET /citizens/{id}/replica-7,self_access,allowed_full_shuffled,1,5,0,,0.0
citizen_services::GET__citizens_id_replica-7,citizen_services,GET /citizens/{id}/replica-7,self_access,allowed_minimal_subset,1,2,0,,0.0
citizen_services::GET__citizens_id_replica-7,citizen_services,GET /citizens/{id}/replica-7,self_access,allowed_empty_body,1,0,0,,0.0
citizen_services::GET__citizens_id_replica-7,citizen_services,GET /citizens/{id}/replica-7,self_access,allowed_with_extra_audit_metadata,1,5,0,,0.0
citizen_services::GET__citizens_id_replica-7,citizen_services,GET /citizens/{id}/replica-7,unauthenticated,denied_empty_body,0,0,0,,0.0
citizen_services::GET__citizens_id_replica-7,citizen_services,GET /citizens/{id}/replica-7,unauthenticated,denied_audit_logged,0,0,0,,0.0
citizen_services::GET__citizens_id_replica-7,citizen_services,GET /citizens/{id}/replica-7,unauthenticated,deprecated_endpoint_unavailable,0,0,0,,0.0
citizen_services::GET__citizens_id_replica-7,citizen_services,GET /citizens/{id}/replica-7,sensitive_field_probe,allowed_full_sorted,1,5,0,,0.0
citizen_services::GET__citizens_id_replica-7,citizen_services,GET /citizens/{id}/replica-7,sensitive_field_probe,allowed_full_shuffled,1,5,0,,0.0
citizen_services::GET__citizens_id_replica-7,citizen_services,GET /citizens/{id}/replica-7,sensitive_field_probe,allowed_minimal_subset,1,2,0,,0.0
citizen_services::GET__citizens_id_replica-7,citizen_services,GET /citizens/{id}/replica-7,sensitive_field_probe,allowed_empty_body,1,0,0,,0.0
citizen_services::GET__citizens_id_replica-7,citizen_services,GET /citizens/{id}/replica-7,sensitive_field_probe,allowed_with_extra_audit_metadata,1,5,0,,0.0
citizen_services::GET__citizens_id_replica-7,citizen_services,GET /citizens/{id}/replica-7,aggregation_boundary,allowed_full_sorted,1,5,0,,0.0
citizen_services::GET__citizens_id_replica-7,citizen_services,GET /citizens/{id}/replica-7,aggregation_boundary,allowed_full_shuffled,1,5,0,,0.0
citizen_services::GET__citizens_id_replica-7,citizen_services,GET /citizens/{id}/replica-7,aggregation_boundary,allowed_minimal_subset,1,2,0,,0.0
citizen_services::GET__citizens_id_replica-7,citizen_services,GET /citizens/{id}/replica-7,aggregation_boundary,allowed_empty_body,1,0,0,,0.0
citizen_services::GET__citizens_id_replica-7,citizen_services,GET /citizens/{id}/replica-7,aggregation_boundary,allowed_with_extra_audit_metadata,1,5,0,,0.0
citizen_services::GET__citizens_id_replica-7,citizen_services,GET /citizens/{id}/replica-7,deprecated_inventory,allowed_full_sorted,1,5,0,,0.0
citizen_services::GET__citizens_id_replica-7,citizen_services,GET /citizens/{id}/replica-7,deprecated_inventory,allowed_full_shuffled,1,5,0,,0.0
citizen_services::GET__citizens_id_replica-7,citizen_services,GET /citizens/{id}/replica-7,deprecated_inventory,allowed_minimal_subset,1,2,0,,0.0
citizen_services::GET__citizens_id_replica-7,citizen_services,GET /citizens/{id}/replica-7,deprecated_inventory,allowed_empty_body,1,0,0,,0.0
citizen_services::GET__citizens_id_replica-7,citizen_services,GET /citizens/{id}/replica-7,deprecated_inventory,allowed_with_extra_audit_metadata,1,5,0,,0.0
citizen_services::GET__benefits_id_replica-7,citizen_services,GET /benefits/{id}/replica-7,valid,allowed_full_sorted,1,5,0,,0.0
citizen_services::GET__benefits_id_replica-7,citizen_services,GET /benefits/{id}/replica-7,valid,allowed_full_shuffled,1,5,0,,0.0
citizen_services::GET__benefits_id_replica-7,citizen_services,GET /benefits/{id}/replica-7,valid,allowed_minimal_subset,1,2,0,,0.0
citizen_services::GET__benefits_id_replica-7,citizen_services,GET /benefits/{id}/replica-7,valid,allowed_empty_body,1,0,0,,0.0
citizen_services::GET__benefits_id_replica-7,citizen_services,GET /benefits/{id}/replica-7,valid,allowed_with_extra_audit_metadata,1,5,0,,0.0
citizen_services::GET__benefits_id_replica-7,citizen_services,GET /benefits/{id}/replica-7,wrong_role,denied_empty_body,0,0,0,,0.0
citizen_services::GET__benefits_id_replica-7,citizen_services,GET /benefits/{id}/replica-7,wrong_role,denied_audit_logged,0,0,0,,0.0
citizen_services::GET__benefits_id_replica-7,citizen_services,GET /benefits/{id}/replica-7,wrong_role,deprecated_endpoint_unavailable,0,0,0,,0.0
citizen_services::GET__benefits_id_replica-7,citizen_services,GET /benefits/{id}/replica-7,wrong_jurisdiction,denied_empty_body,0,0,0,,0.0
citizen_services::GET__benefits_id_replica-7,citizen_services,GET /benefits/{id}/replica-7,wrong_jurisdiction,denied_audit_logged,0,0,0,,0.0
citizen_services::GET__benefits_id_replica-7,citizen_services,GET /benefits/{id}/replica-7,wrong_jurisdiction,deprecated_endpoint_unavailable,0,0,0,,0.0
citizen_services::GET__benefits_id_replica-7,citizen_services,GET /benefits/{id}/replica-7,wrong_purpose,denied_empty_body,0,0,0,,0.0
citizen_services::GET__benefits_id_replica-7,citizen_services,GET /benefits/{id}/replica-7,wrong_purpose,denied_audit_logged,0,0,0,,0.0
citizen_services::GET__benefits_id_replica-7,citizen_services,GET /benefits/{id}/replica-7,wrong_purpose,deprecated_endpoint_unavailable,0,0,0,,0.0
citizen_services::GET__benefits_id_replica-7,citizen_services,GET /benefits/{id}/replica-7,self_access,allowed_full_sorted,1,6,0,,0.0
citizen_services::GET__benefits_id_replica-7,citizen_services,GET /benefits/{id}/replica-7,self_access,allowed_full_shuffled,1,6,0,,0.0
citizen_services::GET__benefits_id_replica-7,citizen_services,GET /benefits/{id}/replica-7,self_access,allowed_minimal_subset,1,3,0,,0.0
citizen_services::GET__benefits_id_replica-7,citizen_services,GET /benefits/{id}/replica-7,self_access,allowed_empty_body,1,0,0,,0.0
citizen_services::GET__benefits_id_replica-7,citizen_services,GET /benefits/{id}/replica-7,self_access,allowed_with_extra_audit_metadata,1,6,0,,0.0
citizen_services::GET__benefits_id_replica-7,citizen_services,GET /benefits/{id}/replica-7,unauthenticated,denied_empty_body,0,0,0,,0.0
citizen_services::GET__benefits_id_replica-7,citizen_services,GET /benefits/{id}/replica-7,unauthenticated,denied_audit_logged,0,0,0,,0.0
citizen_services::GET__benefits_id_replica-7,citizen_services,GET /benefits/{id}/replica-7,unauthenticated,deprecated_endpoint_unavailable,0,0,0,,0.0
citizen_services::GET__benefits_id_replica-7,citizen_services,GET /benefits/{id}/replica-7,sensitive_field_probe,allowed_full_sorted,1,5,0,,0.0
citizen_services::GET__benefits_id_replica-7,citizen_services,GET /benefits/{id}/replica-7,sensitive_field_probe,allowed_full_shuffled,1,5,0,,0.0
citizen_services::GET__benefits_id_replica-7,citizen_services,GET /benefits/{id}/replica-7,sensitive_field_probe,allowed_minimal_subset,1,2,0,,0.0
citizen_services::GET__benefits_id_replica-7,citizen_services,GET /benefits/{id}/replica-7,sensitive_field_probe,allowed_empty_body,1,0,0,,0.0
citizen_services::GET__benefits_id_replica-7,citizen_services,GET /benefits/{id}/replica-7,sensitive_field_probe,allowed_with_extra_audit_metadata,1,5,0,,0.0
citizen_services::GET__benefits_id_replica-7,citizen_services,GET /benefits/{id}/replica-7,aggregation_boundary,allowed_full_sorted,1,5,0,,0.0
citizen_services::GET__benefits_id_replica-7,citizen_services,GET /benefits/{id}/replica-7,aggregation_boundary,allowed_full_shuffled,1,5,0,,0.0
citizen_services::GET__benefits_id_replica-7,citizen_services,GET /benefits/{id}/replica-7,aggregation_boundary,allowed_minimal_subset,1,2,0,,0.0
citizen_services::GET__benefits_id_replica-7,citizen_services,GET /benefits/{id}/replica-7,aggregation_boundary,allowed_empty_body,1,0,0,,0.0
citizen_services::GET__benefits_id_replica-7,citizen_services,GET /benefits/{id}/replica-7,aggregation_boundary,allowed_with_extra_audit_metadata,1,5,0,,0.0
citizen_services::GET__benefits_id_replica-7,citizen_services,GET /benefits/{id}/replica-7,deprecated_inventory,allowed_full_sorted,1,5,0,,0.0
citizen_services::GET__benefits_id_replica-7,citizen_services,GET /benefits/{id}/replica-7,deprecated_inventory,allowed_full_shuffled,1,5,0,,0.0
citizen_services::GET__benefits_id_replica-7,citizen_services,GET /benefits/{id}/replica-7,deprecated_inventory,allowed_minimal_subset,1,2,0,,0.0
citizen_services::GET__benefits_id_replica-7,citizen_services,GET /benefits/{id}/replica-7,deprecated_inventory,allowed_empty_body,1,0,0,,0.0
citizen_services::GET__benefits_id_replica-7,citizen_services,GET /benefits/{id}/replica-7,deprecated_inventory,allowed_with_extra_audit_metadata,1,5,0,,0.0
citizen_services::GET__citizens_export_replica-7,citizen_services,GET /citizens/export/replica-7,valid,allowed_full_sorted,1,5,0,,0.0
citizen_services::GET__citizens_export_replica-7,citizen_services,GET /citizens/export/replica-7,valid,allowed_full_shuffled,1,5,0,,0.0
citizen_services::GET__citizens_export_replica-7,citizen_services,GET /citizens/export/replica-7,valid,allowed_minimal_subset,1,2,0,,0.0
citizen_services::GET__citizens_export_replica-7,citizen_services,GET /citizens/export/replica-7,valid,allowed_empty_body,1,0,0,,0.0
citizen_services::GET__citizens_export_replica-7,citizen_services,GET /citizens/export/replica-7,valid,allowed_with_extra_audit_metadata,1,5,0,,0.0
citizen_services::GET__citizens_export_replica-7,citizen_services,GET /citizens/export/replica-7,wrong_role,denied_empty_body,0,0,0,,0.0
citizen_services::GET__citizens_export_replica-7,citizen_services,GET /citizens/export/replica-7,wrong_role,denied_audit_logged,0,0,0,,0.0
citizen_services::GET__citizens_export_replica-7,citizen_services,GET /citizens/export/replica-7,wrong_role,deprecated_endpoint_unavailable,0,0,0,,0.0
citizen_services::GET__citizens_export_replica-7,citizen_services,GET /citizens/export/replica-7,wrong_jurisdiction,denied_empty_body,0,0,0,,0.0
citizen_services::GET__citizens_export_replica-7,citizen_services,GET /citizens/export/replica-7,wrong_jurisdiction,denied_audit_logged,0,0,0,,0.0
citizen_services::GET__citizens_export_replica-7,citizen_services,GET /citizens/export/replica-7,wrong_jurisdiction,deprecated_endpoint_unavailable,0,0,0,,0.0
citizen_services::GET__citizens_export_replica-7,citizen_services,GET /citizens/export/replica-7,wrong_purpose,denied_empty_body,0,0,0,,0.0
citizen_services::GET__citizens_export_replica-7,citizen_services,GET /citizens/export/replica-7,wrong_purpose,denied_audit_logged,0,0,0,,0.0
citizen_services::GET__citizens_export_replica-7,citizen_services,GET /citizens/export/replica-7,wrong_purpose,deprecated_endpoint_unavailable,0,0,0,,0.0
citizen_services::GET__citizens_export_replica-7,citizen_services,GET /citizens/export/replica-7,self_access,allowed_full_sorted,1,5,0,,0.0
citizen_services::GET__citizens_export_replica-7,citizen_services,GET /citizens/export/replica-7,self_access,allowed_full_shuffled,1,5,0,,0.0
citizen_services::GET__citizens_export_replica-7,citizen_services,GET /citizens/export/replica-7,self_access,allowed_minimal_subset,1,2,0,,0.0
citizen_services::GET__citizens_export_replica-7,citizen_services,GET /citizens/export/replica-7,self_access,allowed_empty_body,1,0,0,,0.0
citizen_services::GET__citizens_export_replica-7,citizen_services,GET /citizens/export/replica-7,self_access,allowed_with_extra_audit_metadata,1,5,0,,0.0
citizen_services::GET__citizens_export_replica-7,citizen_services,GET /citizens/export/replica-7,unauthenticated,denied_empty_body,0,0,0,,0.0
citizen_services::GET__citizens_export_replica-7,citizen_services,GET /citizens/export/replica-7,unauthenticated,denied_audit_logged,0,0,0,,0.0
citizen_services::GET__citizens_export_replica-7,citizen_services,GET /citizens/export/replica-7,unauthenticated,deprecated_endpoint_unavailable,0,0,0,,0.0
citizen_services::GET__citizens_export_replica-7,citizen_services,GET /citizens/export/replica-7,sensitive_field_probe,allowed_full_sorted,1,5,0,,0.0
citizen_services::GET__citizens_export_replica-7,citizen_services,GET /citizens/export/replica-7,sensitive_field_probe,allowed_full_shuffled,1,5,0,,0.0
citizen_services::GET__citizens_export_replica-7,citizen_services,GET /citizens/export/replica-7,sensitive_field_probe,allowed_minimal_subset,1,2,0,,0.0
citizen_services::GET__citizens_export_replica-7,citizen_services,GET /citizens/export/replica-7,sensitive_field_probe,allowed_empty_body,1,0,0,,0.0
citizen_services::GET__citizens_export_replica-7,citizen_services,GET /citizens/export/replica-7,sensitive_field_probe,allowed_with_extra_audit_metadata,1,5,0,,0.0
citizen_services::GET__citizens_export_replica-7,citizen_services,GET /citizens/export/replica-7,aggregation_boundary,allowed_full_sorted,1,5,0,,0.0
citizen_services::GET__citizens_export_replica-7,citizen_services,GET /citizens/export/replica-7,aggregation_boundary,allowed_full_shuffled,1,5,0,,0.0
citizen_services::GET__citizens_export_replica-7,citizen_services,GET /citizens/export/replica-7,aggregation_boundary,allowed_minimal_subset,1,2,0,,0.0
citizen_services::GET__citizens_export_replica-7,citizen_services,GET /citizens/export/replica-7,aggregation_boundary,allowed_empty_body,1,0,0,,0.0
citizen_services::GET__citizens_export_replica-7,citizen_services,GET /citizens/export/replica-7,aggregation_boundary,allowed_with_extra_audit_metadata,1,5,0,,0.0
citizen_services::GET__citizens_export_replica-7,citizen_services,GET /citizens/export/replica-7,deprecated_inventory,allowed_full_sorted,1,5,0,,0.0
citizen_services::GET__citizens_export_replica-7,citizen_services,GET /citizens/export/replica-7,deprecated_inventory,allowed_full_shuffled,1,5,0,,0.0
citizen_services::GET__citizens_export_replica-7,citizen_services,GET /citizens/export/replica-7,deprecated_inventory,allowed_minimal_subset,1,2,0,,0.0
citizen_services::GET__citizens_export_replica-7,citizen_services,GET /citizens/export/replica-7,deprecated_inventory,allowed_empty_body,1,0,0,,0.0
citizen_services::GET__citizens_export_replica-7,citizen_services,GET /citizens/export/replica-7,deprecated_inventory,allowed_with_extra_audit_metadata,1,5,0,,0.0
education::GET__students_id_record_replica-7,education,GET /students/{id}/record/replica-7,valid,allowed_full_sorted,1,4,0,,0.0
education::GET__students_id_record_replica-7,education,GET /students/{id}/record/replica-7,valid,allowed_full_shuffled,1,4,0,,0.0
education::GET__students_id_record_replica-7,education,GET /students/{id}/record/replica-7,valid,allowed_minimal_subset,1,2,0,,0.0
education::GET__students_id_record_replica-7,education,GET /students/{id}/record/replica-7,valid,allowed_empty_body,1,0,0,,0.0
education::GET__students_id_record_replica-7,education,GET /students/{id}/record/replica-7,valid,allowed_with_extra_audit_metadata,1,4,0,,0.0
education::GET__students_id_record_replica-7,education,GET /students/{id}/record/replica-7,wrong_role,denied_empty_body,0,0,0,,0.0
education::GET__students_id_record_replica-7,education,GET /students/{id}/record/replica-7,wrong_role,denied_audit_logged,0,0,0,,0.0
education::GET__students_id_record_replica-7,education,GET /students/{id}/record/replica-7,wrong_role,deprecated_endpoint_unavailable,0,0,0,,0.0
education::GET__students_id_record_replica-7,education,GET /students/{id}/record/replica-7,wrong_jurisdiction,denied_empty_body,0,0,0,,0.0
education::GET__students_id_record_replica-7,education,GET /students/{id}/record/replica-7,wrong_jurisdiction,denied_audit_logged,0,0,0,,0.0
education::GET__students_id_record_replica-7,education,GET /students/{id}/record/replica-7,wrong_jurisdiction,deprecated_endpoint_unavailable,0,0,0,,0.0
education::GET__students_id_record_replica-7,education,GET /students/{id}/record/replica-7,wrong_purpose,denied_empty_body,0,0,0,,0.0
education::GET__students_id_record_replica-7,education,GET /students/{id}/record/replica-7,wrong_purpose,denied_audit_logged,0,0,0,,0.0
education::GET__students_id_record_replica-7,education,GET /students/{id}/record/replica-7,wrong_purpose,deprecated_endpoint_unavailable,0,0,0,,0.0
education::GET__students_id_record_replica-7,education,GET /students/{id}/record/replica-7,self_access,allowed_full_sorted,1,4,0,,0.0
education::GET__students_id_record_replica-7,education,GET /students/{id}/record/replica-7,self_access,allowed_full_shuffled,1,4,0,,0.0
education::GET__students_id_record_replica-7,education,GET /students/{id}/record/replica-7,self_access,allowed_minimal_subset,1,2,0,,0.0
education::GET__students_id_record_replica-7,education,GET /students/{id}/record/replica-7,self_access,allowed_empty_body,1,0,0,,0.0
education::GET__students_id_record_replica-7,education,GET /students/{id}/record/replica-7,self_access,allowed_with_extra_audit_metadata,1,4,0,,0.0
education::GET__students_id_record_replica-7,education,GET /students/{id}/record/replica-7,unauthenticated,denied_empty_body,0,0,0,,0.0
education::GET__students_id_record_replica-7,education,GET /students/{id}/record/replica-7,unauthenticated,denied_audit_logged,0,0,0,,0.0
education::GET__students_id_record_replica-7,education,GET /students/{id}/record/replica-7,unauthenticated,deprecated_endpoint_unavailable,0,0,0,,0.0
education::GET__students_id_record_replica-7,education,GET /students/{id}/record/replica-7,sensitive_field_probe,allowed_full_sorted,1,4,0,,0.0
education::GET__students_id_record_replica-7,education,GET /students/{id}/record/replica-7,sensitive_field_probe,allowed_full_shuffled,1,4,0,,0.0
education::GET__students_id_record_replica-7,education,GET /students/{id}/record/replica-7,sensitive_field_probe,allowed_minimal_subset,1,2,0,,0.0
education::GET__students_id_record_replica-7,education,GET /students/{id}/record/replica-7,sensitive_field_probe,allowed_empty_body,1,0,0,,0.0
education::GET__students_id_record_replica-7,education,GET /students/{id}/record/replica-7,sensitive_field_probe,allowed_with_extra_audit_metadata,1,4,0,,0.0
education::GET__students_id_record_replica-7,education,GET /students/{id}/record/replica-7,aggregation_boundary,allowed_full_sorted,1,4,0,,0.0
education::GET__students_id_record_replica-7,education,GET /students/{id}/record/replica-7,aggregation_boundary,allowed_full_shuffled,1,4,0,,0.0
education::GET__students_id_record_replica-7,education,GET /students/{id}/record/replica-7,aggregation_boundary,allowed_minimal_subset,1,2,0,,0.0
education::GET__students_id_record_replica-7,education,GET /students/{id}/record/replica-7,aggregation_boundary,allowed_empty_body,1,0,0,,0.0
education::GET__students_id_record_replica-7,education,GET /students/{id}/record/replica-7,aggregation_boundary,allowed_with_extra_audit_metadata,1,4,0,,0.0
education::GET__students_id_record_replica-7,education,GET /students/{id}/record/replica-7,deprecated_inventory,allowed_full_sorted,1,4,0,,0.0
education::GET__students_id_record_replica-7,education,GET /students/{id}/record/replica-7,deprecated_inventory,allowed_full_shuffled,1,4,0,,0.0
education::GET__students_id_record_replica-7,education,GET /students/{id}/record/replica-7,deprecated_inventory,allowed_minimal_subset,1,2,0,,0.0
education::GET__students_id_record_replica-7,education,GET /students/{id}/record/replica-7,deprecated_inventory,allowed_empty_body,1,0,0,,0.0
education::GET__students_id_record_replica-7,education,GET /students/{id}/record/replica-7,deprecated_inventory,allowed_with_extra_audit_metadata,1,4,0,,0.0
education::GET__classes_id_roster_replica-7,education,GET /classes/{id}/roster/replica-7,valid,allowed_full_sorted,1,4,0,,0.0
education::GET__classes_id_roster_replica-7,education,GET /classes/{id}/roster/replica-7,valid,allowed_full_shuffled,1,4,0,,0.0
education::GET__classes_id_roster_replica-7,education,GET /classes/{id}/roster/replica-7,valid,allowed_minimal_subset,1,2,0,,0.0
education::GET__classes_id_roster_replica-7,education,GET /classes/{id}/roster/replica-7,valid,allowed_empty_body,1,0,0,,0.0
education::GET__classes_id_roster_replica-7,education,GET /classes/{id}/roster/replica-7,valid,allowed_with_extra_audit_metadata,1,4,0,,0.0
education::GET__classes_id_roster_replica-7,education,GET /classes/{id}/roster/replica-7,wrong_role,denied_empty_body,0,0,0,,0.0
education::GET__classes_id_roster_replica-7,education,GET /classes/{id}/roster/replica-7,wrong_role,denied_audit_logged,0,0,0,,0.0
education::GET__classes_id_roster_replica-7,education,GET /classes/{id}/roster/replica-7,wrong_role,deprecated_endpoint_unavailable,0,0,0,,0.0
education::GET__classes_id_roster_replica-7,education,GET /classes/{id}/roster/replica-7,wrong_jurisdiction,denied_empty_body,0,0,0,,0.0
education::GET__classes_id_roster_replica-7,education,GET /classes/{id}/roster/replica-7,wrong_jurisdiction,denied_audit_logged,0,0,0,,0.0
education::GET__classes_id_roster_replica-7,education,GET /classes/{id}/roster/replica-7,wrong_jurisdiction,deprecated_endpoint_unavailable,0,0,0,,0.0
education::GET__classes_id_roster_replica-7,education,GET /classes/{id}/roster/replica-7,wrong_purpose,denied_empty_body,0,0,0,,0.0
education::GET__classes_id_roster_replica-7,education,GET /classes/{id}/roster/replica-7,wrong_purpose,denied_audit_logged,0,0,0,,0.0
education::GET__classes_id_roster_replica-7,education,GET /classes/{id}/roster/replica-7,wrong_purpose,deprecated_endpoint_unavailable,0,0,0,,0.0
education::GET__classes_id_roster_replica-7,education,GET /classes/{id}/roster/replica-7,self_access,allowed_full_sorted,1,4,0,,0.0
education::GET__classes_id_roster_replica-7,education,GET /classes/{id}/roster/replica-7,self_access,allowed_full_shuffled,1,4,0,,0.0
education::GET__classes_id_roster_replica-7,education,GET /classes/{id}/roster/replica-7,self_access,allowed_minimal_subset,1,2,0,,0.0
education::GET__classes_id_roster_replica-7,education,GET /classes/{id}/roster/replica-7,self_access,allowed_empty_body,1,0,0,,0.0
education::GET__classes_id_roster_replica-7,education,GET /classes/{id}/roster/replica-7,self_access,allowed_with_extra_audit_metadata,1,4,0,,0.0
education::GET__classes_id_roster_replica-7,education,GET /classes/{id}/roster/replica-7,unauthenticated,denied_empty_body,0,0,0,,0.0
education::GET__classes_id_roster_replica-7,education,GET /classes/{id}/roster/replica-7,unauthenticated,denied_audit_logged,0,0,0,,0.0
education::GET__classes_id_roster_replica-7,education,GET /classes/{id}/roster/replica-7,unauthenticated,deprecated_endpoint_unavailable,0,0,0,,0.0
education::GET__classes_id_roster_replica-7,education,GET /classes/{id}/roster/replica-7,sensitive_field_probe,allowed_full_sorted,1,4,0,,0.0
education::GET__classes_id_roster_replica-7,education,GET /classes/{id}/roster/replica-7,sensitive_field_probe,allowed_full_shuffled,1,4,0,,0.0
education::GET__classes_id_roster_replica-7,education,GET /classes/{id}/roster/replica-7,sensitive_field_probe,allowed_minimal_subset,1,2,0,,0.0
education::GET__classes_id_roster_replica-7,education,GET /classes/{id}/roster/replica-7,sensitive_field_probe,allowed_empty_body,1,0,0,,0.0
education::GET__classes_id_roster_replica-7,education,GET /classes/{id}/roster/replica-7,sensitive_field_probe,allowed_with_extra_audit_metadata,1,4,0,,0.0
education::GET__classes_id_roster_replica-7,education,GET /classes/{id}/roster/replica-7,aggregation_boundary,allowed_full_sorted,1,4,0,,0.0
education::GET__classes_id_roster_replica-7,education,GET /classes/{id}/roster/replica-7,aggregation_boundary,allowed_full_shuffled,1,4,0,,0.0
education::GET__classes_id_roster_replica-7,education,GET /classes/{id}/roster/replica-7,aggregation_boundary,allowed_minimal_subset,1,2,0,,0.0
education::GET__classes_id_roster_replica-7,education,GET /classes/{id}/roster/replica-7,aggregation_boundary,allowed_empty_body,1,0,0,,0.0
education::GET__classes_id_roster_replica-7,education,GET /classes/{id}/roster/replica-7,aggregation_boundary,allowed_with_extra_audit_metadata,1,4,0,,0.0
education::GET__classes_id_roster_replica-7,education,GET /classes/{id}/roster/replica-7,deprecated_inventory,allowed_full_sorted,1,4,0,,0.0
education::GET__classes_id_roster_replica-7,education,GET /classes/{id}/roster/replica-7,deprecated_inventory,allowed_full_shuffled,1,4,0,,0.0
education::GET__classes_id_roster_replica-7,education,GET /classes/{id}/roster/replica-7,deprecated_inventory,allowed_minimal_subset,1,2,0,,0.0
education::GET__classes_id_roster_replica-7,education,GET /classes/{id}/roster/replica-7,deprecated_inventory,allowed_empty_body,1,0,0,,0.0
education::GET__classes_id_roster_replica-7,education,GET /classes/{id}/roster/replica-7,deprecated_inventory,allowed_with_extra_audit_metadata,1,4,0,,0.0
education::GET__discipline_id_replica-7,education,GET /discipline/{id}/replica-7,valid,allowed_full_sorted,1,4,0,,0.0
education::GET__discipline_id_replica-7,education,GET /discipline/{id}/replica-7,valid,allowed_full_shuffled,1,4,0,,0.0
education::GET__discipline_id_replica-7,education,GET /discipline/{id}/replica-7,valid,allowed_minimal_subset,1,2,0,,0.0
education::GET__discipline_id_replica-7,education,GET /discipline/{id}/replica-7,valid,allowed_empty_body,1,0,0,,0.0
education::GET__discipline_id_replica-7,education,GET /discipline/{id}/replica-7,valid,allowed_with_extra_audit_metadata,1,4,0,,0.0
education::GET__discipline_id_replica-7,education,GET /discipline/{id}/replica-7,wrong_role,denied_empty_body,0,0,0,,0.0
education::GET__discipline_id_replica-7,education,GET /discipline/{id}/replica-7,wrong_role,denied_audit_logged,0,0,0,,0.0
education::GET__discipline_id_replica-7,education,GET /discipline/{id}/replica-7,wrong_role,deprecated_endpoint_unavailable,0,0,0,,0.0
education::GET__discipline_id_replica-7,education,GET /discipline/{id}/replica-7,wrong_jurisdiction,denied_empty_body,0,0,0,,0.0
education::GET__discipline_id_replica-7,education,GET /discipline/{id}/replica-7,wrong_jurisdiction,denied_audit_logged,0,0,0,,0.0
education::GET__discipline_id_replica-7,education,GET /discipline/{id}/replica-7,wrong_jurisdiction,deprecated_endpoint_unavailable,0,0,0,,0.0
education::GET__discipline_id_replica-7,education,GET /discipline/{id}/replica-7,wrong_purpose,denied_empty_body,0,0,0,,0.0
education::GET__discipline_id_replica-7,education,GET /discipline/{id}/replica-7,wrong_purpose,denied_audit_logged,0,0,0,,0.0
education::GET__discipline_id_replica-7,education,GET /discipline/{id}/replica-7,wrong_purpose,deprecated_endpoint_unavailable,0,0,0,,0.0
education::GET__discipline_id_replica-7,education,GET /discipline/{id}/replica-7,self_access,allowed_full_sorted,1,5,0,,0.0
education::GET__discipline_id_replica-7,education,GET /discipline/{id}/replica-7,self_access,allowed_full_shuffled,1,5,0,,0.0
education::GET__discipline_id_replica-7,education,GET /discipline/{id}/replica-7,self_access,allowed_minimal_subset,1,2,0,,0.0
education::GET__discipline_id_replica-7,education,GET /discipline/{id}/replica-7,self_access,allowed_empty_body,1,0,0,,0.0
education::GET__discipline_id_replica-7,education,GET /discipline/{id}/replica-7,self_access,allowed_with_extra_audit_metadata,1,5,0,,0.0
education::GET__discipline_id_replica-7,education,GET /discipline/{id}/replica-7,unauthenticated,denied_empty_body,0,0,0,,0.0
education::GET__discipline_id_replica-7,education,GET /discipline/{id}/replica-7,unauthenticated,denied_audit_logged,0,0,0,,0.0
education::GET__discipline_id_replica-7,education,GET /discipline/{id}/replica-7,unauthenticated,deprecated_endpoint_unavailable,0,0,0,,0.0
education::GET__discipline_id_replica-7,education,GET /discipline/{id}/replica-7,sensitive_field_probe,allowed_full_sorted,1,4,0,,0.0
education::GET__discipline_id_replica-7,education,GET /discipline/{id}/replica-7,sensitive_field_probe,allowed_full_shuffled,1,4,0,,0.0
education::GET__discipline_id_replica-7,education,GET /discipline/{id}/replica-7,sensitive_field_probe,allowed_minimal_subset,1,2,0,,0.0
education::GET__discipline_id_replica-7,education,GET /discipline/{id}/replica-7,sensitive_field_probe,allowed_empty_body,1,0,0,,0.0
education::GET__discipline_id_replica-7,education,GET /discipline/{id}/replica-7,sensitive_field_probe,allowed_with_extra_audit_metadata,1,4,0,,0.0
education::GET__discipline_id_replica-7,education,GET /discipline/{id}/replica-7,aggregation_boundary,allowed_full_sorted,1,4,0,,0.0
education::GET__discipline_id_replica-7,education,GET /discipline/{id}/replica-7,aggregation_boundary,allowed_full_shuffled,1,4,0,,0.0
education::GET__discipline_id_replica-7,education,GET /discipline/{id}/replica-7,aggregation_boundary,allowed_minimal_subset,1,2,0,,0.0
education::GET__discipline_id_replica-7,education,GET /discipline/{id}/replica-7,aggregation_boundary,allowed_empty_body,1,0,0,,0.0
education::GET__discipline_id_replica-7,education,GET /discipline/{id}/replica-7,aggregation_boundary,allowed_with_extra_audit_metadata,1,4,0,,0.0
education::GET__discipline_id_replica-7,education,GET /discipline/{id}/replica-7,deprecated_inventory,allowed_full_sorted,1,4,0,,0.0
education::GET__discipline_id_replica-7,education,GET /discipline/{id}/replica-7,deprecated_inventory,allowed_full_shuffled,1,4,0,,0.0
education::GET__discipline_id_replica-7,education,GET /discipline/{id}/replica-7,deprecated_inventory,allowed_minimal_subset,1,2,0,,0.0
education::GET__discipline_id_replica-7,education,GET /discipline/{id}/replica-7,deprecated_inventory,allowed_empty_body,1,0,0,,0.0
education::GET__discipline_id_replica-7,education,GET /discipline/{id}/replica-7,deprecated_inventory,allowed_with_extra_audit_metadata,1,4,0,,0.0
business_licensing::GET__licenses_id_replica-7,business_licensing,GET /licenses/{id}/replica-7,valid,allowed_full_sorted,1,7,0,,0.0
business_licensing::GET__licenses_id_replica-7,business_licensing,GET /licenses/{id}/replica-7,valid,allowed_full_shuffled,1,7,0,,0.0
business_licensing::GET__licenses_id_replica-7,business_licensing,GET /licenses/{id}/replica-7,valid,allowed_minimal_subset,1,3,0,,0.0
business_licensing::GET__licenses_id_replica-7,business_licensing,GET /licenses/{id}/replica-7,valid,allowed_empty_body,1,0,0,,0.0
business_licensing::GET__licenses_id_replica-7,business_licensing,GET /licenses/{id}/replica-7,valid,allowed_with_extra_audit_metadata,1,7,0,,0.0
business_licensing::GET__licenses_id_replica-7,business_licensing,GET /licenses/{id}/replica-7,wrong_role,denied_empty_body,0,0,0,,0.0
business_licensing::GET__licenses_id_replica-7,business_licensing,GET /licenses/{id}/replica-7,wrong_role,denied_audit_logged,0,0,0,,0.0
business_licensing::GET__licenses_id_replica-7,business_licensing,GET /licenses/{id}/replica-7,wrong_role,deprecated_endpoint_unavailable,0,0,0,,0.0
business_licensing::GET__licenses_id_replica-7,business_licensing,GET /licenses/{id}/replica-7,wrong_jurisdiction,denied_empty_body,0,0,0,,0.0
business_licensing::GET__licenses_id_replica-7,business_licensing,GET /licenses/{id}/replica-7,wrong_jurisdiction,denied_audit_logged,0,0,0,,0.0
business_licensing::GET__licenses_id_replica-7,business_licensing,GET /licenses/{id}/replica-7,wrong_jurisdiction,deprecated_endpoint_unavailable,0,0,0,,0.0
business_licensing::GET__licenses_id_replica-7,business_licensing,GET /licenses/{id}/replica-7,wrong_purpose,denied_empty_body,0,0,0,,0.0
business_licensing::GET__licenses_id_replica-7,business_licensing,GET /licenses/{id}/replica-7,wrong_purpose,denied_audit_logged,0,0,0,,0.0
business_licensing::GET__licenses_id_replica-7,business_licensing,GET /licenses/{id}/replica-7,wrong_purpose,deprecated_endpoint_unavailable,0,0,0,,0.0
business_licensing::GET__licenses_id_replica-7,business_licensing,GET /licenses/{id}/replica-7,self_access,allowed_full_sorted,1,6,0,,0.0
business_licensing::GET__licenses_id_replica-7,business_licensing,GET /licenses/{id}/replica-7,self_access,allowed_full_shuffled,1,6,0,,0.0
business_licensing::GET__licenses_id_replica-7,business_licensing,GET /licenses/{id}/replica-7,self_access,allowed_minimal_subset,1,3,0,,0.0
business_licensing::GET__licenses_id_replica-7,business_licensing,GET /licenses/{id}/replica-7,self_access,allowed_empty_body,1,0,0,,0.0
business_licensing::GET__licenses_id_replica-7,business_licensing,GET /licenses/{id}/replica-7,self_access,allowed_with_extra_audit_metadata,1,6,0,,0.0
business_licensing::GET__licenses_id_replica-7,business_licensing,GET /licenses/{id}/replica-7,unauthenticated,denied_empty_body,0,0,0,,0.0
business_licensing::GET__licenses_id_replica-7,business_licensing,GET /licenses/{id}/replica-7,unauthenticated,denied_audit_logged,0,0,0,,0.0
business_licensing::GET__licenses_id_replica-7,business_licensing,GET /licenses/{id}/replica-7,unauthenticated,deprecated_endpoint_unavailable,0,0,0,,0.0
business_licensing::GET__licenses_id_replica-7,business_licensing,GET /licenses/{id}/replica-7,sensitive_field_probe,allowed_full_sorted,1,7,0,,0.0
business_licensing::GET__licenses_id_replica-7,business_licensing,GET /licenses/{id}/replica-7,sensitive_field_probe,allowed_full_shuffled,1,7,0,,0.0
business_licensing::GET__licenses_id_replica-7,business_licensing,GET /licenses/{id}/replica-7,sensitive_field_probe,allowed_minimal_subset,1,3,0,,0.0
business_licensing::GET__licenses_id_replica-7,business_licensing,GET /licenses/{id}/replica-7,sensitive_field_probe,allowed_empty_body,1,0,0,,0.0
business_licensing::GET__licenses_id_replica-7,business_licensing,GET /licenses/{id}/replica-7,sensitive_field_probe,allowed_with_extra_audit_metadata,1,7,0,,0.0
business_licensing::GET__licenses_id_replica-7,business_licensing,GET /licenses/{id}/replica-7,aggregation_boundary,allowed_full_sorted,1,7,0,,0.0
business_licensing::GET__licenses_id_replica-7,business_licensing,GET /licenses/{id}/replica-7,aggregation_boundary,allowed_full_shuffled,1,7,0,,0.0
business_licensing::GET__licenses_id_replica-7,business_licensing,GET /licenses/{id}/replica-7,aggregation_boundary,allowed_minimal_subset,1,3,0,,0.0
business_licensing::GET__licenses_id_replica-7,business_licensing,GET /licenses/{id}/replica-7,aggregation_boundary,allowed_empty_body,1,0,0,,0.0
business_licensing::GET__licenses_id_replica-7,business_licensing,GET /licenses/{id}/replica-7,aggregation_boundary,allowed_with_extra_audit_metadata,1,7,0,,0.0
business_licensing::GET__licenses_id_replica-7,business_licensing,GET /licenses/{id}/replica-7,deprecated_inventory,allowed_full_sorted,1,7,0,,0.0
business_licensing::GET__licenses_id_replica-7,business_licensing,GET /licenses/{id}/replica-7,deprecated_inventory,allowed_full_shuffled,1,7,0,,0.0
business_licensing::GET__licenses_id_replica-7,business_licensing,GET /licenses/{id}/replica-7,deprecated_inventory,allowed_minimal_subset,1,3,0,,0.0
business_licensing::GET__licenses_id_replica-7,business_licensing,GET /licenses/{id}/replica-7,deprecated_inventory,allowed_empty_body,1,0,0,,0.0
business_licensing::GET__licenses_id_replica-7,business_licensing,GET /licenses/{id}/replica-7,deprecated_inventory,allowed_with_extra_audit_metadata,1,7,0,,0.0
business_licensing::GET__inspections_id_replica-7,business_licensing,GET /inspections/{id}/replica-7,valid,allowed_full_sorted,1,6,0,,0.0
business_licensing::GET__inspections_id_replica-7,business_licensing,GET /inspections/{id}/replica-7,valid,allowed_full_shuffled,1,6,0,,0.0
business_licensing::GET__inspections_id_replica-7,business_licensing,GET /inspections/{id}/replica-7,valid,allowed_minimal_subset,1,3,0,,0.0
business_licensing::GET__inspections_id_replica-7,business_licensing,GET /inspections/{id}/replica-7,valid,allowed_empty_body,1,0,0,,0.0
business_licensing::GET__inspections_id_replica-7,business_licensing,GET /inspections/{id}/replica-7,valid,allowed_with_extra_audit_metadata,1,6,0,,0.0
business_licensing::GET__inspections_id_replica-7,business_licensing,GET /inspections/{id}/replica-7,wrong_role,denied_empty_body,0,0,0,,0.0
business_licensing::GET__inspections_id_replica-7,business_licensing,GET /inspections/{id}/replica-7,wrong_role,denied_audit_logged,0,0,0,,0.0
business_licensing::GET__inspections_id_replica-7,business_licensing,GET /inspections/{id}/replica-7,wrong_role,deprecated_endpoint_unavailable,0,0,0,,0.0
business_licensing::GET__inspections_id_replica-7,business_licensing,GET /inspections/{id}/replica-7,wrong_jurisdiction,denied_empty_body,0,0,0,,0.0
business_licensing::GET__inspections_id_replica-7,business_licensing,GET /inspections/{id}/replica-7,wrong_jurisdiction,denied_audit_logged,0,0,0,,0.0
business_licensing::GET__inspections_id_replica-7,business_licensing,GET /inspections/{id}/replica-7,wrong_jurisdiction,deprecated_endpoint_unavailable,0,0,0,,0.0
business_licensing::GET__inspections_id_replica-7,business_licensing,GET /inspections/{id}/replica-7,wrong_purpose,denied_empty_body,0,0,0,,0.0
business_licensing::GET__inspections_id_replica-7,business_licensing,GET /inspections/{id}/replica-7,wrong_purpose,denied_audit_logged,0,0,0,,0.0
business_licensing::GET__inspections_id_replica-7,business_licensing,GET /inspections/{id}/replica-7,wrong_purpose,deprecated_endpoint_unavailable,0,0,0,,0.0
business_licensing::GET__inspections_id_replica-7,business_licensing,GET /inspections/{id}/replica-7,self_access,allowed_full_sorted,1,5,0,,0.0
business_licensing::GET__inspections_id_replica-7,business_licensing,GET /inspections/{id}/replica-7,self_access,allowed_full_shuffled,1,5,0,,0.0
business_licensing::GET__inspections_id_replica-7,business_licensing,GET /inspections/{id}/replica-7,self_access,allowed_minimal_subset,1,2,0,,0.0
business_licensing::GET__inspections_id_replica-7,business_licensing,GET /inspections/{id}/replica-7,self_access,allowed_empty_body,1,0,0,,0.0
business_licensing::GET__inspections_id_replica-7,business_licensing,GET /inspections/{id}/replica-7,self_access,allowed_with_extra_audit_metadata,1,5,0,,0.0
business_licensing::GET__inspections_id_replica-7,business_licensing,GET /inspections/{id}/replica-7,unauthenticated,denied_empty_body,0,0,0,,0.0
business_licensing::GET__inspections_id_replica-7,business_licensing,GET /inspections/{id}/replica-7,unauthenticated,denied_audit_logged,0,0,0,,0.0
business_licensing::GET__inspections_id_replica-7,business_licensing,GET /inspections/{id}/replica-7,unauthenticated,deprecated_endpoint_unavailable,0,0,0,,0.0
business_licensing::GET__inspections_id_replica-7,business_licensing,GET /inspections/{id}/replica-7,sensitive_field_probe,allowed_full_sorted,1,6,0,,0.0
business_licensing::GET__inspections_id_replica-7,business_licensing,GET /inspections/{id}/replica-7,sensitive_field_probe,allowed_full_shuffled,1,6,0,,0.0
business_licensing::GET__inspections_id_replica-7,business_licensing,GET /inspections/{id}/replica-7,sensitive_field_probe,allowed_minimal_subset,1,3,0,,0.0
business_licensing::GET__inspections_id_replica-7,business_licensing,GET /inspections/{id}/replica-7,sensitive_field_probe,allowed_empty_body,1,0,0,,0.0
business_licensing::GET__inspections_id_replica-7,business_licensing,GET /inspections/{id}/replica-7,sensitive_field_probe,allowed_with_extra_audit_metadata,1,6,0,,0.0
business_licensing::GET__inspections_id_replica-7,business_licensing,GET /inspections/{id}/replica-7,aggregation_boundary,allowed_full_sorted,1,6,0,,0.0
business_licensing::GET__inspections_id_replica-7,business_licensing,GET /inspections/{id}/replica-7,aggregation_boundary,allowed_full_shuffled,1,6,0,,0.0
business_licensing::GET__inspections_id_replica-7,business_licensing,GET /inspections/{id}/replica-7,aggregation_boundary,allowed_minimal_subset,1,3,0,,0.0
business_licensing::GET__inspections_id_replica-7,business_licensing,GET /inspections/{id}/replica-7,aggregation_boundary,allowed_empty_body,1,0,0,,0.0
business_licensing::GET__inspections_id_replica-7,business_licensing,GET /inspections/{id}/replica-7,aggregation_boundary,allowed_with_extra_audit_metadata,1,6,0,,0.0
business_licensing::GET__inspections_id_replica-7,business_licensing,GET /inspections/{id}/replica-7,deprecated_inventory,allowed_full_sorted,1,6,0,,0.0
business_licensing::GET__inspections_id_replica-7,business_licensing,GET /inspections/{id}/replica-7,deprecated_inventory,allowed_full_shuffled,1,6,0,,0.0
business_licensing::GET__inspections_id_replica-7,business_licensing,GET /inspections/{id}/replica-7,deprecated_inventory,allowed_minimal_subset,1,3,0,,0.0
business_licensing::GET__inspections_id_replica-7,business_licensing,GET /inspections/{id}/replica-7,deprecated_inventory,allowed_empty_body,1,0,0,,0.0
business_licensing::GET__inspections_id_replica-7,business_licensing,GET /inspections/{id}/replica-7,deprecated_inventory,allowed_with_extra_audit_metadata,1,6,0,,0.0
business_licensing::GET__licenses_export_replica-7,business_licensing,GET /licenses/export/replica-7,valid,allowed_full_sorted,1,7,0,,0.0
business_licensing::GET__licenses_export_replica-7,business_licensing,GET /licenses/export/replica-7,valid,allowed_full_shuffled,1,7,0,,0.0
business_licensing::GET__licenses_export_replica-7,business_licensing,GET /licenses/export/replica-7,valid,allowed_minimal_subset,1,3,0,,0.0
business_licensing::GET__licenses_export_replica-7,business_licensing,GET /licenses/export/replica-7,valid,allowed_empty_body,1,0,0,,0.0
business_licensing::GET__licenses_export_replica-7,business_licensing,GET /licenses/export/replica-7,valid,allowed_with_extra_audit_metadata,1,7,0,,0.0
business_licensing::GET__licenses_export_replica-7,business_licensing,GET /licenses/export/replica-7,wrong_role,denied_empty_body,0,0,0,,0.0
business_licensing::GET__licenses_export_replica-7,business_licensing,GET /licenses/export/replica-7,wrong_role,denied_audit_logged,0,0,0,,0.0
business_licensing::GET__licenses_export_replica-7,business_licensing,GET /licenses/export/replica-7,wrong_role,deprecated_endpoint_unavailable,0,0,0,,0.0
business_licensing::GET__licenses_export_replica-7,business_licensing,GET /licenses/export/replica-7,wrong_jurisdiction,denied_empty_body,0,0,0,,0.0
business_licensing::GET__licenses_export_replica-7,business_licensing,GET /licenses/export/replica-7,wrong_jurisdiction,denied_audit_logged,0,0,0,,0.0
business_licensing::GET__licenses_export_replica-7,business_licensing,GET /licenses/export/replica-7,wrong_jurisdiction,deprecated_endpoint_unavailable,0,0,0,,0.0
business_licensing::GET__licenses_export_replica-7,business_licensing,GET /licenses/export/replica-7,wrong_purpose,denied_empty_body,0,0,0,,0.0
business_licensing::GET__licenses_export_replica-7,business_licensing,GET /licenses/export/replica-7,wrong_purpose,denied_audit_logged,0,0,0,,0.0
business_licensing::GET__licenses_export_replica-7,business_licensing,GET /licenses/export/replica-7,wrong_purpose,deprecated_endpoint_unavailable,0,0,0,,0.0
business_licensing::GET__licenses_export_replica-7,business_licensing,GET /licenses/export/replica-7,self_access,allowed_full_sorted,1,6,0,,0.0
business_licensing::GET__licenses_export_replica-7,business_licensing,GET /licenses/export/replica-7,self_access,allowed_full_shuffled,1,6,0,,0.0
business_licensing::GET__licenses_export_replica-7,business_licensing,GET /licenses/export/replica-7,self_access,allowed_minimal_subset,1,3,0,,0.0
business_licensing::GET__licenses_export_replica-7,business_licensing,GET /licenses/export/replica-7,self_access,allowed_empty_body,1,0,0,,0.0
business_licensing::GET__licenses_export_replica-7,business_licensing,GET /licenses/export/replica-7,self_access,allowed_with_extra_audit_metadata,1,6,0,,0.0
business_licensing::GET__licenses_export_replica-7,business_licensing,GET /licenses/export/replica-7,unauthenticated,denied_empty_body,0,0,0,,0.0
business_licensing::GET__licenses_export_replica-7,business_licensing,GET /licenses/export/replica-7,unauthenticated,denied_audit_logged,0,0,0,,0.0
business_licensing::GET__licenses_export_replica-7,business_licensing,GET /licenses/export/replica-7,unauthenticated,deprecated_endpoint_unavailable,0,0,0,,0.0
business_licensing::GET__licenses_export_replica-7,business_licensing,GET /licenses/export/replica-7,sensitive_field_probe,allowed_full_sorted,1,7,0,,0.0
business_licensing::GET__licenses_export_replica-7,business_licensing,GET /licenses/export/replica-7,sensitive_field_probe,allowed_full_shuffled,1,7,0,,0.0
business_licensing::GET__licenses_export_replica-7,business_licensing,GET /licenses/export/replica-7,sensitive_field_probe,allowed_minimal_subset,1,3,0,,0.0
business_licensing::GET__licenses_export_replica-7,business_licensing,GET /licenses/export/replica-7,sensitive_field_probe,allowed_empty_body,1,0,0,,0.0
business_licensing::GET__licenses_export_replica-7,business_licensing,GET /licenses/export/replica-7,sensitive_field_probe,allowed_with_extra_audit_metadata,1,7,0,,0.0
business_licensing::GET__licenses_export_replica-7,business_licensing,GET /licenses/export/replica-7,aggregation_boundary,allowed_full_sorted,1,7,0,,0.0
business_licensing::GET__licenses_export_replica-7,business_licensing,GET /licenses/export/replica-7,aggregation_boundary,allowed_full_shuffled,1,7,0,,0.0
business_licensing::GET__licenses_export_replica-7,business_licensing,GET /licenses/export/replica-7,aggregation_boundary,allowed_minimal_subset,1,3,0,,0.0
business_licensing::GET__licenses_export_replica-7,business_licensing,GET /licenses/export/replica-7,aggregation_boundary,allowed_empty_body,1,0,0,,0.0
business_licensing::GET__licenses_export_replica-7,business_licensing,GET /licenses/export/replica-7,aggregation_boundary,allowed_with_extra_audit_metadata,1,7,0,,0.0
business_licensing::GET__licenses_export_replica-7,business_licensing,GET /licenses/export/replica-7,deprecated_inventory,allowed_full_sorted,1,7,0,,0.0
business_licensing::GET__licenses_export_replica-7,business_licensing,GET /licenses/export/replica-7,deprecated_inventory,allowed_full_shuffled,1,7,0,,0.0
business_licensing::GET__licenses_export_replica-7,business_licensing,GET /licenses/export/replica-7,deprecated_inventory,allowed_minimal_subset,1,3,0,,0.0
business_licensing::GET__licenses_export_replica-7,business_licensing,GET /licenses/export/replica-7,deprecated_inventory,allowed_empty_body,1,0,0,,0.0
business_licensing::GET__licenses_export_replica-7,business_licensing,GET /licenses/export/replica-7,deprecated_inventory,allowed_with_extra_audit_metadata,1,7,0,,0.0
health::GET__patients_id_replica-8,health,GET /patients/{id}/replica-8,valid,allowed_full_sorted,1,7,0,,0.0
health::GET__patients_id_replica-8,health,GET /patients/{id}/replica-8,valid,allowed_full_shuffled,1,7,0,,0.0
health::GET__patients_id_replica-8,health,GET /patients/{id}/replica-8,valid,allowed_minimal_subset,1,3,0,,0.0
health::GET__patients_id_replica-8,health,GET /patients/{id}/replica-8,valid,allowed_empty_body,1,0,0,,0.0
health::GET__patients_id_replica-8,health,GET /patients/{id}/replica-8,valid,allowed_with_extra_audit_metadata,1,7,0,,0.0
health::GET__patients_id_replica-8,health,GET /patients/{id}/replica-8,wrong_role,denied_empty_body,0,0,0,,0.0
health::GET__patients_id_replica-8,health,GET /patients/{id}/replica-8,wrong_role,denied_audit_logged,0,0,0,,0.0
health::GET__patients_id_replica-8,health,GET /patients/{id}/replica-8,wrong_role,deprecated_endpoint_unavailable,0,0,0,,0.0
health::GET__patients_id_replica-8,health,GET /patients/{id}/replica-8,wrong_jurisdiction,denied_empty_body,0,0,0,,0.0
health::GET__patients_id_replica-8,health,GET /patients/{id}/replica-8,wrong_jurisdiction,denied_audit_logged,0,0,0,,0.0
health::GET__patients_id_replica-8,health,GET /patients/{id}/replica-8,wrong_jurisdiction,deprecated_endpoint_unavailable,0,0,0,,0.0
health::GET__patients_id_replica-8,health,GET /patients/{id}/replica-8,wrong_purpose,denied_empty_body,0,0,0,,0.0
health::GET__patients_id_replica-8,health,GET /patients/{id}/replica-8,wrong_purpose,denied_audit_logged,0,0,0,,0.0
health::GET__patients_id_replica-8,health,GET /patients/{id}/replica-8,wrong_purpose,deprecated_endpoint_unavailable,0,0,0,,0.0
health::GET__patients_id_replica-8,health,GET /patients/{id}/replica-8,self_access,allowed_full_sorted,1,8,0,,0.0
health::GET__patients_id_replica-8,health,GET /patients/{id}/replica-8,self_access,allowed_full_shuffled,1,8,0,,0.0
health::GET__patients_id_replica-8,health,GET /patients/{id}/replica-8,self_access,allowed_minimal_subset,1,4,0,,0.0
health::GET__patients_id_replica-8,health,GET /patients/{id}/replica-8,self_access,allowed_empty_body,1,0,0,,0.0
health::GET__patients_id_replica-8,health,GET /patients/{id}/replica-8,self_access,allowed_with_extra_audit_metadata,1,8,0,,0.0
health::GET__patients_id_replica-8,health,GET /patients/{id}/replica-8,unauthenticated,denied_empty_body,0,0,0,,0.0
health::GET__patients_id_replica-8,health,GET /patients/{id}/replica-8,unauthenticated,denied_audit_logged,0,0,0,,0.0
health::GET__patients_id_replica-8,health,GET /patients/{id}/replica-8,unauthenticated,deprecated_endpoint_unavailable,0,0,0,,0.0
health::GET__patients_id_replica-8,health,GET /patients/{id}/replica-8,sensitive_field_probe,allowed_full_sorted,1,7,0,,0.0
health::GET__patients_id_replica-8,health,GET /patients/{id}/replica-8,sensitive_field_probe,allowed_full_shuffled,1,7,0,,0.0
health::GET__patients_id_replica-8,health,GET /patients/{id}/replica-8,sensitive_field_probe,allowed_minimal_subset,1,3,0,,0.0
health::GET__patients_id_replica-8,health,GET /patients/{id}/replica-8,sensitive_field_probe,allowed_empty_body,1,0,0,,0.0
health::GET__patients_id_replica-8,health,GET /patients/{id}/replica-8,sensitive_field_probe,allowed_with_extra_audit_metadata,1,7,0,,0.0
health::GET__patients_id_replica-8,health,GET /patients/{id}/replica-8,aggregation_boundary,allowed_full_sorted,1,7,0,,0.0
health::GET__patients_id_replica-8,health,GET /patients/{id}/replica-8,aggregation_boundary,allowed_full_shuffled,1,7,0,,0.0
health::GET__patients_id_replica-8,health,GET /patients/{id}/replica-8,aggregation_boundary,allowed_minimal_subset,1,3,0,,0.0
health::GET__patients_id_replica-8,health,GET /patients/{id}/replica-8,aggregation_boundary,allowed_empty_body,1,0,0,,0.0
health::GET__patients_id_replica-8,health,GET /patients/{id}/replica-8,aggregation_boundary,allowed_with_extra_audit_metadata,1,7,0,,0.0
health::GET__patients_id_replica-8,health,GET /patients/{id}/replica-8,deprecated_inventory,allowed_full_sorted,1,7,0,,0.0
health::GET__patients_id_replica-8,health,GET /patients/{id}/replica-8,deprecated_inventory,allowed_full_shuffled,1,7,0,,0.0
health::GET__patients_id_replica-8,health,GET /patients/{id}/replica-8,deprecated_inventory,allowed_minimal_subset,1,3,0,,0.0
health::GET__patients_id_replica-8,health,GET /patients/{id}/replica-8,deprecated_inventory,allowed_empty_body,1,0,0,,0.0
health::GET__patients_id_replica-8,health,GET /patients/{id}/replica-8,deprecated_inventory,allowed_with_extra_audit_metadata,1,7,0,,0.0
health::GET__encounters_id_replica-8,health,GET /encounters/{id}/replica-8,valid,allowed_full_sorted,1,6,0,,0.0
health::GET__encounters_id_replica-8,health,GET /encounters/{id}/replica-8,valid,allowed_full_shuffled,1,6,0,,0.0
health::GET__encounters_id_replica-8,health,GET /encounters/{id}/replica-8,valid,allowed_minimal_subset,1,3,0,,0.0
health::GET__encounters_id_replica-8,health,GET /encounters/{id}/replica-8,valid,allowed_empty_body,1,0,0,,0.0
health::GET__encounters_id_replica-8,health,GET /encounters/{id}/replica-8,valid,allowed_with_extra_audit_metadata,1,6,0,,0.0
health::GET__encounters_id_replica-8,health,GET /encounters/{id}/replica-8,wrong_role,denied_empty_body,0,0,0,,0.0
health::GET__encounters_id_replica-8,health,GET /encounters/{id}/replica-8,wrong_role,denied_audit_logged,0,0,0,,0.0
health::GET__encounters_id_replica-8,health,GET /encounters/{id}/replica-8,wrong_role,deprecated_endpoint_unavailable,0,0,0,,0.0
health::GET__encounters_id_replica-8,health,GET /encounters/{id}/replica-8,wrong_jurisdiction,denied_empty_body,0,0,0,,0.0
health::GET__encounters_id_replica-8,health,GET /encounters/{id}/replica-8,wrong_jurisdiction,denied_audit_logged,0,0,0,,0.0
health::GET__encounters_id_replica-8,health,GET /encounters/{id}/replica-8,wrong_jurisdiction,deprecated_endpoint_unavailable,0,0,0,,0.0
health::GET__encounters_id_replica-8,health,GET /encounters/{id}/replica-8,wrong_purpose,denied_empty_body,0,0,0,,0.0
health::GET__encounters_id_replica-8,health,GET /encounters/{id}/replica-8,wrong_purpose,denied_audit_logged,0,0,0,,0.0
health::GET__encounters_id_replica-8,health,GET /encounters/{id}/replica-8,wrong_purpose,deprecated_endpoint_unavailable,0,0,0,,0.0
health::GET__encounters_id_replica-8,health,GET /encounters/{id}/replica-8,self_access,allowed_full_sorted,1,7,0,,0.0
health::GET__encounters_id_replica-8,health,GET /encounters/{id}/replica-8,self_access,allowed_full_shuffled,1,7,0,,0.0
health::GET__encounters_id_replica-8,health,GET /encounters/{id}/replica-8,self_access,allowed_minimal_subset,1,3,0,,0.0
health::GET__encounters_id_replica-8,health,GET /encounters/{id}/replica-8,self_access,allowed_empty_body,1,0,0,,0.0
health::GET__encounters_id_replica-8,health,GET /encounters/{id}/replica-8,self_access,allowed_with_extra_audit_metadata,1,7,0,,0.0
health::GET__encounters_id_replica-8,health,GET /encounters/{id}/replica-8,unauthenticated,denied_empty_body,0,0,0,,0.0
health::GET__encounters_id_replica-8,health,GET /encounters/{id}/replica-8,unauthenticated,denied_audit_logged,0,0,0,,0.0
health::GET__encounters_id_replica-8,health,GET /encounters/{id}/replica-8,unauthenticated,deprecated_endpoint_unavailable,0,0,0,,0.0
health::GET__encounters_id_replica-8,health,GET /encounters/{id}/replica-8,sensitive_field_probe,allowed_full_sorted,1,6,0,,0.0
health::GET__encounters_id_replica-8,health,GET /encounters/{id}/replica-8,sensitive_field_probe,allowed_full_shuffled,1,6,0,,0.0
health::GET__encounters_id_replica-8,health,GET /encounters/{id}/replica-8,sensitive_field_probe,allowed_minimal_subset,1,3,0,,0.0
health::GET__encounters_id_replica-8,health,GET /encounters/{id}/replica-8,sensitive_field_probe,allowed_empty_body,1,0,0,,0.0
health::GET__encounters_id_replica-8,health,GET /encounters/{id}/replica-8,sensitive_field_probe,allowed_with_extra_audit_metadata,1,6,0,,0.0
health::GET__encounters_id_replica-8,health,GET /encounters/{id}/replica-8,aggregation_boundary,allowed_full_sorted,1,6,0,,0.0
health::GET__encounters_id_replica-8,health,GET /encounters/{id}/replica-8,aggregation_boundary,allowed_full_shuffled,1,6,0,,0.0
health::GET__encounters_id_replica-8,health,GET /encounters/{id}/replica-8,aggregation_boundary,allowed_minimal_subset,1,3,0,,0.0
health::GET__encounters_id_replica-8,health,GET /encounters/{id}/replica-8,aggregation_boundary,allowed_empty_body,1,0,0,,0.0
health::GET__encounters_id_replica-8,health,GET /encounters/{id}/replica-8,aggregation_boundary,allowed_with_extra_audit_metadata,1,6,0,,0.0
health::GET__encounters_id_replica-8,health,GET /encounters/{id}/replica-8,deprecated_inventory,allowed_full_sorted,1,6,0,,0.0
health::GET__encounters_id_replica-8,health,GET /encounters/{id}/replica-8,deprecated_inventory,allowed_full_shuffled,1,6,0,,0.0
health::GET__encounters_id_replica-8,health,GET /encounters/{id}/replica-8,deprecated_inventory,allowed_minimal_subset,1,3,0,,0.0
health::GET__encounters_id_replica-8,health,GET /encounters/{id}/replica-8,deprecated_inventory,allowed_empty_body,1,0,0,,0.0
health::GET__encounters_id_replica-8,health,GET /encounters/{id}/replica-8,deprecated_inventory,allowed_with_extra_audit_metadata,1,6,0,,0.0
health::GET__patients_search_replica-8,health,GET /patients/search/replica-8,valid,allowed_full_sorted,1,7,0,,0.0
health::GET__patients_search_replica-8,health,GET /patients/search/replica-8,valid,allowed_full_shuffled,1,7,0,,0.0
health::GET__patients_search_replica-8,health,GET /patients/search/replica-8,valid,allowed_minimal_subset,1,3,0,,0.0
health::GET__patients_search_replica-8,health,GET /patients/search/replica-8,valid,allowed_empty_body,1,0,0,,0.0
health::GET__patients_search_replica-8,health,GET /patients/search/replica-8,valid,allowed_with_extra_audit_metadata,1,7,0,,0.0
health::GET__patients_search_replica-8,health,GET /patients/search/replica-8,wrong_role,denied_empty_body,0,0,0,,0.0
health::GET__patients_search_replica-8,health,GET /patients/search/replica-8,wrong_role,denied_audit_logged,0,0,0,,0.0
health::GET__patients_search_replica-8,health,GET /patients/search/replica-8,wrong_role,deprecated_endpoint_unavailable,0,0,0,,0.0
health::GET__patients_search_replica-8,health,GET /patients/search/replica-8,wrong_jurisdiction,denied_empty_body,0,0,0,,0.0
health::GET__patients_search_replica-8,health,GET /patients/search/replica-8,wrong_jurisdiction,denied_audit_logged,0,0,0,,0.0
health::GET__patients_search_replica-8,health,GET /patients/search/replica-8,wrong_jurisdiction,deprecated_endpoint_unavailable,0,0,0,,0.0
health::GET__patients_search_replica-8,health,GET /patients/search/replica-8,wrong_purpose,denied_empty_body,0,0,0,,0.0
health::GET__patients_search_replica-8,health,GET /patients/search/replica-8,wrong_purpose,denied_audit_logged,0,0,0,,0.0
health::GET__patients_search_replica-8,health,GET /patients/search/replica-8,wrong_purpose,deprecated_endpoint_unavailable,0,0,0,,0.0
health::GET__patients_search_replica-8,health,GET /patients/search/replica-8,self_access,allowed_full_sorted,1,8,0,,0.0
health::GET__patients_search_replica-8,health,GET /patients/search/replica-8,self_access,allowed_full_shuffled,1,8,0,,0.0
health::GET__patients_search_replica-8,health,GET /patients/search/replica-8,self_access,allowed_minimal_subset,1,4,0,,0.0
health::GET__patients_search_replica-8,health,GET /patients/search/replica-8,self_access,allowed_empty_body,1,0,0,,0.0
health::GET__patients_search_replica-8,health,GET /patients/search/replica-8,self_access,allowed_with_extra_audit_metadata,1,8,0,,0.0
health::GET__patients_search_replica-8,health,GET /patients/search/replica-8,unauthenticated,denied_empty_body,0,0,0,,0.0
health::GET__patients_search_replica-8,health,GET /patients/search/replica-8,unauthenticated,denied_audit_logged,0,0,0,,0.0
health::GET__patients_search_replica-8,health,GET /patients/search/replica-8,unauthenticated,deprecated_endpoint_unavailable,0,0,0,,0.0
health::GET__patients_search_replica-8,health,GET /patients/search/replica-8,sensitive_field_probe,allowed_full_sorted,1,7,0,,0.0
health::GET__patients_search_replica-8,health,GET /patients/search/replica-8,sensitive_field_probe,allowed_full_shuffled,1,7,0,,0.0
health::GET__patients_search_replica-8,health,GET /patients/search/replica-8,sensitive_field_probe,allowed_minimal_subset,1,3,0,,0.0
health::GET__patients_search_replica-8,health,GET /patients/search/replica-8,sensitive_field_probe,allowed_empty_body,1,0,0,,0.0
health::GET__patients_search_replica-8,health,GET /patients/search/replica-8,sensitive_field_probe,allowed_with_extra_audit_metadata,1,7,0,,0.0
health::GET__patients_search_replica-8,health,GET /patients/search/replica-8,aggregation_boundary,allowed_full_sorted,1,7,0,,0.0
health::GET__patients_search_replica-8,health,GET /patients/search/replica-8,aggregation_boundary,allowed_full_shuffled,1,7,0,,0.0
health::GET__patients_search_replica-8,health,GET /patients/search/replica-8,aggregation_boundary,allowed_minimal_subset,1,3,0,,0.0
health::GET__patients_search_replica-8,health,GET /patients/search/replica-8,aggregation_boundary,allowed_empty_body,1,0,0,,0.0
health::GET__patients_search_replica-8,health,GET /patients/search/replica-8,aggregation_boundary,allowed_with_extra_audit_metadata,1,7,0,,0.0
health::GET__patients_search_replica-8,health,GET /patients/search/replica-8,deprecated_inventory,allowed_full_sorted,1,7,0,,0.0
health::GET__patients_search_replica-8,health,GET /patients/search/replica-8,deprecated_inventory,allowed_full_shuffled,1,7,0,,0.0
health::GET__patients_search_replica-8,health,GET /patients/search/replica-8,deprecated_inventory,allowed_minimal_subset,1,3,0,,0.0
health::GET__patients_search_replica-8,health,GET /patients/search/replica-8,deprecated_inventory,allowed_empty_body,1,0,0,,0.0
health::GET__patients_search_replica-8,health,GET /patients/search/replica-8,deprecated_inventory,allowed_with_extra_audit_metadata,1,7,0,,0.0
citizen_services::GET__citizens_id_replica-8,citizen_services,GET /citizens/{id}/replica-8,valid,allowed_full_sorted,1,5,0,,0.0
citizen_services::GET__citizens_id_replica-8,citizen_services,GET /citizens/{id}/replica-8,valid,allowed_full_shuffled,1,5,0,,0.0
citizen_services::GET__citizens_id_replica-8,citizen_services,GET /citizens/{id}/replica-8,valid,allowed_minimal_subset,1,2,0,,0.0
citizen_services::GET__citizens_id_replica-8,citizen_services,GET /citizens/{id}/replica-8,valid,allowed_empty_body,1,0,0,,0.0
citizen_services::GET__citizens_id_replica-8,citizen_services,GET /citizens/{id}/replica-8,valid,allowed_with_extra_audit_metadata,1,5,0,,0.0
citizen_services::GET__citizens_id_replica-8,citizen_services,GET /citizens/{id}/replica-8,wrong_role,denied_empty_body,0,0,0,,0.0
citizen_services::GET__citizens_id_replica-8,citizen_services,GET /citizens/{id}/replica-8,wrong_role,denied_audit_logged,0,0,0,,0.0
citizen_services::GET__citizens_id_replica-8,citizen_services,GET /citizens/{id}/replica-8,wrong_role,deprecated_endpoint_unavailable,0,0,0,,0.0
citizen_services::GET__citizens_id_replica-8,citizen_services,GET /citizens/{id}/replica-8,wrong_jurisdiction,denied_empty_body,0,0,0,,0.0
citizen_services::GET__citizens_id_replica-8,citizen_services,GET /citizens/{id}/replica-8,wrong_jurisdiction,denied_audit_logged,0,0,0,,0.0
citizen_services::GET__citizens_id_replica-8,citizen_services,GET /citizens/{id}/replica-8,wrong_jurisdiction,deprecated_endpoint_unavailable,0,0,0,,0.0
citizen_services::GET__citizens_id_replica-8,citizen_services,GET /citizens/{id}/replica-8,wrong_purpose,denied_empty_body,0,0,0,,0.0
citizen_services::GET__citizens_id_replica-8,citizen_services,GET /citizens/{id}/replica-8,wrong_purpose,denied_audit_logged,0,0,0,,0.0
citizen_services::GET__citizens_id_replica-8,citizen_services,GET /citizens/{id}/replica-8,wrong_purpose,deprecated_endpoint_unavailable,0,0,0,,0.0
citizen_services::GET__citizens_id_replica-8,citizen_services,GET /citizens/{id}/replica-8,self_access,allowed_full_sorted,1,5,0,,0.0
citizen_services::GET__citizens_id_replica-8,citizen_services,GET /citizens/{id}/replica-8,self_access,allowed_full_shuffled,1,5,0,,0.0
citizen_services::GET__citizens_id_replica-8,citizen_services,GET /citizens/{id}/replica-8,self_access,allowed_minimal_subset,1,2,0,,0.0
citizen_services::GET__citizens_id_replica-8,citizen_services,GET /citizens/{id}/replica-8,self_access,allowed_empty_body,1,0,0,,0.0
citizen_services::GET__citizens_id_replica-8,citizen_services,GET /citizens/{id}/replica-8,self_access,allowed_with_extra_audit_metadata,1,5,0,,0.0
citizen_services::GET__citizens_id_replica-8,citizen_services,GET /citizens/{id}/replica-8,unauthenticated,denied_empty_body,0,0,0,,0.0
citizen_services::GET__citizens_id_replica-8,citizen_services,GET /citizens/{id}/replica-8,unauthenticated,denied_audit_logged,0,0,0,,0.0
citizen_services::GET__citizens_id_replica-8,citizen_services,GET /citizens/{id}/replica-8,unauthenticated,deprecated_endpoint_unavailable,0,0,0,,0.0
citizen_services::GET__citizens_id_replica-8,citizen_services,GET /citizens/{id}/replica-8,sensitive_field_probe,allowed_full_sorted,1,5,0,,0.0
citizen_services::GET__citizens_id_replica-8,citizen_services,GET /citizens/{id}/replica-8,sensitive_field_probe,allowed_full_shuffled,1,5,0,,0.0
citizen_services::GET__citizens_id_replica-8,citizen_services,GET /citizens/{id}/replica-8,sensitive_field_probe,allowed_minimal_subset,1,2,0,,0.0
citizen_services::GET__citizens_id_replica-8,citizen_services,GET /citizens/{id}/replica-8,sensitive_field_probe,allowed_empty_body,1,0,0,,0.0
citizen_services::GET__citizens_id_replica-8,citizen_services,GET /citizens/{id}/replica-8,sensitive_field_probe,allowed_with_extra_audit_metadata,1,5,0,,0.0
citizen_services::GET__citizens_id_replica-8,citizen_services,GET /citizens/{id}/replica-8,aggregation_boundary,allowed_full_sorted,1,5,0,,0.0
citizen_services::GET__citizens_id_replica-8,citizen_services,GET /citizens/{id}/replica-8,aggregation_boundary,allowed_full_shuffled,1,5,0,,0.0
citizen_services::GET__citizens_id_replica-8,citizen_services,GET /citizens/{id}/replica-8,aggregation_boundary,allowed_minimal_subset,1,2,0,,0.0
citizen_services::GET__citizens_id_replica-8,citizen_services,GET /citizens/{id}/replica-8,aggregation_boundary,allowed_empty_body,1,0,0,,0.0
citizen_services::GET__citizens_id_replica-8,citizen_services,GET /citizens/{id}/replica-8,aggregation_boundary,allowed_with_extra_audit_metadata,1,5,0,,0.0
citizen_services::GET__citizens_id_replica-8,citizen_services,GET /citizens/{id}/replica-8,deprecated_inventory,allowed_full_sorted,1,5,0,,0.0
citizen_services::GET__citizens_id_replica-8,citizen_services,GET /citizens/{id}/replica-8,deprecated_inventory,allowed_full_shuffled,1,5,0,,0.0
citizen_services::GET__citizens_id_replica-8,citizen_services,GET /citizens/{id}/replica-8,deprecated_inventory,allowed_minimal_subset,1,2,0,,0.0
citizen_services::GET__citizens_id_replica-8,citizen_services,GET /citizens/{id}/replica-8,deprecated_inventory,allowed_empty_body,1,0,0,,0.0
citizen_services::GET__citizens_id_replica-8,citizen_services,GET /citizens/{id}/replica-8,deprecated_inventory,allowed_with_extra_audit_metadata,1,5,0,,0.0
citizen_services::GET__benefits_id_replica-8,citizen_services,GET /benefits/{id}/replica-8,valid,allowed_full_sorted,1,5,0,,0.0
citizen_services::GET__benefits_id_replica-8,citizen_services,GET /benefits/{id}/replica-8,valid,allowed_full_shuffled,1,5,0,,0.0
citizen_services::GET__benefits_id_replica-8,citizen_services,GET /benefits/{id}/replica-8,valid,allowed_minimal_subset,1,2,0,,0.0
citizen_services::GET__benefits_id_replica-8,citizen_services,GET /benefits/{id}/replica-8,valid,allowed_empty_body,1,0,0,,0.0
citizen_services::GET__benefits_id_replica-8,citizen_services,GET /benefits/{id}/replica-8,valid,allowed_with_extra_audit_metadata,1,5,0,,0.0
citizen_services::GET__benefits_id_replica-8,citizen_services,GET /benefits/{id}/replica-8,wrong_role,denied_empty_body,0,0,0,,0.0
citizen_services::GET__benefits_id_replica-8,citizen_services,GET /benefits/{id}/replica-8,wrong_role,denied_audit_logged,0,0,0,,0.0
citizen_services::GET__benefits_id_replica-8,citizen_services,GET /benefits/{id}/replica-8,wrong_role,deprecated_endpoint_unavailable,0,0,0,,0.0
citizen_services::GET__benefits_id_replica-8,citizen_services,GET /benefits/{id}/replica-8,wrong_jurisdiction,denied_empty_body,0,0,0,,0.0
citizen_services::GET__benefits_id_replica-8,citizen_services,GET /benefits/{id}/replica-8,wrong_jurisdiction,denied_audit_logged,0,0,0,,0.0
citizen_services::GET__benefits_id_replica-8,citizen_services,GET /benefits/{id}/replica-8,wrong_jurisdiction,deprecated_endpoint_unavailable,0,0,0,,0.0
citizen_services::GET__benefits_id_replica-8,citizen_services,GET /benefits/{id}/replica-8,wrong_purpose,denied_empty_body,0,0,0,,0.0
citizen_services::GET__benefits_id_replica-8,citizen_services,GET /benefits/{id}/replica-8,wrong_purpose,denied_audit_logged,0,0,0,,0.0
citizen_services::GET__benefits_id_replica-8,citizen_services,GET /benefits/{id}/replica-8,wrong_purpose,deprecated_endpoint_unavailable,0,0,0,,0.0
citizen_services::GET__benefits_id_replica-8,citizen_services,GET /benefits/{id}/replica-8,self_access,allowed_full_sorted,1,6,0,,0.0
citizen_services::GET__benefits_id_replica-8,citizen_services,GET /benefits/{id}/replica-8,self_access,allowed_full_shuffled,1,6,0,,0.0
citizen_services::GET__benefits_id_replica-8,citizen_services,GET /benefits/{id}/replica-8,self_access,allowed_minimal_subset,1,3,0,,0.0
citizen_services::GET__benefits_id_replica-8,citizen_services,GET /benefits/{id}/replica-8,self_access,allowed_empty_body,1,0,0,,0.0
citizen_services::GET__benefits_id_replica-8,citizen_services,GET /benefits/{id}/replica-8,self_access,allowed_with_extra_audit_metadata,1,6,0,,0.0
citizen_services::GET__benefits_id_replica-8,citizen_services,GET /benefits/{id}/replica-8,unauthenticated,denied_empty_body,0,0,0,,0.0
citizen_services::GET__benefits_id_replica-8,citizen_services,GET /benefits/{id}/replica-8,unauthenticated,denied_audit_logged,0,0,0,,0.0
citizen_services::GET__benefits_id_replica-8,citizen_services,GET /benefits/{id}/replica-8,unauthenticated,deprecated_endpoint_unavailable,0,0,0,,0.0
citizen_services::GET__benefits_id_replica-8,citizen_services,GET /benefits/{id}/replica-8,sensitive_field_probe,allowed_full_sorted,1,5,0,,0.0
citizen_services::GET__benefits_id_replica-8,citizen_services,GET /benefits/{id}/replica-8,sensitive_field_probe,allowed_full_shuffled,1,5,0,,0.0
citizen_services::GET__benefits_id_replica-8,citizen_services,GET /benefits/{id}/replica-8,sensitive_field_probe,allowed_minimal_subset,1,2,0,,0.0
citizen_services::GET__benefits_id_replica-8,citizen_services,GET /benefits/{id}/replica-8,sensitive_field_probe,allowed_empty_body,1,0,0,,0.0
citizen_services::GET__benefits_id_replica-8,citizen_services,GET /benefits/{id}/replica-8,sensitive_field_probe,allowed_with_extra_audit_metadata,1,5,0,,0.0
citizen_services::GET__benefits_id_replica-8,citizen_services,GET /benefits/{id}/replica-8,aggregation_boundary,allowed_full_sorted,1,5,0,,0.0
citizen_services::GET__benefits_id_replica-8,citizen_services,GET /benefits/{id}/replica-8,aggregation_boundary,allowed_full_shuffled,1,5,0,,0.0
citizen_services::GET__benefits_id_replica-8,citizen_services,GET /benefits/{id}/replica-8,aggregation_boundary,allowed_minimal_subset,1,2,0,,0.0
citizen_services::GET__benefits_id_replica-8,citizen_services,GET /benefits/{id}/replica-8,aggregation_boundary,allowed_empty_body,1,0,0,,0.0
citizen_services::GET__benefits_id_replica-8,citizen_services,GET /benefits/{id}/replica-8,aggregation_boundary,allowed_with_extra_audit_metadata,1,5,0,,0.0
citizen_services::GET__benefits_id_replica-8,citizen_services,GET /benefits/{id}/replica-8,deprecated_inventory,allowed_full_sorted,1,5,0,,0.0
citizen_services::GET__benefits_id_replica-8,citizen_services,GET /benefits/{id}/replica-8,deprecated_inventory,allowed_full_shuffled,1,5,0,,0.0
citizen_services::GET__benefits_id_replica-8,citizen_services,GET /benefits/{id}/replica-8,deprecated_inventory,allowed_minimal_subset,1,2,0,,0.0
citizen_services::GET__benefits_id_replica-8,citizen_services,GET /benefits/{id}/replica-8,deprecated_inventory,allowed_empty_body,1,0,0,,0.0
citizen_services::GET__benefits_id_replica-8,citizen_services,GET /benefits/{id}/replica-8,deprecated_inventory,allowed_with_extra_audit_metadata,1,5,0,,0.0
citizen_services::GET__citizens_export_replica-8,citizen_services,GET /citizens/export/replica-8,valid,allowed_full_sorted,1,5,0,,0.0
citizen_services::GET__citizens_export_replica-8,citizen_services,GET /citizens/export/replica-8,valid,allowed_full_shuffled,1,5,0,,0.0
citizen_services::GET__citizens_export_replica-8,citizen_services,GET /citizens/export/replica-8,valid,allowed_minimal_subset,1,2,0,,0.0
citizen_services::GET__citizens_export_replica-8,citizen_services,GET /citizens/export/replica-8,valid,allowed_empty_body,1,0,0,,0.0
citizen_services::GET__citizens_export_replica-8,citizen_services,GET /citizens/export/replica-8,valid,allowed_with_extra_audit_metadata,1,5,0,,0.0
citizen_services::GET__citizens_export_replica-8,citizen_services,GET /citizens/export/replica-8,wrong_role,denied_empty_body,0,0,0,,0.0
citizen_services::GET__citizens_export_replica-8,citizen_services,GET /citizens/export/replica-8,wrong_role,denied_audit_logged,0,0,0,,0.0
citizen_services::GET__citizens_export_replica-8,citizen_services,GET /citizens/export/replica-8,wrong_role,deprecated_endpoint_unavailable,0,0,0,,0.0
citizen_services::GET__citizens_export_replica-8,citizen_services,GET /citizens/export/replica-8,wrong_jurisdiction,denied_empty_body,0,0,0,,0.0
citizen_services::GET__citizens_export_replica-8,citizen_services,GET /citizens/export/replica-8,wrong_jurisdiction,denied_audit_logged,0,0,0,,0.0
citizen_services::GET__citizens_export_replica-8,citizen_services,GET /citizens/export/replica-8,wrong_jurisdiction,deprecated_endpoint_unavailable,0,0,0,,0.0
citizen_services::GET__citizens_export_replica-8,citizen_services,GET /citizens/export/replica-8,wrong_purpose,denied_empty_body,0,0,0,,0.0
citizen_services::GET__citizens_export_replica-8,citizen_services,GET /citizens/export/replica-8,wrong_purpose,denied_audit_logged,0,0,0,,0.0
citizen_services::GET__citizens_export_replica-8,citizen_services,GET /citizens/export/replica-8,wrong_purpose,deprecated_endpoint_unavailable,0,0,0,,0.0
citizen_services::GET__citizens_export_replica-8,citizen_services,GET /citizens/export/replica-8,self_access,allowed_full_sorted,1,5,0,,0.0
citizen_services::GET__citizens_export_replica-8,citizen_services,GET /citizens/export/replica-8,self_access,allowed_full_shuffled,1,5,0,,0.0
citizen_services::GET__citizens_export_replica-8,citizen_services,GET /citizens/export/replica-8,self_access,allowed_minimal_subset,1,2,0,,0.0
citizen_services::GET__citizens_export_replica-8,citizen_services,GET /citizens/export/replica-8,self_access,allowed_empty_body,1,0,0,,0.0
citizen_services::GET__citizens_export_replica-8,citizen_services,GET /citizens/export/replica-8,self_access,allowed_with_extra_audit_metadata,1,5,0,,0.0
citizen_services::GET__citizens_export_replica-8,citizen_services,GET /citizens/export/replica-8,unauthenticated,denied_empty_body,0,0,0,,0.0
citizen_services::GET__citizens_export_replica-8,citizen_services,GET /citizens/export/replica-8,unauthenticated,denied_audit_logged,0,0,0,,0.0
citizen_services::GET__citizens_export_replica-8,citizen_services,GET /citizens/export/replica-8,unauthenticated,deprecated_endpoint_unavailable,0,0,0,,0.0
citizen_services::GET__citizens_export_replica-8,citizen_services,GET /citizens/export/replica-8,sensitive_field_probe,allowed_full_sorted,1,5,0,,0.0
citizen_services::GET__citizens_export_replica-8,citizen_services,GET /citizens/export/replica-8,sensitive_field_probe,allowed_full_shuffled,1,5,0,,0.0
citizen_services::GET__citizens_export_replica-8,citizen_services,GET /citizens/export/replica-8,sensitive_field_probe,allowed_minimal_subset,1,2,0,,0.0
citizen_services::GET__citizens_export_replica-8,citizen_services,GET /citizens/export/replica-8,sensitive_field_probe,allowed_empty_body,1,0,0,,0.0
citizen_services::GET__citizens_export_replica-8,citizen_services,GET /citizens/export/replica-8,sensitive_field_probe,allowed_with_extra_audit_metadata,1,5,0,,0.0
citizen_services::GET__citizens_export_replica-8,citizen_services,GET /citizens/export/replica-8,aggregation_boundary,allowed_full_sorted,1,5,0,,0.0
citizen_services::GET__citizens_export_replica-8,citizen_services,GET /citizens/export/replica-8,aggregation_boundary,allowed_full_shuffled,1,5,0,,0.0
citizen_services::GET__citizens_export_replica-8,citizen_services,GET /citizens/export/replica-8,aggregation_boundary,allowed_minimal_subset,1,2,0,,0.0
citizen_services::GET__citizens_export_replica-8,citizen_services,GET /citizens/export/replica-8,aggregation_boundary,allowed_empty_body,1,0,0,,0.0
citizen_services::GET__citizens_export_replica-8,citizen_services,GET /citizens/export/replica-8,aggregation_boundary,allowed_with_extra_audit_metadata,1,5,0,,0.0
citizen_services::GET__citizens_export_replica-8,citizen_services,GET /citizens/export/replica-8,deprecated_inventory,allowed_full_sorted,1,5,0,,0.0
citizen_services::GET__citizens_export_replica-8,citizen_services,GET /citizens/export/replica-8,deprecated_inventory,allowed_full_shuffled,1,5,0,,0.0
citizen_services::GET__citizens_export_replica-8,citizen_services,GET /citizens/export/replica-8,deprecated_inventory,allowed_minimal_subset,1,2,0,,0.0
citizen_services::GET__citizens_export_replica-8,citizen_services,GET /citizens/export/replica-8,deprecated_inventory,allowed_empty_body,1,0,0,,0.0
citizen_services::GET__citizens_export_replica-8,citizen_services,GET /citizens/export/replica-8,deprecated_inventory,allowed_with_extra_audit_metadata,1,5,0,,0.0
education::GET__students_id_record_replica-8,education,GET /students/{id}/record/replica-8,valid,allowed_full_sorted,1,4,0,,0.0
education::GET__students_id_record_replica-8,education,GET /students/{id}/record/replica-8,valid,allowed_full_shuffled,1,4,0,,0.0
education::GET__students_id_record_replica-8,education,GET /students/{id}/record/replica-8,valid,allowed_minimal_subset,1,2,0,,0.0
education::GET__students_id_record_replica-8,education,GET /students/{id}/record/replica-8,valid,allowed_empty_body,1,0,0,,0.0
education::GET__students_id_record_replica-8,education,GET /students/{id}/record/replica-8,valid,allowed_with_extra_audit_metadata,1,4,0,,0.0
education::GET__students_id_record_replica-8,education,GET /students/{id}/record/replica-8,wrong_role,denied_empty_body,0,0,0,,0.0
education::GET__students_id_record_replica-8,education,GET /students/{id}/record/replica-8,wrong_role,denied_audit_logged,0,0,0,,0.0
education::GET__students_id_record_replica-8,education,GET /students/{id}/record/replica-8,wrong_role,deprecated_endpoint_unavailable,0,0,0,,0.0
education::GET__students_id_record_replica-8,education,GET /students/{id}/record/replica-8,wrong_jurisdiction,denied_empty_body,0,0,0,,0.0
education::GET__students_id_record_replica-8,education,GET /students/{id}/record/replica-8,wrong_jurisdiction,denied_audit_logged,0,0,0,,0.0
education::GET__students_id_record_replica-8,education,GET /students/{id}/record/replica-8,wrong_jurisdiction,deprecated_endpoint_unavailable,0,0,0,,0.0
education::GET__students_id_record_replica-8,education,GET /students/{id}/record/replica-8,wrong_purpose,denied_empty_body,0,0,0,,0.0
education::GET__students_id_record_replica-8,education,GET /students/{id}/record/replica-8,wrong_purpose,denied_audit_logged,0,0,0,,0.0
education::GET__students_id_record_replica-8,education,GET /students/{id}/record/replica-8,wrong_purpose,deprecated_endpoint_unavailable,0,0,0,,0.0
education::GET__students_id_record_replica-8,education,GET /students/{id}/record/replica-8,self_access,allowed_full_sorted,1,4,0,,0.0
education::GET__students_id_record_replica-8,education,GET /students/{id}/record/replica-8,self_access,allowed_full_shuffled,1,4,0,,0.0
education::GET__students_id_record_replica-8,education,GET /students/{id}/record/replica-8,self_access,allowed_minimal_subset,1,2,0,,0.0
education::GET__students_id_record_replica-8,education,GET /students/{id}/record/replica-8,self_access,allowed_empty_body,1,0,0,,0.0
education::GET__students_id_record_replica-8,education,GET /students/{id}/record/replica-8,self_access,allowed_with_extra_audit_metadata,1,4,0,,0.0
education::GET__students_id_record_replica-8,education,GET /students/{id}/record/replica-8,unauthenticated,denied_empty_body,0,0,0,,0.0
education::GET__students_id_record_replica-8,education,GET /students/{id}/record/replica-8,unauthenticated,denied_audit_logged,0,0,0,,0.0
education::GET__students_id_record_replica-8,education,GET /students/{id}/record/replica-8,unauthenticated,deprecated_endpoint_unavailable,0,0,0,,0.0
education::GET__students_id_record_replica-8,education,GET /students/{id}/record/replica-8,sensitive_field_probe,allowed_full_sorted,1,4,0,,0.0
education::GET__students_id_record_replica-8,education,GET /students/{id}/record/replica-8,sensitive_field_probe,allowed_full_shuffled,1,4,0,,0.0
education::GET__students_id_record_replica-8,education,GET /students/{id}/record/replica-8,sensitive_field_probe,allowed_minimal_subset,1,2,0,,0.0
education::GET__students_id_record_replica-8,education,GET /students/{id}/record/replica-8,sensitive_field_probe,allowed_empty_body,1,0,0,,0.0
education::GET__students_id_record_replica-8,education,GET /students/{id}/record/replica-8,sensitive_field_probe,allowed_with_extra_audit_metadata,1,4,0,,0.0
education::GET__students_id_record_replica-8,education,GET /students/{id}/record/replica-8,aggregation_boundary,allowed_full_sorted,1,4,0,,0.0
education::GET__students_id_record_replica-8,education,GET /students/{id}/record/replica-8,aggregation_boundary,allowed_full_shuffled,1,4,0,,0.0
education::GET__students_id_record_replica-8,education,GET /students/{id}/record/replica-8,aggregation_boundary,allowed_minimal_subset,1,2,0,,0.0
education::GET__students_id_record_replica-8,education,GET /students/{id}/record/replica-8,aggregation_boundary,allowed_empty_body,1,0,0,,0.0
education::GET__students_id_record_replica-8,education,GET /students/{id}/record/replica-8,aggregation_boundary,allowed_with_extra_audit_metadata,1,4,0,,0.0
education::GET__students_id_record_replica-8,education,GET /students/{id}/record/replica-8,deprecated_inventory,allowed_full_sorted,1,4,0,,0.0
education::GET__students_id_record_replica-8,education,GET /students/{id}/record/replica-8,deprecated_inventory,allowed_full_shuffled,1,4,0,,0.0
education::GET__students_id_record_replica-8,education,GET /students/{id}/record/replica-8,deprecated_inventory,allowed_minimal_subset,1,2,0,,0.0
education::GET__students_id_record_replica-8,education,GET /students/{id}/record/replica-8,deprecated_inventory,allowed_empty_body,1,0,0,,0.0
education::GET__students_id_record_replica-8,education,GET /students/{id}/record/replica-8,deprecated_inventory,allowed_with_extra_audit_metadata,1,4,0,,0.0
education::GET__classes_id_roster_replica-8,education,GET /classes/{id}/roster/replica-8,valid,allowed_full_sorted,1,4,0,,0.0
education::GET__classes_id_roster_replica-8,education,GET /classes/{id}/roster/replica-8,valid,allowed_full_shuffled,1,4,0,,0.0
education::GET__classes_id_roster_replica-8,education,GET /classes/{id}/roster/replica-8,valid,allowed_minimal_subset,1,2,0,,0.0
education::GET__classes_id_roster_replica-8,education,GET /classes/{id}/roster/replica-8,valid,allowed_empty_body,1,0,0,,0.0
education::GET__classes_id_roster_replica-8,education,GET /classes/{id}/roster/replica-8,valid,allowed_with_extra_audit_metadata,1,4,0,,0.0
education::GET__classes_id_roster_replica-8,education,GET /classes/{id}/roster/replica-8,wrong_role,denied_empty_body,0,0,0,,0.0
education::GET__classes_id_roster_replica-8,education,GET /classes/{id}/roster/replica-8,wrong_role,denied_audit_logged,0,0,0,,0.0
education::GET__classes_id_roster_replica-8,education,GET /classes/{id}/roster/replica-8,wrong_role,deprecated_endpoint_unavailable,0,0,0,,0.0
education::GET__classes_id_roster_replica-8,education,GET /classes/{id}/roster/replica-8,wrong_jurisdiction,denied_empty_body,0,0,0,,0.0
education::GET__classes_id_roster_replica-8,education,GET /classes/{id}/roster/replica-8,wrong_jurisdiction,denied_audit_logged,0,0,0,,0.0
education::GET__classes_id_roster_replica-8,education,GET /classes/{id}/roster/replica-8,wrong_jurisdiction,deprecated_endpoint_unavailable,0,0,0,,0.0
education::GET__classes_id_roster_replica-8,education,GET /classes/{id}/roster/replica-8,wrong_purpose,denied_empty_body,0,0,0,,0.0
education::GET__classes_id_roster_replica-8,education,GET /classes/{id}/roster/replica-8,wrong_purpose,denied_audit_logged,0,0,0,,0.0
education::GET__classes_id_roster_replica-8,education,GET /classes/{id}/roster/replica-8,wrong_purpose,deprecated_endpoint_unavailable,0,0,0,,0.0
education::GET__classes_id_roster_replica-8,education,GET /classes/{id}/roster/replica-8,self_access,allowed_full_sorted,1,4,0,,0.0
education::GET__classes_id_roster_replica-8,education,GET /classes/{id}/roster/replica-8,self_access,allowed_full_shuffled,1,4,0,,0.0
education::GET__classes_id_roster_replica-8,education,GET /classes/{id}/roster/replica-8,self_access,allowed_minimal_subset,1,2,0,,0.0
education::GET__classes_id_roster_replica-8,education,GET /classes/{id}/roster/replica-8,self_access,allowed_empty_body,1,0,0,,0.0
education::GET__classes_id_roster_replica-8,education,GET /classes/{id}/roster/replica-8,self_access,allowed_with_extra_audit_metadata,1,4,0,,0.0
education::GET__classes_id_roster_replica-8,education,GET /classes/{id}/roster/replica-8,unauthenticated,denied_empty_body,0,0,0,,0.0
education::GET__classes_id_roster_replica-8,education,GET /classes/{id}/roster/replica-8,unauthenticated,denied_audit_logged,0,0,0,,0.0
education::GET__classes_id_roster_replica-8,education,GET /classes/{id}/roster/replica-8,unauthenticated,deprecated_endpoint_unavailable,0,0,0,,0.0
education::GET__classes_id_roster_replica-8,education,GET /classes/{id}/roster/replica-8,sensitive_field_probe,allowed_full_sorted,1,4,0,,0.0
education::GET__classes_id_roster_replica-8,education,GET /classes/{id}/roster/replica-8,sensitive_field_probe,allowed_full_shuffled,1,4,0,,0.0
education::GET__classes_id_roster_replica-8,education,GET /classes/{id}/roster/replica-8,sensitive_field_probe,allowed_minimal_subset,1,2,0,,0.0
education::GET__classes_id_roster_replica-8,education,GET /classes/{id}/roster/replica-8,sensitive_field_probe,allowed_empty_body,1,0,0,,0.0
education::GET__classes_id_roster_replica-8,education,GET /classes/{id}/roster/replica-8,sensitive_field_probe,allowed_with_extra_audit_metadata,1,4,0,,0.0
education::GET__classes_id_roster_replica-8,education,GET /classes/{id}/roster/replica-8,aggregation_boundary,allowed_full_sorted,1,4,0,,0.0
education::GET__classes_id_roster_replica-8,education,GET /classes/{id}/roster/replica-8,aggregation_boundary,allowed_full_shuffled,1,4,0,,0.0
education::GET__classes_id_roster_replica-8,education,GET /classes/{id}/roster/replica-8,aggregation_boundary,allowed_minimal_subset,1,2,0,,0.0
education::GET__classes_id_roster_replica-8,education,GET /classes/{id}/roster/replica-8,aggregation_boundary,allowed_empty_body,1,0,0,,0.0
education::GET__classes_id_roster_replica-8,education,GET /classes/{id}/roster/replica-8,aggregation_boundary,allowed_with_extra_audit_metadata,1,4,0,,0.0
education::GET__classes_id_roster_replica-8,education,GET /classes/{id}/roster/replica-8,deprecated_inventory,allowed_full_sorted,1,4,0,,0.0
education::GET__classes_id_roster_replica-8,education,GET /classes/{id}/roster/replica-8,deprecated_inventory,allowed_full_shuffled,1,4,0,,0.0
education::GET__classes_id_roster_replica-8,education,GET /classes/{id}/roster/replica-8,deprecated_inventory,allowed_minimal_subset,1,2,0,,0.0
education::GET__classes_id_roster_replica-8,education,GET /classes/{id}/roster/replica-8,deprecated_inventory,allowed_empty_body,1,0,0,,0.0
education::GET__classes_id_roster_replica-8,education,GET /classes/{id}/roster/replica-8,deprecated_inventory,allowed_with_extra_audit_metadata,1,4,0,,0.0
education::GET__discipline_id_replica-8,education,GET /discipline/{id}/replica-8,valid,allowed_full_sorted,1,4,0,,0.0
education::GET__discipline_id_replica-8,education,GET /discipline/{id}/replica-8,valid,allowed_full_shuffled,1,4,0,,0.0
education::GET__discipline_id_replica-8,education,GET /discipline/{id}/replica-8,valid,allowed_minimal_subset,1,2,0,,0.0
education::GET__discipline_id_replica-8,education,GET /discipline/{id}/replica-8,valid,allowed_empty_body,1,0,0,,0.0
education::GET__discipline_id_replica-8,education,GET /discipline/{id}/replica-8,valid,allowed_with_extra_audit_metadata,1,4,0,,0.0
education::GET__discipline_id_replica-8,education,GET /discipline/{id}/replica-8,wrong_role,denied_empty_body,0,0,0,,0.0
education::GET__discipline_id_replica-8,education,GET /discipline/{id}/replica-8,wrong_role,denied_audit_logged,0,0,0,,0.0
education::GET__discipline_id_replica-8,education,GET /discipline/{id}/replica-8,wrong_role,deprecated_endpoint_unavailable,0,0,0,,0.0
education::GET__discipline_id_replica-8,education,GET /discipline/{id}/replica-8,wrong_jurisdiction,denied_empty_body,0,0,0,,0.0
education::GET__discipline_id_replica-8,education,GET /discipline/{id}/replica-8,wrong_jurisdiction,denied_audit_logged,0,0,0,,0.0
education::GET__discipline_id_replica-8,education,GET /discipline/{id}/replica-8,wrong_jurisdiction,deprecated_endpoint_unavailable,0,0,0,,0.0
education::GET__discipline_id_replica-8,education,GET /discipline/{id}/replica-8,wrong_purpose,denied_empty_body,0,0,0,,0.0
education::GET__discipline_id_replica-8,education,GET /discipline/{id}/replica-8,wrong_purpose,denied_audit_logged,0,0,0,,0.0
education::GET__discipline_id_replica-8,education,GET /discipline/{id}/replica-8,wrong_purpose,deprecated_endpoint_unavailable,0,0,0,,0.0
education::GET__discipline_id_replica-8,education,GET /discipline/{id}/replica-8,self_access,allowed_full_sorted,1,5,0,,0.0
education::GET__discipline_id_replica-8,education,GET /discipline/{id}/replica-8,self_access,allowed_full_shuffled,1,5,0,,0.0
education::GET__discipline_id_replica-8,education,GET /discipline/{id}/replica-8,self_access,allowed_minimal_subset,1,2,0,,0.0
education::GET__discipline_id_replica-8,education,GET /discipline/{id}/replica-8,self_access,allowed_empty_body,1,0,0,,0.0
education::GET__discipline_id_replica-8,education,GET /discipline/{id}/replica-8,self_access,allowed_with_extra_audit_metadata,1,5,0,,0.0
education::GET__discipline_id_replica-8,education,GET /discipline/{id}/replica-8,unauthenticated,denied_empty_body,0,0,0,,0.0
education::GET__discipline_id_replica-8,education,GET /discipline/{id}/replica-8,unauthenticated,denied_audit_logged,0,0,0,,0.0
education::GET__discipline_id_replica-8,education,GET /discipline/{id}/replica-8,unauthenticated,deprecated_endpoint_unavailable,0,0,0,,0.0
education::GET__discipline_id_replica-8,education,GET /discipline/{id}/replica-8,sensitive_field_probe,allowed_full_sorted,1,4,0,,0.0
education::GET__discipline_id_replica-8,education,GET /discipline/{id}/replica-8,sensitive_field_probe,allowed_full_shuffled,1,4,0,,0.0
education::GET__discipline_id_replica-8,education,GET /discipline/{id}/replica-8,sensitive_field_probe,allowed_minimal_subset,1,2,0,,0.0
education::GET__discipline_id_replica-8,education,GET /discipline/{id}/replica-8,sensitive_field_probe,allowed_empty_body,1,0,0,,0.0
education::GET__discipline_id_replica-8,education,GET /discipline/{id}/replica-8,sensitive_field_probe,allowed_with_extra_audit_metadata,1,4,0,,0.0
education::GET__discipline_id_replica-8,education,GET /discipline/{id}/replica-8,aggregation_boundary,allowed_full_sorted,1,4,0,,0.0
education::GET__discipline_id_replica-8,education,GET /discipline/{id}/replica-8,aggregation_boundary,allowed_full_shuffled,1,4,0,,0.0
education::GET__discipline_id_replica-8,education,GET /discipline/{id}/replica-8,aggregation_boundary,allowed_minimal_subset,1,2,0,,0.0
education::GET__discipline_id_replica-8,education,GET /discipline/{id}/replica-8,aggregation_boundary,allowed_empty_body,1,0,0,,0.0
education::GET__discipline_id_replica-8,education,GET /discipline/{id}/replica-8,aggregation_boundary,allowed_with_extra_audit_metadata,1,4,0,,0.0
education::GET__discipline_id_replica-8,education,GET /discipline/{id}/replica-8,deprecated_inventory,allowed_full_sorted,1,4,0,,0.0
education::GET__discipline_id_replica-8,education,GET /discipline/{id}/replica-8,deprecated_inventory,allowed_full_shuffled,1,4,0,,0.0
education::GET__discipline_id_replica-8,education,GET /discipline/{id}/replica-8,deprecated_inventory,allowed_minimal_subset,1,2,0,,0.0
education::GET__discipline_id_replica-8,education,GET /discipline/{id}/replica-8,deprecated_inventory,allowed_empty_body,1,0,0,,0.0
education::GET__discipline_id_replica-8,education,GET /discipline/{id}/replica-8,deprecated_inventory,allowed_with_extra_audit_metadata,1,4,0,,0.0
business_licensing::GET__licenses_id_replica-8,business_licensing,GET /licenses/{id}/replica-8,valid,allowed_full_sorted,1,7,0,,0.0
business_licensing::GET__licenses_id_replica-8,business_licensing,GET /licenses/{id}/replica-8,valid,allowed_full_shuffled,1,7,0,,0.0
business_licensing::GET__licenses_id_replica-8,business_licensing,GET /licenses/{id}/replica-8,valid,allowed_minimal_subset,1,3,0,,0.0
business_licensing::GET__licenses_id_replica-8,business_licensing,GET /licenses/{id}/replica-8,valid,allowed_empty_body,1,0,0,,0.0
business_licensing::GET__licenses_id_replica-8,business_licensing,GET /licenses/{id}/replica-8,valid,allowed_with_extra_audit_metadata,1,7,0,,0.0
business_licensing::GET__licenses_id_replica-8,business_licensing,GET /licenses/{id}/replica-8,wrong_role,denied_empty_body,0,0,0,,0.0
business_licensing::GET__licenses_id_replica-8,business_licensing,GET /licenses/{id}/replica-8,wrong_role,denied_audit_logged,0,0,0,,0.0
business_licensing::GET__licenses_id_replica-8,business_licensing,GET /licenses/{id}/replica-8,wrong_role,deprecated_endpoint_unavailable,0,0,0,,0.0
business_licensing::GET__licenses_id_replica-8,business_licensing,GET /licenses/{id}/replica-8,wrong_jurisdiction,denied_empty_body,0,0,0,,0.0
business_licensing::GET__licenses_id_replica-8,business_licensing,GET /licenses/{id}/replica-8,wrong_jurisdiction,denied_audit_logged,0,0,0,,0.0
business_licensing::GET__licenses_id_replica-8,business_licensing,GET /licenses/{id}/replica-8,wrong_jurisdiction,deprecated_endpoint_unavailable,0,0,0,,0.0
business_licensing::GET__licenses_id_replica-8,business_licensing,GET /licenses/{id}/replica-8,wrong_purpose,denied_empty_body,0,0,0,,0.0
business_licensing::GET__licenses_id_replica-8,business_licensing,GET /licenses/{id}/replica-8,wrong_purpose,denied_audit_logged,0,0,0,,0.0
business_licensing::GET__licenses_id_replica-8,business_licensing,GET /licenses/{id}/replica-8,wrong_purpose,deprecated_endpoint_unavailable,0,0,0,,0.0
business_licensing::GET__licenses_id_replica-8,business_licensing,GET /licenses/{id}/replica-8,self_access,allowed_full_sorted,1,6,0,,0.0
business_licensing::GET__licenses_id_replica-8,business_licensing,GET /licenses/{id}/replica-8,self_access,allowed_full_shuffled,1,6,0,,0.0
business_licensing::GET__licenses_id_replica-8,business_licensing,GET /licenses/{id}/replica-8,self_access,allowed_minimal_subset,1,3,0,,0.0
business_licensing::GET__licenses_id_replica-8,business_licensing,GET /licenses/{id}/replica-8,self_access,allowed_empty_body,1,0,0,,0.0
business_licensing::GET__licenses_id_replica-8,business_licensing,GET /licenses/{id}/replica-8,self_access,allowed_with_extra_audit_metadata,1,6,0,,0.0
business_licensing::GET__licenses_id_replica-8,business_licensing,GET /licenses/{id}/replica-8,unauthenticated,denied_empty_body,0,0,0,,0.0
business_licensing::GET__licenses_id_replica-8,business_licensing,GET /licenses/{id}/replica-8,unauthenticated,denied_audit_logged,0,0,0,,0.0
business_licensing::GET__licenses_id_replica-8,business_licensing,GET /licenses/{id}/replica-8,unauthenticated,deprecated_endpoint_unavailable,0,0,0,,0.0
business_licensing::GET__licenses_id_replica-8,business_licensing,GET /licenses/{id}/replica-8,sensitive_field_probe,allowed_full_sorted,1,7,0,,0.0
business_licensing::GET__licenses_id_replica-8,business_licensing,GET /licenses/{id}/replica-8,sensitive_field_probe,allowed_full_shuffled,1,7,0,,0.0
business_licensing::GET__licenses_id_replica-8,business_licensing,GET /licenses/{id}/replica-8,sensitive_field_probe,allowed_minimal_subset,1,3,0,,0.0
business_licensing::GET__licenses_id_replica-8,business_licensing,GET /licenses/{id}/replica-8,sensitive_field_probe,allowed_empty_body,1,0,0,,0.0
business_licensing::GET__licenses_id_replica-8,business_licensing,GET /licenses/{id}/replica-8,sensitive_field_probe,allowed_with_extra_audit_metadata,1,7,0,,0.0
business_licensing::GET__licenses_id_replica-8,business_licensing,GET /licenses/{id}/replica-8,aggregation_boundary,allowed_full_sorted,1,7,0,,0.0
business_licensing::GET__licenses_id_replica-8,business_licensing,GET /licenses/{id}/replica-8,aggregation_boundary,allowed_full_shuffled,1,7,0,,0.0
business_licensing::GET__licenses_id_replica-8,business_licensing,GET /licenses/{id}/replica-8,aggregation_boundary,allowed_minimal_subset,1,3,0,,0.0
business_licensing::GET__licenses_id_replica-8,business_licensing,GET /licenses/{id}/replica-8,aggregation_boundary,allowed_empty_body,1,0,0,,0.0
business_licensing::GET__licenses_id_replica-8,business_licensing,GET /licenses/{id}/replica-8,aggregation_boundary,allowed_with_extra_audit_metadata,1,7,0,,0.0
business_licensing::GET__licenses_id_replica-8,business_licensing,GET /licenses/{id}/replica-8,deprecated_inventory,allowed_full_sorted,1,7,0,,0.0
business_licensing::GET__licenses_id_replica-8,business_licensing,GET /licenses/{id}/replica-8,deprecated_inventory,allowed_full_shuffled,1,7,0,,0.0
business_licensing::GET__licenses_id_replica-8,business_licensing,GET /licenses/{id}/replica-8,deprecated_inventory,allowed_minimal_subset,1,3,0,,0.0
business_licensing::GET__licenses_id_replica-8,business_licensing,GET /licenses/{id}/replica-8,deprecated_inventory,allowed_empty_body,1,0,0,,0.0
business_licensing::GET__licenses_id_replica-8,business_licensing,GET /licenses/{id}/replica-8,deprecated_inventory,allowed_with_extra_audit_metadata,1,7,0,,0.0
business_licensing::GET__inspections_id_replica-8,business_licensing,GET /inspections/{id}/replica-8,valid,allowed_full_sorted,1,6,0,,0.0
business_licensing::GET__inspections_id_replica-8,business_licensing,GET /inspections/{id}/replica-8,valid,allowed_full_shuffled,1,6,0,,0.0
business_licensing::GET__inspections_id_replica-8,business_licensing,GET /inspections/{id}/replica-8,valid,allowed_minimal_subset,1,3,0,,0.0
business_licensing::GET__inspections_id_replica-8,business_licensing,GET /inspections/{id}/replica-8,valid,allowed_empty_body,1,0,0,,0.0
business_licensing::GET__inspections_id_replica-8,business_licensing,GET /inspections/{id}/replica-8,valid,allowed_with_extra_audit_metadata,1,6,0,,0.0
business_licensing::GET__inspections_id_replica-8,business_licensing,GET /inspections/{id}/replica-8,wrong_role,denied_empty_body,0,0,0,,0.0
business_licensing::GET__inspections_id_replica-8,business_licensing,GET /inspections/{id}/replica-8,wrong_role,denied_audit_logged,0,0,0,,0.0
business_licensing::GET__inspections_id_replica-8,business_licensing,GET /inspections/{id}/replica-8,wrong_role,deprecated_endpoint_unavailable,0,0,0,,0.0
business_licensing::GET__inspections_id_replica-8,business_licensing,GET /inspections/{id}/replica-8,wrong_jurisdiction,denied_empty_body,0,0,0,,0.0
business_licensing::GET__inspections_id_replica-8,business_licensing,GET /inspections/{id}/replica-8,wrong_jurisdiction,denied_audit_logged,0,0,0,,0.0
business_licensing::GET__inspections_id_replica-8,business_licensing,GET /inspections/{id}/replica-8,wrong_jurisdiction,deprecated_endpoint_unavailable,0,0,0,,0.0
business_licensing::GET__inspections_id_replica-8,business_licensing,GET /inspections/{id}/replica-8,wrong_purpose,denied_empty_body,0,0,0,,0.0
business_licensing::GET__inspections_id_replica-8,business_licensing,GET /inspections/{id}/replica-8,wrong_purpose,denied_audit_logged,0,0,0,,0.0
business_licensing::GET__inspections_id_replica-8,business_licensing,GET /inspections/{id}/replica-8,wrong_purpose,deprecated_endpoint_unavailable,0,0,0,,0.0
business_licensing::GET__inspections_id_replica-8,business_licensing,GET /inspections/{id}/replica-8,self_access,allowed_full_sorted,1,5,0,,0.0
business_licensing::GET__inspections_id_replica-8,business_licensing,GET /inspections/{id}/replica-8,self_access,allowed_full_shuffled,1,5,0,,0.0
business_licensing::GET__inspections_id_replica-8,business_licensing,GET /inspections/{id}/replica-8,self_access,allowed_minimal_subset,1,2,0,,0.0
business_licensing::GET__inspections_id_replica-8,business_licensing,GET /inspections/{id}/replica-8,self_access,allowed_empty_body,1,0,0,,0.0
business_licensing::GET__inspections_id_replica-8,business_licensing,GET /inspections/{id}/replica-8,self_access,allowed_with_extra_audit_metadata,1,5,0,,0.0
business_licensing::GET__inspections_id_replica-8,business_licensing,GET /inspections/{id}/replica-8,unauthenticated,denied_empty_body,0,0,0,,0.0
business_licensing::GET__inspections_id_replica-8,business_licensing,GET /inspections/{id}/replica-8,unauthenticated,denied_audit_logged,0,0,0,,0.0
business_licensing::GET__inspections_id_replica-8,business_licensing,GET /inspections/{id}/replica-8,unauthenticated,deprecated_endpoint_unavailable,0,0,0,,0.0
business_licensing::GET__inspections_id_replica-8,business_licensing,GET /inspections/{id}/replica-8,sensitive_field_probe,allowed_full_sorted,1,6,0,,0.0
business_licensing::GET__inspections_id_replica-8,business_licensing,GET /inspections/{id}/replica-8,sensitive_field_probe,allowed_full_shuffled,1,6,0,,0.0
business_licensing::GET__inspections_id_replica-8,business_licensing,GET /inspections/{id}/replica-8,sensitive_field_probe,allowed_minimal_subset,1,3,0,,0.0
business_licensing::GET__inspections_id_replica-8,business_licensing,GET /inspections/{id}/replica-8,sensitive_field_probe,allowed_empty_body,1,0,0,,0.0
business_licensing::GET__inspections_id_replica-8,business_licensing,GET /inspections/{id}/replica-8,sensitive_field_probe,allowed_with_extra_audit_metadata,1,6,0,,0.0
business_licensing::GET__inspections_id_replica-8,business_licensing,GET /inspections/{id}/replica-8,aggregation_boundary,allowed_full_sorted,1,6,0,,0.0
business_licensing::GET__inspections_id_replica-8,business_licensing,GET /inspections/{id}/replica-8,aggregation_boundary,allowed_full_shuffled,1,6,0,,0.0
business_licensing::GET__inspections_id_replica-8,business_licensing,GET /inspections/{id}/replica-8,aggregation_boundary,allowed_minimal_subset,1,3,0,,0.0
business_licensing::GET__inspections_id_replica-8,business_licensing,GET /inspections/{id}/replica-8,aggregation_boundary,allowed_empty_body,1,0,0,,0.0
business_licensing::GET__inspections_id_replica-8,business_licensing,GET /inspections/{id}/replica-8,aggregation_boundary,allowed_with_extra_audit_metadata,1,6,0,,0.0
business_licensing::GET__inspections_id_replica-8,business_licensing,GET /inspections/{id}/replica-8,deprecated_inventory,allowed_full_sorted,1,6,0,,0.0
business_licensing::GET__inspections_id_replica-8,business_licensing,GET /inspections/{id}/replica-8,deprecated_inventory,allowed_full_shuffled,1,6,0,,0.0
business_licensing::GET__inspections_id_replica-8,business_licensing,GET /inspections/{id}/replica-8,deprecated_inventory,allowed_minimal_subset,1,3,0,,0.0
business_licensing::GET__inspections_id_replica-8,business_licensing,GET /inspections/{id}/replica-8,deprecated_inventory,allowed_empty_body,1,0,0,,0.0
business_licensing::GET__inspections_id_replica-8,business_licensing,GET /inspections/{id}/replica-8,deprecated_inventory,allowed_with_extra_audit_metadata,1,6,0,,0.0
business_licensing::GET__licenses_export_replica-8,business_licensing,GET /licenses/export/replica-8,valid,allowed_full_sorted,1,7,0,,0.0
business_licensing::GET__licenses_export_replica-8,business_licensing,GET /licenses/export/replica-8,valid,allowed_full_shuffled,1,7,0,,0.0
business_licensing::GET__licenses_export_replica-8,business_licensing,GET /licenses/export/replica-8,valid,allowed_minimal_subset,1,3,0,,0.0
business_licensing::GET__licenses_export_replica-8,business_licensing,GET /licenses/export/replica-8,valid,allowed_empty_body,1,0,0,,0.0
business_licensing::GET__licenses_export_replica-8,business_licensing,GET /licenses/export/replica-8,valid,allowed_with_extra_audit_metadata,1,7,0,,0.0
business_licensing::GET__licenses_export_replica-8,business_licensing,GET /licenses/export/replica-8,wrong_role,denied_empty_body,0,0,0,,0.0
business_licensing::GET__licenses_export_replica-8,business_licensing,GET /licenses/export/replica-8,wrong_role,denied_audit_logged,0,0,0,,0.0
business_licensing::GET__licenses_export_replica-8,business_licensing,GET /licenses/export/replica-8,wrong_role,deprecated_endpoint_unavailable,0,0,0,,0.0
business_licensing::GET__licenses_export_replica-8,business_licensing,GET /licenses/export/replica-8,wrong_jurisdiction,denied_empty_body,0,0,0,,0.0
business_licensing::GET__licenses_export_replica-8,business_licensing,GET /licenses/export/replica-8,wrong_jurisdiction,denied_audit_logged,0,0,0,,0.0
business_licensing::GET__licenses_export_replica-8,business_licensing,GET /licenses/export/replica-8,wrong_jurisdiction,deprecated_endpoint_unavailable,0,0,0,,0.0
business_licensing::GET__licenses_export_replica-8,business_licensing,GET /licenses/export/replica-8,wrong_purpose,denied_empty_body,0,0,0,,0.0
business_licensing::GET__licenses_export_replica-8,business_licensing,GET /licenses/export/replica-8,wrong_purpose,denied_audit_logged,0,0,0,,0.0
business_licensing::GET__licenses_export_replica-8,business_licensing,GET /licenses/export/replica-8,wrong_purpose,deprecated_endpoint_unavailable,0,0,0,,0.0
business_licensing::GET__licenses_export_replica-8,business_licensing,GET /licenses/export/replica-8,self_access,allowed_full_sorted,1,6,0,,0.0
business_licensing::GET__licenses_export_replica-8,business_licensing,GET /licenses/export/replica-8,self_access,allowed_full_shuffled,1,6,0,,0.0
business_licensing::GET__licenses_export_replica-8,business_licensing,GET /licenses/export/replica-8,self_access,allowed_minimal_subset,1,3,0,,0.0
business_licensing::GET__licenses_export_replica-8,business_licensing,GET /licenses/export/replica-8,self_access,allowed_empty_body,1,0,0,,0.0
business_licensing::GET__licenses_export_replica-8,business_licensing,GET /licenses/export/replica-8,self_access,allowed_with_extra_audit_metadata,1,6,0,,0.0
business_licensing::GET__licenses_export_replica-8,business_licensing,GET /licenses/export/replica-8,unauthenticated,denied_empty_body,0,0,0,,0.0
business_licensing::GET__licenses_export_replica-8,business_licensing,GET /licenses/export/replica-8,unauthenticated,denied_audit_logged,0,0,0,,0.0
business_licensing::GET__licenses_export_replica-8,business_licensing,GET /licenses/export/replica-8,unauthenticated,deprecated_endpoint_unavailable,0,0,0,,0.0
business_licensing::GET__licenses_export_replica-8,business_licensing,GET /licenses/export/replica-8,sensitive_field_probe,allowed_full_sorted,1,7,0,,0.0
business_licensing::GET__licenses_export_replica-8,business_licensing,GET /licenses/export/replica-8,sensitive_field_probe,allowed_full_shuffled,1,7,0,,0.0
business_licensing::GET__licenses_export_replica-8,business_licensing,GET /licenses/export/replica-8,sensitive_field_probe,allowed_minimal_subset,1,3,0,,0.0
business_licensing::GET__licenses_export_replica-8,business_licensing,GET /licenses/export/replica-8,sensitive_field_probe,allowed_empty_body,1,0,0,,0.0
business_licensing::GET__licenses_export_replica-8,business_licensing,GET /licenses/export/replica-8,sensitive_field_probe,allowed_with_extra_audit_metadata,1,7,0,,0.0
business_licensing::GET__licenses_export_replica-8,business_licensing,GET /licenses/export/replica-8,aggregation_boundary,allowed_full_sorted,1,7,0,,0.0
business_licensing::GET__licenses_export_replica-8,business_licensing,GET /licenses/export/replica-8,aggregation_boundary,allowed_full_shuffled,1,7,0,,0.0
business_licensing::GET__licenses_export_replica-8,business_licensing,GET /licenses/export/replica-8,aggregation_boundary,allowed_minimal_subset,1,3,0,,0.0
business_licensing::GET__licenses_export_replica-8,business_licensing,GET /licenses/export/replica-8,aggregation_boundary,allowed_empty_body,1,0,0,,0.0
business_licensing::GET__licenses_export_replica-8,business_licensing,GET /licenses/export/replica-8,aggregation_boundary,allowed_with_extra_audit_metadata,1,7,0,,0.0
business_licensing::GET__licenses_export_replica-8,business_licensing,GET /licenses/export/replica-8,deprecated_inventory,allowed_full_sorted,1,7,0,,0.0
business_licensing::GET__licenses_export_replica-8,business_licensing,GET /licenses/export/replica-8,deprecated_inventory,allowed_full_shuffled,1,7,0,,0.0
business_licensing::GET__licenses_export_replica-8,business_licensing,GET /licenses/export/replica-8,deprecated_inventory,allowed_minimal_subset,1,3,0,,0.0
business_licensing::GET__licenses_export_replica-8,business_licensing,GET /licenses/export/replica-8,deprecated_inventory,allowed_empty_body,1,0,0,,0.0
business_licensing::GET__licenses_export_replica-8,business_licensing,GET /licenses/export/replica-8,deprecated_inventory,allowed_with_extra_audit_metadata,1,7,0,,0.0
health::GET__patients_id_replica-9,health,GET /patients/{id}/replica-9,valid,allowed_full_sorted,1,7,0,,0.0
health::GET__patients_id_replica-9,health,GET /patients/{id}/replica-9,valid,allowed_full_shuffled,1,7,0,,0.0
health::GET__patients_id_replica-9,health,GET /patients/{id}/replica-9,valid,allowed_minimal_subset,1,3,0,,0.0
health::GET__patients_id_replica-9,health,GET /patients/{id}/replica-9,valid,allowed_empty_body,1,0,0,,0.0
health::GET__patients_id_replica-9,health,GET /patients/{id}/replica-9,valid,allowed_with_extra_audit_metadata,1,7,0,,0.0
health::GET__patients_id_replica-9,health,GET /patients/{id}/replica-9,wrong_role,denied_empty_body,0,0,0,,0.0
health::GET__patients_id_replica-9,health,GET /patients/{id}/replica-9,wrong_role,denied_audit_logged,0,0,0,,0.0
health::GET__patients_id_replica-9,health,GET /patients/{id}/replica-9,wrong_role,deprecated_endpoint_unavailable,0,0,0,,0.0
health::GET__patients_id_replica-9,health,GET /patients/{id}/replica-9,wrong_jurisdiction,denied_empty_body,0,0,0,,0.0
health::GET__patients_id_replica-9,health,GET /patients/{id}/replica-9,wrong_jurisdiction,denied_audit_logged,0,0,0,,0.0
health::GET__patients_id_replica-9,health,GET /patients/{id}/replica-9,wrong_jurisdiction,deprecated_endpoint_unavailable,0,0,0,,0.0
health::GET__patients_id_replica-9,health,GET /patients/{id}/replica-9,wrong_purpose,denied_empty_body,0,0,0,,0.0
health::GET__patients_id_replica-9,health,GET /patients/{id}/replica-9,wrong_purpose,denied_audit_logged,0,0,0,,0.0
health::GET__patients_id_replica-9,health,GET /patients/{id}/replica-9,wrong_purpose,deprecated_endpoint_unavailable,0,0,0,,0.0
health::GET__patients_id_replica-9,health,GET /patients/{id}/replica-9,self_access,allowed_full_sorted,1,8,0,,0.0
health::GET__patients_id_replica-9,health,GET /patients/{id}/replica-9,self_access,allowed_full_shuffled,1,8,0,,0.0
health::GET__patients_id_replica-9,health,GET /patients/{id}/replica-9,self_access,allowed_minimal_subset,1,4,0,,0.0
health::GET__patients_id_replica-9,health,GET /patients/{id}/replica-9,self_access,allowed_empty_body,1,0,0,,0.0
health::GET__patients_id_replica-9,health,GET /patients/{id}/replica-9,self_access,allowed_with_extra_audit_metadata,1,8,0,,0.0
health::GET__patients_id_replica-9,health,GET /patients/{id}/replica-9,unauthenticated,denied_empty_body,0,0,0,,0.0
health::GET__patients_id_replica-9,health,GET /patients/{id}/replica-9,unauthenticated,denied_audit_logged,0,0,0,,0.0
health::GET__patients_id_replica-9,health,GET /patients/{id}/replica-9,unauthenticated,deprecated_endpoint_unavailable,0,0,0,,0.0
health::GET__patients_id_replica-9,health,GET /patients/{id}/replica-9,sensitive_field_probe,allowed_full_sorted,1,7,0,,0.0
health::GET__patients_id_replica-9,health,GET /patients/{id}/replica-9,sensitive_field_probe,allowed_full_shuffled,1,7,0,,0.0
health::GET__patients_id_replica-9,health,GET /patients/{id}/replica-9,sensitive_field_probe,allowed_minimal_subset,1,3,0,,0.0
health::GET__patients_id_replica-9,health,GET /patients/{id}/replica-9,sensitive_field_probe,allowed_empty_body,1,0,0,,0.0
health::GET__patients_id_replica-9,health,GET /patients/{id}/replica-9,sensitive_field_probe,allowed_with_extra_audit_metadata,1,7,0,,0.0
health::GET__patients_id_replica-9,health,GET /patients/{id}/replica-9,aggregation_boundary,allowed_full_sorted,1,7,0,,0.0
health::GET__patients_id_replica-9,health,GET /patients/{id}/replica-9,aggregation_boundary,allowed_full_shuffled,1,7,0,,0.0
health::GET__patients_id_replica-9,health,GET /patients/{id}/replica-9,aggregation_boundary,allowed_minimal_subset,1,3,0,,0.0
health::GET__patients_id_replica-9,health,GET /patients/{id}/replica-9,aggregation_boundary,allowed_empty_body,1,0,0,,0.0
health::GET__patients_id_replica-9,health,GET /patients/{id}/replica-9,aggregation_boundary,allowed_with_extra_audit_metadata,1,7,0,,0.0
health::GET__patients_id_replica-9,health,GET /patients/{id}/replica-9,deprecated_inventory,allowed_full_sorted,1,7,0,,0.0
health::GET__patients_id_replica-9,health,GET /patients/{id}/replica-9,deprecated_inventory,allowed_full_shuffled,1,7,0,,0.0
health::GET__patients_id_replica-9,health,GET /patients/{id}/replica-9,deprecated_inventory,allowed_minimal_subset,1,3,0,,0.0
health::GET__patients_id_replica-9,health,GET /patients/{id}/replica-9,deprecated_inventory,allowed_empty_body,1,0,0,,0.0
health::GET__patients_id_replica-9,health,GET /patients/{id}/replica-9,deprecated_inventory,allowed_with_extra_audit_metadata,1,7,0,,0.0
health::GET__encounters_id_replica-9,health,GET /encounters/{id}/replica-9,valid,allowed_full_sorted,1,6,0,,0.0
health::GET__encounters_id_replica-9,health,GET /encounters/{id}/replica-9,valid,allowed_full_shuffled,1,6,0,,0.0
health::GET__encounters_id_replica-9,health,GET /encounters/{id}/replica-9,valid,allowed_minimal_subset,1,3,0,,0.0
health::GET__encounters_id_replica-9,health,GET /encounters/{id}/replica-9,valid,allowed_empty_body,1,0,0,,0.0
health::GET__encounters_id_replica-9,health,GET /encounters/{id}/replica-9,valid,allowed_with_extra_audit_metadata,1,6,0,,0.0
health::GET__encounters_id_replica-9,health,GET /encounters/{id}/replica-9,wrong_role,denied_empty_body,0,0,0,,0.0
health::GET__encounters_id_replica-9,health,GET /encounters/{id}/replica-9,wrong_role,denied_audit_logged,0,0,0,,0.0
health::GET__encounters_id_replica-9,health,GET /encounters/{id}/replica-9,wrong_role,deprecated_endpoint_unavailable,0,0,0,,0.0
health::GET__encounters_id_replica-9,health,GET /encounters/{id}/replica-9,wrong_jurisdiction,denied_empty_body,0,0,0,,0.0
health::GET__encounters_id_replica-9,health,GET /encounters/{id}/replica-9,wrong_jurisdiction,denied_audit_logged,0,0,0,,0.0
health::GET__encounters_id_replica-9,health,GET /encounters/{id}/replica-9,wrong_jurisdiction,deprecated_endpoint_unavailable,0,0,0,,0.0
health::GET__encounters_id_replica-9,health,GET /encounters/{id}/replica-9,wrong_purpose,denied_empty_body,0,0,0,,0.0
health::GET__encounters_id_replica-9,health,GET /encounters/{id}/replica-9,wrong_purpose,denied_audit_logged,0,0,0,,0.0
health::GET__encounters_id_replica-9,health,GET /encounters/{id}/replica-9,wrong_purpose,deprecated_endpoint_unavailable,0,0,0,,0.0
health::GET__encounters_id_replica-9,health,GET /encounters/{id}/replica-9,self_access,allowed_full_sorted,1,7,0,,0.0
health::GET__encounters_id_replica-9,health,GET /encounters/{id}/replica-9,self_access,allowed_full_shuffled,1,7,0,,0.0
health::GET__encounters_id_replica-9,health,GET /encounters/{id}/replica-9,self_access,allowed_minimal_subset,1,3,0,,0.0
health::GET__encounters_id_replica-9,health,GET /encounters/{id}/replica-9,self_access,allowed_empty_body,1,0,0,,0.0
health::GET__encounters_id_replica-9,health,GET /encounters/{id}/replica-9,self_access,allowed_with_extra_audit_metadata,1,7,0,,0.0
health::GET__encounters_id_replica-9,health,GET /encounters/{id}/replica-9,unauthenticated,denied_empty_body,0,0,0,,0.0
health::GET__encounters_id_replica-9,health,GET /encounters/{id}/replica-9,unauthenticated,denied_audit_logged,0,0,0,,0.0
health::GET__encounters_id_replica-9,health,GET /encounters/{id}/replica-9,unauthenticated,deprecated_endpoint_unavailable,0,0,0,,0.0
health::GET__encounters_id_replica-9,health,GET /encounters/{id}/replica-9,sensitive_field_probe,allowed_full_sorted,1,6,0,,0.0
health::GET__encounters_id_replica-9,health,GET /encounters/{id}/replica-9,sensitive_field_probe,allowed_full_shuffled,1,6,0,,0.0
health::GET__encounters_id_replica-9,health,GET /encounters/{id}/replica-9,sensitive_field_probe,allowed_minimal_subset,1,3,0,,0.0
health::GET__encounters_id_replica-9,health,GET /encounters/{id}/replica-9,sensitive_field_probe,allowed_empty_body,1,0,0,,0.0
health::GET__encounters_id_replica-9,health,GET /encounters/{id}/replica-9,sensitive_field_probe,allowed_with_extra_audit_metadata,1,6,0,,0.0
health::GET__encounters_id_replica-9,health,GET /encounters/{id}/replica-9,aggregation_boundary,allowed_full_sorted,1,6,0,,0.0
health::GET__encounters_id_replica-9,health,GET /encounters/{id}/replica-9,aggregation_boundary,allowed_full_shuffled,1,6,0,,0.0
health::GET__encounters_id_replica-9,health,GET /encounters/{id}/replica-9,aggregation_boundary,allowed_minimal_subset,1,3,0,,0.0
health::GET__encounters_id_replica-9,health,GET /encounters/{id}/replica-9,aggregation_boundary,allowed_empty_body,1,0,0,,0.0
health::GET__encounters_id_replica-9,health,GET /encounters/{id}/replica-9,aggregation_boundary,allowed_with_extra_audit_metadata,1,6,0,,0.0
health::GET__encounters_id_replica-9,health,GET /encounters/{id}/replica-9,deprecated_inventory,allowed_full_sorted,1,6,0,,0.0
health::GET__encounters_id_replica-9,health,GET /encounters/{id}/replica-9,deprecated_inventory,allowed_full_shuffled,1,6,0,,0.0
health::GET__encounters_id_replica-9,health,GET /encounters/{id}/replica-9,deprecated_inventory,allowed_minimal_subset,1,3,0,,0.0
health::GET__encounters_id_replica-9,health,GET /encounters/{id}/replica-9,deprecated_inventory,allowed_empty_body,1,0,0,,0.0
health::GET__encounters_id_replica-9,health,GET /encounters/{id}/replica-9,deprecated_inventory,allowed_with_extra_audit_metadata,1,6,0,,0.0
health::GET__patients_search_replica-9,health,GET /patients/search/replica-9,valid,allowed_full_sorted,1,7,0,,0.0
health::GET__patients_search_replica-9,health,GET /patients/search/replica-9,valid,allowed_full_shuffled,1,7,0,,0.0
health::GET__patients_search_replica-9,health,GET /patients/search/replica-9,valid,allowed_minimal_subset,1,3,0,,0.0
health::GET__patients_search_replica-9,health,GET /patients/search/replica-9,valid,allowed_empty_body,1,0,0,,0.0
health::GET__patients_search_replica-9,health,GET /patients/search/replica-9,valid,allowed_with_extra_audit_metadata,1,7,0,,0.0
health::GET__patients_search_replica-9,health,GET /patients/search/replica-9,wrong_role,denied_empty_body,0,0,0,,0.0
health::GET__patients_search_replica-9,health,GET /patients/search/replica-9,wrong_role,denied_audit_logged,0,0,0,,0.0
health::GET__patients_search_replica-9,health,GET /patients/search/replica-9,wrong_role,deprecated_endpoint_unavailable,0,0,0,,0.0
health::GET__patients_search_replica-9,health,GET /patients/search/replica-9,wrong_jurisdiction,denied_empty_body,0,0,0,,0.0
health::GET__patients_search_replica-9,health,GET /patients/search/replica-9,wrong_jurisdiction,denied_audit_logged,0,0,0,,0.0
health::GET__patients_search_replica-9,health,GET /patients/search/replica-9,wrong_jurisdiction,deprecated_endpoint_unavailable,0,0,0,,0.0
health::GET__patients_search_replica-9,health,GET /patients/search/replica-9,wrong_purpose,denied_empty_body,0,0,0,,0.0
health::GET__patients_search_replica-9,health,GET /patients/search/replica-9,wrong_purpose,denied_audit_logged,0,0,0,,0.0
health::GET__patients_search_replica-9,health,GET /patients/search/replica-9,wrong_purpose,deprecated_endpoint_unavailable,0,0,0,,0.0
health::GET__patients_search_replica-9,health,GET /patients/search/replica-9,self_access,allowed_full_sorted,1,8,0,,0.0
health::GET__patients_search_replica-9,health,GET /patients/search/replica-9,self_access,allowed_full_shuffled,1,8,0,,0.0
health::GET__patients_search_replica-9,health,GET /patients/search/replica-9,self_access,allowed_minimal_subset,1,4,0,,0.0
health::GET__patients_search_replica-9,health,GET /patients/search/replica-9,self_access,allowed_empty_body,1,0,0,,0.0
health::GET__patients_search_replica-9,health,GET /patients/search/replica-9,self_access,allowed_with_extra_audit_metadata,1,8,0,,0.0
health::GET__patients_search_replica-9,health,GET /patients/search/replica-9,unauthenticated,denied_empty_body,0,0,0,,0.0
health::GET__patients_search_replica-9,health,GET /patients/search/replica-9,unauthenticated,denied_audit_logged,0,0,0,,0.0
health::GET__patients_search_replica-9,health,GET /patients/search/replica-9,unauthenticated,deprecated_endpoint_unavailable,0,0,0,,0.0
health::GET__patients_search_replica-9,health,GET /patients/search/replica-9,sensitive_field_probe,allowed_full_sorted,1,7,0,,0.0
health::GET__patients_search_replica-9,health,GET /patients/search/replica-9,sensitive_field_probe,allowed_full_shuffled,1,7,0,,0.0
health::GET__patients_search_replica-9,health,GET /patients/search/replica-9,sensitive_field_probe,allowed_minimal_subset,1,3,0,,0.0
health::GET__patients_search_replica-9,health,GET /patients/search/replica-9,sensitive_field_probe,allowed_empty_body,1,0,0,,0.0
health::GET__patients_search_replica-9,health,GET /patients/search/replica-9,sensitive_field_probe,allowed_with_extra_audit_metadata,1,7,0,,0.0
health::GET__patients_search_replica-9,health,GET /patients/search/replica-9,aggregation_boundary,allowed_full_sorted,1,7,0,,0.0
health::GET__patients_search_replica-9,health,GET /patients/search/replica-9,aggregation_boundary,allowed_full_shuffled,1,7,0,,0.0
health::GET__patients_search_replica-9,health,GET /patients/search/replica-9,aggregation_boundary,allowed_minimal_subset,1,3,0,,0.0
health::GET__patients_search_replica-9,health,GET /patients/search/replica-9,aggregation_boundary,allowed_empty_body,1,0,0,,0.0
health::GET__patients_search_replica-9,health,GET /patients/search/replica-9,aggregation_boundary,allowed_with_extra_audit_metadata,1,7,0,,0.0
health::GET__patients_search_replica-9,health,GET /patients/search/replica-9,deprecated_inventory,allowed_full_sorted,1,7,0,,0.0
health::GET__patients_search_replica-9,health,GET /patients/search/replica-9,deprecated_inventory,allowed_full_shuffled,1,7,0,,0.0
health::GET__patients_search_replica-9,health,GET /patients/search/replica-9,deprecated_inventory,allowed_minimal_subset,1,3,0,,0.0
health::GET__patients_search_replica-9,health,GET /patients/search/replica-9,deprecated_inventory,allowed_empty_body,1,0,0,,0.0
health::GET__patients_search_replica-9,health,GET /patients/search/replica-9,deprecated_inventory,allowed_with_extra_audit_metadata,1,7,0,,0.0
citizen_services::GET__citizens_id_replica-9,citizen_services,GET /citizens/{id}/replica-9,valid,allowed_full_sorted,1,5,0,,0.0
citizen_services::GET__citizens_id_replica-9,citizen_services,GET /citizens/{id}/replica-9,valid,allowed_full_shuffled,1,5,0,,0.0
citizen_services::GET__citizens_id_replica-9,citizen_services,GET /citizens/{id}/replica-9,valid,allowed_minimal_subset,1,2,0,,0.0
citizen_services::GET__citizens_id_replica-9,citizen_services,GET /citizens/{id}/replica-9,valid,allowed_empty_body,1,0,0,,0.0
citizen_services::GET__citizens_id_replica-9,citizen_services,GET /citizens/{id}/replica-9,valid,allowed_with_extra_audit_metadata,1,5,0,,0.0
citizen_services::GET__citizens_id_replica-9,citizen_services,GET /citizens/{id}/replica-9,wrong_role,denied_empty_body,0,0,0,,0.0
citizen_services::GET__citizens_id_replica-9,citizen_services,GET /citizens/{id}/replica-9,wrong_role,denied_audit_logged,0,0,0,,0.0
citizen_services::GET__citizens_id_replica-9,citizen_services,GET /citizens/{id}/replica-9,wrong_role,deprecated_endpoint_unavailable,0,0,0,,0.0
citizen_services::GET__citizens_id_replica-9,citizen_services,GET /citizens/{id}/replica-9,wrong_jurisdiction,denied_empty_body,0,0,0,,0.0
citizen_services::GET__citizens_id_replica-9,citizen_services,GET /citizens/{id}/replica-9,wrong_jurisdiction,denied_audit_logged,0,0,0,,0.0
citizen_services::GET__citizens_id_replica-9,citizen_services,GET /citizens/{id}/replica-9,wrong_jurisdiction,deprecated_endpoint_unavailable,0,0,0,,0.0
citizen_services::GET__citizens_id_replica-9,citizen_services,GET /citizens/{id}/replica-9,wrong_purpose,denied_empty_body,0,0,0,,0.0
citizen_services::GET__citizens_id_replica-9,citizen_services,GET /citizens/{id}/replica-9,wrong_purpose,denied_audit_logged,0,0,0,,0.0
citizen_services::GET__citizens_id_replica-9,citizen_services,GET /citizens/{id}/replica-9,wrong_purpose,deprecated_endpoint_unavailable,0,0,0,,0.0
citizen_services::GET__citizens_id_replica-9,citizen_services,GET /citizens/{id}/replica-9,self_access,allowed_full_sorted,1,5,0,,0.0
citizen_services::GET__citizens_id_replica-9,citizen_services,GET /citizens/{id}/replica-9,self_access,allowed_full_shuffled,1,5,0,,0.0
citizen_services::GET__citizens_id_replica-9,citizen_services,GET /citizens/{id}/replica-9,self_access,allowed_minimal_subset,1,2,0,,0.0
citizen_services::GET__citizens_id_replica-9,citizen_services,GET /citizens/{id}/replica-9,self_access,allowed_empty_body,1,0,0,,0.0
citizen_services::GET__citizens_id_replica-9,citizen_services,GET /citizens/{id}/replica-9,self_access,allowed_with_extra_audit_metadata,1,5,0,,0.0
citizen_services::GET__citizens_id_replica-9,citizen_services,GET /citizens/{id}/replica-9,unauthenticated,denied_empty_body,0,0,0,,0.0
citizen_services::GET__citizens_id_replica-9,citizen_services,GET /citizens/{id}/replica-9,unauthenticated,denied_audit_logged,0,0,0,,0.0
citizen_services::GET__citizens_id_replica-9,citizen_services,GET /citizens/{id}/replica-9,unauthenticated,deprecated_endpoint_unavailable,0,0,0,,0.0
citizen_services::GET__citizens_id_replica-9,citizen_services,GET /citizens/{id}/replica-9,sensitive_field_probe,allowed_full_sorted,1,5,0,,0.0
citizen_services::GET__citizens_id_replica-9,citizen_services,GET /citizens/{id}/replica-9,sensitive_field_probe,allowed_full_shuffled,1,5,0,,0.0
citizen_services::GET__citizens_id_replica-9,citizen_services,GET /citizens/{id}/replica-9,sensitive_field_probe,allowed_minimal_subset,1,2,0,,0.0
citizen_services::GET__citizens_id_replica-9,citizen_services,GET /citizens/{id}/replica-9,sensitive_field_probe,allowed_empty_body,1,0,0,,0.0
citizen_services::GET__citizens_id_replica-9,citizen_services,GET /citizens/{id}/replica-9,sensitive_field_probe,allowed_with_extra_audit_metadata,1,5,0,,0.0
citizen_services::GET__citizens_id_replica-9,citizen_services,GET /citizens/{id}/replica-9,aggregation_boundary,allowed_full_sorted,1,5,0,,0.0
citizen_services::GET__citizens_id_replica-9,citizen_services,GET /citizens/{id}/replica-9,aggregation_boundary,allowed_full_shuffled,1,5,0,,0.0
citizen_services::GET__citizens_id_replica-9,citizen_services,GET /citizens/{id}/replica-9,aggregation_boundary,allowed_minimal_subset,1,2,0,,0.0
citizen_services::GET__citizens_id_replica-9,citizen_services,GET /citizens/{id}/replica-9,aggregation_boundary,allowed_empty_body,1,0,0,,0.0
citizen_services::GET__citizens_id_replica-9,citizen_services,GET /citizens/{id}/replica-9,aggregation_boundary,allowed_with_extra_audit_metadata,1,5,0,,0.0
citizen_services::GET__citizens_id_replica-9,citizen_services,GET /citizens/{id}/replica-9,deprecated_inventory,allowed_full_sorted,1,5,0,,0.0
citizen_services::GET__citizens_id_replica-9,citizen_services,GET /citizens/{id}/replica-9,deprecated_inventory,allowed_full_shuffled,1,5,0,,0.0
citizen_services::GET__citizens_id_replica-9,citizen_services,GET /citizens/{id}/replica-9,deprecated_inventory,allowed_minimal_subset,1,2,0,,0.0
citizen_services::GET__citizens_id_replica-9,citizen_services,GET /citizens/{id}/replica-9,deprecated_inventory,allowed_empty_body,1,0,0,,0.0
citizen_services::GET__citizens_id_replica-9,citizen_services,GET /citizens/{id}/replica-9,deprecated_inventory,allowed_with_extra_audit_metadata,1,5,0,,0.0
citizen_services::GET__benefits_id_replica-9,citizen_services,GET /benefits/{id}/replica-9,valid,allowed_full_sorted,1,5,0,,0.0
citizen_services::GET__benefits_id_replica-9,citizen_services,GET /benefits/{id}/replica-9,valid,allowed_full_shuffled,1,5,0,,0.0
citizen_services::GET__benefits_id_replica-9,citizen_services,GET /benefits/{id}/replica-9,valid,allowed_minimal_subset,1,2,0,,0.0
citizen_services::GET__benefits_id_replica-9,citizen_services,GET /benefits/{id}/replica-9,valid,allowed_empty_body,1,0,0,,0.0
citizen_services::GET__benefits_id_replica-9,citizen_services,GET /benefits/{id}/replica-9,valid,allowed_with_extra_audit_metadata,1,5,0,,0.0
citizen_services::GET__benefits_id_replica-9,citizen_services,GET /benefits/{id}/replica-9,wrong_role,denied_empty_body,0,0,0,,0.0
citizen_services::GET__benefits_id_replica-9,citizen_services,GET /benefits/{id}/replica-9,wrong_role,denied_audit_logged,0,0,0,,0.0
citizen_services::GET__benefits_id_replica-9,citizen_services,GET /benefits/{id}/replica-9,wrong_role,deprecated_endpoint_unavailable,0,0,0,,0.0
citizen_services::GET__benefits_id_replica-9,citizen_services,GET /benefits/{id}/replica-9,wrong_jurisdiction,denied_empty_body,0,0,0,,0.0
citizen_services::GET__benefits_id_replica-9,citizen_services,GET /benefits/{id}/replica-9,wrong_jurisdiction,denied_audit_logged,0,0,0,,0.0
citizen_services::GET__benefits_id_replica-9,citizen_services,GET /benefits/{id}/replica-9,wrong_jurisdiction,deprecated_endpoint_unavailable,0,0,0,,0.0
citizen_services::GET__benefits_id_replica-9,citizen_services,GET /benefits/{id}/replica-9,wrong_purpose,denied_empty_body,0,0,0,,0.0
citizen_services::GET__benefits_id_replica-9,citizen_services,GET /benefits/{id}/replica-9,wrong_purpose,denied_audit_logged,0,0,0,,0.0
citizen_services::GET__benefits_id_replica-9,citizen_services,GET /benefits/{id}/replica-9,wrong_purpose,deprecated_endpoint_unavailable,0,0,0,,0.0
citizen_services::GET__benefits_id_replica-9,citizen_services,GET /benefits/{id}/replica-9,self_access,allowed_full_sorted,1,6,0,,0.0
citizen_services::GET__benefits_id_replica-9,citizen_services,GET /benefits/{id}/replica-9,self_access,allowed_full_shuffled,1,6,0,,0.0
citizen_services::GET__benefits_id_replica-9,citizen_services,GET /benefits/{id}/replica-9,self_access,allowed_minimal_subset,1,3,0,,0.0
citizen_services::GET__benefits_id_replica-9,citizen_services,GET /benefits/{id}/replica-9,self_access,allowed_empty_body,1,0,0,,0.0
citizen_services::GET__benefits_id_replica-9,citizen_services,GET /benefits/{id}/replica-9,self_access,allowed_with_extra_audit_metadata,1,6,0,,0.0
citizen_services::GET__benefits_id_replica-9,citizen_services,GET /benefits/{id}/replica-9,unauthenticated,denied_empty_body,0,0,0,,0.0
citizen_services::GET__benefits_id_replica-9,citizen_services,GET /benefits/{id}/replica-9,unauthenticated,denied_audit_logged,0,0,0,,0.0
citizen_services::GET__benefits_id_replica-9,citizen_services,GET /benefits/{id}/replica-9,unauthenticated,deprecated_endpoint_unavailable,0,0,0,,0.0
citizen_services::GET__benefits_id_replica-9,citizen_services,GET /benefits/{id}/replica-9,sensitive_field_probe,allowed_full_sorted,1,5,0,,0.0
citizen_services::GET__benefits_id_replica-9,citizen_services,GET /benefits/{id}/replica-9,sensitive_field_probe,allowed_full_shuffled,1,5,0,,0.0
citizen_services::GET__benefits_id_replica-9,citizen_services,GET /benefits/{id}/replica-9,sensitive_field_probe,allowed_minimal_subset,1,2,0,,0.0
citizen_services::GET__benefits_id_replica-9,citizen_services,GET /benefits/{id}/replica-9,sensitive_field_probe,allowed_empty_body,1,0,0,,0.0
citizen_services::GET__benefits_id_replica-9,citizen_services,GET /benefits/{id}/replica-9,sensitive_field_probe,allowed_with_extra_audit_metadata,1,5,0,,0.0
citizen_services::GET__benefits_id_replica-9,citizen_services,GET /benefits/{id}/replica-9,aggregation_boundary,allowed_full_sorted,1,5,0,,0.0
citizen_services::GET__benefits_id_replica-9,citizen_services,GET /benefits/{id}/replica-9,aggregation_boundary,allowed_full_shuffled,1,5,0,,0.0
citizen_services::GET__benefits_id_replica-9,citizen_services,GET /benefits/{id}/replica-9,aggregation_boundary,allowed_minimal_subset,1,2,0,,0.0
citizen_services::GET__benefits_id_replica-9,citizen_services,GET /benefits/{id}/replica-9,aggregation_boundary,allowed_empty_body,1,0,0,,0.0
citizen_services::GET__benefits_id_replica-9,citizen_services,GET /benefits/{id}/replica-9,aggregation_boundary,allowed_with_extra_audit_metadata,1,5,0,,0.0
citizen_services::GET__benefits_id_replica-9,citizen_services,GET /benefits/{id}/replica-9,deprecated_inventory,allowed_full_sorted,1,5,0,,0.0
citizen_services::GET__benefits_id_replica-9,citizen_services,GET /benefits/{id}/replica-9,deprecated_inventory,allowed_full_shuffled,1,5,0,,0.0
citizen_services::GET__benefits_id_replica-9,citizen_services,GET /benefits/{id}/replica-9,deprecated_inventory,allowed_minimal_subset,1,2,0,,0.0
citizen_services::GET__benefits_id_replica-9,citizen_services,GET /benefits/{id}/replica-9,deprecated_inventory,allowed_empty_body,1,0,0,,0.0
citizen_services::GET__benefits_id_replica-9,citizen_services,GET /benefits/{id}/replica-9,deprecated_inventory,allowed_with_extra_audit_metadata,1,5,0,,0.0
citizen_services::GET__citizens_export_replica-9,citizen_services,GET /citizens/export/replica-9,valid,allowed_full_sorted,1,5,0,,0.0
citizen_services::GET__citizens_export_replica-9,citizen_services,GET /citizens/export/replica-9,valid,allowed_full_shuffled,1,5,0,,0.0
citizen_services::GET__citizens_export_replica-9,citizen_services,GET /citizens/export/replica-9,valid,allowed_minimal_subset,1,2,0,,0.0
citizen_services::GET__citizens_export_replica-9,citizen_services,GET /citizens/export/replica-9,valid,allowed_empty_body,1,0,0,,0.0
citizen_services::GET__citizens_export_replica-9,citizen_services,GET /citizens/export/replica-9,valid,allowed_with_extra_audit_metadata,1,5,0,,0.0
citizen_services::GET__citizens_export_replica-9,citizen_services,GET /citizens/export/replica-9,wrong_role,denied_empty_body,0,0,0,,0.0
citizen_services::GET__citizens_export_replica-9,citizen_services,GET /citizens/export/replica-9,wrong_role,denied_audit_logged,0,0,0,,0.0
citizen_services::GET__citizens_export_replica-9,citizen_services,GET /citizens/export/replica-9,wrong_role,deprecated_endpoint_unavailable,0,0,0,,0.0
citizen_services::GET__citizens_export_replica-9,citizen_services,GET /citizens/export/replica-9,wrong_jurisdiction,denied_empty_body,0,0,0,,0.0
citizen_services::GET__citizens_export_replica-9,citizen_services,GET /citizens/export/replica-9,wrong_jurisdiction,denied_audit_logged,0,0,0,,0.0
citizen_services::GET__citizens_export_replica-9,citizen_services,GET /citizens/export/replica-9,wrong_jurisdiction,deprecated_endpoint_unavailable,0,0,0,,0.0
citizen_services::GET__citizens_export_replica-9,citizen_services,GET /citizens/export/replica-9,wrong_purpose,denied_empty_body,0,0,0,,0.0
citizen_services::GET__citizens_export_replica-9,citizen_services,GET /citizens/export/replica-9,wrong_purpose,denied_audit_logged,0,0,0,,0.0
citizen_services::GET__citizens_export_replica-9,citizen_services,GET /citizens/export/replica-9,wrong_purpose,deprecated_endpoint_unavailable,0,0,0,,0.0
citizen_services::GET__citizens_export_replica-9,citizen_services,GET /citizens/export/replica-9,self_access,allowed_full_sorted,1,5,0,,0.0
citizen_services::GET__citizens_export_replica-9,citizen_services,GET /citizens/export/replica-9,self_access,allowed_full_shuffled,1,5,0,,0.0
citizen_services::GET__citizens_export_replica-9,citizen_services,GET /citizens/export/replica-9,self_access,allowed_minimal_subset,1,2,0,,0.0
citizen_services::GET__citizens_export_replica-9,citizen_services,GET /citizens/export/replica-9,self_access,allowed_empty_body,1,0,0,,0.0
citizen_services::GET__citizens_export_replica-9,citizen_services,GET /citizens/export/replica-9,self_access,allowed_with_extra_audit_metadata,1,5,0,,0.0
citizen_services::GET__citizens_export_replica-9,citizen_services,GET /citizens/export/replica-9,unauthenticated,denied_empty_body,0,0,0,,0.0
citizen_services::GET__citizens_export_replica-9,citizen_services,GET /citizens/export/replica-9,unauthenticated,denied_audit_logged,0,0,0,,0.0
citizen_services::GET__citizens_export_replica-9,citizen_services,GET /citizens/export/replica-9,unauthenticated,deprecated_endpoint_unavailable,0,0,0,,0.0
citizen_services::GET__citizens_export_replica-9,citizen_services,GET /citizens/export/replica-9,sensitive_field_probe,allowed_full_sorted,1,5,0,,0.0
citizen_services::GET__citizens_export_replica-9,citizen_services,GET /citizens/export/replica-9,sensitive_field_probe,allowed_full_shuffled,1,5,0,,0.0
citizen_services::GET__citizens_export_replica-9,citizen_services,GET /citizens/export/replica-9,sensitive_field_probe,allowed_minimal_subset,1,2,0,,0.0
citizen_services::GET__citizens_export_replica-9,citizen_services,GET /citizens/export/replica-9,sensitive_field_probe,allowed_empty_body,1,0,0,,0.0
citizen_services::GET__citizens_export_replica-9,citizen_services,GET /citizens/export/replica-9,sensitive_field_probe,allowed_with_extra_audit_metadata,1,5,0,,0.0
citizen_services::GET__citizens_export_replica-9,citizen_services,GET /citizens/export/replica-9,aggregation_boundary,allowed_full_sorted,1,5,0,,0.0
citizen_services::GET__citizens_export_replica-9,citizen_services,GET /citizens/export/replica-9,aggregation_boundary,allowed_full_shuffled,1,5,0,,0.0
citizen_services::GET__citizens_export_replica-9,citizen_services,GET /citizens/export/replica-9,aggregation_boundary,allowed_minimal_subset,1,2,0,,0.0
citizen_services::GET__citizens_export_replica-9,citizen_services,GET /citizens/export/replica-9,aggregation_boundary,allowed_empty_body,1,0,0,,0.0
citizen_services::GET__citizens_export_replica-9,citizen_services,GET /citizens/export/replica-9,aggregation_boundary,allowed_with_extra_audit_metadata,1,5,0,,0.0
citizen_services::GET__citizens_export_replica-9,citizen_services,GET /citizens/export/replica-9,deprecated_inventory,allowed_full_sorted,1,5,0,,0.0
citizen_services::GET__citizens_export_replica-9,citizen_services,GET /citizens/export/replica-9,deprecated_inventory,allowed_full_shuffled,1,5,0,,0.0
citizen_services::GET__citizens_export_replica-9,citizen_services,GET /citizens/export/replica-9,deprecated_inventory,allowed_minimal_subset,1,2,0,,0.0
citizen_services::GET__citizens_export_replica-9,citizen_services,GET /citizens/export/replica-9,deprecated_inventory,allowed_empty_body,1,0,0,,0.0
citizen_services::GET__citizens_export_replica-9,citizen_services,GET /citizens/export/replica-9,deprecated_inventory,allowed_with_extra_audit_metadata,1,5,0,,0.0
education::GET__students_id_record_replica-9,education,GET /students/{id}/record/replica-9,valid,allowed_full_sorted,1,4,0,,0.0
education::GET__students_id_record_replica-9,education,GET /students/{id}/record/replica-9,valid,allowed_full_shuffled,1,4,0,,0.0
education::GET__students_id_record_replica-9,education,GET /students/{id}/record/replica-9,valid,allowed_minimal_subset,1,2,0,,0.0
education::GET__students_id_record_replica-9,education,GET /students/{id}/record/replica-9,valid,allowed_empty_body,1,0,0,,0.0
education::GET__students_id_record_replica-9,education,GET /students/{id}/record/replica-9,valid,allowed_with_extra_audit_metadata,1,4,0,,0.0
education::GET__students_id_record_replica-9,education,GET /students/{id}/record/replica-9,wrong_role,denied_empty_body,0,0,0,,0.0
education::GET__students_id_record_replica-9,education,GET /students/{id}/record/replica-9,wrong_role,denied_audit_logged,0,0,0,,0.0
education::GET__students_id_record_replica-9,education,GET /students/{id}/record/replica-9,wrong_role,deprecated_endpoint_unavailable,0,0,0,,0.0
education::GET__students_id_record_replica-9,education,GET /students/{id}/record/replica-9,wrong_jurisdiction,denied_empty_body,0,0,0,,0.0
education::GET__students_id_record_replica-9,education,GET /students/{id}/record/replica-9,wrong_jurisdiction,denied_audit_logged,0,0,0,,0.0
education::GET__students_id_record_replica-9,education,GET /students/{id}/record/replica-9,wrong_jurisdiction,deprecated_endpoint_unavailable,0,0,0,,0.0
education::GET__students_id_record_replica-9,education,GET /students/{id}/record/replica-9,wrong_purpose,denied_empty_body,0,0,0,,0.0
education::GET__students_id_record_replica-9,education,GET /students/{id}/record/replica-9,wrong_purpose,denied_audit_logged,0,0,0,,0.0
education::GET__students_id_record_replica-9,education,GET /students/{id}/record/replica-9,wrong_purpose,deprecated_endpoint_unavailable,0,0,0,,0.0
education::GET__students_id_record_replica-9,education,GET /students/{id}/record/replica-9,self_access,allowed_full_sorted,1,4,0,,0.0
education::GET__students_id_record_replica-9,education,GET /students/{id}/record/replica-9,self_access,allowed_full_shuffled,1,4,0,,0.0
education::GET__students_id_record_replica-9,education,GET /students/{id}/record/replica-9,self_access,allowed_minimal_subset,1,2,0,,0.0
education::GET__students_id_record_replica-9,education,GET /students/{id}/record/replica-9,self_access,allowed_empty_body,1,0,0,,0.0
education::GET__students_id_record_replica-9,education,GET /students/{id}/record/replica-9,self_access,allowed_with_extra_audit_metadata,1,4,0,,0.0
education::GET__students_id_record_replica-9,education,GET /students/{id}/record/replica-9,unauthenticated,denied_empty_body,0,0,0,,0.0
education::GET__students_id_record_replica-9,education,GET /students/{id}/record/replica-9,unauthenticated,denied_audit_logged,0,0,0,,0.0
education::GET__students_id_record_replica-9,education,GET /students/{id}/record/replica-9,unauthenticated,deprecated_endpoint_unavailable,0,0,0,,0.0
education::GET__students_id_record_replica-9,education,GET /students/{id}/record/replica-9,sensitive_field_probe,allowed_full_sorted,1,4,0,,0.0
education::GET__students_id_record_replica-9,education,GET /students/{id}/record/replica-9,sensitive_field_probe,allowed_full_shuffled,1,4,0,,0.0
education::GET__students_id_record_replica-9,education,GET /students/{id}/record/replica-9,sensitive_field_probe,allowed_minimal_subset,1,2,0,,0.0
education::GET__students_id_record_replica-9,education,GET /students/{id}/record/replica-9,sensitive_field_probe,allowed_empty_body,1,0,0,,0.0
education::GET__students_id_record_replica-9,education,GET /students/{id}/record/replica-9,sensitive_field_probe,allowed_with_extra_audit_metadata,1,4,0,,0.0
education::GET__students_id_record_replica-9,education,GET /students/{id}/record/replica-9,aggregation_boundary,allowed_full_sorted,1,4,0,,0.0
education::GET__students_id_record_replica-9,education,GET /students/{id}/record/replica-9,aggregation_boundary,allowed_full_shuffled,1,4,0,,0.0
education::GET__students_id_record_replica-9,education,GET /students/{id}/record/replica-9,aggregation_boundary,allowed_minimal_subset,1,2,0,,0.0
education::GET__students_id_record_replica-9,education,GET /students/{id}/record/replica-9,aggregation_boundary,allowed_empty_body,1,0,0,,0.0
education::GET__students_id_record_replica-9,education,GET /students/{id}/record/replica-9,aggregation_boundary,allowed_with_extra_audit_metadata,1,4,0,,0.0
education::GET__students_id_record_replica-9,education,GET /students/{id}/record/replica-9,deprecated_inventory,allowed_full_sorted,1,4,0,,0.0
education::GET__students_id_record_replica-9,education,GET /students/{id}/record/replica-9,deprecated_inventory,allowed_full_shuffled,1,4,0,,0.0
education::GET__students_id_record_replica-9,education,GET /students/{id}/record/replica-9,deprecated_inventory,allowed_minimal_subset,1,2,0,,0.0
education::GET__students_id_record_replica-9,education,GET /students/{id}/record/replica-9,deprecated_inventory,allowed_empty_body,1,0,0,,0.0
education::GET__students_id_record_replica-9,education,GET /students/{id}/record/replica-9,deprecated_inventory,allowed_with_extra_audit_metadata,1,4,0,,0.0
education::GET__classes_id_roster_replica-9,education,GET /classes/{id}/roster/replica-9,valid,allowed_full_sorted,1,4,0,,0.0
education::GET__classes_id_roster_replica-9,education,GET /classes/{id}/roster/replica-9,valid,allowed_full_shuffled,1,4,0,,0.0
education::GET__classes_id_roster_replica-9,education,GET /classes/{id}/roster/replica-9,valid,allowed_minimal_subset,1,2,0,,0.0
education::GET__classes_id_roster_replica-9,education,GET /classes/{id}/roster/replica-9,valid,allowed_empty_body,1,0,0,,0.0
education::GET__classes_id_roster_replica-9,education,GET /classes/{id}/roster/replica-9,valid,allowed_with_extra_audit_metadata,1,4,0,,0.0
education::GET__classes_id_roster_replica-9,education,GET /classes/{id}/roster/replica-9,wrong_role,denied_empty_body,0,0,0,,0.0
education::GET__classes_id_roster_replica-9,education,GET /classes/{id}/roster/replica-9,wrong_role,denied_audit_logged,0,0,0,,0.0
education::GET__classes_id_roster_replica-9,education,GET /classes/{id}/roster/replica-9,wrong_role,deprecated_endpoint_unavailable,0,0,0,,0.0
education::GET__classes_id_roster_replica-9,education,GET /classes/{id}/roster/replica-9,wrong_jurisdiction,denied_empty_body,0,0,0,,0.0
education::GET__classes_id_roster_replica-9,education,GET /classes/{id}/roster/replica-9,wrong_jurisdiction,denied_audit_logged,0,0,0,,0.0
education::GET__classes_id_roster_replica-9,education,GET /classes/{id}/roster/replica-9,wrong_jurisdiction,deprecated_endpoint_unavailable,0,0,0,,0.0
education::GET__classes_id_roster_replica-9,education,GET /classes/{id}/roster/replica-9,wrong_purpose,denied_empty_body,0,0,0,,0.0
education::GET__classes_id_roster_replica-9,education,GET /classes/{id}/roster/replica-9,wrong_purpose,denied_audit_logged,0,0,0,,0.0
education::GET__classes_id_roster_replica-9,education,GET /classes/{id}/roster/replica-9,wrong_purpose,deprecated_endpoint_unavailable,0,0,0,,0.0
education::GET__classes_id_roster_replica-9,education,GET /classes/{id}/roster/replica-9,self_access,allowed_full_sorted,1,4,0,,0.0
education::GET__classes_id_roster_replica-9,education,GET /classes/{id}/roster/replica-9,self_access,allowed_full_shuffled,1,4,0,,0.0
education::GET__classes_id_roster_replica-9,education,GET /classes/{id}/roster/replica-9,self_access,allowed_minimal_subset,1,2,0,,0.0
education::GET__classes_id_roster_replica-9,education,GET /classes/{id}/roster/replica-9,self_access,allowed_empty_body,1,0,0,,0.0
education::GET__classes_id_roster_replica-9,education,GET /classes/{id}/roster/replica-9,self_access,allowed_with_extra_audit_metadata,1,4,0,,0.0
education::GET__classes_id_roster_replica-9,education,GET /classes/{id}/roster/replica-9,unauthenticated,denied_empty_body,0,0,0,,0.0
education::GET__classes_id_roster_replica-9,education,GET /classes/{id}/roster/replica-9,unauthenticated,denied_audit_logged,0,0,0,,0.0
education::GET__classes_id_roster_replica-9,education,GET /classes/{id}/roster/replica-9,unauthenticated,deprecated_endpoint_unavailable,0,0,0,,0.0
education::GET__classes_id_roster_replica-9,education,GET /classes/{id}/roster/replica-9,sensitive_field_probe,allowed_full_sorted,1,4,0,,0.0
education::GET__classes_id_roster_replica-9,education,GET /classes/{id}/roster/replica-9,sensitive_field_probe,allowed_full_shuffled,1,4,0,,0.0
education::GET__classes_id_roster_replica-9,education,GET /classes/{id}/roster/replica-9,sensitive_field_probe,allowed_minimal_subset,1,2,0,,0.0
education::GET__classes_id_roster_replica-9,education,GET /classes/{id}/roster/replica-9,sensitive_field_probe,allowed_empty_body,1,0,0,,0.0
education::GET__classes_id_roster_replica-9,education,GET /classes/{id}/roster/replica-9,sensitive_field_probe,allowed_with_extra_audit_metadata,1,4,0,,0.0
education::GET__classes_id_roster_replica-9,education,GET /classes/{id}/roster/replica-9,aggregation_boundary,allowed_full_sorted,1,4,0,,0.0
education::GET__classes_id_roster_replica-9,education,GET /classes/{id}/roster/replica-9,aggregation_boundary,allowed_full_shuffled,1,4,0,,0.0
education::GET__classes_id_roster_replica-9,education,GET /classes/{id}/roster/replica-9,aggregation_boundary,allowed_minimal_subset,1,2,0,,0.0
education::GET__classes_id_roster_replica-9,education,GET /classes/{id}/roster/replica-9,aggregation_boundary,allowed_empty_body,1,0,0,,0.0
education::GET__classes_id_roster_replica-9,education,GET /classes/{id}/roster/replica-9,aggregation_boundary,allowed_with_extra_audit_metadata,1,4,0,,0.0
education::GET__classes_id_roster_replica-9,education,GET /classes/{id}/roster/replica-9,deprecated_inventory,allowed_full_sorted,1,4,0,,0.0
education::GET__classes_id_roster_replica-9,education,GET /classes/{id}/roster/replica-9,deprecated_inventory,allowed_full_shuffled,1,4,0,,0.0
education::GET__classes_id_roster_replica-9,education,GET /classes/{id}/roster/replica-9,deprecated_inventory,allowed_minimal_subset,1,2,0,,0.0
education::GET__classes_id_roster_replica-9,education,GET /classes/{id}/roster/replica-9,deprecated_inventory,allowed_empty_body,1,0,0,,0.0
education::GET__classes_id_roster_replica-9,education,GET /classes/{id}/roster/replica-9,deprecated_inventory,allowed_with_extra_audit_metadata,1,4,0,,0.0
education::GET__discipline_id_replica-9,education,GET /discipline/{id}/replica-9,valid,allowed_full_sorted,1,4,0,,0.0
education::GET__discipline_id_replica-9,education,GET /discipline/{id}/replica-9,valid,allowed_full_shuffled,1,4,0,,0.0
education::GET__discipline_id_replica-9,education,GET /discipline/{id}/replica-9,valid,allowed_minimal_subset,1,2,0,,0.0
education::GET__discipline_id_replica-9,education,GET /discipline/{id}/replica-9,valid,allowed_empty_body,1,0,0,,0.0
education::GET__discipline_id_replica-9,education,GET /discipline/{id}/replica-9,valid,allowed_with_extra_audit_metadata,1,4,0,,0.0
education::GET__discipline_id_replica-9,education,GET /discipline/{id}/replica-9,wrong_role,denied_empty_body,0,0,0,,0.0
education::GET__discipline_id_replica-9,education,GET /discipline/{id}/replica-9,wrong_role,denied_audit_logged,0,0,0,,0.0
education::GET__discipline_id_replica-9,education,GET /discipline/{id}/replica-9,wrong_role,deprecated_endpoint_unavailable,0,0,0,,0.0
education::GET__discipline_id_replica-9,education,GET /discipline/{id}/replica-9,wrong_jurisdiction,denied_empty_body,0,0,0,,0.0
education::GET__discipline_id_replica-9,education,GET /discipline/{id}/replica-9,wrong_jurisdiction,denied_audit_logged,0,0,0,,0.0
education::GET__discipline_id_replica-9,education,GET /discipline/{id}/replica-9,wrong_jurisdiction,deprecated_endpoint_unavailable,0,0,0,,0.0
education::GET__discipline_id_replica-9,education,GET /discipline/{id}/replica-9,wrong_purpose,denied_empty_body,0,0,0,,0.0
education::GET__discipline_id_replica-9,education,GET /discipline/{id}/replica-9,wrong_purpose,denied_audit_logged,0,0,0,,0.0
education::GET__discipline_id_replica-9,education,GET /discipline/{id}/replica-9,wrong_purpose,deprecated_endpoint_unavailable,0,0,0,,0.0
education::GET__discipline_id_replica-9,education,GET /discipline/{id}/replica-9,self_access,allowed_full_sorted,1,5,0,,0.0
education::GET__discipline_id_replica-9,education,GET /discipline/{id}/replica-9,self_access,allowed_full_shuffled,1,5,0,,0.0
education::GET__discipline_id_replica-9,education,GET /discipline/{id}/replica-9,self_access,allowed_minimal_subset,1,2,0,,0.0
education::GET__discipline_id_replica-9,education,GET /discipline/{id}/replica-9,self_access,allowed_empty_body,1,0,0,,0.0
education::GET__discipline_id_replica-9,education,GET /discipline/{id}/replica-9,self_access,allowed_with_extra_audit_metadata,1,5,0,,0.0
education::GET__discipline_id_replica-9,education,GET /discipline/{id}/replica-9,unauthenticated,denied_empty_body,0,0,0,,0.0
education::GET__discipline_id_replica-9,education,GET /discipline/{id}/replica-9,unauthenticated,denied_audit_logged,0,0,0,,0.0
education::GET__discipline_id_replica-9,education,GET /discipline/{id}/replica-9,unauthenticated,deprecated_endpoint_unavailable,0,0,0,,0.0
education::GET__discipline_id_replica-9,education,GET /discipline/{id}/replica-9,sensitive_field_probe,allowed_full_sorted,1,4,0,,0.0
education::GET__discipline_id_replica-9,education,GET /discipline/{id}/replica-9,sensitive_field_probe,allowed_full_shuffled,1,4,0,,0.0
education::GET__discipline_id_replica-9,education,GET /discipline/{id}/replica-9,sensitive_field_probe,allowed_minimal_subset,1,2,0,,0.0
education::GET__discipline_id_replica-9,education,GET /discipline/{id}/replica-9,sensitive_field_probe,allowed_empty_body,1,0,0,,0.0
education::GET__discipline_id_replica-9,education,GET /discipline/{id}/replica-9,sensitive_field_probe,allowed_with_extra_audit_metadata,1,4,0,,0.0
education::GET__discipline_id_replica-9,education,GET /discipline/{id}/replica-9,aggregation_boundary,allowed_full_sorted,1,4,0,,0.0
education::GET__discipline_id_replica-9,education,GET /discipline/{id}/replica-9,aggregation_boundary,allowed_full_shuffled,1,4,0,,0.0
education::GET__discipline_id_replica-9,education,GET /discipline/{id}/replica-9,aggregation_boundary,allowed_minimal_subset,1,2,0,,0.0
education::GET__discipline_id_replica-9,education,GET /discipline/{id}/replica-9,aggregation_boundary,allowed_empty_body,1,0,0,,0.0
education::GET__discipline_id_replica-9,education,GET /discipline/{id}/replica-9,aggregation_boundary,allowed_with_extra_audit_metadata,1,4,0,,0.0
education::GET__discipline_id_replica-9,education,GET /discipline/{id}/replica-9,deprecated_inventory,allowed_full_sorted,1,4,0,,0.0
education::GET__discipline_id_replica-9,education,GET /discipline/{id}/replica-9,deprecated_inventory,allowed_full_shuffled,1,4,0,,0.0
education::GET__discipline_id_replica-9,education,GET /discipline/{id}/replica-9,deprecated_inventory,allowed_minimal_subset,1,2,0,,0.0
education::GET__discipline_id_replica-9,education,GET /discipline/{id}/replica-9,deprecated_inventory,allowed_empty_body,1,0,0,,0.0
education::GET__discipline_id_replica-9,education,GET /discipline/{id}/replica-9,deprecated_inventory,allowed_with_extra_audit_metadata,1,4,0,,0.0
business_licensing::GET__licenses_id_replica-9,business_licensing,GET /licenses/{id}/replica-9,valid,allowed_full_sorted,1,7,0,,0.0
business_licensing::GET__licenses_id_replica-9,business_licensing,GET /licenses/{id}/replica-9,valid,allowed_full_shuffled,1,7,0,,0.0
business_licensing::GET__licenses_id_replica-9,business_licensing,GET /licenses/{id}/replica-9,valid,allowed_minimal_subset,1,3,0,,0.0
business_licensing::GET__licenses_id_replica-9,business_licensing,GET /licenses/{id}/replica-9,valid,allowed_empty_body,1,0,0,,0.0
business_licensing::GET__licenses_id_replica-9,business_licensing,GET /licenses/{id}/replica-9,valid,allowed_with_extra_audit_metadata,1,7,0,,0.0
business_licensing::GET__licenses_id_replica-9,business_licensing,GET /licenses/{id}/replica-9,wrong_role,denied_empty_body,0,0,0,,0.0
business_licensing::GET__licenses_id_replica-9,business_licensing,GET /licenses/{id}/replica-9,wrong_role,denied_audit_logged,0,0,0,,0.0
business_licensing::GET__licenses_id_replica-9,business_licensing,GET /licenses/{id}/replica-9,wrong_role,deprecated_endpoint_unavailable,0,0,0,,0.0
business_licensing::GET__licenses_id_replica-9,business_licensing,GET /licenses/{id}/replica-9,wrong_jurisdiction,denied_empty_body,0,0,0,,0.0
business_licensing::GET__licenses_id_replica-9,business_licensing,GET /licenses/{id}/replica-9,wrong_jurisdiction,denied_audit_logged,0,0,0,,0.0
business_licensing::GET__licenses_id_replica-9,business_licensing,GET /licenses/{id}/replica-9,wrong_jurisdiction,deprecated_endpoint_unavailable,0,0,0,,0.0
business_licensing::GET__licenses_id_replica-9,business_licensing,GET /licenses/{id}/replica-9,wrong_purpose,denied_empty_body,0,0,0,,0.0
business_licensing::GET__licenses_id_replica-9,business_licensing,GET /licenses/{id}/replica-9,wrong_purpose,denied_audit_logged,0,0,0,,0.0
business_licensing::GET__licenses_id_replica-9,business_licensing,GET /licenses/{id}/replica-9,wrong_purpose,deprecated_endpoint_unavailable,0,0,0,,0.0
business_licensing::GET__licenses_id_replica-9,business_licensing,GET /licenses/{id}/replica-9,self_access,allowed_full_sorted,1,6,0,,0.0
business_licensing::GET__licenses_id_replica-9,business_licensing,GET /licenses/{id}/replica-9,self_access,allowed_full_shuffled,1,6,0,,0.0
business_licensing::GET__licenses_id_replica-9,business_licensing,GET /licenses/{id}/replica-9,self_access,allowed_minimal_subset,1,3,0,,0.0
business_licensing::GET__licenses_id_replica-9,business_licensing,GET /licenses/{id}/replica-9,self_access,allowed_empty_body,1,0,0,,0.0
business_licensing::GET__licenses_id_replica-9,business_licensing,GET /licenses/{id}/replica-9,self_access,allowed_with_extra_audit_metadata,1,6,0,,0.0
business_licensing::GET__licenses_id_replica-9,business_licensing,GET /licenses/{id}/replica-9,unauthenticated,denied_empty_body,0,0,0,,0.0
business_licensing::GET__licenses_id_replica-9,business_licensing,GET /licenses/{id}/replica-9,unauthenticated,denied_audit_logged,0,0,0,,0.0
business_licensing::GET__licenses_id_replica-9,business_licensing,GET /licenses/{id}/replica-9,unauthenticated,deprecated_endpoint_unavailable,0,0,0,,0.0
business_licensing::GET__licenses_id_replica-9,business_licensing,GET /licenses/{id}/replica-9,sensitive_field_probe,allowed_full_sorted,1,7,0,,0.0
business_licensing::GET__licenses_id_replica-9,business_licensing,GET /licenses/{id}/replica-9,sensitive_field_probe,allowed_full_shuffled,1,7,0,,0.0
business_licensing::GET__licenses_id_replica-9,business_licensing,GET /licenses/{id}/replica-9,sensitive_field_probe,allowed_minimal_subset,1,3,0,,0.0
business_licensing::GET__licenses_id_replica-9,business_licensing,GET /licenses/{id}/replica-9,sensitive_field_probe,allowed_empty_body,1,0,0,,0.0
business_licensing::GET__licenses_id_replica-9,business_licensing,GET /licenses/{id}/replica-9,sensitive_field_probe,allowed_with_extra_audit_metadata,1,7,0,,0.0
business_licensing::GET__licenses_id_replica-9,business_licensing,GET /licenses/{id}/replica-9,aggregation_boundary,allowed_full_sorted,1,7,0,,0.0
business_licensing::GET__licenses_id_replica-9,business_licensing,GET /licenses/{id}/replica-9,aggregation_boundary,allowed_full_shuffled,1,7,0,,0.0
business_licensing::GET__licenses_id_replica-9,business_licensing,GET /licenses/{id}/replica-9,aggregation_boundary,allowed_minimal_subset,1,3,0,,0.0
business_licensing::GET__licenses_id_replica-9,business_licensing,GET /licenses/{id}/replica-9,aggregation_boundary,allowed_empty_body,1,0,0,,0.0
business_licensing::GET__licenses_id_replica-9,business_licensing,GET /licenses/{id}/replica-9,aggregation_boundary,allowed_with_extra_audit_metadata,1,7,0,,0.0
business_licensing::GET__licenses_id_replica-9,business_licensing,GET /licenses/{id}/replica-9,deprecated_inventory,allowed_full_sorted,1,7,0,,0.0
business_licensing::GET__licenses_id_replica-9,business_licensing,GET /licenses/{id}/replica-9,deprecated_inventory,allowed_full_shuffled,1,7,0,,0.0
business_licensing::GET__licenses_id_replica-9,business_licensing,GET /licenses/{id}/replica-9,deprecated_inventory,allowed_minimal_subset,1,3,0,,0.0
business_licensing::GET__licenses_id_replica-9,business_licensing,GET /licenses/{id}/replica-9,deprecated_inventory,allowed_empty_body,1,0,0,,0.0
business_licensing::GET__licenses_id_replica-9,business_licensing,GET /licenses/{id}/replica-9,deprecated_inventory,allowed_with_extra_audit_metadata,1,7,0,,0.0
business_licensing::GET__inspections_id_replica-9,business_licensing,GET /inspections/{id}/replica-9,valid,allowed_full_sorted,1,6,0,,0.0
business_licensing::GET__inspections_id_replica-9,business_licensing,GET /inspections/{id}/replica-9,valid,allowed_full_shuffled,1,6,0,,0.0
business_licensing::GET__inspections_id_replica-9,business_licensing,GET /inspections/{id}/replica-9,valid,allowed_minimal_subset,1,3,0,,0.0
business_licensing::GET__inspections_id_replica-9,business_licensing,GET /inspections/{id}/replica-9,valid,allowed_empty_body,1,0,0,,0.0
business_licensing::GET__inspections_id_replica-9,business_licensing,GET /inspections/{id}/replica-9,valid,allowed_with_extra_audit_metadata,1,6,0,,0.0
business_licensing::GET__inspections_id_replica-9,business_licensing,GET /inspections/{id}/replica-9,wrong_role,denied_empty_body,0,0,0,,0.0
business_licensing::GET__inspections_id_replica-9,business_licensing,GET /inspections/{id}/replica-9,wrong_role,denied_audit_logged,0,0,0,,0.0
business_licensing::GET__inspections_id_replica-9,business_licensing,GET /inspections/{id}/replica-9,wrong_role,deprecated_endpoint_unavailable,0,0,0,,0.0
business_licensing::GET__inspections_id_replica-9,business_licensing,GET /inspections/{id}/replica-9,wrong_jurisdiction,denied_empty_body,0,0,0,,0.0
business_licensing::GET__inspections_id_replica-9,business_licensing,GET /inspections/{id}/replica-9,wrong_jurisdiction,denied_audit_logged,0,0,0,,0.0
business_licensing::GET__inspections_id_replica-9,business_licensing,GET /inspections/{id}/replica-9,wrong_jurisdiction,deprecated_endpoint_unavailable,0,0,0,,0.0
business_licensing::GET__inspections_id_replica-9,business_licensing,GET /inspections/{id}/replica-9,wrong_purpose,denied_empty_body,0,0,0,,0.0
business_licensing::GET__inspections_id_replica-9,business_licensing,GET /inspections/{id}/replica-9,wrong_purpose,denied_audit_logged,0,0,0,,0.0
business_licensing::GET__inspections_id_replica-9,business_licensing,GET /inspections/{id}/replica-9,wrong_purpose,deprecated_endpoint_unavailable,0,0,0,,0.0
business_licensing::GET__inspections_id_replica-9,business_licensing,GET /inspections/{id}/replica-9,self_access,allowed_full_sorted,1,5,0,,0.0
business_licensing::GET__inspections_id_replica-9,business_licensing,GET /inspections/{id}/replica-9,self_access,allowed_full_shuffled,1,5,0,,0.0
business_licensing::GET__inspections_id_replica-9,business_licensing,GET /inspections/{id}/replica-9,self_access,allowed_minimal_subset,1,2,0,,0.0
business_licensing::GET__inspections_id_replica-9,business_licensing,GET /inspections/{id}/replica-9,self_access,allowed_empty_body,1,0,0,,0.0
business_licensing::GET__inspections_id_replica-9,business_licensing,GET /inspections/{id}/replica-9,self_access,allowed_with_extra_audit_metadata,1,5,0,,0.0
business_licensing::GET__inspections_id_replica-9,business_licensing,GET /inspections/{id}/replica-9,unauthenticated,denied_empty_body,0,0,0,,0.0
business_licensing::GET__inspections_id_replica-9,business_licensing,GET /inspections/{id}/replica-9,unauthenticated,denied_audit_logged,0,0,0,,0.0
business_licensing::GET__inspections_id_replica-9,business_licensing,GET /inspections/{id}/replica-9,unauthenticated,deprecated_endpoint_unavailable,0,0,0,,0.0
business_licensing::GET__inspections_id_replica-9,business_licensing,GET /inspections/{id}/replica-9,sensitive_field_probe,allowed_full_sorted,1,6,0,,0.0
business_licensing::GET__inspections_id_replica-9,business_licensing,GET /inspections/{id}/replica-9,sensitive_field_probe,allowed_full_shuffled,1,6,0,,0.0
business_licensing::GET__inspections_id_replica-9,business_licensing,GET /inspections/{id}/replica-9,sensitive_field_probe,allowed_minimal_subset,1,3,0,,0.0
business_licensing::GET__inspections_id_replica-9,business_licensing,GET /inspections/{id}/replica-9,sensitive_field_probe,allowed_empty_body,1,0,0,,0.0
business_licensing::GET__inspections_id_replica-9,business_licensing,GET /inspections/{id}/replica-9,sensitive_field_probe,allowed_with_extra_audit_metadata,1,6,0,,0.0
business_licensing::GET__inspections_id_replica-9,business_licensing,GET /inspections/{id}/replica-9,aggregation_boundary,allowed_full_sorted,1,6,0,,0.0
business_licensing::GET__inspections_id_replica-9,business_licensing,GET /inspections/{id}/replica-9,aggregation_boundary,allowed_full_shuffled,1,6,0,,0.0
business_licensing::GET__inspections_id_replica-9,business_licensing,GET /inspections/{id}/replica-9,aggregation_boundary,allowed_minimal_subset,1,3,0,,0.0
business_licensing::GET__inspections_id_replica-9,business_licensing,GET /inspections/{id}/replica-9,aggregation_boundary,allowed_empty_body,1,0,0,,0.0
business_licensing::GET__inspections_id_replica-9,business_licensing,GET /inspections/{id}/replica-9,aggregation_boundary,allowed_with_extra_audit_metadata,1,6,0,,0.0
business_licensing::GET__inspections_id_replica-9,business_licensing,GET /inspections/{id}/replica-9,deprecated_inventory,allowed_full_sorted,1,6,0,,0.0
business_licensing::GET__inspections_id_replica-9,business_licensing,GET /inspections/{id}/replica-9,deprecated_inventory,allowed_full_shuffled,1,6,0,,0.0
business_licensing::GET__inspections_id_replica-9,business_licensing,GET /inspections/{id}/replica-9,deprecated_inventory,allowed_minimal_subset,1,3,0,,0.0
business_licensing::GET__inspections_id_replica-9,business_licensing,GET /inspections/{id}/replica-9,deprecated_inventory,allowed_empty_body,1,0,0,,0.0
business_licensing::GET__inspections_id_replica-9,business_licensing,GET /inspections/{id}/replica-9,deprecated_inventory,allowed_with_extra_audit_metadata,1,6,0,,0.0
business_licensing::GET__licenses_export_replica-9,business_licensing,GET /licenses/export/replica-9,valid,allowed_full_sorted,1,7,0,,0.0
business_licensing::GET__licenses_export_replica-9,business_licensing,GET /licenses/export/replica-9,valid,allowed_full_shuffled,1,7,0,,0.0
business_licensing::GET__licenses_export_replica-9,business_licensing,GET /licenses/export/replica-9,valid,allowed_minimal_subset,1,3,0,,0.0
business_licensing::GET__licenses_export_replica-9,business_licensing,GET /licenses/export/replica-9,valid,allowed_empty_body,1,0,0,,0.0
business_licensing::GET__licenses_export_replica-9,business_licensing,GET /licenses/export/replica-9,valid,allowed_with_extra_audit_metadata,1,7,0,,0.0
business_licensing::GET__licenses_export_replica-9,business_licensing,GET /licenses/export/replica-9,wrong_role,denied_empty_body,0,0,0,,0.0
business_licensing::GET__licenses_export_replica-9,business_licensing,GET /licenses/export/replica-9,wrong_role,denied_audit_logged,0,0,0,,0.0
business_licensing::GET__licenses_export_replica-9,business_licensing,GET /licenses/export/replica-9,wrong_role,deprecated_endpoint_unavailable,0,0,0,,0.0
business_licensing::GET__licenses_export_replica-9,business_licensing,GET /licenses/export/replica-9,wrong_jurisdiction,denied_empty_body,0,0,0,,0.0
business_licensing::GET__licenses_export_replica-9,business_licensing,GET /licenses/export/replica-9,wrong_jurisdiction,denied_audit_logged,0,0,0,,0.0
business_licensing::GET__licenses_export_replica-9,business_licensing,GET /licenses/export/replica-9,wrong_jurisdiction,deprecated_endpoint_unavailable,0,0,0,,0.0
business_licensing::GET__licenses_export_replica-9,business_licensing,GET /licenses/export/replica-9,wrong_purpose,denied_empty_body,0,0,0,,0.0
business_licensing::GET__licenses_export_replica-9,business_licensing,GET /licenses/export/replica-9,wrong_purpose,denied_audit_logged,0,0,0,,0.0
business_licensing::GET__licenses_export_replica-9,business_licensing,GET /licenses/export/replica-9,wrong_purpose,deprecated_endpoint_unavailable,0,0,0,,0.0
business_licensing::GET__licenses_export_replica-9,business_licensing,GET /licenses/export/replica-9,self_access,allowed_full_sorted,1,6,0,,0.0
business_licensing::GET__licenses_export_replica-9,business_licensing,GET /licenses/export/replica-9,self_access,allowed_full_shuffled,1,6,0,,0.0
business_licensing::GET__licenses_export_replica-9,business_licensing,GET /licenses/export/replica-9,self_access,allowed_minimal_subset,1,3,0,,0.0
business_licensing::GET__licenses_export_replica-9,business_licensing,GET /licenses/export/replica-9,self_access,allowed_empty_body,1,0,0,,0.0
business_licensing::GET__licenses_export_replica-9,business_licensing,GET /licenses/export/replica-9,self_access,allowed_with_extra_audit_metadata,1,6,0,,0.0
business_licensing::GET__licenses_export_replica-9,business_licensing,GET /licenses/export/replica-9,unauthenticated,denied_empty_body,0,0,0,,0.0
business_licensing::GET__licenses_export_replica-9,business_licensing,GET /licenses/export/replica-9,unauthenticated,denied_audit_logged,0,0,0,,0.0
business_licensing::GET__licenses_export_replica-9,business_licensing,GET /licenses/export/replica-9,unauthenticated,deprecated_endpoint_unavailable,0,0,0,,0.0
business_licensing::GET__licenses_export_replica-9,business_licensing,GET /licenses/export/replica-9,sensitive_field_probe,allowed_full_sorted,1,7,0,,0.0
business_licensing::GET__licenses_export_replica-9,business_licensing,GET /licenses/export/replica-9,sensitive_field_probe,allowed_full_shuffled,1,7,0,,0.0
business_licensing::GET__licenses_export_replica-9,business_licensing,GET /licenses/export/replica-9,sensitive_field_probe,allowed_minimal_subset,1,3,0,,0.0
business_licensing::GET__licenses_export_replica-9,business_licensing,GET /licenses/export/replica-9,sensitive_field_probe,allowed_empty_body,1,0,0,,0.0
business_licensing::GET__licenses_export_replica-9,business_licensing,GET /licenses/export/replica-9,sensitive_field_probe,allowed_with_extra_audit_metadata,1,7,0,,0.0
business_licensing::GET__licenses_export_replica-9,business_licensing,GET /licenses/export/replica-9,aggregation_boundary,allowed_full_sorted,1,7,0,,0.0
business_licensing::GET__licenses_export_replica-9,business_licensing,GET /licenses/export/replica-9,aggregation_boundary,allowed_full_shuffled,1,7,0,,0.0
business_licensing::GET__licenses_export_replica-9,business_licensing,GET /licenses/export/replica-9,aggregation_boundary,allowed_minimal_subset,1,3,0,,0.0
business_licensing::GET__licenses_export_replica-9,business_licensing,GET /licenses/export/replica-9,aggregation_boundary,allowed_empty_body,1,0,0,,0.0
business_licensing::GET__licenses_export_replica-9,business_licensing,GET /licenses/export/replica-9,aggregation_boundary,allowed_with_extra_audit_metadata,1,7,0,,0.0
business_licensing::GET__licenses_export_replica-9,business_licensing,GET /licenses/export/replica-9,deprecated_inventory,allowed_full_sorted,1,7,0,,0.0
business_licensing::GET__licenses_export_replica-9,business_licensing,GET /licenses/export/replica-9,deprecated_inventory,allowed_full_shuffled,1,7,0,,0.0
business_licensing::GET__licenses_export_replica-9,business_licensing,GET /licenses/export/replica-9,deprecated_inventory,allowed_minimal_subset,1,3,0,,0.0
business_licensing::GET__licenses_export_replica-9,business_licensing,GET /licenses/export/replica-9,deprecated_inventory,allowed_empty_body,1,0,0,,0.0
business_licensing::GET__licenses_export_replica-9,business_licensing,GET /licenses/export/replica-9,deprecated_inventory,allowed_with_extra_audit_metadata,1,7,0,,0.0
