method,variant_id,domain,endpoint,bug_type,family,owasp,severity,ground_truth_bug,detected,risk,risk_flagged,tests_run,tests_flagged
audit_contract_tests,business_licensing::GET__inspections_id::aggregation_leak,business_licensing,GET /inspections/{id},aggregation_leak,property_auth,API3,4,1,0,192.0,0.0,9,0
audit_contract_tests,business_licensing::GET__inspections_id::correct,business_licensing,GET /inspections/{id},correct,clean,,0,0,0,0.0,0.0,9,0
audit_contract_tests,business_licensing::GET__inspections_id::deprecated_exposed,business_licensing,GET /inspections/{id},deprecated_exposed,inventory,API9,3,1,0,720.0,0.0,9,0
audit_contract_tests,business_licensing::GET__inspections_id::jurisdiction_bypass,business_licensing,GET /inspections/{id},jurisdiction_bypass,object_auth,API1,5,1,0,600.0,0.0,9,0
audit_contract_tests,business_licensing::GET__inspections_id::missing_audit_log,business_licensing,GET /inspections/{id},missing_audit_log,auditability,API10,3,1,1,240.0,27.0,9,9
audit_contract_tests,business_licensing::GET__inspections_id::missing_auth,business_licensing,GET /inspections/{id},missing_auth,function_auth,API2,5,1,0,1600.0,0.0,9,0
audit_contract_tests,business_licensing::GET__inspections_id::missing_field_filter,business_licensing,GET /inspections/{id},missing_field_filter,property_auth,API3,5,1,0,240.0,0.0,9,0
audit_contract_tests,business_licensing::GET__inspections_id::missing_object_check,business_licensing,GET /inspections/{id},missing_object_check,object_auth,API1,5,1,0,600.0,0.0,9,0
audit_contract_tests,business_licensing::GET__inspections_id::overbroad_role,business_licensing,GET /inspections/{id},overbroad_role,function_auth,API5,4,1,0,960.0,0.0,9,0
audit_contract_tests,business_licensing::GET__inspections_id::purpose_bypass,business_licensing,GET /inspections/{id},purpose_bypass,purpose_scope,API5,4,1,0,320.0,0.0,9,0
audit_contract_tests,business_licensing::GET__licenses_export::aggregation_leak,business_licensing,GET /licenses/export,aggregation_leak,property_auth,API3,4,1,0,256.0,0.0,9,0
audit_contract_tests,business_licensing::GET__licenses_export::correct,business_licensing,GET /licenses/export,correct,clean,,0,0,0,0.0,0.0,9,0
audit_contract_tests,business_licensing::GET__licenses_export::deprecated_exposed,business_licensing,GET /licenses/export,deprecated_exposed,inventory,API9,3,1,0,720.0,0.0,9,0
audit_contract_tests,business_licensing::GET__licenses_export::jurisdiction_bypass,business_licensing,GET /licenses/export,jurisdiction_bypass,object_auth,API1,5,1,0,600.0,0.0,9,0
audit_contract_tests,business_licensing::GET__licenses_export::missing_audit_log,business_licensing,GET /licenses/export,missing_audit_log,auditability,API10,3,1,1,240.0,27.0,9,9
audit_contract_tests,business_licensing::GET__licenses_export::missing_auth,business_licensing,GET /licenses/export,missing_auth,function_auth,API2,5,1,0,1600.0,0.0,9,0
audit_contract_tests,business_licensing::GET__licenses_export::missing_field_filter,business_licensing,GET /licenses/export,missing_field_filter,property_auth,API3,5,1,0,320.0,0.0,9,0
audit_contract_tests,business_licensing::GET__licenses_export::missing_object_check,business_licensing,GET /licenses/export,missing_object_check,object_auth,API1,5,1,0,600.0,0.0,9,0
audit_contract_tests,business_licensing::GET__licenses_export::overbroad_role,business_licensing,GET /licenses/export,overbroad_role,function_auth,API5,4,1,0,960.0,0.0,9,0
audit_contract_tests,business_licensing::GET__licenses_export::purpose_bypass,business_licensing,GET /licenses/export,purpose_bypass,purpose_scope,API5,4,1,0,320.0,0.0,9,0
audit_contract_tests,business_licensing::GET__licenses_id::aggregation_leak,business_licensing,GET /licenses/{id},aggregation_leak,property_auth,API3,4,1,0,192.0,0.0,9,0
audit_contract_tests,business_licensing::GET__licenses_id::correct,business_licensing,GET /licenses/{id},correct,clean,,0,0,0,0.0,0.0,9,0
audit_contract_tests,business_licensing::GET__licenses_id::deprecated_exposed,business_licensing,GET /licenses/{id},deprecated_exposed,inventory,API9,3,1,0,720.0,0.0,9,0
audit_contract_tests,business_licensing::GET__licenses_id::jurisdiction_bypass,business_licensing,GET /licenses/{id},jurisdiction_bypass,object_auth,API1,5,1,0,600.0,0.0,9,0
audit_contract_tests,business_licensing::GET__licenses_id::missing_audit_log,business_licensing,GET /licenses/{id},missing_audit_log,auditability,API10,3,1,1,240.0,27.0,9,9
audit_contract_tests,business_licensing::GET__licenses_id::missing_auth,business_licensing,GET /licenses/{id},missing_auth,function_auth,API2,5,1,0,1600.0,0.0,9,0
audit_contract_tests,business_licensing::GET__licenses_id::missing_field_filter,business_licensing,GET /licenses/{id},missing_field_filter,property_auth,API3,5,1,0,240.0,0.0,9,0
audit_contract_tests,business_licensing::GET__licenses_id::missing_object_check,business_licensing,GET /licenses/{id},missing_object_check,object_auth,API1,5,1,0,600.0,0.0,9,0
audit_contract_tests,business_licensing::GET__licenses_id::overbroad_role,business_licensing,GET /licenses/{id},overbroad_role,function_auth,API5,4,1,0,960.0,0.0,9,0
audit_contract_tests,business_licensing::GET__licenses_id::purpose_bypass,business_licensing,GET /licenses/{id},purpose_bypass,purpose_scope,API5,4,1,0,320.0,0.0,9,0
audit_contract_tests,citizen_services::GET__benefits_id::aggregation_leak,citizen_services,GET /benefits/{id},aggregation_leak,property_auth,API3,4,1,0,480.0,0.0,9,0
audit_contract_tests,citizen_services::GET__benefits_id::correct,citizen_services,GET /benefits/{id},correct,clean,,0,0,0,0.0,0.0,9,0
audit_contract_tests,citizen_services::GET__benefits_id::deprecated_exposed,citizen_services,GET /benefits/{id},deprecated_exposed,inventory,API9,3,1,0,900.0,0.0,9,0
audit_contract_tests,citizen_services::GET__benefits_id::jurisdiction_bypass,citizen_services,GET /benefits/{id},jurisdiction_bypass,object_auth,API1,5,1,0,750.0,0.0,9,0
audit_contract_tests,citizen_services::GET__benefits_id::missing_audit_log,citizen_services,GET /benefits/{id},missing_audit_log,auditability,API10,3,1,1,300.0,27.0,9,9
audit_contract_tests,citizen_services::GET__benefits_id::missing_auth,citizen_services,GET /benefits/{id},missing_auth,function_auth,API2,5,1,0,2000.0,0.0,9,0
audit_contract_tests,citizen_services::GET__benefits_id::missing_field_filter,citizen_services,GET /benefits/{id},missing_field_filter,property_auth,API3,5,1,0,600.0,0.0,9,0
audit_contract_tests,citizen_services::GET__benefits_id::missing_object_check,citizen_services,GET /benefits/{id},missing_object_check,object_auth,API1,5,1,0,750.0,0.0,9,0
audit_contract_tests,citizen_services::GET__benefits_id::overbroad_role,citizen_services,GET /benefits/{id},overbroad_role,function_auth,API5,4,1,0,1200.0,0.0,9,0
audit_contract_tests,citizen_services::GET__benefits_id::purpose_bypass,citizen_services,GET /benefits/{id},purpose_bypass,purpose_scope,API5,4,1,0,400.0,0.0,9,0
audit_contract_tests,citizen_services::GET__citizens_export::aggregation_leak,citizen_services,GET /citizens/export,aggregation_leak,property_auth,API3,4,1,0,560.0,0.0,9,0
audit_contract_tests,citizen_services::GET__citizens_export::correct,citizen_services,GET /citizens/export,correct,clean,,0,0,0,0.0,0.0,9,0
audit_contract_tests,citizen_services::GET__citizens_export::deprecated_exposed,citizen_services,GET /citizens/export,deprecated_exposed,inventory,API9,3,1,0,900.0,0.0,9,0
audit_contract_tests,citizen_services::GET__citizens_export::jurisdiction_bypass,citizen_services,GET /citizens/export,jurisdiction_bypass,object_auth,API1,5,1,0,750.0,0.0,9,0
audit_contract_tests,citizen_services::GET__citizens_export::missing_audit_log,citizen_services,GET /citizens/export,missing_audit_log,auditability,API10,3,1,1,300.0,27.0,9,9
audit_contract_tests,citizen_services::GET__citizens_export::missing_auth,citizen_services,GET /citizens/export,missing_auth,function_auth,API2,5,1,0,2000.0,0.0,9,0
audit_contract_tests,citizen_services::GET__citizens_export::missing_field_filter,citizen_services,GET /citizens/export,missing_field_filter,property_auth,API3,5,1,0,700.0,0.0,9,0
audit_contract_tests,citizen_services::GET__citizens_export::missing_object_check,citizen_services,GET /citizens/export,missing_object_check,object_auth,API1,5,1,0,750.0,0.0,9,0
audit_contract_tests,citizen_services::GET__citizens_export::overbroad_role,citizen_services,GET /citizens/export,overbroad_role,function_auth,API5,4,1,0,1200.0,0.0,9,0
audit_contract_tests,citizen_services::GET__citizens_export::purpose_bypass,citizen_services,GET /citizens/export,purpose_bypass,purpose_scope,API5,4,1,0,400.0,0.0,9,0
audit_contract_tests,citizen_services::GET__citizens_id::aggregation_leak,citizen_services,GET /citizens/{id},aggregation_leak,property_auth,API3,4,1,0,560.0,0.0,9,0
audit_contract_tests,citizen_services::GET__citizens_id::correct,citizen_services,GET /citizens/{id},correct,clean,,0,0,0,0.0,0.0,9,0
audit_contract_tests,citizen_services::GET__citizens_id::deprecated_exposed,citizen_services,GET /citizens/{id},deprecated_exposed,inventory,API9,3,1,0,900.0,0.0,9,0
audit_contract_tests,citizen_services::GET__citizens_id::jurisdiction_bypass,citizen_services,GET /citizens/{id},jurisdiction_bypass,object_auth,API1,5,1,0,750.0,0.0,9,0
audit_contract_tests,citizen_services::GET__citizens_id::missing_audit_log,citizen_services,GET /citizens/{id},missing_audit_log,auditability,API10,3,1,1,300.0,27.0,9,9
audit_contract_tests,citizen_services::GET__citizens_id::missing_auth,citizen_services,GET /citizens/{id},missing_auth,function_auth,API2,5,1,0,2000.0,0.0,9,0
audit_contract_tests,citizen_services::GET__citizens_id::missing_field_filter,citizen_services,GET /citizens/{id},missing_field_filter,property_auth,API3,5,1,0,700.0,0.0,9,0
audit_contract_tests,citizen_services::GET__citizens_id::missing_object_check,citizen_services,GET /citizens/{id},missing_object_check,object_auth,API1,5,1,0,750.0,0.0,9,0
audit_contract_tests,citizen_services::GET__citizens_id::overbroad_role,citizen_services,GET /citizens/{id},overbroad_role,function_auth,API5,4,1,0,1200.0,0.0,9,0
audit_contract_tests,citizen_services::GET__citizens_id::purpose_bypass,citizen_services,GET /citizens/{id},purpose_bypass,purpose_scope,API5,4,1,0,400.0,0.0,9,0
audit_contract_tests,education::GET__classes_id_roster::aggregation_leak,education,GET /classes/{id}/roster,aggregation_leak,property_auth,API3,4,1,0,640.0,0.0,9,0
audit_contract_tests,education::GET__classes_id_roster::correct,education,GET /classes/{id}/roster,correct,clean,,0,0,0,0.0,0.0,9,0
audit_contract_tests,education::GET__classes_id_roster::deprecated_exposed,education,GET /classes/{id}/roster,deprecated_exposed,inventory,API9,3,1,0,900.0,0.0,9,0
audit_contract_tests,education::GET__classes_id_roster::jurisdiction_bypass,education,GET /classes/{id}/roster,jurisdiction_bypass,object_auth,API1,5,1,0,750.0,0.0,9,0
audit_contract_tests,education::GET__classes_id_roster::missing_audit_log,education,GET /classes/{id}/roster,missing_audit_log,auditability,API10,3,1,1,300.0,27.0,9,9
audit_contract_tests,education::GET__classes_id_roster::missing_auth,education,GET /classes/{id}/roster,missing_auth,function_auth,API2,5,1,0,2000.0,0.0,9,0
audit_contract_tests,education::GET__classes_id_roster::missing_field_filter,education,GET /classes/{id}/roster,missing_field_filter,property_auth,API3,5,1,0,800.0,0.0,9,0
audit_contract_tests,education::GET__classes_id_roster::missing_object_check,education,GET /classes/{id}/roster,missing_object_check,object_auth,API1,5,1,0,750.0,0.0,9,0
audit_contract_tests,education::GET__classes_id_roster::overbroad_role,education,GET /classes/{id}/roster,overbroad_role,function_auth,API5,4,1,0,1200.0,0.0,9,0
audit_contract_tests,education::GET__classes_id_roster::purpose_bypass,education,GET /classes/{id}/roster,purpose_bypass,purpose_scope,API5,4,1,0,400.0,0.0,9,0
audit_contract_tests,education::GET__discipline_id::aggregation_leak,education,GET /discipline/{id},aggregation_leak,property_auth,API3,4,1,0,560.0,0.0,9,0
audit_contract_tests,education::GET__discipline_id::correct,education,GET /discipline/{id},correct,clean,,0,0,0,0.0,0.0,9,0
audit_contract_tests,education::GET__discipline_id::deprecated_exposed,education,GET /discipline/{id},deprecated_exposed,inventory,API9,3,1,0,900.0,0.0,9,0
audit_contract_tests,education::GET__discipline_id::jurisdiction_bypass,education,GET /discipline/{id},jurisdiction_bypass,object_auth,API1,5,1,0,750.0,0.0,9,0
audit_contract_tests,education::GET__discipline_id::missing_audit_log,education,GET /discipline/{id},missing_audit_log,auditability,API10,3,1,1,300.0,27.0,9,9
audit_contract_tests,education::GET__discipline_id::missing_auth,education,GET /discipline/{id},missing_auth,function_auth,API2,5,1,0,2000.0,0.0,9,0
audit_contract_tests,education::GET__discipline_id::missing_field_filter,education,GET /discipline/{id},missing_field_filter,property_auth,API3,5,1,0,700.0,0.0,9,0
audit_contract_tests,education::GET__discipline_id::missing_object_check,education,GET /discipline/{id},missing_object_check,object_auth,API1,5,1,0,750.0,0.0,9,0
audit_contract_tests,education::GET__discipline_id::overbroad_role,education,GET /discipline/{id},overbroad_role,function_auth,API5,4,1,0,1200.0,0.0,9,0
audit_contract_tests,education::GET__discipline_id::purpose_bypass,education,GET /discipline/{id},purpose_bypass,purpose_scope,API5,4,1,0,400.0,0.0,9,0
audit_contract_tests,education::GET__students_id_record::aggregation_leak,education,GET /students/{id}/record,aggregation_leak,property_auth,API3,4,1,0,640.0,0.0,9,0
audit_contract_tests,education::GET__students_id_record::correct,education,GET /students/{id}/record,correct,clean,,0,0,0,0.0,0.0,9,0
audit_contract_tests,education::GET__students_id_record::deprecated_exposed,education,GET /students/{id}/record,deprecated_exposed,inventory,API9,3,1,0,900.0,0.0,9,0
audit_contract_tests,education::GET__students_id_record::jurisdiction_bypass,education,GET /students/{id}/record,jurisdiction_bypass,object_auth,API1,5,1,0,750.0,0.0,9,0
audit_contract_tests,education::GET__students_id_record::missing_audit_log,education,GET /students/{id}/record,missing_audit_log,auditability,API10,3,1,1,300.0,27.0,9,9
audit_contract_tests,education::GET__students_id_record::missing_auth,education,GET /students/{id}/record,missing_auth,function_auth,API2,5,1,0,2000.0,0.0,9,0
audit_contract_tests,education::GET__students_id_record::missing_field_filter,education,GET /students/{id}/record,missing_field_filter,property_auth,API3,5,1,0,800.0,0.0,9,0
audit_contract_tests,education::GET__students_id_record::missing_object_check,education,GET /students/{id}/record,missing_object_check,object_auth,API1,5,1,0,750.0,0.0,9,0
audit_contract_tests,education::GET__students_id_record::overbroad_role,education,GET /students/{id}/record,overbroad_role,function_auth,API5,4,1,0,1200.0,0.0,9,0
audit_contract_tests,education::GET__students_id_record::purpose_bypass,education,GET /students/{id}/record,purpose_bypass,purpose_scope,API5,4,1,0,400.0,0.0,9,0
audit_contract_tests,health::GET__encounters_id::aggregation_leak,health,GET /encounters/{id},aggregation_leak,property_auth,API3,4,1,0,560.0,0.0,9,0
audit_contract_tests,health::GET__encounters_id::correct,health,GET /encounters/{id},correct,clean,,0,0,0,0.0,0.0,9,0
audit_contract_tests,health::GET__encounters_id::deprecated_exposed,health,GET /encounters/{id},deprecated_exposed,inventory,API9,3,1,0,900.0,0.0,9,0
audit_contract_tests,health::GET__encounters_id::jurisdiction_bypass,health,GET /encounters/{id},jurisdiction_bypass,object_auth,API1,5,1,0,750.0,0.0,9,0
audit_contract_tests,health::GET__encounters_id::missing_audit_log,health,GET /encounters/{id},missing_audit_log,auditability,API10,3,1,1,300.0,27.0,9,9
audit_contract_tests,health::GET__encounters_id::missing_auth,health,GET /encounters/{id},missing_auth,function_auth,API2,5,1,0,2000.0,0.0,9,0
audit_contract_tests,health::GET__encounters_id::missing_field_filter,health,GET /encounters/{id},missing_field_filter,property_auth,API3,5,1,0,700.0,0.0,9,0
audit_contract_tests,health::GET__encounters_id::missing_object_check,health,GET /encounters/{id},missing_object_check,object_auth,API1,5,1,0,750.0,0.0,9,0
audit_contract_tests,health::GET__encounters_id::overbroad_role,health,GET /encounters/{id},overbroad_role,function_auth,API5,4,1,0,1200.0,0.0,9,0
audit_contract_tests,health::GET__encounters_id::purpose_bypass,health,GET /encounters/{id},purpose_bypass,purpose_scope,API5,4,1,0,400.0,0.0,9,0
audit_contract_tests,health::GET__patients_id::aggregation_leak,health,GET /patients/{id},aggregation_leak,property_auth,API3,4,1,0,640.0,0.0,9,0
audit_contract_tests,health::GET__patients_id::correct,health,GET /patients/{id},correct,clean,,0,0,0,0.0,0.0,9,0
audit_contract_tests,health::GET__patients_id::deprecated_exposed,health,GET /patients/{id},deprecated_exposed,inventory,API9,3,1,0,900.0,0.0,9,0
audit_contract_tests,health::GET__patients_id::jurisdiction_bypass,health,GET /patients/{id},jurisdiction_bypass,object_auth,API1,5,1,0,750.0,0.0,9,0
audit_contract_tests,health::GET__patients_id::missing_audit_log,health,GET /patients/{id},missing_audit_log,auditability,API10,3,1,1,300.0,27.0,9,9
audit_contract_tests,health::GET__patients_id::missing_auth,health,GET /patients/{id},missing_auth,function_auth,API2,5,1,0,2000.0,0.0,9,0
audit_contract_tests,health::GET__patients_id::missing_field_filter,health,GET /patients/{id},missing_field_filter,property_auth,API3,5,1,0,800.0,0.0,9,0
audit_contract_tests,health::GET__patients_id::missing_object_check,health,GET /patients/{id},missing_object_check,object_auth,API1,5,1,0,750.0,0.0,9,0
audit_contract_tests,health::GET__patients_id::overbroad_role,health,GET /patients/{id},overbroad_role,function_auth,API5,4,1,0,1200.0,0.0,9,0
audit_contract_tests,health::GET__patients_id::purpose_bypass,health,GET /patients/{id},purpose_bypass,purpose_scope,API5,4,1,0,400.0,0.0,9,0
audit_contract_tests,health::GET__patients_search::aggregation_leak,health,GET /patients/search,aggregation_leak,property_auth,API3,4,1,0,640.0,0.0,9,0
audit_contract_tests,health::GET__patients_search::correct,health,GET /patients/search,correct,clean,,0,0,0,0.0,0.0,9,0
audit_contract_tests,health::GET__patients_search::deprecated_exposed,health,GET /patients/search,deprecated_exposed,inventory,API9,3,1,0,900.0,0.0,9,0
audit_contract_tests,health::GET__patients_search::jurisdiction_bypass,health,GET /patients/search,jurisdiction_bypass,object_auth,API1,5,1,0,750.0,0.0,9,0
audit_contract_tests,health::GET__patients_search::missing_audit_log,health,GET /patients/search,missing_audit_log,auditability,API10,3,1,1,300.0,27.0,9,9
audit_contract_tests,health::GET__patients_search::missing_auth,health,GET /patients/search,missing_auth,function_auth,API2,5,1,0,2000.0,0.0,9,0
audit_contract_tests,health::GET__patients_search::missing_field_filter,health,GET /patients/search,missing_field_filter,property_auth,API3,5,1,0,800.0,0.0,9,0
audit_contract_tests,health::GET__patients_search::missing_object_check,health,GET /patients/search,missing_object_check,object_auth,API1,5,1,0,750.0,0.0,9,0
audit_contract_tests,health::GET__patients_search::overbroad_role,health,GET /patients/search,overbroad_role,function_auth,API5,4,1,0,1200.0,0.0,9,0
audit_contract_tests,health::GET__patients_search::purpose_bypass,health,GET /patients/search,purpose_bypass,purpose_scope,API5,4,1,0,400.0,0.0,9,0
auth_required,business_licensing::GET__inspections_id::aggregation_leak,business_licensing,GET /inspections/{id},aggregation_leak,property_auth,API3,4,1,0,192.0,0.0,9,0
auth_required,business_licensing::GET__inspections_id::correct,business_licensing,GET /inspections/{id},correct,clean,,0,0,0,0.0,0.0,9,0
auth_required,business_licensing::GET__inspections_id::deprecated_exposed,business_licensing,GET /inspections/{id},deprecated_exposed,inventory,API9,3,1,0,720.0,0.0,9,0
auth_required,business_licensing::GET__inspections_id::jurisdiction_bypass,business_licensing,GET /inspections/{id},jurisdiction_bypass,object_auth,API1,5,1,0,600.0,0.0,9,0
auth_required,business_licensing::GET__inspections_id::missing_audit_log,business_licensing,GET /inspections/{id},missing_audit_log,auditability,API10,3,1,0,240.0,0.0,9,0
auth_required,business_licensing::GET__inspections_id::missing_auth,business_licensing,GET /inspections/{id},missing_auth,function_auth,API2,5,1,1,1600.0,43.0,9,1
auth_required,business_licensing::GET__inspections_id::missing_field_filter,business_licensing,GET /inspections/{id},missing_field_filter,property_auth,API3,5,1,0,240.0,0.0,9,0
auth_required,business_licensing::GET__inspections_id::missing_object_check,business_licensing,GET /inspections/{id},missing_object_check,object_auth,API1,5,1,0,600.0,0.0,9,0
auth_required,business_licensing::GET__inspections_id::overbroad_role,business_licensing,GET /inspections/{id},overbroad_role,function_auth,API5,4,1,0,960.0,0.0,9,0
auth_required,business_licensing::GET__inspections_id::purpose_bypass,business_licensing,GET /inspections/{id},purpose_bypass,purpose_scope,API5,4,1,0,320.0,0.0,9,0
auth_required,business_licensing::GET__licenses_export::aggregation_leak,business_licensing,GET /licenses/export,aggregation_leak,property_auth,API3,4,1,0,256.0,0.0,9,0
auth_required,business_licensing::GET__licenses_export::correct,business_licensing,GET /licenses/export,correct,clean,,0,0,0,0.0,0.0,9,0
auth_required,business_licensing::GET__licenses_export::deprecated_exposed,business_licensing,GET /licenses/export,deprecated_exposed,inventory,API9,3,1,0,720.0,0.0,9,0
auth_required,business_licensing::GET__licenses_export::jurisdiction_bypass,business_licensing,GET /licenses/export,jurisdiction_bypass,object_auth,API1,5,1,0,600.0,0.0,9,0
auth_required,business_licensing::GET__licenses_export::missing_audit_log,business_licensing,GET /licenses/export,missing_audit_log,auditability,API10,3,1,0,240.0,0.0,9,0
auth_required,business_licensing::GET__licenses_export::missing_auth,business_licensing,GET /licenses/export,missing_auth,function_auth,API2,5,1,1,1600.0,44.0,9,1
auth_required,business_licensing::GET__licenses_export::missing_field_filter,business_licensing,GET /licenses/export,missing_field_filter,property_auth,API3,5,1,0,320.0,0.0,9,0
auth_required,business_licensing::GET__licenses_export::missing_object_check,business_licensing,GET /licenses/export,missing_object_check,object_auth,API1,5,1,0,600.0,0.0,9,0
auth_required,business_licensing::GET__licenses_export::overbroad_role,business_licensing,GET /licenses/export,overbroad_role,function_auth,API5,4,1,0,960.0,0.0,9,0
auth_required,business_licensing::GET__licenses_export::purpose_bypass,business_licensing,GET /licenses/export,purpose_bypass,purpose_scope,API5,4,1,0,320.0,0.0,9,0
auth_required,business_licensing::GET__licenses_id::aggregation_leak,business_licensing,GET /licenses/{id},aggregation_leak,property_auth,API3,4,1,0,192.0,0.0,9,0
auth_required,business_licensing::GET__licenses_id::correct,business_licensing,GET /licenses/{id},correct,clean,,0,0,0,0.0,0.0,9,0
auth_required,business_licensing::GET__licenses_id::deprecated_exposed,business_licensing,GET /licenses/{id},deprecated_exposed,inventory,API9,3,1,0,720.0,0.0,9,0
auth_required,business_licensing::GET__licenses_id::jurisdiction_bypass,business_licensing,GET /licenses/{id},jurisdiction_bypass,object_auth,API1,5,1,0,600.0,0.0,9,0
auth_required,business_licensing::GET__licenses_id::missing_audit_log,business_licensing,GET /licenses/{id},missing_audit_log,auditability,API10,3,1,0,240.0,0.0,9,0
auth_required,business_licensing::GET__licenses_id::missing_auth,business_licensing,GET /licenses/{id},missing_auth,function_auth,API2,5,1,1,1600.0,42.0,9,1
auth_required,business_licensing::GET__licenses_id::missing_field_filter,business_licensing,GET /licenses/{id},missing_field_filter,property_auth,API3,5,1,0,240.0,0.0,9,0
auth_required,business_licensing::GET__licenses_id::missing_object_check,business_licensing,GET /licenses/{id},missing_object_check,object_auth,API1,5,1,0,600.0,0.0,9,0
auth_required,business_licensing::GET__licenses_id::overbroad_role,business_licensing,GET /licenses/{id},overbroad_role,function_auth,API5,4,1,0,960.0,0.0,9,0
auth_required,business_licensing::GET__licenses_id::purpose_bypass,business_licensing,GET /licenses/{id},purpose_bypass,purpose_scope,API5,4,1,0,320.0,0.0,9,0
auth_required,citizen_services::GET__benefits_id::aggregation_leak,citizen_services,GET /benefits/{id},aggregation_leak,property_auth,API3,4,1,0,480.0,0.0,9,0
auth_required,citizen_services::GET__benefits_id::correct,citizen_services,GET /benefits/{id},correct,clean,,0,0,0,0.0,0.0,9,0
auth_required,citizen_services::GET__benefits_id::deprecated_exposed,citizen_services,GET /benefits/{id},deprecated_exposed,inventory,API9,3,1,0,900.0,0.0,9,0
auth_required,citizen_services::GET__benefits_id::jurisdiction_bypass,citizen_services,GET /benefits/{id},jurisdiction_bypass,object_auth,API1,5,1,0,750.0,0.0,9,0
auth_required,citizen_services::GET__benefits_id::missing_audit_log,citizen_services,GET /benefits/{id},missing_audit_log,auditability,API10,3,1,0,300.0,0.0,9,0
auth_required,citizen_services::GET__benefits_id::missing_auth,citizen_services,GET /benefits/{id},missing_auth,function_auth,API2,5,1,1,2000.0,57.0,9,1
auth_required,citizen_services::GET__benefits_id::missing_field_filter,citizen_services,GET /benefits/{id},missing_field_filter,property_auth,API3,5,1,0,600.0,0.0,9,0
auth_required,citizen_services::GET__benefits_id::missing_object_check,citizen_services,GET /benefits/{id},missing_object_check,object_auth,API1,5,1,0,750.0,0.0,9,0
auth_required,citizen_services::GET__benefits_id::overbroad_role,citizen_services,GET /benefits/{id},overbroad_role,function_auth,API5,4,1,0,1200.0,0.0,9,0
auth_required,citizen_services::GET__benefits_id::purpose_bypass,citizen_services,GET /benefits/{id},purpose_bypass,purpose_scope,API5,4,1,0,400.0,0.0,9,0
auth_required,citizen_services::GET__citizens_export::aggregation_leak,citizen_services,GET /citizens/export,aggregation_leak,property_auth,API3,4,1,0,560.0,0.0,9,0
auth_required,citizen_services::GET__citizens_export::correct,citizen_services,GET /citizens/export,correct,clean,,0,0,0,0.0,0.0,9,0
auth_required,citizen_services::GET__citizens_export::deprecated_exposed,citizen_services,GET /citizens/export,deprecated_exposed,inventory,API9,3,1,0,900.0,0.0,9,0
auth_required,citizen_services::GET__citizens_export::jurisdiction_bypass,citizen_services,GET /citizens/export,jurisdiction_bypass,object_auth,API1,5,1,0,750.0,0.0,9,0
auth_required,citizen_services::GET__citizens_export::missing_audit_log,citizen_services,GET /citizens/export,missing_audit_log,auditability,API10,3,1,0,300.0,0.0,9,0
auth_required,citizen_services::GET__citizens_export::missing_auth,citizen_services,GET /citizens/export,missing_auth,function_auth,API2,5,1,1,2000.0,59.0,9,1
auth_required,citizen_services::GET__citizens_export::missing_field_filter,citizen_services,GET /citizens/export,missing_field_filter,property_auth,API3,5,1,0,700.0,0.0,9,0
auth_required,citizen_services::GET__citizens_export::missing_object_check,citizen_services,GET /citizens/export,missing_object_check,object_auth,API1,5,1,0,750.0,0.0,9,0
auth_required,citizen_services::GET__citizens_export::overbroad_role,citizen_services,GET /citizens/export,overbroad_role,function_auth,API5,4,1,0,1200.0,0.0,9,0
auth_required,citizen_services::GET__citizens_export::purpose_bypass,citizen_services,GET /citizens/export,purpose_bypass,purpose_scope,API5,4,1,0,400.0,0.0,9,0
auth_required,citizen_services::GET__citizens_id::aggregation_leak,citizen_services,GET /citizens/{id},aggregation_leak,property_auth,API3,4,1,0,560.0,0.0,9,0
auth_required,citizen_services::GET__citizens_id::correct,citizen_services,GET /citizens/{id},correct,clean,,0,0,0,0.0,0.0,9,0
auth_required,citizen_services::GET__citizens_id::deprecated_exposed,citizen_services,GET /citizens/{id},deprecated_exposed,inventory,API9,3,1,0,900.0,0.0,9,0
auth_required,citizen_services::GET__citizens_id::jurisdiction_bypass,citizen_services,GET /citizens/{id},jurisdiction_bypass,object_auth,API1,5,1,0,750.0,0.0,9,0
auth_required,citizen_services::GET__citizens_id::missing_audit_log,citizen_services,GET /citizens/{id},missing_audit_log,auditability,API10,3,1,0,300.0,0.0,9,0
auth_required,citizen_services::GET__citizens_id::missing_auth,citizen_services,GET /citizens/{id},missing_auth,function_auth,API2,5,1,1,2000.0,58.0,9,1
auth_required,citizen_services::GET__citizens_id::missing_field_filter,citizen_services,GET /citizens/{id},missing_field_filter,property_auth,API3,5,1,0,700.0,0.0,9,0
auth_required,citizen_services::GET__citizens_id::missing_object_check,citizen_services,GET /citizens/{id},missing_object_check,object_auth,API1,5,1,0,750.0,0.0,9,0
auth_required,citizen_services::GET__citizens_id::overbroad_role,citizen_services,GET /citizens/{id},overbroad_role,function_auth,API5,4,1,0,1200.0,0.0,9,0
auth_required,citizen_services::GET__citizens_id::purpose_bypass,citizen_services,GET /citizens/{id},purpose_bypass,purpose_scope,API5,4,1,0,400.0,0.0,9,0
auth_required,education::GET__classes_id_roster::aggregation_leak,education,GET /classes/{id}/roster,aggregation_leak,property_auth,API3,4,1,0,640.0,0.0,9,0
auth_required,education::GET__classes_id_roster::correct,education,GET /classes/{id}/roster,correct,clean,,0,0,0,0.0,0.0,9,0
auth_required,education::GET__classes_id_roster::deprecated_exposed,education,GET /classes/{id}/roster,deprecated_exposed,inventory,API9,3,1,0,900.0,0.0,9,0
auth_required,education::GET__classes_id_roster::jurisdiction_bypass,education,GET /classes/{id}/roster,jurisdiction_bypass,object_auth,API1,5,1,0,750.0,0.0,9,0
auth_required,education::GET__classes_id_roster::missing_audit_log,education,GET /classes/{id}/roster,missing_audit_log,auditability,API10,3,1,0,300.0,0.0,9,0
auth_required,education::GET__classes_id_roster::missing_auth,education,GET /classes/{id}/roster,missing_auth,function_auth,API2,5,1,1,2000.0,59.0,9,1
auth_required,education::GET__classes_id_roster::missing_field_filter,education,GET /classes/{id}/roster,missing_field_filter,property_auth,API3,5,1,0,800.0,0.0,9,0
auth_required,education::GET__classes_id_roster::missing_object_check,education,GET /classes/{id}/roster,missing_object_check,object_auth,API1,5,1,0,750.0,0.0,9,0
auth_required,education::GET__classes_id_roster::overbroad_role,education,GET /classes/{id}/roster,overbroad_role,function_auth,API5,4,1,0,1200.0,0.0,9,0
auth_required,education::GET__classes_id_roster::purpose_bypass,education,GET /classes/{id}/roster,purpose_bypass,purpose_scope,API5,4,1,0,400.0,0.0,9,0
auth_required,education::GET__discipline_id::aggregation_leak,education,GET /discipline/{id},aggregation_leak,property_auth,API3,4,1,0,560.0,0.0,9,0
auth_required,education::GET__discipline_id::correct,education,GET /discipline/{id},correct,clean,,0,0,0,0.0,0.0,9,0
auth_required,education::GET__discipline_id::deprecated_exposed,education,GET /discipline/{id},deprecated_exposed,inventory,API9,3,1,0,900.0,0.0,9,0
auth_required,education::GET__discipline_id::jurisdiction_bypass,education,GET /discipline/{id},jurisdiction_bypass,object_auth,API1,5,1,0,750.0,0.0,9,0
auth_required,education::GET__discipline_id::missing_audit_log,education,GET /discipline/{id},missing_audit_log,auditability,API10,3,1,0,300.0,0.0,9,0
auth_required,education::GET__discipline_id::missing_auth,education,GET /discipline/{id},missing_auth,function_auth,API2,5,1,1,2000.0,60.0,9,1
auth_required,education::GET__discipline_id::missing_field_filter,education,GET /discipline/{id},missing_field_filter,property_auth,API3,5,1,0,700.0,0.0,9,0
auth_required,education::GET__discipline_id::missing_object_check,education,GET /discipline/{id},missing_object_check,object_auth,API1,5,1,0,750.0,0.0,9,0
auth_required,education::GET__discipline_id::overbroad_role,education,GET /discipline/{id},overbroad_role,function_auth,API5,4,1,0,1200.0,0.0,9,0
auth_required,education::GET__discipline_id::purpose_bypass,education,GET /discipline/{id},purpose_bypass,purpose_scope,API5,4,1,0,400.0,0.0,9,0
auth_required,education::GET__students_id_record::aggregation_leak,education,GET /students/{id}/record,aggregation_leak,property_auth,API3,4,1,0,640.0,0.0,9,0
auth_required,education::GET__students_id_record::correct,education,GET /students/{id}/record,correct,clean,,0,0,0,0.0,0.0,9,0
auth_required,education::GET__students_id_record::deprecated_exposed,education,GET /students/{id}/record,deprecated_exposed,inventory,API9,3,1,0,900.0,0.0,9,0
auth_required,education::GET__students_id_record::jurisdiction_bypass,education,GET /students/{id}/record,jurisdiction_bypass,object_auth,API1,5,1,0,750.0,0.0,9,0
auth_required,education::GET__students_id_record::missing_audit_log,education,GET /students/{id}/record,missing_audit_log,auditability,API10,3,1,0,300.0,0.0,9,0
auth_required,education::GET__students_id_record::missing_auth,education,GET /students/{id}/record,missing_auth,function_auth,API2,5,1,1,2000.0,59.0,9,1
auth_required,education::GET__students_id_record::missing_field_filter,education,GET /students/{id}/record,missing_field_filter,property_auth,API3,5,1,0,800.0,0.0,9,0
auth_required,education::GET__students_id_record::missing_object_check,education,GET /students/{id}/record,missing_object_check,object_auth,API1,5,1,0,750.0,0.0,9,0
auth_required,education::GET__students_id_record::overbroad_role,education,GET /students/{id}/record,overbroad_role,function_auth,API5,4,1,0,1200.0,0.0,9,0
auth_required,education::GET__students_id_record::purpose_bypass,education,GET /students/{id}/record,purpose_bypass,purpose_scope,API5,4,1,0,400.0,0.0,9,0
auth_required,health::GET__encounters_id::aggregation_leak,health,GET /encounters/{id},aggregation_leak,property_auth,API3,4,1,0,560.0,0.0,9,0
auth_required,health::GET__encounters_id::correct,health,GET /encounters/{id},correct,clean,,0,0,0,0.0,0.0,9,0
auth_required,health::GET__encounters_id::deprecated_exposed,health,GET /encounters/{id},deprecated_exposed,inventory,API9,3,1,0,900.0,0.0,9,0
auth_required,health::GET__encounters_id::jurisdiction_bypass,health,GET /encounters/{id},jurisdiction_bypass,object_auth,API1,5,1,0,750.0,0.0,9,0
auth_required,health::GET__encounters_id::missing_audit_log,health,GET /encounters/{id},missing_audit_log,auditability,API10,3,1,0,300.0,0.0,9,0
auth_required,health::GET__encounters_id::missing_auth,health,GET /encounters/{id},missing_auth,function_auth,API2,5,1,1,2000.0,61.0,9,1
auth_required,health::GET__encounters_id::missing_field_filter,health,GET /encounters/{id},missing_field_filter,property_auth,API3,5,1,0,700.0,0.0,9,0
auth_required,health::GET__encounters_id::missing_object_check,health,GET /encounters/{id},missing_object_check,object_auth,API1,5,1,0,750.0,0.0,9,0
auth_required,health::GET__encounters_id::overbroad_role,health,GET /encounters/{id},overbroad_role,function_auth,API5,4,1,0,1200.0,0.0,9,0
auth_required,health::GET__encounters_id::purpose_bypass,health,GET /encounters/{id},purpose_bypass,purpose_scope,API5,4,1,0,400.0,0.0,9,0
auth_required,health::GET__patients_id::aggregation_leak,health,GET /patients/{id},aggregation_leak,property_auth,API3,4,1,0,640.0,0.0,9,0
auth_required,health::GET__patients_id::correct,health,GET /patients/{id},correct,clean,,0,0,0,0.0,0.0,9,0
auth_required,health::GET__patients_id::deprecated_exposed,health,GET /patients/{id},deprecated_exposed,inventory,API9,3,1,0,900.0,0.0,9,0
auth_required,health::GET__patients_id::jurisdiction_bypass,health,GET /patients/{id},jurisdiction_bypass,object_auth,API1,5,1,0,750.0,0.0,9,0
auth_required,health::GET__patients_id::missing_audit_log,health,GET /patients/{id},missing_audit_log,auditability,API10,3,1,0,300.0,0.0,9,0
auth_required,health::GET__patients_id::missing_auth,health,GET /patients/{id},missing_auth,function_auth,API2,5,1,1,2000.0,61.0,9,1
auth_required,health::GET__patients_id::missing_field_filter,health,GET /patients/{id},missing_field_filter,property_auth,API3,5,1,0,800.0,0.0,9,0
auth_required,health::GET__patients_id::missing_object_check,health,GET /patients/{id},missing_object_check,object_auth,API1,5,1,0,750.0,0.0,9,0
auth_required,health::GET__patients_id::overbroad_role,health,GET /patients/{id},overbroad_role,function_auth,API5,4,1,0,1200.0,0.0,9,0
auth_required,health::GET__patients_id::purpose_bypass,health,GET /patients/{id},purpose_bypass,purpose_scope,API5,4,1,0,400.0,0.0,9,0
auth_required,health::GET__patients_search::aggregation_leak,health,GET /patients/search,aggregation_leak,property_auth,API3,4,1,0,640.0,0.0,9,0
auth_required,health::GET__patients_search::correct,health,GET /patients/search,correct,clean,,0,0,0,0.0,0.0,9,0
auth_required,health::GET__patients_search::deprecated_exposed,health,GET /patients/search,deprecated_exposed,inventory,API9,3,1,0,900.0,0.0,9,0
auth_required,health::GET__patients_search::jurisdiction_bypass,health,GET /patients/search,jurisdiction_bypass,object_auth,API1,5,1,0,750.0,0.0,9,0
auth_required,health::GET__patients_search::missing_audit_log,health,GET /patients/search,missing_audit_log,auditability,API10,3,1,0,300.0,0.0,9,0
auth_required,health::GET__patients_search::missing_auth,health,GET /patients/search,missing_auth,function_auth,API2,5,1,1,2000.0,60.0,9,1
auth_required,health::GET__patients_search::missing_field_filter,health,GET /patients/search,missing_field_filter,property_auth,API3,5,1,0,800.0,0.0,9,0
auth_required,health::GET__patients_search::missing_object_check,health,GET /patients/search,missing_object_check,object_auth,API1,5,1,0,750.0,0.0,9,0
auth_required,health::GET__patients_search::overbroad_role,health,GET /patients/search,overbroad_role,function_auth,API5,4,1,0,1200.0,0.0,9,0
auth_required,health::GET__patients_search::purpose_bypass,health,GET /patients/search,purpose_bypass,purpose_scope,API5,4,1,0,400.0,0.0,9,0
deprecated_inventory_tests,business_licensing::GET__inspections_id::aggregation_leak,business_licensing,GET /inspections/{id},aggregation_leak,property_auth,API3,4,1,0,192.0,0.0,9,0
deprecated_inventory_tests,business_licensing::GET__inspections_id::correct,business_licensing,GET /inspections/{id},correct,clean,,0,0,0,0.0,0.0,9,0
deprecated_inventory_tests,business_licensing::GET__inspections_id::deprecated_exposed,business_licensing,GET /inspections/{id},deprecated_exposed,inventory,API9,3,1,1,720.0,10.0,9,1
deprecated_inventory_tests,business_licensing::GET__inspections_id::jurisdiction_bypass,business_licensing,GET /inspections/{id},jurisdiction_bypass,object_auth,API1,5,1,0,600.0,0.0,9,0
deprecated_inventory_tests,business_licensing::GET__inspections_id::missing_audit_log,business_licensing,GET /inspections/{id},missing_audit_log,auditability,API10,3,1,0,240.0,0.0,9,0
deprecated_inventory_tests,business_licensing::GET__inspections_id::missing_auth,business_licensing,GET /inspections/{id},missing_auth,function_auth,API2,5,1,0,1600.0,0.0,9,0
deprecated_inventory_tests,business_licensing::GET__inspections_id::missing_field_filter,business_licensing,GET /inspections/{id},missing_field_filter,property_auth,API3,5,1,0,240.0,0.0,9,0
deprecated_inventory_tests,business_licensing::GET__inspections_id::missing_object_check,business_licensing,GET /inspections/{id},missing_object_check,object_auth,API1,5,1,0,600.0,0.0,9,0
deprecated_inventory_tests,business_licensing::GET__inspections_id::overbroad_role,business_licensing,GET /inspections/{id},overbroad_role,function_auth,API5,4,1,0,960.0,0.0,9,0
deprecated_inventory_tests,business_licensing::GET__inspections_id::purpose_bypass,business_licensing,GET /inspections/{id},purpose_bypass,purpose_scope,API5,4,1,0,320.0,0.0,9,0
deprecated_inventory_tests,business_licensing::GET__licenses_export::aggregation_leak,business_licensing,GET /licenses/export,aggregation_leak,property_auth,API3,4,1,0,256.0,0.0,9,0
deprecated_inventory_tests,business_licensing::GET__licenses_export::correct,business_licensing,GET /licenses/export,correct,clean,,0,0,0,0.0,0.0,9,0
deprecated_inventory_tests,business_licensing::GET__licenses_export::deprecated_exposed,business_licensing,GET /licenses/export,deprecated_exposed,inventory,API9,3,1,1,720.0,8.0,9,1
deprecated_inventory_tests,business_licensing::GET__licenses_export::jurisdiction_bypass,business_licensing,GET /licenses/export,jurisdiction_bypass,object_auth,API1,5,1,0,600.0,0.0,9,0
deprecated_inventory_tests,business_licensing::GET__licenses_export::missing_audit_log,business_licensing,GET /licenses/export,missing_audit_log,auditability,API10,3,1,0,240.0,0.0,9,0
deprecated_inventory_tests,business_licensing::GET__licenses_export::missing_auth,business_licensing,GET /licenses/export,missing_auth,function_auth,API2,5,1,0,1600.0,0.0,9,0
deprecated_inventory_tests,business_licensing::GET__licenses_export::missing_field_filter,business_licensing,GET /licenses/export,missing_field_filter,property_auth,API3,5,1,0,320.0,0.0,9,0
deprecated_inventory_tests,business_licensing::GET__licenses_export::missing_object_check,business_licensing,GET /licenses/export,missing_object_check,object_auth,API1,5,1,0,600.0,0.0,9,0
deprecated_inventory_tests,business_licensing::GET__licenses_export::overbroad_role,business_licensing,GET /licenses/export,overbroad_role,function_auth,API5,4,1,0,960.0,0.0,9,0
deprecated_inventory_tests,business_licensing::GET__licenses_export::purpose_bypass,business_licensing,GET /licenses/export,purpose_bypass,purpose_scope,API5,4,1,0,320.0,0.0,9,0
deprecated_inventory_tests,business_licensing::GET__licenses_id::aggregation_leak,business_licensing,GET /licenses/{id},aggregation_leak,property_auth,API3,4,1,0,192.0,0.0,9,0
deprecated_inventory_tests,business_licensing::GET__licenses_id::correct,business_licensing,GET /licenses/{id},correct,clean,,0,0,0,0.0,0.0,9,0
deprecated_inventory_tests,business_licensing::GET__licenses_id::deprecated_exposed,business_licensing,GET /licenses/{id},deprecated_exposed,inventory,API9,3,1,1,720.0,8.0,9,1
deprecated_inventory_tests,business_licensing::GET__licenses_id::jurisdiction_bypass,business_licensing,GET /licenses/{id},jurisdiction_bypass,object_auth,API1,5,1,0,600.0,0.0,9,0
deprecated_inventory_tests,business_licensing::GET__licenses_id::missing_audit_log,business_licensing,GET /licenses/{id},missing_audit_log,auditability,API10,3,1,0,240.0,0.0,9,0
deprecated_inventory_tests,business_licensing::GET__licenses_id::missing_auth,business_licensing,GET /licenses/{id},missing_auth,function_auth,API2,5,1,0,1600.0,0.0,9,0
deprecated_inventory_tests,business_licensing::GET__licenses_id::missing_field_filter,business_licensing,GET /licenses/{id},missing_field_filter,property_auth,API3,5,1,0,240.0,0.0,9,0
deprecated_inventory_tests,business_licensing::GET__licenses_id::missing_object_check,business_licensing,GET /licenses/{id},missing_object_check,object_auth,API1,5,1,0,600.0,0.0,9,0
deprecated_inventory_tests,business_licensing::GET__licenses_id::overbroad_role,business_licensing,GET /licenses/{id},overbroad_role,function_auth,API5,4,1,0,960.0,0.0,9,0
deprecated_inventory_tests,business_licensing::GET__licenses_id::purpose_bypass,business_licensing,GET /licenses/{id},purpose_bypass,purpose_scope,API5,4,1,0,320.0,0.0,9,0
deprecated_inventory_tests,citizen_services::GET__benefits_id::aggregation_leak,citizen_services,GET /benefits/{id},aggregation_leak,property_auth,API3,4,1,0,480.0,0.0,9,0
deprecated_inventory_tests,citizen_services::GET__benefits_id::correct,citizen_services,GET /benefits/{id},correct,clean,,0,0,0,0.0,0.0,9,0
deprecated_inventory_tests,citizen_services::GET__benefits_id::deprecated_exposed,citizen_services,GET /benefits/{id},deprecated_exposed,inventory,API9,3,1,1,900.0,13.0,9,1
deprecated_inventory_tests,citizen_services::GET__benefits_id::jurisdiction_bypass,citizen_services,GET /benefits/{id},jurisdiction_bypass,object_auth,API1,5,1,0,750.0,0.0,9,0
deprecated_inventory_tests,citizen_services::GET__benefits_id::missing_audit_log,citizen_services,GET /benefits/{id},missing_audit_log,auditability,API10,3,1,0,300.0,0.0,9,0
deprecated_inventory_tests,citizen_services::GET__benefits_id::missing_auth,citizen_services,GET /benefits/{id},missing_auth,function_auth,API2,5,1,0,2000.0,0.0,9,0
deprecated_inventory_tests,citizen_services::GET__benefits_id::missing_field_filter,citizen_services,GET /benefits/{id},missing_field_filter,property_auth,API3,5,1,0,600.0,0.0,9,0
deprecated_inventory_tests,citizen_services::GET__benefits_id::missing_object_check,citizen_services,GET /benefits/{id},missing_object_check,object_auth,API1,5,1,0,750.0,0.0,9,0
deprecated_inventory_tests,citizen_services::GET__benefits_id::overbroad_role,citizen_services,GET /benefits/{id},overbroad_role,function_auth,API5,4,1,0,1200.0,0.0,9,0
deprecated_inventory_tests,citizen_services::GET__benefits_id::purpose_bypass,citizen_services,GET /benefits/{id},purpose_bypass,purpose_scope,API5,4,1,0,400.0,0.0,9,0
deprecated_inventory_tests,citizen_services::GET__citizens_export::aggregation_leak,citizen_services,GET /citizens/export,aggregation_leak,property_auth,API3,4,1,0,560.0,0.0,9,0
deprecated_inventory_tests,citizen_services::GET__citizens_export::correct,citizen_services,GET /citizens/export,correct,clean,,0,0,0,0.0,0.0,9,0
deprecated_inventory_tests,citizen_services::GET__citizens_export::deprecated_exposed,citizen_services,GET /citizens/export,deprecated_exposed,inventory,API9,3,1,1,900.0,15.0,9,1
deprecated_inventory_tests,citizen_services::GET__citizens_export::jurisdiction_bypass,citizen_services,GET /citizens/export,jurisdiction_bypass,object_auth,API1,5,1,0,750.0,0.0,9,0
deprecated_inventory_tests,citizen_services::GET__citizens_export::missing_audit_log,citizen_services,GET /citizens/export,missing_audit_log,auditability,API10,3,1,0,300.0,0.0,9,0
deprecated_inventory_tests,citizen_services::GET__citizens_export::missing_auth,citizen_services,GET /citizens/export,missing_auth,function_auth,API2,5,1,0,2000.0,0.0,9,0
deprecated_inventory_tests,citizen_services::GET__citizens_export::missing_field_filter,citizen_services,GET /citizens/export,missing_field_filter,property_auth,API3,5,1,0,700.0,0.0,9,0
deprecated_inventory_tests,citizen_services::GET__citizens_export::missing_object_check,citizen_services,GET /citizens/export,missing_object_check,object_auth,API1,5,1,0,750.0,0.0,9,0
deprecated_inventory_tests,citizen_services::GET__citizens_export::overbroad_role,citizen_services,GET /citizens/export,overbroad_role,function_auth,API5,4,1,0,1200.0,0.0,9,0
deprecated_inventory_tests,citizen_services::GET__citizens_export::purpose_bypass,citizen_services,GET /citizens/export,purpose_bypass,purpose_scope,API5,4,1,0,400.0,0.0,9,0
deprecated_inventory_tests,citizen_services::GET__citizens_id::aggregation_leak,citizen_services,GET /citizens/{id},aggregation_leak,property_auth,API3,4,1,0,560.0,0.0,9,0
deprecated_inventory_tests,citizen_services::GET__citizens_id::correct,citizen_services,GET /citizens/{id},correct,clean,,0,0,0,0.0,0.0,9,0
deprecated_inventory_tests,citizen_services::GET__citizens_id::deprecated_exposed,citizen_services,GET /citizens/{id},deprecated_exposed,inventory,API9,3,1,1,900.0,15.0,9,1
deprecated_inventory_tests,citizen_services::GET__citizens_id::jurisdiction_bypass,citizen_services,GET /citizens/{id},jurisdiction_bypass,object_auth,API1,5,1,0,750.0,0.0,9,0
deprecated_inventory_tests,citizen_services::GET__citizens_id::missing_audit_log,citizen_services,GET /citizens/{id},missing_audit_log,auditability,API10,3,1,0,300.0,0.0,9,0
deprecated_inventory_tests,citizen_services::GET__citizens_id::missing_auth,citizen_services,GET /citizens/{id},missing_auth,function_auth,API2,5,1,0,2000.0,0.0,9,0
deprecated_inventory_tests,citizen_services::GET__citizens_id::missing_field_filter,citizen_services,GET /citizens/{id},missing_field_filter,property_auth,API3,5,1,0,700.0,0.0,9,0
deprecated_inventory_tests,citizen_services::GET__citizens_id::missing_object_check,citizen_services,GET /citizens/{id},missing_object_check,object_auth,API1,5,1,0,750.0,0.0,9,0
deprecated_inventory_tests,citizen_services::GET__citizens_id::overbroad_role,citizen_services,GET /citizens/{id},overbroad_role,function_auth,API5,4,1,0,1200.0,0.0,9,0
deprecated_inventory_tests,citizen_services::GET__citizens_id::purpose_bypass,citizen_services,GET /citizens/{id},purpose_bypass,purpose_scope,API5,4,1,0,400.0,0.0,9,0
deprecated_inventory_tests,education::GET__classes_id_roster::aggregation_leak,education,GET /classes/{id}/roster,aggregation_leak,property_auth,API3,4,1,0,640.0,0.0,9,0
deprecated_inventory_tests,education::GET__classes_id_roster::correct,education,GET /classes/{id}/roster,correct,clean,,0,0,0,0.0,0.0,9,0
deprecated_inventory_tests,education::GET__classes_id_roster::deprecated_exposed,education,GET /classes/{id}/roster,deprecated_exposed,inventory,API9,3,1,1,900.0,21.0,9,1
deprecated_inventory_tests,education::GET__classes_id_roster::jurisdiction_bypass,education,GET /classes/{id}/roster,jurisdiction_bypass,object_auth,API1,5,1,0,750.0,0.0,9,0
deprecated_inventory_tests,education::GET__classes_id_roster::missing_audit_log,education,GET /classes/{id}/roster,missing_audit_log,auditability,API10,3,1,0,300.0,0.0,9,0
deprecated_inventory_tests,education::GET__classes_id_roster::missing_auth,education,GET /classes/{id}/roster,missing_auth,function_auth,API2,5,1,0,2000.0,0.0,9,0
deprecated_inventory_tests,education::GET__classes_id_roster::missing_field_filter,education,GET /classes/{id}/roster,missing_field_filter,property_auth,API3,5,1,0,800.0,0.0,9,0
deprecated_inventory_tests,education::GET__classes_id_roster::missing_object_check,education,GET /classes/{id}/roster,missing_object_check,object_auth,API1,5,1,0,750.0,0.0,9,0
deprecated_inventory_tests,education::GET__classes_id_roster::overbroad_role,education,GET /classes/{id}/roster,overbroad_role,function_auth,API5,4,1,0,1200.0,0.0,9,0
deprecated_inventory_tests,education::GET__classes_id_roster::purpose_bypass,education,GET /classes/{id}/roster,purpose_bypass,purpose_scope,API5,4,1,0,400.0,0.0,9,0
deprecated_inventory_tests,education::GET__discipline_id::aggregation_leak,education,GET /discipline/{id},aggregation_leak,property_auth,API3,4,1,0,560.0,0.0,9,0
deprecated_inventory_tests,education::GET__discipline_id::correct,education,GET /discipline/{id},correct,clean,,0,0,0,0.0,0.0,9,0
deprecated_inventory_tests,education::GET__discipline_id::deprecated_exposed,education,GET /discipline/{id},deprecated_exposed,inventory,API9,3,1,1,900.0,19.0,9,1
deprecated_inventory_tests,education::GET__discipline_id::jurisdiction_bypass,education,GET /discipline/{id},jurisdiction_bypass,object_auth,API1,5,1,0,750.0,0.0,9,0
deprecated_inventory_tests,education::GET__discipline_id::missing_audit_log,education,GET /discipline/{id},missing_audit_log,auditability,API10,3,1,0,300.0,0.0,9,0
deprecated_inventory_tests,education::GET__discipline_id::missing_auth,education,GET /discipline/{id},missing_auth,function_auth,API2,5,1,0,2000.0,0.0,9,0
deprecated_inventory_tests,education::GET__discipline_id::missing_field_filter,education,GET /discipline/{id},missing_field_filter,property_auth,API3,5,1,0,700.0,0.0,9,0
deprecated_inventory_tests,education::GET__discipline_id::missing_object_check,education,GET /discipline/{id},missing_object_check,object_auth,API1,5,1,0,750.0,0.0,9,0
deprecated_inventory_tests,education::GET__discipline_id::overbroad_role,education,GET /discipline/{id},overbroad_role,function_auth,API5,4,1,0,1200.0,0.0,9,0
deprecated_inventory_tests,education::GET__discipline_id::purpose_bypass,education,GET /discipline/{id},purpose_bypass,purpose_scope,API5,4,1,0,400.0,0.0,9,0
deprecated_inventory_tests,education::GET__students_id_record::aggregation_leak,education,GET /students/{id}/record,aggregation_leak,property_auth,API3,4,1,0,640.0,0.0,9,0
deprecated_inventory_tests,education::GET__students_id_record::correct,education,GET /students/{id}/record,correct,clean,,0,0,0,0.0,0.0,9,0
deprecated_inventory_tests,education::GET__students_id_record::deprecated_exposed,education,GET /students/{id}/record,deprecated_exposed,inventory,API9,3,1,1,900.0,21.0,9,1
deprecated_inventory_tests,education::GET__students_id_record::jurisdiction_bypass,education,GET /students/{id}/record,jurisdiction_bypass,object_auth,API1,5,1,0,750.0,0.0,9,0
deprecated_inventory_tests,education::GET__students_id_record::missing_audit_log,education,GET /students/{id}/record,missing_audit_log,auditability,API10,3,1,0,300.0,0.0,9,0
deprecated_inventory_tests,education::GET__students_id_record::missing_auth,education,GET /students/{id}/record,missing_auth,function_auth,API2,5,1,0,2000.0,0.0,9,0
deprecated_inventory_tests,education::GET__students_id_record::missing_field_filter,education,GET /students/{id}/record,missing_field_filter,property_auth,API3,5,1,0,800.0,0.0,9,0
deprecated_inventory_tests,education::GET__students_id_record::missing_object_check,education,GET /students/{id}/record,missing_object_check,object_auth,API1,5,1,0,750.0,0.0,9,0
deprecated_inventory_tests,education::GET__students_id_record::overbroad_role,education,GET /students/{id}/record,overbroad_role,function_auth,API5,4,1,0,1200.0,0.0,9,0
deprecated_inventory_tests,education::GET__students_id_record::purpose_bypass,education,GET /students/{id}/record,purpose_bypass,purpose_scope,API5,4,1,0,400.0,0.0,9,0
deprecated_inventory_tests,health::GET__encounters_id::aggregation_leak,health,GET /encounters/{id},aggregation_leak,property_auth,API3,4,1,0,560.0,0.0,9,0
deprecated_inventory_tests,health::GET__encounters_id::correct,health,GET /encounters/{id},correct,clean,,0,0,0,0.0,0.0,9,0
deprecated_inventory_tests,health::GET__encounters_id::deprecated_exposed,health,GET /encounters/{id},deprecated_exposed,inventory,API9,3,1,1,900.0,12.0,9,1
deprecated_inventory_tests,health::GET__encounters_id::jurisdiction_bypass,health,GET /encounters/{id},jurisdiction_bypass,object_auth,API1,5,1,0,750.0,0.0,9,0
deprecated_inventory_tests,health::GET__encounters_id::missing_audit_log,health,GET /encounters/{id},missing_audit_log,auditability,API10,3,1,0,300.0,0.0,9,0
deprecated_inventory_tests,health::GET__encounters_id::missing_auth,health,GET /encounters/{id},missing_auth,function_auth,API2,5,1,0,2000.0,0.0,9,0
deprecated_inventory_tests,health::GET__encounters_id::missing_field_filter,health,GET /encounters/{id},missing_field_filter,property_auth,API3,5,1,0,700.0,0.0,9,0
deprecated_inventory_tests,health::GET__encounters_id::missing_object_check,health,GET /encounters/{id},missing_object_check,object_auth,API1,5,1,0,750.0,0.0,9,0
deprecated_inventory_tests,health::GET__encounters_id::overbroad_role,health,GET /encounters/{id},overbroad_role,function_auth,API5,4,1,0,1200.0,0.0,9,0
deprecated_inventory_tests,health::GET__encounters_id::purpose_bypass,health,GET /encounters/{id},purpose_bypass,purpose_scope,API5,4,1,0,400.0,0.0,9,0
deprecated_inventory_tests,health::GET__patients_id::aggregation_leak,health,GET /patients/{id},aggregation_leak,property_auth,API3,4,1,0,640.0,0.0,9,0
deprecated_inventory_tests,health::GET__patients_id::correct,health,GET /patients/{id},correct,clean,,0,0,0,0.0,0.0,9,0
deprecated_inventory_tests,health::GET__patients_id::deprecated_exposed,health,GET /patients/{id},deprecated_exposed,inventory,API9,3,1,1,900.0,8.0,9,1
deprecated_inventory_tests,health::GET__patients_id::jurisdiction_bypass,health,GET /patients/{id},jurisdiction_bypass,object_auth,API1,5,1,0,750.0,0.0,9,0
deprecated_inventory_tests,health::GET__patients_id::missing_audit_log,health,GET /patients/{id},missing_audit_log,auditability,API10,3,1,0,300.0,0.0,9,0
deprecated_inventory_tests,health::GET__patients_id::missing_auth,health,GET /patients/{id},missing_auth,function_auth,API2,5,1,0,2000.0,0.0,9,0
deprecated_inventory_tests,health::GET__patients_id::missing_field_filter,health,GET /patients/{id},missing_field_filter,property_auth,API3,5,1,0,800.0,0.0,9,0
deprecated_inventory_tests,health::GET__patients_id::missing_object_check,health,GET /patients/{id},missing_object_check,object_auth,API1,5,1,0,750.0,0.0,9,0
deprecated_inventory_tests,health::GET__patients_id::overbroad_role,health,GET /patients/{id},overbroad_role,function_auth,API5,4,1,0,1200.0,0.0,9,0
deprecated_inventory_tests,health::GET__patients_id::purpose_bypass,health,GET /patients/{id},purpose_bypass,purpose_scope,API5,4,1,0,400.0,0.0,9,0
deprecated_inventory_tests,health::GET__patients_search::aggregation_leak,health,GET /patients/search,aggregation_leak,property_auth,API3,4,1,0,640.0,0.0,9,0
deprecated_inventory_tests,health::GET__patients_search::correct,health,GET /patients/search,correct,clean,,0,0,0,0.0,0.0,9,0
deprecated_inventory_tests,health::GET__patients_search::deprecated_exposed,health,GET /patients/search,deprecated_exposed,inventory,API9,3,1,1,900.0,8.0,9,1
deprecated_inventory_tests,health::GET__patients_search::jurisdiction_bypass,health,GET /patients/search,jurisdiction_bypass,object_auth,API1,5,1,0,750.0,0.0,9,0
deprecated_inventory_tests,health::GET__patients_search::missing_audit_log,health,GET /patients/search,missing_audit_log,auditability,API10,3,1,0,300.0,0.0,9,0
deprecated_inventory_tests,health::GET__patients_search::missing_auth,health,GET /patients/search,missing_auth,function_auth,API2,5,1,0,2000.0,0.0,9,0
deprecated_inventory_tests,health::GET__patients_search::missing_field_filter,health,GET /patients/search,missing_field_filter,property_auth,API3,5,1,0,800.0,0.0,9,0
deprecated_inventory_tests,health::GET__patients_search::missing_object_check,health,GET /patients/search,missing_object_check,object_auth,API1,5,1,0,750.0,0.0,9,0
deprecated_inventory_tests,health::GET__patients_search::overbroad_role,health,GET /patients/search,overbroad_role,function_auth,API5,4,1,0,1200.0,0.0,9,0
deprecated_inventory_tests,health::GET__patients_search::purpose_bypass,health,GET /patients/search,purpose_bypass,purpose_scope,API5,4,1,0,400.0,0.0,9,0
field_policy_tests,business_licensing::GET__inspections_id::aggregation_leak,business_licensing,GET /inspections/{id},aggregation_leak,property_auth,API3,4,1,1,192.0,6.0,9,1
field_policy_tests,business_licensing::GET__inspections_id::correct,business_licensing,GET /inspections/{id},correct,clean,,0,0,0,0.0,0.0,9,0
field_policy_tests,business_licensing::GET__inspections_id::deprecated_exposed,business_licensing,GET /inspections/{id},deprecated_exposed,inventory,API9,3,1,0,720.0,0.0,9,0
field_policy_tests,business_licensing::GET__inspections_id::jurisdiction_bypass,business_licensing,GET /inspections/{id},jurisdiction_bypass,object_auth,API1,5,1,0,600.0,0.0,9,0
field_policy_tests,business_licensing::GET__inspections_id::missing_audit_log,business_licensing,GET /inspections/{id},missing_audit_log,auditability,API10,3,1,0,240.0,0.0,9,0
field_policy_tests,business_licensing::GET__inspections_id::missing_auth,business_licensing,GET /inspections/{id},missing_auth,function_auth,API2,5,1,0,1600.0,0.0,9,0
field_policy_tests,business_licensing::GET__inspections_id::missing_field_filter,business_licensing,GET /inspections/{id},missing_field_filter,property_auth,API3,5,1,1,240.0,34.0,9,5
field_policy_tests,business_licensing::GET__inspections_id::missing_object_check,business_licensing,GET /inspections/{id},missing_object_check,object_auth,API1,5,1,0,600.0,0.0,9,0
field_policy_tests,business_licensing::GET__inspections_id::overbroad_role,business_licensing,GET /inspections/{id},overbroad_role,function_auth,API5,4,1,0,960.0,0.0,9,0
field_policy_tests,business_licensing::GET__inspections_id::purpose_bypass,business_licensing,GET /inspections/{id},purpose_bypass,purpose_scope,API5,4,1,0,320.0,0.0,9,0
field_policy_tests,business_licensing::GET__licenses_export::aggregation_leak,business_licensing,GET /licenses/export,aggregation_leak,property_auth,API3,4,1,1,256.0,4.0,9,1
field_policy_tests,business_licensing::GET__licenses_export::correct,business_licensing,GET /licenses/export,correct,clean,,0,0,0,0.0,0.0,9,0
field_policy_tests,business_licensing::GET__licenses_export::deprecated_exposed,business_licensing,GET /licenses/export,deprecated_exposed,inventory,API9,3,1,0,720.0,0.0,9,0
field_policy_tests,business_licensing::GET__licenses_export::jurisdiction_bypass,business_licensing,GET /licenses/export,jurisdiction_bypass,object_auth,API1,5,1,0,600.0,0.0,9,0
field_policy_tests,business_licensing::GET__licenses_export::missing_audit_log,business_licensing,GET /licenses/export,missing_audit_log,auditability,API10,3,1,0,240.0,0.0,9,0
field_policy_tests,business_licensing::GET__licenses_export::missing_auth,business_licensing,GET /licenses/export,missing_auth,function_auth,API2,5,1,0,1600.0,0.0,9,0
field_policy_tests,business_licensing::GET__licenses_export::missing_field_filter,business_licensing,GET /licenses/export,missing_field_filter,property_auth,API3,5,1,1,320.0,22.0,9,5
field_policy_tests,business_licensing::GET__licenses_export::missing_object_check,business_licensing,GET /licenses/export,missing_object_check,object_auth,API1,5,1,0,600.0,0.0,9,0
field_policy_tests,business_licensing::GET__licenses_export::overbroad_role,business_licensing,GET /licenses/export,overbroad_role,function_auth,API5,4,1,0,960.0,0.0,9,0
field_policy_tests,business_licensing::GET__licenses_export::purpose_bypass,business_licensing,GET /licenses/export,purpose_bypass,purpose_scope,API5,4,1,0,320.0,0.0,9,0
field_policy_tests,business_licensing::GET__licenses_id::aggregation_leak,business_licensing,GET /licenses/{id},aggregation_leak,property_auth,API3,4,1,1,192.0,4.0,9,1
field_policy_tests,business_licensing::GET__licenses_id::correct,business_licensing,GET /licenses/{id},correct,clean,,0,0,0,0.0,0.0,9,0
field_policy_tests,business_licensing::GET__licenses_id::deprecated_exposed,business_licensing,GET /licenses/{id},deprecated_exposed,inventory,API9,3,1,0,720.0,0.0,9,0
field_policy_tests,business_licensing::GET__licenses_id::jurisdiction_bypass,business_licensing,GET /licenses/{id},jurisdiction_bypass,object_auth,API1,5,1,0,600.0,0.0,9,0
field_policy_tests,business_licensing::GET__licenses_id::missing_audit_log,business_licensing,GET /licenses/{id},missing_audit_log,auditability,API10,3,1,0,240.0,0.0,9,0
field_policy_tests,business_licensing::GET__licenses_id::missing_auth,business_licensing,GET /licenses/{id},missing_auth,function_auth,API2,5,1,0,1600.0,0.0,9,0
field_policy_tests,business_licensing::GET__licenses_id::missing_field_filter,business_licensing,GET /licenses/{id},missing_field_filter,property_auth,API3,5,1,1,240.0,22.0,9,5
field_policy_tests,business_licensing::GET__licenses_id::missing_object_check,business_licensing,GET /licenses/{id},missing_object_check,object_auth,API1,5,1,0,600.0,0.0,9,0
field_policy_tests,business_licensing::GET__licenses_id::overbroad_role,business_licensing,GET /licenses/{id},overbroad_role,function_auth,API5,4,1,0,960.0,0.0,9,0
field_policy_tests,business_licensing::GET__licenses_id::purpose_bypass,business_licensing,GET /licenses/{id},purpose_bypass,purpose_scope,API5,4,1,0,320.0,0.0,9,0
field_policy_tests,citizen_services::GET__benefits_id::aggregation_leak,citizen_services,GET /benefits/{id},aggregation_leak,property_auth,API3,4,1,1,480.0,9.0,9,1
field_policy_tests,citizen_services::GET__benefits_id::correct,citizen_services,GET /benefits/{id},correct,clean,,0,0,0,0.0,0.0,9,0
field_policy_tests,citizen_services::GET__benefits_id::deprecated_exposed,citizen_services,GET /benefits/{id},deprecated_exposed,inventory,API9,3,1,0,900.0,0.0,9,0
field_policy_tests,citizen_services::GET__benefits_id::jurisdiction_bypass,citizen_services,GET /benefits/{id},jurisdiction_bypass,object_auth,API1,5,1,0,750.0,0.0,9,0
field_policy_tests,citizen_services::GET__benefits_id::missing_audit_log,citizen_services,GET /benefits/{id},missing_audit_log,auditability,API10,3,1,0,300.0,0.0,9,0
field_policy_tests,citizen_services::GET__benefits_id::missing_auth,citizen_services,GET /benefits/{id},missing_auth,function_auth,API2,5,1,0,2000.0,0.0,9,0
field_policy_tests,citizen_services::GET__benefits_id::missing_field_filter,citizen_services,GET /benefits/{id},missing_field_filter,property_auth,API3,5,1,1,600.0,43.0,9,5
field_policy_tests,citizen_services::GET__benefits_id::missing_object_check,citizen_services,GET /benefits/{id},missing_object_check,object_auth,API1,5,1,0,750.0,0.0,9,0
field_policy_tests,citizen_services::GET__benefits_id::overbroad_role,citizen_services,GET /benefits/{id},overbroad_role,function_auth,API5,4,1,0,1200.0,0.0,9,0
field_policy_tests,citizen_services::GET__benefits_id::purpose_bypass,citizen_services,GET /benefits/{id},purpose_bypass,purpose_scope,API5,4,1,0,400.0,0.0,9,0
field_policy_tests,citizen_services::GET__citizens_export::aggregation_leak,citizen_services,GET /citizens/export,aggregation_leak,property_auth,API3,4,1,1,560.0,11.0,9,1
field_policy_tests,citizen_services::GET__citizens_export::correct,citizen_services,GET /citizens/export,correct,clean,,0,0,0,0.0,0.0,9,0
field_policy_tests,citizen_services::GET__citizens_export::deprecated_exposed,citizen_services,GET /citizens/export,deprecated_exposed,inventory,API9,3,1,0,900.0,0.0,9,0
field_policy_tests,citizen_services::GET__citizens_export::jurisdiction_bypass,citizen_services,GET /citizens/export,jurisdiction_bypass,object_auth,API1,5,1,0,750.0,0.0,9,0
field_policy_tests,citizen_services::GET__citizens_export::missing_audit_log,citizen_services,GET /citizens/export,missing_audit_log,auditability,API10,3,1,0,300.0,0.0,9,0
field_policy_tests,citizen_services::GET__citizens_export::missing_auth,citizen_services,GET /citizens/export,missing_auth,function_auth,API2,5,1,0,2000.0,0.0,9,0
field_policy_tests,citizen_services::GET__citizens_export::missing_field_filter,citizen_services,GET /citizens/export,missing_field_filter,property_auth,API3,5,1,1,700.0,55.0,9,5
field_policy_tests,citizen_services::GET__citizens_export::missing_object_check,citizen_services,GET /citizens/export,missing_object_check,object_auth,API1,5,1,0,750.0,0.0,9,0
field_policy_tests,citizen_services::GET__citizens_export::overbroad_role,citizen_services,GET /citizens/export,overbroad_role,function_auth,API5,4,1,0,1200.0,0.0,9,0
field_policy_tests,citizen_services::GET__citizens_export::purpose_bypass,citizen_services,GET /citizens/export,purpose_bypass,purpose_scope,API5,4,1,0,400.0,0.0,9,0
field_policy_tests,citizen_services::GET__citizens_id::aggregation_leak,citizen_services,GET /citizens/{id},aggregation_leak,property_auth,API3,4,1,1,560.0,11.0,9,1
field_policy_tests,citizen_services::GET__citizens_id::correct,citizen_services,GET /citizens/{id},correct,clean,,0,0,0,0.0,0.0,9,0
field_policy_tests,citizen_services::GET__citizens_id::deprecated_exposed,citizen_services,GET /citizens/{id},deprecated_exposed,inventory,API9,3,1,0,900.0,0.0,9,0
field_policy_tests,citizen_services::GET__citizens_id::jurisdiction_bypass,citizen_services,GET /citizens/{id},jurisdiction_bypass,object_auth,API1,5,1,0,750.0,0.0,9,0
field_policy_tests,citizen_services::GET__citizens_id::missing_audit_log,citizen_services,GET /citizens/{id},missing_audit_log,auditability,API10,3,1,0,300.0,0.0,9,0
field_policy_tests,citizen_services::GET__citizens_id::missing_auth,citizen_services,GET /citizens/{id},missing_auth,function_auth,API2,5,1,0,2000.0,0.0,9,0
field_policy_tests,citizen_services::GET__citizens_id::missing_field_filter,citizen_services,GET /citizens/{id},missing_field_filter,property_auth,API3,5,1,1,700.0,55.0,9,5
field_policy_tests,citizen_services::GET__citizens_id::missing_object_check,citizen_services,GET /citizens/{id},missing_object_check,object_auth,API1,5,1,0,750.0,0.0,9,0
field_policy_tests,citizen_services::GET__citizens_id::overbroad_role,citizen_services,GET /citizens/{id},overbroad_role,function_auth,API5,4,1,0,1200.0,0.0,9,0
field_policy_tests,citizen_services::GET__citizens_id::purpose_bypass,citizen_services,GET /citizens/{id},purpose_bypass,purpose_scope,API5,4,1,0,400.0,0.0,9,0
field_policy_tests,education::GET__classes_id_roster::aggregation_leak,education,GET /classes/{id}/roster,aggregation_leak,property_auth,API3,4,1,1,640.0,17.0,9,1
field_policy_tests,education::GET__classes_id_roster::correct,education,GET /classes/{id}/roster,correct,clean,,0,0,0,0.0,0.0,9,0
field_policy_tests,education::GET__classes_id_roster::deprecated_exposed,education,GET /classes/{id}/roster,deprecated_exposed,inventory,API9,3,1,0,900.0,0.0,9,0
field_policy_tests,education::GET__classes_id_roster::jurisdiction_bypass,education,GET /classes/{id}/roster,jurisdiction_bypass,object_auth,API1,5,1,0,750.0,0.0,9,0
field_policy_tests,education::GET__classes_id_roster::missing_audit_log,education,GET /classes/{id}/roster,missing_audit_log,auditability,API10,3,1,0,300.0,0.0,9,0
field_policy_tests,education::GET__classes_id_roster::missing_auth,education,GET /classes/{id}/roster,missing_auth,function_auth,API2,5,1,0,2000.0,0.0,9,0
field_policy_tests,education::GET__classes_id_roster::missing_field_filter,education,GET /classes/{id}/roster,missing_field_filter,property_auth,API3,5,1,1,800.0,85.0,9,5
field_policy_tests,education::GET__classes_id_roster::missing_object_check,education,GET /classes/{id}/roster,missing_object_check,object_auth,API1,5,1,0,750.0,0.0,9,0
field_policy_tests,education::GET__classes_id_roster::overbroad_role,education,GET /classes/{id}/roster,overbroad_role,function_auth,API5,4,1,0,1200.0,0.0,9,0
field_policy_tests,education::GET__classes_id_roster::purpose_bypass,education,GET /classes/{id}/roster,purpose_bypass,purpose_scope,API5,4,1,0,400.0,0.0,9,0
field_policy_tests,education::GET__discipline_id::aggregation_leak,education,GET /discipline/{id},aggregation_leak,property_auth,API3,4,1,1,560.0,15.0,9,1
field_policy_tests,education::GET__discipline_id::correct,education,GET /discipline/{id},correct,clean,,0,0,0,0.0,0.0,9,0
field_policy_tests,education::GET__discipline_id::deprecated_exposed,education,GET /discipline/{id},deprecated_exposed,inventory,API9,3,1,0,900.0,0.0,9,0
field_policy_tests,education::GET__discipline_id::jurisdiction_bypass,education,GET /discipline/{id},jurisdiction_bypass,object_auth,API1,5,1,0,750.0,0.0,9,0
field_policy_tests,education::GET__discipline_id::missing_audit_log,education,GET /discipline/{id},missing_audit_log,auditability,API10,3,1,0,300.0,0.0,9,0
field_policy_tests,education::GET__discipline_id::missing_auth,education,GET /discipline/{id},missing_auth,function_auth,API2,5,1,0,2000.0,0.0,9,0
field_policy_tests,education::GET__discipline_id::missing_field_filter,education,GET /discipline/{id},missing_field_filter,property_auth,API3,5,1,1,700.0,70.0,9,5
field_policy_tests,education::GET__discipline_id::missing_object_check,education,GET /discipline/{id},missing_object_check,object_auth,API1,5,1,0,750.0,0.0,9,0
field_policy_tests,education::GET__discipline_id::overbroad_role,education,GET /discipline/{id},overbroad_role,function_auth,API5,4,1,0,1200.0,0.0,9,0
field_policy_tests,education::GET__discipline_id::purpose_bypass,education,GET /discipline/{id},purpose_bypass,purpose_scope,API5,4,1,0,400.0,0.0,9,0
field_policy_tests,education::GET__students_id_record::aggregation_leak,education,GET /students/{id}/record,aggregation_leak,property_auth,API3,4,1,1,640.0,17.0,9,1
field_policy_tests,education::GET__students_id_record::correct,education,GET /students/{id}/record,correct,clean,,0,0,0,0.0,0.0,9,0
field_policy_tests,education::GET__students_id_record::deprecated_exposed,education,GET /students/{id}/record,deprecated_exposed,inventory,API9,3,1,0,900.0,0.0,9,0
field_policy_tests,education::GET__students_id_record::jurisdiction_bypass,education,GET /students/{id}/record,jurisdiction_bypass,object_auth,API1,5,1,0,750.0,0.0,9,0
field_policy_tests,education::GET__students_id_record::missing_audit_log,education,GET /students/{id}/record,missing_audit_log,auditability,API10,3,1,0,300.0,0.0,9,0
field_policy_tests,education::GET__students_id_record::missing_auth,education,GET /students/{id}/record,missing_auth,function_auth,API2,5,1,0,2000.0,0.0,9,0
field_policy_tests,education::GET__students_id_record::missing_field_filter,education,GET /students/{id}/record,missing_field_filter,property_auth,API3,5,1,1,800.0,85.0,9,5
field_policy_tests,education::GET__students_id_record::missing_object_check,education,GET /students/{id}/record,missing_object_check,object_auth,API1,5,1,0,750.0,0.0,9,0
field_policy_tests,education::GET__students_id_record::overbroad_role,education,GET /students/{id}/record,overbroad_role,function_auth,API5,4,1,0,1200.0,0.0,9,0
field_policy_tests,education::GET__students_id_record::purpose_bypass,education,GET /students/{id}/record,purpose_bypass,purpose_scope,API5,4,1,0,400.0,0.0,9,0
field_policy_tests,health::GET__encounters_id::aggregation_leak,health,GET /encounters/{id},aggregation_leak,property_auth,API3,4,1,1,560.0,8.0,9,1
field_policy_tests,health::GET__encounters_id::correct,health,GET /encounters/{id},correct,clean,,0,0,0,0.0,0.0,9,0
field_policy_tests,health::GET__encounters_id::deprecated_exposed,health,GET /encounters/{id},deprecated_exposed,inventory,API9,3,1,0,900.0,0.0,9,0
field_policy_tests,health::GET__encounters_id::jurisdiction_bypass,health,GET /encounters/{id},jurisdiction_bypass,object_auth,API1,5,1,0,750.0,0.0,9,0
field_policy_tests,health::GET__encounters_id::missing_audit_log,health,GET /encounters/{id},missing_audit_log,auditability,API10,3,1,0,300.0,0.0,9,0
field_policy_tests,health::GET__encounters_id::missing_auth,health,GET /encounters/{id},missing_auth,function_auth,API2,5,1,0,2000.0,0.0,9,0
field_policy_tests,health::GET__encounters_id::missing_field_filter,health,GET /encounters/{id},missing_field_filter,property_auth,API3,5,1,1,700.0,34.0,9,5
field_policy_tests,health::GET__encounters_id::missing_object_check,health,GET /encounters/{id},missing_object_check,object_auth,API1,5,1,0,750.0,0.0,9,0
field_policy_tests,health::GET__encounters_id::overbroad_role,health,GET /encounters/{id},overbroad_role,function_auth,API5,4,1,0,1200.0,0.0,9,0
field_policy_tests,health::GET__encounters_id::purpose_bypass,health,GET /encounters/{id},purpose_bypass,purpose_scope,API5,4,1,0,400.0,0.0,9,0
field_policy_tests,health::GET__patients_id::aggregation_leak,health,GET /patients/{id},aggregation_leak,property_auth,API3,4,1,1,640.0,4.0,9,1
field_policy_tests,health::GET__patients_id::correct,health,GET /patients/{id},correct,clean,,0,0,0,0.0,0.0,9,0
field_policy_tests,health::GET__patients_id::deprecated_exposed,health,GET /patients/{id},deprecated_exposed,inventory,API9,3,1,0,900.0,0.0,9,0
field_policy_tests,health::GET__patients_id::jurisdiction_bypass,health,GET /patients/{id},jurisdiction_bypass,object_auth,API1,5,1,0,750.0,0.0,9,0
field_policy_tests,health::GET__patients_id::missing_audit_log,health,GET /patients/{id},missing_audit_log,auditability,API10,3,1,0,300.0,0.0,9,0
field_policy_tests,health::GET__patients_id::missing_auth,health,GET /patients/{id},missing_auth,function_auth,API2,5,1,0,2000.0,0.0,9,0
field_policy_tests,health::GET__patients_id::missing_field_filter,health,GET /patients/{id},missing_field_filter,property_auth,API3,5,1,1,800.0,16.0,9,4
field_policy_tests,health::GET__patients_id::missing_object_check,health,GET /patients/{id},missing_object_check,object_auth,API1,5,1,0,750.0,0.0,9,0
field_policy_tests,health::GET__patients_id::overbroad_role,health,GET /patients/{id},overbroad_role,function_auth,API5,4,1,0,1200.0,0.0,9,0
field_policy_tests,health::GET__patients_id::purpose_bypass,health,GET /patients/{id},purpose_bypass,purpose_scope,API5,4,1,0,400.0,0.0,9,0
field_policy_tests,health::GET__patients_search::aggregation_leak,health,GET /patients/search,aggregation_leak,property_auth,API3,4,1,1,640.0,4.0,9,1
field_policy_tests,health::GET__patients_search::correct,health,GET /patients/search,correct,clean,,0,0,0,0.0,0.0,9,0
field_policy_tests,health::GET__patients_search::deprecated_exposed,health,GET /patients/search,deprecated_exposed,inventory,API9,3,1,0,900.0,0.0,9,0
field_policy_tests,health::GET__patients_search::jurisdiction_bypass,health,GET /patients/search,jurisdiction_bypass,object_auth,API1,5,1,0,750.0,0.0,9,0
field_policy_tests,health::GET__patients_search::missing_audit_log,health,GET /patients/search,missing_audit_log,auditability,API10,3,1,0,300.0,0.0,9,0
field_policy_tests,health::GET__patients_search::missing_auth,health,GET /patients/search,missing_auth,function_auth,API2,5,1,0,2000.0,0.0,9,0
field_policy_tests,health::GET__patients_search::missing_field_filter,health,GET /patients/search,missing_field_filter,property_auth,API3,5,1,1,800.0,16.0,9,4
field_policy_tests,health::GET__patients_search::missing_object_check,health,GET /patients/search,missing_object_check,object_auth,API1,5,1,0,750.0,0.0,9,0
field_policy_tests,health::GET__patients_search::overbroad_role,health,GET /patients/search,overbroad_role,function_auth,API5,4,1,0,1200.0,0.0,9,0
field_policy_tests,health::GET__patients_search::purpose_bypass,health,GET /patients/search,purpose_bypass,purpose_scope,API5,4,1,0,400.0,0.0,9,0
full_without_audit,business_licensing::GET__inspections_id::aggregation_leak,business_licensing,GET /inspections/{id},aggregation_leak,property_auth,API3,4,1,1,192.0,6.0,9,1
full_without_audit,business_licensing::GET__inspections_id::correct,business_licensing,GET /inspections/{id},correct,clean,,0,0,0,0.0,0.0,9,0
full_without_audit,business_licensing::GET__inspections_id::deprecated_exposed,business_licensing,GET /inspections/{id},deprecated_exposed,inventory,API9,3,1,1,720.0,10.0,9,1
full_without_audit,business_licensing::GET__inspections_id::jurisdiction_bypass,business_licensing,GET /inspections/{id},jurisdiction_bypass,object_auth,API1,5,1,1,600.0,37.0,9,1
full_without_audit,business_licensing::GET__inspections_id::missing_audit_log,business_licensing,GET /inspections/{id},missing_audit_log,auditability,API10,3,1,0,240.0,0.0,9,0
full_without_audit,business_licensing::GET__inspections_id::missing_auth,business_licensing,GET /inspections/{id},missing_auth,function_auth,API2,5,1,1,1600.0,43.0,9,1
full_without_audit,business_licensing::GET__inspections_id::missing_field_filter,business_licensing,GET /inspections/{id},missing_field_filter,property_auth,API3,5,1,1,240.0,34.0,9,5
full_without_audit,business_licensing::GET__inspections_id::missing_object_check,business_licensing,GET /inspections/{id},missing_object_check,object_auth,API1,5,1,1,600.0,37.0,9,1
full_without_audit,business_licensing::GET__inspections_id::overbroad_role,business_licensing,GET /inspections/{id},overbroad_role,function_auth,API5,4,1,1,960.0,43.0,9,1
full_without_audit,business_licensing::GET__inspections_id::purpose_bypass,business_licensing,GET /inspections/{id},purpose_bypass,purpose_scope,API5,4,1,1,320.0,37.0,9,1
full_without_audit,business_licensing::GET__licenses_export::aggregation_leak,business_licensing,GET /licenses/export,aggregation_leak,property_auth,API3,4,1,1,256.0,4.0,9,1
full_without_audit,business_licensing::GET__licenses_export::correct,business_licensing,GET /licenses/export,correct,clean,,0,0,0,0.0,0.0,9,0
full_without_audit,business_licensing::GET__licenses_export::deprecated_exposed,business_licensing,GET /licenses/export,deprecated_exposed,inventory,API9,3,1,1,720.0,8.0,9,1
full_without_audit,business_licensing::GET__licenses_export::jurisdiction_bypass,business_licensing,GET /licenses/export,jurisdiction_bypass,object_auth,API1,5,1,1,600.0,40.0,9,1
full_without_audit,business_licensing::GET__licenses_export::missing_audit_log,business_licensing,GET /licenses/export,missing_audit_log,auditability,API10,3,1,0,240.0,0.0,9,0
full_without_audit,business_licensing::GET__licenses_export::missing_auth,business_licensing,GET /licenses/export,missing_auth,function_auth,API2,5,1,1,1600.0,44.0,9,1
full_without_audit,business_licensing::GET__licenses_export::missing_field_filter,business_licensing,GET /licenses/export,missing_field_filter,property_auth,API3,5,1,1,320.0,22.0,9,5
full_without_audit,business_licensing::GET__licenses_export::missing_object_check,business_licensing,GET /licenses/export,missing_object_check,object_auth,API1,5,1,1,600.0,40.0,9,1
full_without_audit,business_licensing::GET__licenses_export::overbroad_role,business_licensing,GET /licenses/export,overbroad_role,function_auth,API5,4,1,1,960.0,44.0,9,1
full_without_audit,business_licensing::GET__licenses_export::purpose_bypass,business_licensing,GET /licenses/export,purpose_bypass,purpose_scope,API5,4,1,1,320.0,40.0,9,1
full_without_audit,business_licensing::GET__licenses_id::aggregation_leak,business_licensing,GET /licenses/{id},aggregation_leak,property_auth,API3,4,1,1,192.0,4.0,9,1
full_without_audit,business_licensing::GET__licenses_id::correct,business_licensing,GET /licenses/{id},correct,clean,,0,0,0,0.0,0.0,9,0
full_without_audit,business_licensing::GET__licenses_id::deprecated_exposed,business_licensing,GET /licenses/{id},deprecated_exposed,inventory,API9,3,1,1,720.0,8.0,9,1
full_without_audit,business_licensing::GET__licenses_id::jurisdiction_bypass,business_licensing,GET /licenses/{id},jurisdiction_bypass,object_auth,API1,5,1,1,600.0,38.0,9,1
full_without_audit,business_licensing::GET__licenses_id::missing_audit_log,business_licensing,GET /licenses/{id},missing_audit_log,auditability,API10,3,1,0,240.0,0.0,9,0
full_without_audit,business_licensing::GET__licenses_id::missing_auth,business_licensing,GET /licenses/{id},missing_auth,function_auth,API2,5,1,1,1600.0,42.0,9,1
full_without_audit,business_licensing::GET__licenses_id::missing_field_filter,business_licensing,GET /licenses/{id},missing_field_filter,property_auth,API3,5,1,1,240.0,22.0,9,5
full_without_audit,business_licensing::GET__licenses_id::missing_object_check,business_licensing,GET /licenses/{id},missing_object_check,object_auth,API1,5,1,1,600.0,38.0,9,1
full_without_audit,business_licensing::GET__licenses_id::overbroad_role,business_licensing,GET /licenses/{id},overbroad_role,function_auth,API5,4,1,1,960.0,42.0,9,1
full_without_audit,business_licensing::GET__licenses_id::purpose_bypass,business_licensing,GET /licenses/{id},purpose_bypass,purpose_scope,API5,4,1,1,320.0,38.0,9,1
full_without_audit,citizen_services::GET__benefits_id::aggregation_leak,citizen_services,GET /benefits/{id},aggregation_leak,property_auth,API3,4,1,1,480.0,9.0,9,1
full_without_audit,citizen_services::GET__benefits_id::correct,citizen_services,GET /benefits/{id},correct,clean,,0,0,0,0.0,0.0,9,0
full_without_audit,citizen_services::GET__benefits_id::deprecated_exposed,citizen_services,GET /benefits/{id},deprecated_exposed,inventory,API9,3,1,1,900.0,13.0,9,1
full_without_audit,citizen_services::GET__benefits_id::jurisdiction_bypass,citizen_services,GET /benefits/{id},jurisdiction_bypass,object_auth,API1,5,1,1,750.0,48.0,9,1
full_without_audit,citizen_services::GET__benefits_id::missing_audit_log,citizen_services,GET /benefits/{id},missing_audit_log,auditability,API10,3,1,0,300.0,0.0,9,0
full_without_audit,citizen_services::GET__benefits_id::missing_auth,citizen_services,GET /benefits/{id},missing_auth,function_auth,API2,5,1,1,2000.0,57.0,9,1
full_without_audit,citizen_services::GET__benefits_id::missing_field_filter,citizen_services,GET /benefits/{id},missing_field_filter,property_auth,API3,5,1,1,600.0,43.0,9,5
full_without_audit,citizen_services::GET__benefits_id::missing_object_check,citizen_services,GET /benefits/{id},missing_object_check,object_auth,API1,5,1,1,750.0,48.0,9,1
full_without_audit,citizen_services::GET__benefits_id::overbroad_role,citizen_services,GET /benefits/{id},overbroad_role,function_auth,API5,4,1,1,1200.0,57.0,9,1
full_without_audit,citizen_services::GET__benefits_id::purpose_bypass,citizen_services,GET /benefits/{id},purpose_bypass,purpose_scope,API5,4,1,1,400.0,48.0,9,1
full_without_audit,citizen_services::GET__citizens_export::aggregation_leak,citizen_services,GET /citizens/export,aggregation_leak,property_auth,API3,4,1,1,560.0,11.0,9,1
full_without_audit,citizen_services::GET__citizens_export::correct,citizen_services,GET /citizens/export,correct,clean,,0,0,0,0.0,0.0,9,0
full_without_audit,citizen_services::GET__citizens_export::deprecated_exposed,citizen_services,GET /citizens/export,deprecated_exposed,inventory,API9,3,1,1,900.0,15.0,9,1
full_without_audit,citizen_services::GET__citizens_export::jurisdiction_bypass,citizen_services,GET /citizens/export,jurisdiction_bypass,object_auth,API1,5,1,1,750.0,48.0,9,1
full_without_audit,citizen_services::GET__citizens_export::missing_audit_log,citizen_services,GET /citizens/export,missing_audit_log,auditability,API10,3,1,0,300.0,0.0,9,0
full_without_audit,citizen_services::GET__citizens_export::missing_auth,citizen_services,GET /citizens/export,missing_auth,function_auth,API2,5,1,1,2000.0,59.0,9,1
full_without_audit,citizen_services::GET__citizens_export::missing_field_filter,citizen_services,GET /citizens/export,missing_field_filter,property_auth,API3,5,1,1,700.0,55.0,9,5
full_without_audit,citizen_services::GET__citizens_export::missing_object_check,citizen_services,GET /citizens/export,missing_object_check,object_auth,API1,5,1,1,750.0,48.0,9,1
full_without_audit,citizen_services::GET__citizens_export::overbroad_role,citizen_services,GET /citizens/export,overbroad_role,function_auth,API5,4,1,1,1200.0,59.0,9,1
full_without_audit,citizen_services::GET__citizens_export::purpose_bypass,citizen_services,GET /citizens/export,purpose_bypass,purpose_scope,API5,4,1,1,400.0,48.0,9,1
full_without_audit,citizen_services::GET__citizens_id::aggregation_leak,citizen_services,GET /citizens/{id},aggregation_leak,property_auth,API3,4,1,1,560.0,11.0,9,1
full_without_audit,citizen_services::GET__citizens_id::correct,citizen_services,GET /citizens/{id},correct,clean,,0,0,0,0.0,0.0,9,0
full_without_audit,citizen_services::GET__citizens_id::deprecated_exposed,citizen_services,GET /citizens/{id},deprecated_exposed,inventory,API9,3,1,1,900.0,15.0,9,1
full_without_audit,citizen_services::GET__citizens_id::jurisdiction_bypass,citizen_services,GET /citizens/{id},jurisdiction_bypass,object_auth,API1,5,1,1,750.0,47.0,9,1
full_without_audit,citizen_services::GET__citizens_id::missing_audit_log,citizen_services,GET /citizens/{id},missing_audit_log,auditability,API10,3,1,0,300.0,0.0,9,0
full_without_audit,citizen_services::GET__citizens_id::missing_auth,citizen_services,GET /citizens/{id},missing_auth,function_auth,API2,5,1,1,2000.0,58.0,9,1
full_without_audit,citizen_services::GET__citizens_id::missing_field_filter,citizen_services,GET /citizens/{id},missing_field_filter,property_auth,API3,5,1,1,700.0,55.0,9,5
full_without_audit,citizen_services::GET__citizens_id::missing_object_check,citizen_services,GET /citizens/{id},missing_object_check,object_auth,API1,5,1,1,750.0,47.0,9,1
full_without_audit,citizen_services::GET__citizens_id::overbroad_role,citizen_services,GET /citizens/{id},overbroad_role,function_auth,API5,4,1,1,1200.0,58.0,9,1
full_without_audit,citizen_services::GET__citizens_id::purpose_bypass,citizen_services,GET /citizens/{id},purpose_bypass,purpose_scope,API5,4,1,1,400.0,47.0,9,1
full_without_audit,education::GET__classes_id_roster::aggregation_leak,education,GET /classes/{id}/roster,aggregation_leak,property_auth,API3,4,1,1,640.0,17.0,9,1
full_without_audit,education::GET__classes_id_roster::correct,education,GET /classes/{id}/roster,correct,clean,,0,0,0,0.0,0.0,9,0
full_without_audit,education::GET__classes_id_roster::deprecated_exposed,education,GET /classes/{id}/roster,deprecated_exposed,inventory,API9,3,1,1,900.0,21.0,9,1
full_without_audit,education::GET__classes_id_roster::jurisdiction_bypass,education,GET /classes/{id}/roster,jurisdiction_bypass,object_auth,API1,5,1,1,750.0,42.0,9,1
full_without_audit,education::GET__classes_id_roster::missing_audit_log,education,GET /classes/{id}/roster,missing_audit_log,auditability,API10,3,1,0,300.0,0.0,9,0
full_without_audit,education::GET__classes_id_roster::missing_auth,education,GET /classes/{id}/roster,missing_auth,function_auth,API2,5,1,1,2000.0,59.0,9,1
full_without_audit,education::GET__classes_id_roster::missing_field_filter,education,GET /classes/{id}/roster,missing_field_filter,property_auth,API3,5,1,1,800.0,85.0,9,5
full_without_audit,education::GET__classes_id_roster::missing_object_check,education,GET /classes/{id}/roster,missing_object_check,object_auth,API1,5,1,1,750.0,42.0,9,1
full_without_audit,education::GET__classes_id_roster::overbroad_role,education,GET /classes/{id}/roster,overbroad_role,function_auth,API5,4,1,1,1200.0,59.0,9,1
full_without_audit,education::GET__classes_id_roster::purpose_bypass,education,GET /classes/{id}/roster,purpose_bypass,purpose_scope,API5,4,1,1,400.0,42.0,9,1
full_without_audit,education::GET__discipline_id::aggregation_leak,education,GET /discipline/{id},aggregation_leak,property_auth,API3,4,1,1,560.0,15.0,9,1
full_without_audit,education::GET__discipline_id::correct,education,GET /discipline/{id},correct,clean,,0,0,0,0.0,0.0,9,0
full_without_audit,education::GET__discipline_id::deprecated_exposed,education,GET /discipline/{id},deprecated_exposed,inventory,API9,3,1,1,900.0,19.0,9,1
full_without_audit,education::GET__discipline_id::jurisdiction_bypass,education,GET /discipline/{id},jurisdiction_bypass,object_auth,API1,5,1,1,750.0,45.0,9,1
full_without_audit,education::GET__discipline_id::missing_audit_log,education,GET /discipline/{id},missing_audit_log,auditability,API10,3,1,0,300.0,0.0,9,0
full_without_audit,education::GET__discipline_id::missing_auth,education,GET /discipline/{id},missing_auth,function_auth,API2,5,1,1,2000.0,60.0,9,1
full_without_audit,education::GET__discipline_id::missing_field_filter,education,GET /discipline/{id},missing_field_filter,property_auth,API3,5,1,1,700.0,70.0,9,5
full_without_audit,education::GET__discipline_id::missing_object_check,education,GET /discipline/{id},missing_object_check,object_auth,API1,5,1,1,750.0,45.0,9,1
full_without_audit,education::GET__discipline_id::overbroad_role,education,GET /discipline/{id},overbroad_role,function_auth,API5,4,1,1,1200.0,60.0,9,1
full_without_audit,education::GET__discipline_id::purpose_bypass,education,GET /discipline/{id},purpose_bypass,purpose_scope,API5,4,1,1,400.0,45.0,9,1
full_without_audit,education::GET__students_id_record::aggregation_leak,education,GET /students/{id}/record,aggregation_leak,property_auth,API3,4,1,1,640.0,17.0,9,1
full_without_audit,education::GET__students_id_record::correct,education,GET /students/{id}/record,correct,clean,,0,0,0,0.0,0.0,9,0
full_without_audit,education::GET__students_id_record::deprecated_exposed,education,GET /students/{id}/record,deprecated_exposed,inventory,API9,3,1,1,900.0,21.0,9,1
full_without_audit,education::GET__students_id_record::jurisdiction_bypass,education,GET /students/{id}/record,jurisdiction_bypass,object_auth,API1,5,1,1,750.0,42.0,9,1
full_without_audit,education::GET__students_id_record::missing_audit_log,education,GET /students/{id}/record,missing_audit_log,auditability,API10,3,1,0,300.0,0.0,9,0
full_without_audit,education::GET__students_id_record::missing_auth,education,GET /students/{id}/record,missing_auth,function_auth,API2,5,1,1,2000.0,59.0,9,1
full_without_audit,education::GET__students_id_record::missing_field_filter,education,GET /students/{id}/record,missing_field_filter,property_auth,API3,5,1,1,800.0,85.0,9,5
full_without_audit,education::GET__students_id_record::missing_object_check,education,GET /students/{id}/record,missing_object_check,object_auth,API1,5,1,1,750.0,42.0,9,1
full_without_audit,education::GET__students_id_record::overbroad_role,education,GET /students/{id}/record,overbroad_role,function_auth,API5,4,1,1,1200.0,59.0,9,1
full_without_audit,education::GET__students_id_record::purpose_bypass,education,GET /students/{id}/record,purpose_bypass,purpose_scope,API5,4,1,1,400.0,42.0,9,1
full_without_audit,health::GET__encounters_id::aggregation_leak,health,GET /encounters/{id},aggregation_leak,property_auth,API3,4,1,1,560.0,8.0,9,1
full_without_audit,health::GET__encounters_id::correct,health,GET /encounters/{id},correct,clean,,0,0,0,0.0,0.0,9,0
full_without_audit,health::GET__encounters_id::deprecated_exposed,health,GET /encounters/{id},deprecated_exposed,inventory,API9,3,1,1,900.0,12.0,9,1
full_without_audit,health::GET__encounters_id::jurisdiction_bypass,health,GET /encounters/{id},jurisdiction_bypass,object_auth,API1,5,1,1,750.0,53.0,9,1
full_without_audit,health::GET__encounters_id::missing_audit_log,health,GET /encounters/{id},missing_audit_log,auditability,API10,3,1,0,300.0,0.0,9,0
full_without_audit,health::GET__encounters_id::missing_auth,health,GET /encounters/{id},missing_auth,function_auth,API2,5,1,1,2000.0,61.0,9,1
full_without_audit,health::GET__encounters_id::missing_field_filter,health,GET /encounters/{id},missing_field_filter,property_auth,API3,5,1,1,700.0,34.0,9,5
full_without_audit,health::GET__encounters_id::missing_object_check,health,GET /encounters/{id},missing_object_check,object_auth,API1,5,1,1,750.0,53.0,9,1
full_without_audit,health::GET__encounters_id::overbroad_role,health,GET /encounters/{id},overbroad_role,function_auth,API5,4,1,1,1200.0,61.0,9,1
full_without_audit,health::GET__encounters_id::purpose_bypass,health,GET /encounters/{id},purpose_bypass,purpose_scope,API5,4,1,1,400.0,53.0,9,1
full_without_audit,health::GET__patients_id::aggregation_leak,health,GET /patients/{id},aggregation_leak,property_auth,API3,4,1,1,640.0,4.0,9,1
full_without_audit,health::GET__patients_id::correct,health,GET /patients/{id},correct,clean,,0,0,0,0.0,0.0,9,0
full_without_audit,health::GET__patients_id::deprecated_exposed,health,GET /patients/{id},deprecated_exposed,inventory,API9,3,1,1,900.0,8.0,9,1
full_without_audit,health::GET__patients_id::jurisdiction_bypass,health,GET /patients/{id},jurisdiction_bypass,object_auth,API1,5,1,1,750.0,57.0,9,1
full_without_audit,health::GET__patients_id::missing_audit_log,health,GET /patients/{id},missing_audit_log,auditability,API10,3,1,0,300.0,0.0,9,0
full_without_audit,health::GET__patients_id::missing_auth,health,GET /patients/{id},missing_auth,function_auth,API2,5,1,1,2000.0,61.0,9,1
full_without_audit,health::GET__patients_id::missing_field_filter,health,GET /patients/{id},missing_field_filter,property_auth,API3,5,1,1,800.0,16.0,9,4
full_without_audit,health::GET__patients_id::missing_object_check,health,GET /patients/{id},missing_object_check,object_auth,API1,5,1,1,750.0,57.0,9,1
full_without_audit,health::GET__patients_id::overbroad_role,health,GET /patients/{id},overbroad_role,function_auth,API5,4,1,1,1200.0,61.0,9,1
full_without_audit,health::GET__patients_id::purpose_bypass,health,GET /patients/{id},purpose_bypass,purpose_scope,API5,4,1,1,400.0,57.0,9,1
full_without_audit,health::GET__patients_search::aggregation_leak,health,GET /patients/search,aggregation_leak,property_auth,API3,4,1,1,640.0,4.0,9,1
full_without_audit,health::GET__patients_search::correct,health,GET /patients/search,correct,clean,,0,0,0,0.0,0.0,9,0
full_without_audit,health::GET__patients_search::deprecated_exposed,health,GET /patients/search,deprecated_exposed,inventory,API9,3,1,1,900.0,8.0,9,1
full_without_audit,health::GET__patients_search::jurisdiction_bypass,health,GET /patients/search,jurisdiction_bypass,object_auth,API1,5,1,1,750.0,56.0,9,1
full_without_audit,health::GET__patients_search::missing_audit_log,health,GET /patients/search,missing_audit_log,auditability,API10,3,1,0,300.0,0.0,9,0
full_without_audit,health::GET__patients_search::missing_auth,health,GET /patients/search,missing_auth,function_auth,API2,5,1,1,2000.0,60.0,9,1
full_without_audit,health::GET__patients_search::missing_field_filter,health,GET /patients/search,missing_field_filter,property_auth,API3,5,1,1,800.0,16.0,9,4
full_without_audit,health::GET__patients_search::missing_object_check,health,GET /patients/search,missing_object_check,object_auth,API1,5,1,1,750.0,56.0,9,1
full_without_audit,health::GET__patients_search::overbroad_role,health,GET /patients/search,overbroad_role,function_auth,API5,4,1,1,1200.0,60.0,9,1
full_without_audit,health::GET__patients_search::purpose_bypass,health,GET /patients/search,purpose_bypass,purpose_scope,API5,4,1,1,400.0,56.0,9,1
full_without_field_scope,business_licensing::GET__inspections_id::aggregation_leak,business_licensing,GET /inspections/{id},aggregation_leak,property_auth,API3,4,1,0,192.0,0.0,9,0
full_without_field_scope,business_licensing::GET__inspections_id::correct,business_licensing,GET /inspections/{id},correct,clean,,0,0,0,0.0,0.0,9,0
full_without_field_scope,business_licensing::GET__inspections_id::deprecated_exposed,business_licensing,GET /inspections/{id},deprecated_exposed,inventory,API9,3,1,1,720.0,10.0,9,1
full_without_field_scope,business_licensing::GET__inspections_id::jurisdiction_bypass,business_licensing,GET /inspections/{id},jurisdiction_bypass,object_auth,API1,5,1,1,600.0,37.0,9,1
full_without_field_scope,business_licensing::GET__inspections_id::missing_audit_log,business_licensing,GET /inspections/{id},missing_audit_log,auditability,API10,3,1,1,240.0,27.0,9,9
full_without_field_scope,business_licensing::GET__inspections_id::missing_auth,business_licensing,GET /inspections/{id},missing_auth,function_auth,API2,5,1,1,1600.0,43.0,9,1
full_without_field_scope,business_licensing::GET__inspections_id::missing_field_filter,business_licensing,GET /inspections/{id},missing_field_filter,property_auth,API3,5,1,0,240.0,0.0,9,0
full_without_field_scope,business_licensing::GET__inspections_id::missing_object_check,business_licensing,GET /inspections/{id},missing_object_check,object_auth,API1,5,1,1,600.0,37.0,9,1
full_without_field_scope,business_licensing::GET__inspections_id::overbroad_role,business_licensing,GET /inspections/{id},overbroad_role,function_auth,API5,4,1,1,960.0,43.0,9,1
full_without_field_scope,business_licensing::GET__inspections_id::purpose_bypass,business_licensing,GET /inspections/{id},purpose_bypass,purpose_scope,API5,4,1,1,320.0,37.0,9,1
full_without_field_scope,business_licensing::GET__licenses_export::aggregation_leak,business_licensing,GET /licenses/export,aggregation_leak,property_auth,API3,4,1,0,256.0,0.0,9,0
full_without_field_scope,business_licensing::GET__licenses_export::correct,business_licensing,GET /licenses/export,correct,clean,,0,0,0,0.0,0.0,9,0
full_without_field_scope,business_licensing::GET__licenses_export::deprecated_exposed,business_licensing,GET /licenses/export,deprecated_exposed,inventory,API9,3,1,1,720.0,8.0,9,1
full_without_field_scope,business_licensing::GET__licenses_export::jurisdiction_bypass,business_licensing,GET /licenses/export,jurisdiction_bypass,object_auth,API1,5,1,1,600.0,40.0,9,1
full_without_field_scope,business_licensing::GET__licenses_export::missing_audit_log,business_licensing,GET /licenses/export,missing_audit_log,auditability,API10,3,1,1,240.0,27.0,9,9
full_without_field_scope,business_licensing::GET__licenses_export::missing_auth,business_licensing,GET /licenses/export,missing_auth,function_auth,API2,5,1,1,1600.0,44.0,9,1
full_without_field_scope,business_licensing::GET__licenses_export::missing_field_filter,business_licensing,GET /licenses/export,missing_field_filter,property_auth,API3,5,1,0,320.0,0.0,9,0
full_without_field_scope,business_licensing::GET__licenses_export::missing_object_check,business_licensing,GET /licenses/export,missing_object_check,object_auth,API1,5,1,1,600.0,40.0,9,1
full_without_field_scope,business_licensing::GET__licenses_export::overbroad_role,business_licensing,GET /licenses/export,overbroad_role,function_auth,API5,4,1,1,960.0,44.0,9,1
full_without_field_scope,business_licensing::GET__licenses_export::purpose_bypass,business_licensing,GET /licenses/export,purpose_bypass,purpose_scope,API5,4,1,1,320.0,40.0,9,1
full_without_field_scope,business_licensing::GET__licenses_id::aggregation_leak,business_licensing,GET /licenses/{id},aggregation_leak,property_auth,API3,4,1,0,192.0,0.0,9,0
full_without_field_scope,business_licensing::GET__licenses_id::correct,business_licensing,GET /licenses/{id},correct,clean,,0,0,0,0.0,0.0,9,0
full_without_field_scope,business_licensing::GET__licenses_id::deprecated_exposed,business_licensing,GET /licenses/{id},deprecated_exposed,inventory,API9,3,1,1,720.0,8.0,9,1
full_without_field_scope,business_licensing::GET__licenses_id::jurisdiction_bypass,business_licensing,GET /licenses/{id},jurisdiction_bypass,object_auth,API1,5,1,1,600.0,38.0,9,1
full_without_field_scope,business_licensing::GET__licenses_id::missing_audit_log,business_licensing,GET /licenses/{id},missing_audit_log,auditability,API10,3,1,1,240.0,27.0,9,9
full_without_field_scope,business_licensing::GET__licenses_id::missing_auth,business_licensing,GET /licenses/{id},missing_auth,function_auth,API2,5,1,1,1600.0,42.0,9,1
full_without_field_scope,business_licensing::GET__licenses_id::missing_field_filter,business_licensing,GET /licenses/{id},missing_field_filter,property_auth,API3,5,1,0,240.0,0.0,9,0
full_without_field_scope,business_licensing::GET__licenses_id::missing_object_check,business_licensing,GET /licenses/{id},missing_object_check,object_auth,API1,5,1,1,600.0,38.0,9,1
full_without_field_scope,business_licensing::GET__licenses_id::overbroad_role,business_licensing,GET /licenses/{id},overbroad_role,function_auth,API5,4,1,1,960.0,42.0,9,1
full_without_field_scope,business_licensing::GET__licenses_id::purpose_bypass,business_licensing,GET /licenses/{id},purpose_bypass,purpose_scope,API5,4,1,1,320.0,38.0,9,1
full_without_field_scope,citizen_services::GET__benefits_id::aggregation_leak,citizen_services,GET /benefits/{id},aggregation_leak,property_auth,API3,4,1,0,480.0,0.0,9,0
full_without_field_scope,citizen_services::GET__benefits_id::correct,citizen_services,GET /benefits/{id},correct,clean,,0,0,0,0.0,0.0,9,0
full_without_field_scope,citizen_services::GET__benefits_id::deprecated_exposed,citizen_services,GET /benefits/{id},deprecated_exposed,inventory,API9,3,1,1,900.0,13.0,9,1
full_without_field_scope,citizen_services::GET__benefits_id::jurisdiction_bypass,citizen_services,GET /benefits/{id},jurisdiction_bypass,object_auth,API1,5,1,1,750.0,48.0,9,1
full_without_field_scope,citizen_services::GET__benefits_id::missing_audit_log,citizen_services,GET /benefits/{id},missing_audit_log,auditability,API10,3,1,1,300.0,27.0,9,9
full_without_field_scope,citizen_services::GET__benefits_id::missing_auth,citizen_services,GET /benefits/{id},missing_auth,function_auth,API2,5,1,1,2000.0,57.0,9,1
full_without_field_scope,citizen_services::GET__benefits_id::missing_field_filter,citizen_services,GET /benefits/{id},missing_field_filter,property_auth,API3,5,1,0,600.0,0.0,9,0
full_without_field_scope,citizen_services::GET__benefits_id::missing_object_check,citizen_services,GET /benefits/{id},missing_object_check,object_auth,API1,5,1,1,750.0,48.0,9,1
full_without_field_scope,citizen_services::GET__benefits_id::overbroad_role,citizen_services,GET /benefits/{id},overbroad_role,function_auth,API5,4,1,1,1200.0,57.0,9,1
full_without_field_scope,citizen_services::GET__benefits_id::purpose_bypass,citizen_services,GET /benefits/{id},purpose_bypass,purpose_scope,API5,4,1,1,400.0,48.0,9,1
full_without_field_scope,citizen_services::GET__citizens_export::aggregation_leak,citizen_services,GET /citizens/export,aggregation_leak,property_auth,API3,4,1,0,560.0,0.0,9,0
full_without_field_scope,citizen_services::GET__citizens_export::correct,citizen_services,GET /citizens/export,correct,clean,,0,0,0,0.0,0.0,9,0
full_without_field_scope,citizen_services::GET__citizens_export::deprecated_exposed,citizen_services,GET /citizens/export,deprecated_exposed,inventory,API9,3,1,1,900.0,15.0,9,1
full_without_field_scope,citizen_services::GET__citizens_export::jurisdiction_bypass,citizen_services,GET /citizens/export,jurisdiction_bypass,object_auth,API1,5,1,1,750.0,48.0,9,1
full_without_field_scope,citizen_services::GET__citizens_export::missing_audit_log,citizen_services,GET /citizens/export,missing_audit_log,auditability,API10,3,1,1,300.0,27.0,9,9
full_without_field_scope,citizen_services::GET__citizens_export::missing_auth,citizen_services,GET /citizens/export,missing_auth,function_auth,API2,5,1,1,2000.0,59.0,9,1
full_without_field_scope,citizen_services::GET__citizens_export::missing_field_filter,citizen_services,GET /citizens/export,missing_field_filter,property_auth,API3,5,1,0,700.0,0.0,9,0
full_without_field_scope,citizen_services::GET__citizens_export::missing_object_check,citizen_services,GET /citizens/export,missing_object_check,object_auth,API1,5,1,1,750.0,48.0,9,1
full_without_field_scope,citizen_services::GET__citizens_export::overbroad_role,citizen_services,GET /citizens/export,overbroad_role,function_auth,API5,4,1,1,1200.0,59.0,9,1
full_without_field_scope,citizen_services::GET__citizens_export::purpose_bypass,citizen_services,GET /citizens/export,purpose_bypass,purpose_scope,API5,4,1,1,400.0,48.0,9,1
full_without_field_scope,citizen_services::GET__citizens_id::aggregation_leak,citizen_services,GET /citizens/{id},aggregation_leak,property_auth,API3,4,1,0,560.0,0.0,9,0
full_without_field_scope,citizen_services::GET__citizens_id::correct,citizen_services,GET /citizens/{id},correct,clean,,0,0,0,0.0,0.0,9,0
full_without_field_scope,citizen_services::GET__citizens_id::deprecated_exposed,citizen_services,GET /citizens/{id},deprecated_exposed,inventory,API9,3,1,1,900.0,15.0,9,1
full_without_field_scope,citizen_services::GET__citizens_id::jurisdiction_bypass,citizen_services,GET /citizens/{id},jurisdiction_bypass,object_auth,API1,5,1,1,750.0,47.0,9,1
full_without_field_scope,citizen_services::GET__citizens_id::missing_audit_log,citizen_services,GET /citizens/{id},missing_audit_log,auditability,API10,3,1,1,300.0,27.0,9,9
full_without_field_scope,citizen_services::GET__citizens_id::missing_auth,citizen_services,GET /citizens/{id},missing_auth,function_auth,API2,5,1,1,2000.0,58.0,9,1
full_without_field_scope,citizen_services::GET__citizens_id::missing_field_filter,citizen_services,GET /citizens/{id},missing_field_filter,property_auth,API3,5,1,0,700.0,0.0,9,0
full_without_field_scope,citizen_services::GET__citizens_id::missing_object_check,citizen_services,GET /citizens/{id},missing_object_check,object_auth,API1,5,1,1,750.0,47.0,9,1
full_without_field_scope,citizen_services::GET__citizens_id::overbroad_role,citizen_services,GET /citizens/{id},overbroad_role,function_auth,API5,4,1,1,1200.0,58.0,9,1
full_without_field_scope,citizen_services::GET__citizens_id::purpose_bypass,citizen_services,GET /citizens/{id},purpose_bypass,purpose_scope,API5,4,1,1,400.0,47.0,9,1
full_without_field_scope,education::GET__classes_id_roster::aggregation_leak,education,GET /classes/{id}/roster,aggregation_leak,property_auth,API3,4,1,0,640.0,0.0,9,0
full_without_field_scope,education::GET__classes_id_roster::correct,education,GET /classes/{id}/roster,correct,clean,,0,0,0,0.0,0.0,9,0
full_without_field_scope,education::GET__classes_id_roster::deprecated_exposed,education,GET /classes/{id}/roster,deprecated_exposed,inventory,API9,3,1,1,900.0,21.0,9,1
full_without_field_scope,education::GET__classes_id_roster::jurisdiction_bypass,education,GET /classes/{id}/roster,jurisdiction_bypass,object_auth,API1,5,1,1,750.0,42.0,9,1
full_without_field_scope,education::GET__classes_id_roster::missing_audit_log,education,GET /classes/{id}/roster,missing_audit_log,auditability,API10,3,1,1,300.0,27.0,9,9
full_without_field_scope,education::GET__classes_id_roster::missing_auth,education,GET /classes/{id}/roster,missing_auth,function_auth,API2,5,1,1,2000.0,59.0,9,1
full_without_field_scope,education::GET__classes_id_roster::missing_field_filter,education,GET /classes/{id}/roster,missing_field_filter,property_auth,API3,5,1,0,800.0,0.0,9,0
full_without_field_scope,education::GET__classes_id_roster::missing_object_check,education,GET /classes/{id}/roster,missing_object_check,object_auth,API1,5,1,1,750.0,42.0,9,1
full_without_field_scope,education::GET__classes_id_roster::overbroad_role,education,GET /classes/{id}/roster,overbroad_role,function_auth,API5,4,1,1,1200.0,59.0,9,1
full_without_field_scope,education::GET__classes_id_roster::purpose_bypass,education,GET /classes/{id}/roster,purpose_bypass,purpose_scope,API5,4,1,1,400.0,42.0,9,1
full_without_field_scope,education::GET__discipline_id::aggregation_leak,education,GET /discipline/{id},aggregation_leak,property_auth,API3,4,1,0,560.0,0.0,9,0
full_without_field_scope,education::GET__discipline_id::correct,education,GET /discipline/{id},correct,clean,,0,0,0,0.0,0.0,9,0
full_without_field_scope,education::GET__discipline_id::deprecated_exposed,education,GET /discipline/{id},deprecated_exposed,inventory,API9,3,1,1,900.0,19.0,9,1
full_without_field_scope,education::GET__discipline_id::jurisdiction_bypass,education,GET /discipline/{id},jurisdiction_bypass,object_auth,API1,5,1,1,750.0,45.0,9,1
full_without_field_scope,education::GET__discipline_id::missing_audit_log,education,GET /discipline/{id},missing_audit_log,auditability,API10,3,1,1,300.0,27.0,9,9
full_without_field_scope,education::GET__discipline_id::missing_auth,education,GET /discipline/{id},missing_auth,function_auth,API2,5,1,1,2000.0,60.0,9,1
full_without_field_scope,education::GET__discipline_id::missing_field_filter,education,GET /discipline/{id},missing_field_filter,property_auth,API3,5,1,0,700.0,0.0,9,0
full_without_field_scope,education::GET__discipline_id::missing_object_check,education,GET /discipline/{id},missing_object_check,object_auth,API1,5,1,1,750.0,45.0,9,1
full_without_field_scope,education::GET__discipline_id::overbroad_role,education,GET /discipline/{id},overbroad_role,function_auth,API5,4,1,1,1200.0,60.0,9,1
full_without_field_scope,education::GET__discipline_id::purpose_bypass,education,GET /discipline/{id},purpose_bypass,purpose_scope,API5,4,1,1,400.0,45.0,9,1
full_without_field_scope,education::GET__students_id_record::aggregation_leak,education,GET /students/{id}/record,aggregation_leak,property_auth,API3,4,1,0,640.0,0.0,9,0
full_without_field_scope,education::GET__students_id_record::correct,education,GET /students/{id}/record,correct,clean,,0,0,0,0.0,0.0,9,0
full_without_field_scope,education::GET__students_id_record::deprecated_exposed,education,GET /students/{id}/record,deprecated_exposed,inventory,API9,3,1,1,900.0,21.0,9,1
full_without_field_scope,education::GET__students_id_record::jurisdiction_bypass,education,GET /students/{id}/record,jurisdiction_bypass,object_auth,API1,5,1,1,750.0,42.0,9,1
full_without_field_scope,education::GET__students_id_record::missing_audit_log,education,GET /students/{id}/record,missing_audit_log,auditability,API10,3,1,1,300.0,27.0,9,9
full_without_field_scope,education::GET__students_id_record::missing_auth,education,GET /students/{id}/record,missing_auth,function_auth,API2,5,1,1,2000.0,59.0,9,1
full_without_field_scope,education::GET__students_id_record::missing_field_filter,education,GET /students/{id}/record,missing_field_filter,property_auth,API3,5,1,0,800.0,0.0,9,0
full_without_field_scope,education::GET__students_id_record::missing_object_check,education,GET /students/{id}/record,missing_object_check,object_auth,API1,5,1,1,750.0,42.0,9,1
full_without_field_scope,education::GET__students_id_record::overbroad_role,education,GET /students/{id}/record,overbroad_role,function_auth,API5,4,1,1,1200.0,59.0,9,1
full_without_field_scope,education::GET__students_id_record::purpose_bypass,education,GET /students/{id}/record,purpose_bypass,purpose_scope,API5,4,1,1,400.0,42.0,9,1
full_without_field_scope,health::GET__encounters_id::aggregation_leak,health,GET /encounters/{id},aggregation_leak,property_auth,API3,4,1,0,560.0,0.0,9,0
full_without_field_scope,health::GET__encounters_id::correct,health,GET /encounters/{id},correct,clean,,0,0,0,0.0,0.0,9,0
full_without_field_scope,health::GET__encounters_id::deprecated_exposed,health,GET /encounters/{id},deprecated_exposed,inventory,API9,3,1,1,900.0,12.0,9,1
full_without_field_scope,health::GET__encounters_id::jurisdiction_bypass,health,GET /encounters/{id},jurisdiction_bypass,object_auth,API1,5,1,1,750.0,53.0,9,1
full_without_field_scope,health::GET__encounters_id::missing_audit_log,health,GET /encounters/{id},missing_audit_log,auditability,API10,3,1,1,300.0,27.0,9,9
full_without_field_scope,health::GET__encounters_id::missing_auth,health,GET /encounters/{id},missing_auth,function_auth,API2,5,1,1,2000.0,61.0,9,1
full_without_field_scope,health::GET__encounters_id::missing_field_filter,health,GET /encounters/{id},missing_field_filter,property_auth,API3,5,1,0,700.0,0.0,9,0
full_without_field_scope,health::GET__encounters_id::missing_object_check,health,GET /encounters/{id},missing_object_check,object_auth,API1,5,1,1,750.0,53.0,9,1
full_without_field_scope,health::GET__encounters_id::overbroad_role,health,GET /encounters/{id},overbroad_role,function_auth,API5,4,1,1,1200.0,61.0,9,1
full_without_field_scope,health::GET__encounters_id::purpose_bypass,health,GET /encounters/{id},purpose_bypass,purpose_scope,API5,4,1,1,400.0,53.0,9,1
full_without_field_scope,health::GET__patients_id::aggregation_leak,health,GET /patients/{id},aggregation_leak,property_auth,API3,4,1,0,640.0,0.0,9,0
full_without_field_scope,health::GET__patients_id::correct,health,GET /patients/{id},correct,clean,,0,0,0,0.0,0.0,9,0
full_without_field_scope,health::GET__patients_id::deprecated_exposed,health,GET /patients/{id},deprecated_exposed,inventory,API9,3,1,1,900.0,8.0,9,1
full_without_field_scope,health::GET__patients_id::jurisdiction_bypass,health,GET /patients/{id},jurisdiction_bypass,object_auth,API1,5,1,1,750.0,57.0,9,1
full_without_field_scope,health::GET__patients_id::missing_audit_log,health,GET /patients/{id},missing_audit_log,auditability,API10,3,1,1,300.0,27.0,9,9
full_without_field_scope,health::GET__patients_id::missing_auth,health,GET /patients/{id},missing_auth,function_auth,API2,5,1,1,2000.0,61.0,9,1
full_without_field_scope,health::GET__patients_id::missing_field_filter,health,GET /patients/{id},missing_field_filter,property_auth,API3,5,1,0,800.0,0.0,9,0
full_without_field_scope,health::GET__patients_id::missing_object_check,health,GET /patients/{id},missing_object_check,object_auth,API1,5,1,1,750.0,57.0,9,1
full_without_field_scope,health::GET__patients_id::overbroad_role,health,GET /patients/{id},overbroad_role,function_auth,API5,4,1,1,1200.0,61.0,9,1
full_without_field_scope,health::GET__patients_id::purpose_bypass,health,GET /patients/{id},purpose_bypass,purpose_scope,API5,4,1,1,400.0,57.0,9,1
full_without_field_scope,health::GET__patients_search::aggregation_leak,health,GET /patients/search,aggregation_leak,property_auth,API3,4,1,0,640.0,0.0,9,0
full_without_field_scope,health::GET__patients_search::correct,health,GET /patients/search,correct,clean,,0,0,0,0.0,0.0,9,0
full_without_field_scope,health::GET__patients_search::deprecated_exposed,health,GET /patients/search,deprecated_exposed,inventory,API9,3,1,1,900.0,8.0,9,1
full_without_field_scope,health::GET__patients_search::jurisdiction_bypass,health,GET /patients/search,jurisdiction_bypass,object_auth,API1,5,1,1,750.0,56.0,9,1
full_without_field_scope,health::GET__patients_search::missing_audit_log,health,GET /patients/search,missing_audit_log,auditability,API10,3,1,1,300.0,27.0,9,9
full_without_field_scope,health::GET__patients_search::missing_auth,health,GET /patients/search,missing_auth,function_auth,API2,5,1,1,2000.0,60.0,9,1
full_without_field_scope,health::GET__patients_search::missing_field_filter,health,GET /patients/search,missing_field_filter,property_auth,API3,5,1,0,800.0,0.0,9,0
full_without_field_scope,health::GET__patients_search::missing_object_check,health,GET /patients/search,missing_object_check,object_auth,API1,5,1,1,750.0,56.0,9,1
full_without_field_scope,health::GET__patients_search::overbroad_role,health,GET /patients/search,overbroad_role,function_auth,API5,4,1,1,1200.0,60.0,9,1
full_without_field_scope,health::GET__patients_search::purpose_bypass,health,GET /patients/search,purpose_bypass,purpose_scope,API5,4,1,1,400.0,56.0,9,1
full_without_object_scope,business_licensing::GET__inspections_id::aggregation_leak,business_licensing,GET /inspections/{id},aggregation_leak,property_auth,API3,4,1,1,192.0,6.0,9,1
full_without_object_scope,business_licensing::GET__inspections_id::correct,business_licensing,GET /inspections/{id},correct,clean,,0,0,0,0.0,0.0,9,0
full_without_object_scope,business_licensing::GET__inspections_id::deprecated_exposed,business_licensing,GET /inspections/{id},deprecated_exposed,inventory,API9,3,1,1,720.0,10.0,9,1
full_without_object_scope,business_licensing::GET__inspections_id::jurisdiction_bypass,business_licensing,GET /inspections/{id},jurisdiction_bypass,object_auth,API1,5,1,0,600.0,0.0,9,0
full_without_object_scope,business_licensing::GET__inspections_id::missing_audit_log,business_licensing,GET /inspections/{id},missing_audit_log,auditability,API10,3,1,1,240.0,27.0,9,9
full_without_object_scope,business_licensing::GET__inspections_id::missing_auth,business_licensing,GET /inspections/{id},missing_auth,function_auth,API2,5,1,1,1600.0,43.0,9,1
full_without_object_scope,business_licensing::GET__inspections_id::missing_field_filter,business_licensing,GET /inspections/{id},missing_field_filter,property_auth,API3,5,1,1,240.0,34.0,9,5
full_without_object_scope,business_licensing::GET__inspections_id::missing_object_check,business_licensing,GET /inspections/{id},missing_object_check,object_auth,API1,5,1,0,600.0,0.0,9,0
full_without_object_scope,business_licensing::GET__inspections_id::overbroad_role,business_licensing,GET /inspections/{id},overbroad_role,function_auth,API5,4,1,1,960.0,43.0,9,1
full_without_object_scope,business_licensing::GET__inspections_id::purpose_bypass,business_licensing,GET /inspections/{id},purpose_bypass,purpose_scope,API5,4,1,1,320.0,37.0,9,1
full_without_object_scope,business_licensing::GET__licenses_export::aggregation_leak,business_licensing,GET /licenses/export,aggregation_leak,property_auth,API3,4,1,1,256.0,4.0,9,1
full_without_object_scope,business_licensing::GET__licenses_export::correct,business_licensing,GET /licenses/export,correct,clean,,0,0,0,0.0,0.0,9,0
full_without_object_scope,business_licensing::GET__licenses_export::deprecated_exposed,business_licensing,GET /licenses/export,deprecated_exposed,inventory,API9,3,1,1,720.0,8.0,9,1
full_without_object_scope,business_licensing::GET__licenses_export::jurisdiction_bypass,business_licensing,GET /licenses/export,jurisdiction_bypass,object_auth,API1,5,1,0,600.0,0.0,9,0
full_without_object_scope,business_licensing::GET__licenses_export::missing_audit_log,business_licensing,GET /licenses/export,missing_audit_log,auditability,API10,3,1,1,240.0,27.0,9,9
full_without_object_scope,business_licensing::GET__licenses_export::missing_auth,business_licensing,GET /licenses/export,missing_auth,function_auth,API2,5,1,1,1600.0,44.0,9,1
full_without_object_scope,business_licensing::GET__licenses_export::missing_field_filter,business_licensing,GET /licenses/export,missing_field_filter,property_auth,API3,5,1,1,320.0,22.0,9,5
full_without_object_scope,business_licensing::GET__licenses_export::missing_object_check,business_licensing,GET /licenses/export,missing_object_check,object_auth,API1,5,1,0,600.0,0.0,9,0
full_without_object_scope,business_licensing::GET__licenses_export::overbroad_role,business_licensing,GET /licenses/export,overbroad_role,function_auth,API5,4,1,1,960.0,44.0,9,1
full_without_object_scope,business_licensing::GET__licenses_export::purpose_bypass,business_licensing,GET /licenses/export,purpose_bypass,purpose_scope,API5,4,1,1,320.0,40.0,9,1
full_without_object_scope,business_licensing::GET__licenses_id::aggregation_leak,business_licensing,GET /licenses/{id},aggregation_leak,property_auth,API3,4,1,1,192.0,4.0,9,1
full_without_object_scope,business_licensing::GET__licenses_id::correct,business_licensing,GET /licenses/{id},correct,clean,,0,0,0,0.0,0.0,9,0
full_without_object_scope,business_licensing::GET__licenses_id::deprecated_exposed,business_licensing,GET /licenses/{id},deprecated_exposed,inventory,API9,3,1,1,720.0,8.0,9,1
full_without_object_scope,business_licensing::GET__licenses_id::jurisdiction_bypass,business_licensing,GET /licenses/{id},jurisdiction_bypass,object_auth,API1,5,1,0,600.0,0.0,9,0
full_without_object_scope,business_licensing::GET__licenses_id::missing_audit_log,business_licensing,GET /licenses/{id},missing_audit_log,auditability,API10,3,1,1,240.0,27.0,9,9
full_without_object_scope,business_licensing::GET__licenses_id::missing_auth,business_licensing,GET /licenses/{id},missing_auth,function_auth,API2,5,1,1,1600.0,42.0,9,1
full_without_object_scope,business_licensing::GET__licenses_id::missing_field_filter,business_licensing,GET /licenses/{id},missing_field_filter,property_auth,API3,5,1,1,240.0,22.0,9,5
full_without_object_scope,business_licensing::GET__licenses_id::missing_object_check,business_licensing,GET /licenses/{id},missing_object_check,object_auth,API1,5,1,0,600.0,0.0,9,0
full_without_object_scope,business_licensing::GET__licenses_id::overbroad_role,business_licensing,GET /licenses/{id},overbroad_role,function_auth,API5,4,1,1,960.0,42.0,9,1
full_without_object_scope,business_licensing::GET__licenses_id::purpose_bypass,business_licensing,GET /licenses/{id},purpose_bypass,purpose_scope,API5,4,1,1,320.0,38.0,9,1
full_without_object_scope,citizen_services::GET__benefits_id::aggregation_leak,citizen_services,GET /benefits/{id},aggregation_leak,property_auth,API3,4,1,1,480.0,9.0,9,1
full_without_object_scope,citizen_services::GET__benefits_id::correct,citizen_services,GET /benefits/{id},correct,clean,,0,0,0,0.0,0.0,9,0
full_without_object_scope,citizen_services::GET__benefits_id::deprecated_exposed,citizen_services,GET /benefits/{id},deprecated_exposed,inventory,API9,3,1,1,900.0,13.0,9,1
full_without_object_scope,citizen_services::GET__benefits_id::jurisdiction_bypass,citizen_services,GET /benefits/{id},jurisdiction_bypass,object_auth,API1,5,1,0,750.0,0.0,9,0
full_without_object_scope,citizen_services::GET__benefits_id::missing_audit_log,citizen_services,GET /benefits/{id},missing_audit_log,auditability,API10,3,1,1,300.0,27.0,9,9
full_without_object_scope,citizen_services::GET__benefits_id::missing_auth,citizen_services,GET /benefits/{id},missing_auth,function_auth,API2,5,1,1,2000.0,57.0,9,1
full_without_object_scope,citizen_services::GET__benefits_id::missing_field_filter,citizen_services,GET /benefits/{id},missing_field_filter,property_auth,API3,5,1,1,600.0,43.0,9,5
full_without_object_scope,citizen_services::GET__benefits_id::missing_object_check,citizen_services,GET /benefits/{id},missing_object_check,object_auth,API1,5,1,0,750.0,0.0,9,0
full_without_object_scope,citizen_services::GET__benefits_id::overbroad_role,citizen_services,GET /benefits/{id},overbroad_role,function_auth,API5,4,1,1,1200.0,57.0,9,1
full_without_object_scope,citizen_services::GET__benefits_id::purpose_bypass,citizen_services,GET /benefits/{id},purpose_bypass,purpose_scope,API5,4,1,1,400.0,48.0,9,1
full_without_object_scope,citizen_services::GET__citizens_export::aggregation_leak,citizen_services,GET /citizens/export,aggregation_leak,property_auth,API3,4,1,1,560.0,11.0,9,1
full_without_object_scope,citizen_services::GET__citizens_export::correct,citizen_services,GET /citizens/export,correct,clean,,0,0,0,0.0,0.0,9,0
full_without_object_scope,citizen_services::GET__citizens_export::deprecated_exposed,citizen_services,GET /citizens/export,deprecated_exposed,inventory,API9,3,1,1,900.0,15.0,9,1
full_without_object_scope,citizen_services::GET__citizens_export::jurisdiction_bypass,citizen_services,GET /citizens/export,jurisdiction_bypass,object_auth,API1,5,1,0,750.0,0.0,9,0
full_without_object_scope,citizen_services::GET__citizens_export::missing_audit_log,citizen_services,GET /citizens/export,missing_audit_log,auditability,API10,3,1,1,300.0,27.0,9,9
full_without_object_scope,citizen_services::GET__citizens_export::missing_auth,citizen_services,GET /citizens/export,missing_auth,function_auth,API2,5,1,1,2000.0,59.0,9,1
full_without_object_scope,citizen_services::GET__citizens_export::missing_field_filter,citizen_services,GET /citizens/export,missing_field_filter,property_auth,API3,5,1,1,700.0,55.0,9,5
full_without_object_scope,citizen_services::GET__citizens_export::missing_object_check,citizen_services,GET /citizens/export,missing_object_check,object_auth,API1,5,1,0,750.0,0.0,9,0
full_without_object_scope,citizen_services::GET__citizens_export::overbroad_role,citizen_services,GET /citizens/export,overbroad_role,function_auth,API5,4,1,1,1200.0,59.0,9,1
full_without_object_scope,citizen_services::GET__citizens_export::purpose_bypass,citizen_services,GET /citizens/export,purpose_bypass,purpose_scope,API5,4,1,1,400.0,48.0,9,1
full_without_object_scope,citizen_services::GET__citizens_id::aggregation_leak,citizen_services,GET /citizens/{id},aggregation_leak,property_auth,API3,4,1,1,560.0,11.0,9,1
full_without_object_scope,citizen_services::GET__citizens_id::correct,citizen_services,GET /citizens/{id},correct,clean,,0,0,0,0.0,0.0,9,0
full_without_object_scope,citizen_services::GET__citizens_id::deprecated_exposed,citizen_services,GET /citizens/{id},deprecated_exposed,inventory,API9,3,1,1,900.0,15.0,9,1
full_without_object_scope,citizen_services::GET__citizens_id::jurisdiction_bypass,citizen_services,GET /citizens/{id},jurisdiction_bypass,object_auth,API1,5,1,0,750.0,0.0,9,0
full_without_object_scope,citizen_services::GET__citizens_id::missing_audit_log,citizen_services,GET /citizens/{id},missing_audit_log,auditability,API10,3,1,1,300.0,27.0,9,9
full_without_object_scope,citizen_services::GET__citizens_id::missing_auth,citizen_services,GET /citizens/{id},missing_auth,function_auth,API2,5,1,1,2000.0,58.0,9,1
full_without_object_scope,citizen_services::GET__citizens_id::missing_field_filter,citizen_services,GET /citizens/{id},missing_field_filter,property_auth,API3,5,1,1,700.0,55.0,9,5
full_without_object_scope,citizen_services::GET__citizens_id::missing_object_check,citizen_services,GET /citizens/{id},missing_object_check,object_auth,API1,5,1,0,750.0,0.0,9,0
full_without_object_scope,citizen_services::GET__citizens_id::overbroad_role,citizen_services,GET /citizens/{id},overbroad_role,function_auth,API5,4,1,1,1200.0,58.0,9,1
full_without_object_scope,citizen_services::GET__citizens_id::purpose_bypass,citizen_services,GET /citizens/{id},purpose_bypass,purpose_scope,API5,4,1,1,400.0,47.0,9,1
full_without_object_scope,education::GET__classes_id_roster::aggregation_leak,education,GET /classes/{id}/roster,aggregation_leak,property_auth,API3,4,1,1,640.0,17.0,9,1
full_without_object_scope,education::GET__classes_id_roster::correct,education,GET /classes/{id}/roster,correct,clean,,0,0,0,0.0,0.0,9,0
full_without_object_scope,education::GET__classes_id_roster::deprecated_exposed,education,GET /classes/{id}/roster,deprecated_exposed,inventory,API9,3,1,1,900.0,21.0,9,1
full_without_object_scope,education::GET__classes_id_roster::jurisdiction_bypass,education,GET /classes/{id}/roster,jurisdiction_bypass,object_auth,API1,5,1,0,750.0,0.0,9,0
full_without_object_scope,education::GET__classes_id_roster::missing_audit_log,education,GET /classes/{id}/roster,missing_audit_log,auditability,API10,3,1,1,300.0,27.0,9,9
full_without_object_scope,education::GET__classes_id_roster::missing_auth,education,GET /classes/{id}/roster,missing_auth,function_auth,API2,5,1,1,2000.0,59.0,9,1
full_without_object_scope,education::GET__classes_id_roster::missing_field_filter,education,GET /classes/{id}/roster,missing_field_filter,property_auth,API3,5,1,1,800.0,85.0,9,5
full_without_object_scope,education::GET__classes_id_roster::missing_object_check,education,GET /classes/{id}/roster,missing_object_check,object_auth,API1,5,1,0,750.0,0.0,9,0
full_without_object_scope,education::GET__classes_id_roster::overbroad_role,education,GET /classes/{id}/roster,overbroad_role,function_auth,API5,4,1,1,1200.0,59.0,9,1
full_without_object_scope,education::GET__classes_id_roster::purpose_bypass,education,GET /classes/{id}/roster,purpose_bypass,purpose_scope,API5,4,1,1,400.0,42.0,9,1
full_without_object_scope,education::GET__discipline_id::aggregation_leak,education,GET /discipline/{id},aggregation_leak,property_auth,API3,4,1,1,560.0,15.0,9,1
full_without_object_scope,education::GET__discipline_id::correct,education,GET /discipline/{id},correct,clean,,0,0,0,0.0,0.0,9,0
full_without_object_scope,education::GET__discipline_id::deprecated_exposed,education,GET /discipline/{id},deprecated_exposed,inventory,API9,3,1,1,900.0,19.0,9,1
full_without_object_scope,education::GET__discipline_id::jurisdiction_bypass,education,GET /discipline/{id},jurisdiction_bypass,object_auth,API1,5,1,0,750.0,0.0,9,0
full_without_object_scope,education::GET__discipline_id::missing_audit_log,education,GET /discipline/{id},missing_audit_log,auditability,API10,3,1,1,300.0,27.0,9,9
full_without_object_scope,education::GET__discipline_id::missing_auth,education,GET /discipline/{id},missing_auth,function_auth,API2,5,1,1,2000.0,60.0,9,1
full_without_object_scope,education::GET__discipline_id::missing_field_filter,education,GET /discipline/{id},missing_field_filter,property_auth,API3,5,1,1,700.0,70.0,9,5
full_without_object_scope,education::GET__discipline_id::missing_object_check,education,GET /discipline/{id},missing_object_check,object_auth,API1,5,1,0,750.0,0.0,9,0
full_without_object_scope,education::GET__discipline_id::overbroad_role,education,GET /discipline/{id},overbroad_role,function_auth,API5,4,1,1,1200.0,60.0,9,1
full_without_object_scope,education::GET__discipline_id::purpose_bypass,education,GET /discipline/{id},purpose_bypass,purpose_scope,API5,4,1,1,400.0,45.0,9,1
full_without_object_scope,education::GET__students_id_record::aggregation_leak,education,GET /students/{id}/record,aggregation_leak,property_auth,API3,4,1,1,640.0,17.0,9,1
full_without_object_scope,education::GET__students_id_record::correct,education,GET /students/{id}/record,correct,clean,,0,0,0,0.0,0.0,9,0
full_without_object_scope,education::GET__students_id_record::deprecated_exposed,education,GET /students/{id}/record,deprecated_exposed,inventory,API9,3,1,1,900.0,21.0,9,1
full_without_object_scope,education::GET__students_id_record::jurisdiction_bypass,education,GET /students/{id}/record,jurisdiction_bypass,object_auth,API1,5,1,0,750.0,0.0,9,0
full_without_object_scope,education::GET__students_id_record::missing_audit_log,education,GET /students/{id}/record,missing_audit_log,auditability,API10,3,1,1,300.0,27.0,9,9
full_without_object_scope,education::GET__students_id_record::missing_auth,education,GET /students/{id}/record,missing_auth,function_auth,API2,5,1,1,2000.0,59.0,9,1
full_without_object_scope,education::GET__students_id_record::missing_field_filter,education,GET /students/{id}/record,missing_field_filter,property_auth,API3,5,1,1,800.0,85.0,9,5
full_without_object_scope,education::GET__students_id_record::missing_object_check,education,GET /students/{id}/record,missing_object_check,object_auth,API1,5,1,0,750.0,0.0,9,0
full_without_object_scope,education::GET__students_id_record::overbroad_role,education,GET /students/{id}/record,overbroad_role,function_auth,API5,4,1,1,1200.0,59.0,9,1
full_without_object_scope,education::GET__students_id_record::purpose_bypass,education,GET /students/{id}/record,purpose_bypass,purpose_scope,API5,4,1,1,400.0,42.0,9,1
full_without_object_scope,health::GET__encounters_id::aggregation_leak,health,GET /encounters/{id},aggregation_leak,property_auth,API3,4,1,1,560.0,8.0,9,1
full_without_object_scope,health::GET__encounters_id::correct,health,GET /encounters/{id},correct,clean,,0,0,0,0.0,0.0,9,0
full_without_object_scope,health::GET__encounters_id::deprecated_exposed,health,GET /encounters/{id},deprecated_exposed,inventory,API9,3,1,1,900.0,12.0,9,1
full_without_object_scope,health::GET__encounters_id::jurisdiction_bypass,health,GET /encounters/{id},jurisdiction_bypass,object_auth,API1,5,1,0,750.0,0.0,9,0
full_without_object_scope,health::GET__encounters_id::missing_audit_log,health,GET /encounters/{id},missing_audit_log,auditability,API10,3,1,1,300.0,27.0,9,9
full_without_object_scope,health::GET__encounters_id::missing_auth,health,GET /encounters/{id},missing_auth,function_auth,API2,5,1,1,2000.0,61.0,9,1
full_without_object_scope,health::GET__encounters_id::missing_field_filter,health,GET /encounters/{id},missing_field_filter,property_auth,API3,5,1,1,700.0,34.0,9,5
full_without_object_scope,health::GET__encounters_id::missing_object_check,health,GET /encounters/{id},missing_object_check,object_auth,API1,5,1,0,750.0,0.0,9,0
full_without_object_scope,health::GET__encounters_id::overbroad_role,health,GET /encounters/{id},overbroad_role,function_auth,API5,4,1,1,1200.0,61.0,9,1
full_without_object_scope,health::GET__encounters_id::purpose_bypass,health,GET /encounters/{id},purpose_bypass,purpose_scope,API5,4,1,1,400.0,53.0,9,1
full_without_object_scope,health::GET__patients_id::aggregation_leak,health,GET /patients/{id},aggregation_leak,property_auth,API3,4,1,1,640.0,4.0,9,1
full_without_object_scope,health::GET__patients_id::correct,health,GET /patients/{id},correct,clean,,0,0,0,0.0,0.0,9,0
full_without_object_scope,health::GET__patients_id::deprecated_exposed,health,GET /patients/{id},deprecated_exposed,inventory,API9,3,1,1,900.0,8.0,9,1
full_without_object_scope,health::GET__patients_id::jurisdiction_bypass,health,GET /patients/{id},jurisdiction_bypass,object_auth,API1,5,1,0,750.0,0.0,9,0
full_without_object_scope,health::GET__patients_id::missing_audit_log,health,GET /patients/{id},missing_audit_log,auditability,API10,3,1,1,300.0,27.0,9,9
full_without_object_scope,health::GET__patients_id::missing_auth,health,GET /patients/{id},missing_auth,function_auth,API2,5,1,1,2000.0,61.0,9,1
full_without_object_scope,health::GET__patients_id::missing_field_filter,health,GET /patients/{id},missing_field_filter,property_auth,API3,5,1,1,800.0,16.0,9,4
full_without_object_scope,health::GET__patients_id::missing_object_check,health,GET /patients/{id},missing_object_check,object_auth,API1,5,1,0,750.0,0.0,9,0
full_without_object_scope,health::GET__patients_id::overbroad_role,health,GET /patients/{id},overbroad_role,function_auth,API5,4,1,1,1200.0,61.0,9,1
full_without_object_scope,health::GET__patients_id::purpose_bypass,health,GET /patients/{id},purpose_bypass,purpose_scope,API5,4,1,1,400.0,57.0,9,1
full_without_object_scope,health::GET__patients_search::aggregation_leak,health,GET /patients/search,aggregation_leak,property_auth,API3,4,1,1,640.0,4.0,9,1
full_without_object_scope,health::GET__patients_search::correct,health,GET /patients/search,correct,clean,,0,0,0,0.0,0.0,9,0
full_without_object_scope,health::GET__patients_search::deprecated_exposed,health,GET /patients/search,deprecated_exposed,inventory,API9,3,1,1,900.0,8.0,9,1
full_without_object_scope,health::GET__patients_search::jurisdiction_bypass,health,GET /patients/search,jurisdiction_bypass,object_auth,API1,5,1,0,750.0,0.0,9,0
full_without_object_scope,health::GET__patients_search::missing_audit_log,health,GET /patients/search,missing_audit_log,auditability,API10,3,1,1,300.0,27.0,9,9
full_without_object_scope,health::GET__patients_search::missing_auth,health,GET /patients/search,missing_auth,function_auth,API2,5,1,1,2000.0,60.0,9,1
full_without_object_scope,health::GET__patients_search::missing_field_filter,health,GET /patients/search,missing_field_filter,property_auth,API3,5,1,1,800.0,16.0,9,4
full_without_object_scope,health::GET__patients_search::missing_object_check,health,GET /patients/search,missing_object_check,object_auth,API1,5,1,0,750.0,0.0,9,0
full_without_object_scope,health::GET__patients_search::overbroad_role,health,GET /patients/search,overbroad_role,function_auth,API5,4,1,1,1200.0,60.0,9,1
full_without_object_scope,health::GET__patients_search::purpose_bypass,health,GET /patients/search,purpose_bypass,purpose_scope,API5,4,1,1,400.0,56.0,9,1
full_without_purpose,business_licensing::GET__inspections_id::aggregation_leak,business_licensing,GET /inspections/{id},aggregation_leak,property_auth,API3,4,1,1,192.0,6.0,9,1
full_without_purpose,business_licensing::GET__inspections_id::correct,business_licensing,GET /inspections/{id},correct,clean,,0,0,0,0.0,0.0,9,0
full_without_purpose,business_licensing::GET__inspections_id::deprecated_exposed,business_licensing,GET /inspections/{id},deprecated_exposed,inventory,API9,3,1,1,720.0,10.0,9,1
full_without_purpose,business_licensing::GET__inspections_id::jurisdiction_bypass,business_licensing,GET /inspections/{id},jurisdiction_bypass,object_auth,API1,5,1,1,600.0,37.0,9,1
full_without_purpose,business_licensing::GET__inspections_id::missing_audit_log,business_licensing,GET /inspections/{id},missing_audit_log,auditability,API10,3,1,1,240.0,27.0,9,9
full_without_purpose,business_licensing::GET__inspections_id::missing_auth,business_licensing,GET /inspections/{id},missing_auth,function_auth,API2,5,1,1,1600.0,43.0,9,1
full_without_purpose,business_licensing::GET__inspections_id::missing_field_filter,business_licensing,GET /inspections/{id},missing_field_filter,property_auth,API3,5,1,1,240.0,34.0,9,5
full_without_purpose,business_licensing::GET__inspections_id::missing_object_check,business_licensing,GET /inspections/{id},missing_object_check,object_auth,API1,5,1,1,600.0,37.0,9,1
full_without_purpose,business_licensing::GET__inspections_id::overbroad_role,business_licensing,GET /inspections/{id},overbroad_role,function_auth,API5,4,1,1,960.0,43.0,9,1
full_without_purpose,business_licensing::GET__inspections_id::purpose_bypass,business_licensing,GET /inspections/{id},purpose_bypass,purpose_scope,API5,4,1,0,320.0,0.0,9,0
full_without_purpose,business_licensing::GET__licenses_export::aggregation_leak,business_licensing,GET /licenses/export,aggregation_leak,property_auth,API3,4,1,1,256.0,4.0,9,1
full_without_purpose,business_licensing::GET__licenses_export::correct,business_licensing,GET /licenses/export,correct,clean,,0,0,0,0.0,0.0,9,0
full_without_purpose,business_licensing::GET__licenses_export::deprecated_exposed,business_licensing,GET /licenses/export,deprecated_exposed,inventory,API9,3,1,1,720.0,8.0,9,1
full_without_purpose,business_licensing::GET__licenses_export::jurisdiction_bypass,business_licensing,GET /licenses/export,jurisdiction_bypass,object_auth,API1,5,1,1,600.0,40.0,9,1
full_without_purpose,business_licensing::GET__licenses_export::missing_audit_log,business_licensing,GET /licenses/export,missing_audit_log,auditability,API10,3,1,1,240.0,27.0,9,9
full_without_purpose,business_licensing::GET__licenses_export::missing_auth,business_licensing,GET /licenses/export,missing_auth,function_auth,API2,5,1,1,1600.0,44.0,9,1
full_without_purpose,business_licensing::GET__licenses_export::missing_field_filter,business_licensing,GET /licenses/export,missing_field_filter,property_auth,API3,5,1,1,320.0,22.0,9,5
full_without_purpose,business_licensing::GET__licenses_export::missing_object_check,business_licensing,GET /licenses/export,missing_object_check,object_auth,API1,5,1,1,600.0,40.0,9,1
full_without_purpose,business_licensing::GET__licenses_export::overbroad_role,business_licensing,GET /licenses/export,overbroad_role,function_auth,API5,4,1,1,960.0,44.0,9,1
full_without_purpose,business_licensing::GET__licenses_export::purpose_bypass,business_licensing,GET /licenses/export,purpose_bypass,purpose_scope,API5,4,1,0,320.0,0.0,9,0
full_without_purpose,business_licensing::GET__licenses_id::aggregation_leak,business_licensing,GET /licenses/{id},aggregation_leak,property_auth,API3,4,1,1,192.0,4.0,9,1
full_without_purpose,business_licensing::GET__licenses_id::correct,business_licensing,GET /licenses/{id},correct,clean,,0,0,0,0.0,0.0,9,0
full_without_purpose,business_licensing::GET__licenses_id::deprecated_exposed,business_licensing,GET /licenses/{id},deprecated_exposed,inventory,API9,3,1,1,720.0,8.0,9,1
full_without_purpose,business_licensing::GET__licenses_id::jurisdiction_bypass,business_licensing,GET /licenses/{id},jurisdiction_bypass,object_auth,API1,5,1,1,600.0,38.0,9,1
full_without_purpose,business_licensing::GET__licenses_id::missing_audit_log,business_licensing,GET /licenses/{id},missing_audit_log,auditability,API10,3,1,1,240.0,27.0,9,9
full_without_purpose,business_licensing::GET__licenses_id::missing_auth,business_licensing,GET /licenses/{id},missing_auth,function_auth,API2,5,1,1,1600.0,42.0,9,1
full_without_purpose,business_licensing::GET__licenses_id::missing_field_filter,business_licensing,GET /licenses/{id},missing_field_filter,property_auth,API3,5,1,1,240.0,22.0,9,5
full_without_purpose,business_licensing::GET__licenses_id::missing_object_check,business_licensing,GET /licenses/{id},missing_object_check,object_auth,API1,5,1,1,600.0,38.0,9,1
full_without_purpose,business_licensing::GET__licenses_id::overbroad_role,business_licensing,GET /licenses/{id},overbroad_role,function_auth,API5,4,1,1,960.0,42.0,9,1
full_without_purpose,business_licensing::GET__licenses_id::purpose_bypass,business_licensing,GET /licenses/{id},purpose_bypass,purpose_scope,API5,4,1,0,320.0,0.0,9,0
full_without_purpose,citizen_services::GET__benefits_id::aggregation_leak,citizen_services,GET /benefits/{id},aggregation_leak,property_auth,API3,4,1,1,480.0,9.0,9,1
full_without_purpose,citizen_services::GET__benefits_id::correct,citizen_services,GET /benefits/{id},correct,clean,,0,0,0,0.0,0.0,9,0
full_without_purpose,citizen_services::GET__benefits_id::deprecated_exposed,citizen_services,GET /benefits/{id},deprecated_exposed,inventory,API9,3,1,1,900.0,13.0,9,1
full_without_purpose,citizen_services::GET__benefits_id::jurisdiction_bypass,citizen_services,GET /benefits/{id},jurisdiction_bypass,object_auth,API1,5,1,1,750.0,48.0,9,1
full_without_purpose,citizen_services::GET__benefits_id::missing_audit_log,citizen_services,GET /benefits/{id},missing_audit_log,auditability,API10,3,1,1,300.0,27.0,9,9
full_without_purpose,citizen_services::GET__benefits_id::missing_auth,citizen_services,GET /benefits/{id},missing_auth,function_auth,API2,5,1,1,2000.0,57.0,9,1
full_without_purpose,citizen_services::GET__benefits_id::missing_field_filter,citizen_services,GET /benefits/{id},missing_field_filter,property_auth,API3,5,1,1,600.0,43.0,9,5
full_without_purpose,citizen_services::GET__benefits_id::missing_object_check,citizen_services,GET /benefits/{id},missing_object_check,object_auth,API1,5,1,1,750.0,48.0,9,1
full_without_purpose,citizen_services::GET__benefits_id::overbroad_role,citizen_services,GET /benefits/{id},overbroad_role,function_auth,API5,4,1,1,1200.0,57.0,9,1
full_without_purpose,citizen_services::GET__benefits_id::purpose_bypass,citizen_services,GET /benefits/{id},purpose_bypass,purpose_scope,API5,4,1,0,400.0,0.0,9,0
full_without_purpose,citizen_services::GET__citizens_export::aggregation_leak,citizen_services,GET /citizens/export,aggregation_leak,property_auth,API3,4,1,1,560.0,11.0,9,1
full_without_purpose,citizen_services::GET__citizens_export::correct,citizen_services,GET /citizens/export,correct,clean,,0,0,0,0.0,0.0,9,0
full_without_purpose,citizen_services::GET__citizens_export::deprecated_exposed,citizen_services,GET /citizens/export,deprecated_exposed,inventory,API9,3,1,1,900.0,15.0,9,1
full_without_purpose,citizen_services::GET__citizens_export::jurisdiction_bypass,citizen_services,GET /citizens/export,jurisdiction_bypass,object_auth,API1,5,1,1,750.0,48.0,9,1
full_without_purpose,citizen_services::GET__citizens_export::missing_audit_log,citizen_services,GET /citizens/export,missing_audit_log,auditability,API10,3,1,1,300.0,27.0,9,9
full_without_purpose,citizen_services::GET__citizens_export::missing_auth,citizen_services,GET /citizens/export,missing_auth,function_auth,API2,5,1,1,2000.0,59.0,9,1
full_without_purpose,citizen_services::GET__citizens_export::missing_field_filter,citizen_services,GET /citizens/export,missing_field_filter,property_auth,API3,5,1,1,700.0,55.0,9,5
full_without_purpose,citizen_services::GET__citizens_export::missing_object_check,citizen_services,GET /citizens/export,missing_object_check,object_auth,API1,5,1,1,750.0,48.0,9,1
full_without_purpose,citizen_services::GET__citizens_export::overbroad_role,citizen_services,GET /citizens/export,overbroad_role,function_auth,API5,4,1,1,1200.0,59.0,9,1
full_without_purpose,citizen_services::GET__citizens_export::purpose_bypass,citizen_services,GET /citizens/export,purpose_bypass,purpose_scope,API5,4,1,0,400.0,0.0,9,0
full_without_purpose,citizen_services::GET__citizens_id::aggregation_leak,citizen_services,GET /citizens/{id},aggregation_leak,property_auth,API3,4,1,1,560.0,11.0,9,1
full_without_purpose,citizen_services::GET__citizens_id::correct,citizen_services,GET /citizens/{id},correct,clean,,0,0,0,0.0,0.0,9,0
full_without_purpose,citizen_services::GET__citizens_id::deprecated_exposed,citizen_services,GET /citizens/{id},deprecated_exposed,inventory,API9,3,1,1,900.0,15.0,9,1
full_without_purpose,citizen_services::GET__citizens_id::jurisdiction_bypass,citizen_services,GET /citizens/{id},jurisdiction_bypass,object_auth,API1,5,1,1,750.0,47.0,9,1
full_without_purpose,citizen_services::GET__citizens_id::missing_audit_log,citizen_services,GET /citizens/{id},missing_audit_log,auditability,API10,3,1,1,300.0,27.0,9,9
full_without_purpose,citizen_services::GET__citizens_id::missing_auth,citizen_services,GET /citizens/{id},missing_auth,function_auth,API2,5,1,1,2000.0,58.0,9,1
full_without_purpose,citizen_services::GET__citizens_id::missing_field_filter,citizen_services,GET /citizens/{id},missing_field_filter,property_auth,API3,5,1,1,700.0,55.0,9,5
full_without_purpose,citizen_services::GET__citizens_id::missing_object_check,citizen_services,GET /citizens/{id},missing_object_check,object_auth,API1,5,1,1,750.0,47.0,9,1
full_without_purpose,citizen_services::GET__citizens_id::overbroad_role,citizen_services,GET /citizens/{id},overbroad_role,function_auth,API5,4,1,1,1200.0,58.0,9,1
full_without_purpose,citizen_services::GET__citizens_id::purpose_bypass,citizen_services,GET /citizens/{id},purpose_bypass,purpose_scope,API5,4,1,0,400.0,0.0,9,0
full_without_purpose,education::GET__classes_id_roster::aggregation_leak,education,GET /classes/{id}/roster,aggregation_leak,property_auth,API3,4,1,1,640.0,17.0,9,1
full_without_purpose,education::GET__classes_id_roster::correct,education,GET /classes/{id}/roster,correct,clean,,0,0,0,0.0,0.0,9,0
full_without_purpose,education::GET__classes_id_roster::deprecated_exposed,education,GET /classes/{id}/roster,deprecated_exposed,inventory,API9,3,1,1,900.0,21.0,9,1
full_without_purpose,education::GET__classes_id_roster::jurisdiction_bypass,education,GET /classes/{id}/roster,jurisdiction_bypass,object_auth,API1,5,1,1,750.0,42.0,9,1
full_without_purpose,education::GET__classes_id_roster::missing_audit_log,education,GET /classes/{id}/roster,missing_audit_log,auditability,API10,3,1,1,300.0,27.0,9,9
full_without_purpose,education::GET__classes_id_roster::missing_auth,education,GET /classes/{id}/roster,missing_auth,function_auth,API2,5,1,1,2000.0,59.0,9,1
full_without_purpose,education::GET__classes_id_roster::missing_field_filter,education,GET /classes/{id}/roster,missing_field_filter,property_auth,API3,5,1,1,800.0,85.0,9,5
full_without_purpose,education::GET__classes_id_roster::missing_object_check,education,GET /classes/{id}/roster,missing_object_check,object_auth,API1,5,1,1,750.0,42.0,9,1
full_without_purpose,education::GET__classes_id_roster::overbroad_role,education,GET /classes/{id}/roster,overbroad_role,function_auth,API5,4,1,1,1200.0,59.0,9,1
full_without_purpose,education::GET__classes_id_roster::purpose_bypass,education,GET /classes/{id}/roster,purpose_bypass,purpose_scope,API5,4,1,0,400.0,0.0,9,0
full_without_purpose,education::GET__discipline_id::aggregation_leak,education,GET /discipline/{id},aggregation_leak,property_auth,API3,4,1,1,560.0,15.0,9,1
full_without_purpose,education::GET__discipline_id::correct,education,GET /discipline/{id},correct,clean,,0,0,0,0.0,0.0,9,0
full_without_purpose,education::GET__discipline_id::deprecated_exposed,education,GET /discipline/{id},deprecated_exposed,inventory,API9,3,1,1,900.0,19.0,9,1
full_without_purpose,education::GET__discipline_id::jurisdiction_bypass,education,GET /discipline/{id},jurisdiction_bypass,object_auth,API1,5,1,1,750.0,45.0,9,1
full_without_purpose,education::GET__discipline_id::missing_audit_log,education,GET /discipline/{id},missing_audit_log,auditability,API10,3,1,1,300.0,27.0,9,9
full_without_purpose,education::GET__discipline_id::missing_auth,education,GET /discipline/{id},missing_auth,function_auth,API2,5,1,1,2000.0,60.0,9,1
full_without_purpose,education::GET__discipline_id::missing_field_filter,education,GET /discipline/{id},missing_field_filter,property_auth,API3,5,1,1,700.0,70.0,9,5
full_without_purpose,education::GET__discipline_id::missing_object_check,education,GET /discipline/{id},missing_object_check,object_auth,API1,5,1,1,750.0,45.0,9,1
full_without_purpose,education::GET__discipline_id::overbroad_role,education,GET /discipline/{id},overbroad_role,function_auth,API5,4,1,1,1200.0,60.0,9,1
full_without_purpose,education::GET__discipline_id::purpose_bypass,education,GET /discipline/{id},purpose_bypass,purpose_scope,API5,4,1,0,400.0,0.0,9,0
full_without_purpose,education::GET__students_id_record::aggregation_leak,education,GET /students/{id}/record,aggregation_leak,property_auth,API3,4,1,1,640.0,17.0,9,1
full_without_purpose,education::GET__students_id_record::correct,education,GET /students/{id}/record,correct,clean,,0,0,0,0.0,0.0,9,0
full_without_purpose,education::GET__students_id_record::deprecated_exposed,education,GET /students/{id}/record,deprecated_exposed,inventory,API9,3,1,1,900.0,21.0,9,1
full_without_purpose,education::GET__students_id_record::jurisdiction_bypass,education,GET /students/{id}/record,jurisdiction_bypass,object_auth,API1,5,1,1,750.0,42.0,9,1
full_without_purpose,education::GET__students_id_record::missing_audit_log,education,GET /students/{id}/record,missing_audit_log,auditability,API10,3,1,1,300.0,27.0,9,9
full_without_purpose,education::GET__students_id_record::missing_auth,education,GET /students/{id}/record,missing_auth,function_auth,API2,5,1,1,2000.0,59.0,9,1
full_without_purpose,education::GET__students_id_record::missing_field_filter,education,GET /students/{id}/record,missing_field_filter,property_auth,API3,5,1,1,800.0,85.0,9,5
full_without_purpose,education::GET__students_id_record::missing_object_check,education,GET /students/{id}/record,missing_object_check,object_auth,API1,5,1,1,750.0,42.0,9,1
full_without_purpose,education::GET__students_id_record::overbroad_role,education,GET /students/{id}/record,overbroad_role,function_auth,API5,4,1,1,1200.0,59.0,9,1
full_without_purpose,education::GET__students_id_record::purpose_bypass,education,GET /students/{id}/record,purpose_bypass,purpose_scope,API5,4,1,0,400.0,0.0,9,0
full_without_purpose,health::GET__encounters_id::aggregation_leak,health,GET /encounters/{id},aggregation_leak,property_auth,API3,4,1,1,560.0,8.0,9,1
full_without_purpose,health::GET__encounters_id::correct,health,GET /encounters/{id},correct,clean,,0,0,0,0.0,0.0,9,0
full_without_purpose,health::GET__encounters_id::deprecated_exposed,health,GET /encounters/{id},deprecated_exposed,inventory,API9,3,1,1,900.0,12.0,9,1
full_without_purpose,health::GET__encounters_id::jurisdiction_bypass,health,GET /encounters/{id},jurisdiction_bypass,object_auth,API1,5,1,1,750.0,53.0,9,1
full_without_purpose,health::GET__encounters_id::missing_audit_log,health,GET /encounters/{id},missing_audit_log,auditability,API10,3,1,1,300.0,27.0,9,9
full_without_purpose,health::GET__encounters_id::missing_auth,health,GET /encounters/{id},missing_auth,function_auth,API2,5,1,1,2000.0,61.0,9,1
full_without_purpose,health::GET__encounters_id::missing_field_filter,health,GET /encounters/{id},missing_field_filter,property_auth,API3,5,1,1,700.0,34.0,9,5
full_without_purpose,health::GET__encounters_id::missing_object_check,health,GET /encounters/{id},missing_object_check,object_auth,API1,5,1,1,750.0,53.0,9,1
full_without_purpose,health::GET__encounters_id::overbroad_role,health,GET /encounters/{id},overbroad_role,function_auth,API5,4,1,1,1200.0,61.0,9,1
full_without_purpose,health::GET__encounters_id::purpose_bypass,health,GET /encounters/{id},purpose_bypass,purpose_scope,API5,4,1,0,400.0,0.0,9,0
full_without_purpose,health::GET__patients_id::aggregation_leak,health,GET /patients/{id},aggregation_leak,property_auth,API3,4,1,1,640.0,4.0,9,1
full_without_purpose,health::GET__patients_id::correct,health,GET /patients/{id},correct,clean,,0,0,0,0.0,0.0,9,0
full_without_purpose,health::GET__patients_id::deprecated_exposed,health,GET /patients/{id},deprecated_exposed,inventory,API9,3,1,1,900.0,8.0,9,1
full_without_purpose,health::GET__patients_id::jurisdiction_bypass,health,GET /patients/{id},jurisdiction_bypass,object_auth,API1,5,1,1,750.0,57.0,9,1
full_without_purpose,health::GET__patients_id::missing_audit_log,health,GET /patients/{id},missing_audit_log,auditability,API10,3,1,1,300.0,27.0,9,9
full_without_purpose,health::GET__patients_id::missing_auth,health,GET /patients/{id},missing_auth,function_auth,API2,5,1,1,2000.0,61.0,9,1
full_without_purpose,health::GET__patients_id::missing_field_filter,health,GET /patients/{id},missing_field_filter,property_auth,API3,5,1,1,800.0,16.0,9,4
full_without_purpose,health::GET__patients_id::missing_object_check,health,GET /patients/{id},missing_object_check,object_auth,API1,5,1,1,750.0,57.0,9,1
full_without_purpose,health::GET__patients_id::overbroad_role,health,GET /patients/{id},overbroad_role,function_auth,API5,4,1,1,1200.0,61.0,9,1
full_without_purpose,health::GET__patients_id::purpose_bypass,health,GET /patients/{id},purpose_bypass,purpose_scope,API5,4,1,0,400.0,0.0,9,0
full_without_purpose,health::GET__patients_search::aggregation_leak,health,GET /patients/search,aggregation_leak,property_auth,API3,4,1,1,640.0,4.0,9,1
full_without_purpose,health::GET__patients_search::correct,health,GET /patients/search,correct,clean,,0,0,0,0.0,0.0,9,0
full_without_purpose,health::GET__patients_search::deprecated_exposed,health,GET /patients/search,deprecated_exposed,inventory,API9,3,1,1,900.0,8.0,9,1
full_without_purpose,health::GET__patients_search::jurisdiction_bypass,health,GET /patients/search,jurisdiction_bypass,object_auth,API1,5,1,1,750.0,56.0,9,1
full_without_purpose,health::GET__patients_search::missing_audit_log,health,GET /patients/search,missing_audit_log,auditability,API10,3,1,1,300.0,27.0,9,9
full_without_purpose,health::GET__patients_search::missing_auth,health,GET /patients/search,missing_auth,function_auth,API2,5,1,1,2000.0,60.0,9,1
full_without_purpose,health::GET__patients_search::missing_field_filter,health,GET /patients/search,missing_field_filter,property_auth,API3,5,1,1,800.0,16.0,9,4
full_without_purpose,health::GET__patients_search::missing_object_check,health,GET /patients/search,missing_object_check,object_auth,API1,5,1,1,750.0,56.0,9,1
full_without_purpose,health::GET__patients_search::overbroad_role,health,GET /patients/search,overbroad_role,function_auth,API5,4,1,1,1200.0,60.0,9,1
full_without_purpose,health::GET__patients_search::purpose_bypass,health,GET /patients/search,purpose_bypass,purpose_scope,API5,4,1,0,400.0,0.0,9,0
object_policy_tests,business_licensing::GET__inspections_id::aggregation_leak,business_licensing,GET /inspections/{id},aggregation_leak,property_auth,API3,4,1,0,192.0,0.0,9,0
object_policy_tests,business_licensing::GET__inspections_id::correct,business_licensing,GET /inspections/{id},correct,clean,,0,0,0,0.0,0.0,9,0
object_policy_tests,business_licensing::GET__inspections_id::deprecated_exposed,business_licensing,GET /inspections/{id},deprecated_exposed,inventory,API9,3,1,0,720.0,0.0,9,0
object_policy_tests,business_licensing::GET__inspections_id::jurisdiction_bypass,business_licensing,GET /inspections/{id},jurisdiction_bypass,object_auth,API1,5,1,1,600.0,37.0,9,1
object_policy_tests,business_licensing::GET__inspections_id::missing_audit_log,business_licensing,GET /inspections/{id},missing_audit_log,auditability,API10,3,1,0,240.0,0.0,9,0
object_policy_tests,business_licensing::GET__inspections_id::missing_auth,business_licensing,GET /inspections/{id},missing_auth,function_auth,API2,5,1,1,1600.0,43.0,9,1
object_policy_tests,business_licensing::GET__inspections_id::missing_field_filter,business_licensing,GET /inspections/{id},missing_field_filter,property_auth,API3,5,1,0,240.0,0.0,9,0
object_policy_tests,business_licensing::GET__inspections_id::missing_object_check,business_licensing,GET /inspections/{id},missing_object_check,object_auth,API1,5,1,1,600.0,37.0,9,1
object_policy_tests,business_licensing::GET__inspections_id::overbroad_role,business_licensing,GET /inspections/{id},overbroad_role,function_auth,API5,4,1,1,960.0,43.0,9,1
object_policy_tests,business_licensing::GET__inspections_id::purpose_bypass,business_licensing,GET /inspections/{id},purpose_bypass,purpose_scope,API5,4,1,0,320.0,0.0,9,0
object_policy_tests,business_licensing::GET__licenses_export::aggregation_leak,business_licensing,GET /licenses/export,aggregation_leak,property_auth,API3,4,1,0,256.0,0.0,9,0
object_policy_tests,business_licensing::GET__licenses_export::correct,business_licensing,GET /licenses/export,correct,clean,,0,0,0,0.0,0.0,9,0
object_policy_tests,business_licensing::GET__licenses_export::deprecated_exposed,business_licensing,GET /licenses/export,deprecated_exposed,inventory,API9,3,1,0,720.0,0.0,9,0
object_policy_tests,business_licensing::GET__licenses_export::jurisdiction_bypass,business_licensing,GET /licenses/export,jurisdiction_bypass,object_auth,API1,5,1,1,600.0,40.0,9,1
object_policy_tests,business_licensing::GET__licenses_export::missing_audit_log,business_licensing,GET /licenses/export,missing_audit_log,auditability,API10,3,1,0,240.0,0.0,9,0
object_policy_tests,business_licensing::GET__licenses_export::missing_auth,business_licensing,GET /licenses/export,missing_auth,function_auth,API2,5,1,1,1600.0,44.0,9,1
object_policy_tests,business_licensing::GET__licenses_export::missing_field_filter,business_licensing,GET /licenses/export,missing_field_filter,property_auth,API3,5,1,0,320.0,0.0,9,0
object_policy_tests,business_licensing::GET__licenses_export::missing_object_check,business_licensing,GET /licenses/export,missing_object_check,object_auth,API1,5,1,1,600.0,40.0,9,1
object_policy_tests,business_licensing::GET__licenses_export::overbroad_role,business_licensing,GET /licenses/export,overbroad_role,function_auth,API5,4,1,1,960.0,44.0,9,1
object_policy_tests,business_licensing::GET__licenses_export::purpose_bypass,business_licensing,GET /licenses/export,purpose_bypass,purpose_scope,API5,4,1,0,320.0,0.0,9,0
object_policy_tests,business_licensing::GET__licenses_id::aggregation_leak,business_licensing,GET /licenses/{id},aggregation_leak,property_auth,API3,4,1,0,192.0,0.0,9,0
object_policy_tests,business_licensing::GET__licenses_id::correct,business_licensing,GET /licenses/{id},correct,clean,,0,0,0,0.0,0.0,9,0
object_policy_tests,business_licensing::GET__licenses_id::deprecated_exposed,business_licensing,GET /licenses/{id},deprecated_exposed,inventory,API9,3,1,0,720.0,0.0,9,0
object_policy_tests,business_licensing::GET__licenses_id::jurisdiction_bypass,business_licensing,GET /licenses/{id},jurisdiction_bypass,object_auth,API1,5,1,1,600.0,38.0,9,1
object_policy_tests,business_licensing::GET__licenses_id::missing_audit_log,business_licensing,GET /licenses/{id},missing_audit_log,auditability,API10,3,1,0,240.0,0.0,9,0
object_policy_tests,business_licensing::GET__licenses_id::missing_auth,business_licensing,GET /licenses/{id},missing_auth,function_auth,API2,5,1,1,1600.0,42.0,9,1
object_policy_tests,business_licensing::GET__licenses_id::missing_field_filter,business_licensing,GET /licenses/{id},missing_field_filter,property_auth,API3,5,1,0,240.0,0.0,9,0
object_policy_tests,business_licensing::GET__licenses_id::missing_object_check,business_licensing,GET /licenses/{id},missing_object_check,object_auth,API1,5,1,1,600.0,38.0,9,1
object_policy_tests,business_licensing::GET__licenses_id::overbroad_role,business_licensing,GET /licenses/{id},overbroad_role,function_auth,API5,4,1,1,960.0,42.0,9,1
object_policy_tests,business_licensing::GET__licenses_id::purpose_bypass,business_licensing,GET /licenses/{id},purpose_bypass,purpose_scope,API5,4,1,0,320.0,0.0,9,0
object_policy_tests,citizen_services::GET__benefits_id::aggregation_leak,citizen_services,GET /benefits/{id},aggregation_leak,property_auth,API3,4,1,0,480.0,0.0,9,0
object_policy_tests,citizen_services::GET__benefits_id::correct,citizen_services,GET /benefits/{id},correct,clean,,0,0,0,0.0,0.0,9,0
object_policy_tests,citizen_services::GET__benefits_id::deprecated_exposed,citizen_services,GET /benefits/{id},deprecated_exposed,inventory,API9,3,1,0,900.0,0.0,9,0
object_policy_tests,citizen_services::GET__benefits_id::jurisdiction_bypass,citizen_services,GET /benefits/{id},jurisdiction_bypass,object_auth,API1,5,1,1,750.0,48.0,9,1
object_policy_tests,citizen_services::GET__benefits_id::missing_audit_log,citizen_services,GET /benefits/{id},missing_audit_log,auditability,API10,3,1,0,300.0,0.0,9,0
object_policy_tests,citizen_services::GET__benefits_id::missing_auth,citizen_services,GET /benefits/{id},missing_auth,function_auth,API2,5,1,1,2000.0,57.0,9,1
object_policy_tests,citizen_services::GET__benefits_id::missing_field_filter,citizen_services,GET /benefits/{id},missing_field_filter,property_auth,API3,5,1,0,600.0,0.0,9,0
object_policy_tests,citizen_services::GET__benefits_id::missing_object_check,citizen_services,GET /benefits/{id},missing_object_check,object_auth,API1,5,1,1,750.0,48.0,9,1
object_policy_tests,citizen_services::GET__benefits_id::overbroad_role,citizen_services,GET /benefits/{id},overbroad_role,function_auth,API5,4,1,1,1200.0,57.0,9,1
object_policy_tests,citizen_services::GET__benefits_id::purpose_bypass,citizen_services,GET /benefits/{id},purpose_bypass,purpose_scope,API5,4,1,0,400.0,0.0,9,0
object_policy_tests,citizen_services::GET__citizens_export::aggregation_leak,citizen_services,GET /citizens/export,aggregation_leak,property_auth,API3,4,1,0,560.0,0.0,9,0
object_policy_tests,citizen_services::GET__citizens_export::correct,citizen_services,GET /citizens/export,correct,clean,,0,0,0,0.0,0.0,9,0
object_policy_tests,citizen_services::GET__citizens_export::deprecated_exposed,citizen_services,GET /citizens/export,deprecated_exposed,inventory,API9,3,1,0,900.0,0.0,9,0
object_policy_tests,citizen_services::GET__citizens_export::jurisdiction_bypass,citizen_services,GET /citizens/export,jurisdiction_bypass,object_auth,API1,5,1,1,750.0,48.0,9,1
object_policy_tests,citizen_services::GET__citizens_export::missing_audit_log,citizen_services,GET /citizens/export,missing_audit_log,auditability,API10,3,1,0,300.0,0.0,9,0
object_policy_tests,citizen_services::GET__citizens_export::missing_auth,citizen_services,GET /citizens/export,missing_auth,function_auth,API2,5,1,1,2000.0,59.0,9,1
object_policy_tests,citizen_services::GET__citizens_export::missing_field_filter,citizen_services,GET /citizens/export,missing_field_filter,property_auth,API3,5,1,0,700.0,0.0,9,0
object_policy_tests,citizen_services::GET__citizens_export::missing_object_check,citizen_services,GET /citizens/export,missing_object_check,object_auth,API1,5,1,1,750.0,48.0,9,1
object_policy_tests,citizen_services::GET__citizens_export::overbroad_role,citizen_services,GET /citizens/export,overbroad_role,function_auth,API5,4,1,1,1200.0,59.0,9,1
object_policy_tests,citizen_services::GET__citizens_export::purpose_bypass,citizen_services,GET /citizens/export,purpose_bypass,purpose_scope,API5,4,1,0,400.0,0.0,9,0
object_policy_tests,citizen_services::GET__citizens_id::aggregation_leak,citizen_services,GET /citizens/{id},aggregation_leak,property_auth,API3,4,1,0,560.0,0.0,9,0
object_policy_tests,citizen_services::GET__citizens_id::correct,citizen_services,GET /citizens/{id},correct,clean,,0,0,0,0.0,0.0,9,0
object_policy_tests,citizen_services::GET__citizens_id::deprecated_exposed,citizen_services,GET /citizens/{id},deprecated_exposed,inventory,API9,3,1,0,900.0,0.0,9,0
object_policy_tests,citizen_services::GET__citizens_id::jurisdiction_bypass,citizen_services,GET /citizens/{id},jurisdiction_bypass,object_auth,API1,5,1,1,750.0,47.0,9,1
object_policy_tests,citizen_services::GET__citizens_id::missing_audit_log,citizen_services,GET /citizens/{id},missing_audit_log,auditability,API10,3,1,0,300.0,0.0,9,0
object_policy_tests,citizen_services::GET__citizens_id::missing_auth,citizen_services,GET /citizens/{id},missing_auth,function_auth,API2,5,1,1,2000.0,58.0,9,1
object_policy_tests,citizen_services::GET__citizens_id::missing_field_filter,citizen_services,GET /citizens/{id},missing_field_filter,property_auth,API3,5,1,0,700.0,0.0,9,0
object_policy_tests,citizen_services::GET__citizens_id::missing_object_check,citizen_services,GET /citizens/{id},missing_object_check,object_auth,API1,5,1,1,750.0,47.0,9,1
object_policy_tests,citizen_services::GET__citizens_id::overbroad_role,citizen_services,GET /citizens/{id},overbroad_role,function_auth,API5,4,1,1,1200.0,58.0,9,1
object_policy_tests,citizen_services::GET__citizens_id::purpose_bypass,citizen_services,GET /citizens/{id},purpose_bypass,purpose_scope,API5,4,1,0,400.0,0.0,9,0
object_policy_tests,education::GET__classes_id_roster::aggregation_leak,education,GET /classes/{id}/roster,aggregation_leak,property_auth,API3,4,1,0,640.0,0.0,9,0
object_policy_tests,education::GET__classes_id_roster::correct,education,GET /classes/{id}/roster,correct,clean,,0,0,0,0.0,0.0,9,0
object_policy_tests,education::GET__classes_id_roster::deprecated_exposed,education,GET /classes/{id}/roster,deprecated_exposed,inventory,API9,3,1,0,900.0,0.0,9,0
object_policy_tests,education::GET__classes_id_roster::jurisdiction_bypass,education,GET /classes/{id}/roster,jurisdiction_bypass,object_auth,API1,5,1,1,750.0,42.0,9,1
object_policy_tests,education::GET__classes_id_roster::missing_audit_log,education,GET /classes/{id}/roster,missing_audit_log,auditability,API10,3,1,0,300.0,0.0,9,0
object_policy_tests,education::GET__classes_id_roster::missing_auth,education,GET /classes/{id}/roster,missing_auth,function_auth,API2,5,1,1,2000.0,59.0,9,1
object_policy_tests,education::GET__classes_id_roster::missing_field_filter,education,GET /classes/{id}/roster,missing_field_filter,property_auth,API3,5,1,0,800.0,0.0,9,0
object_policy_tests,education::GET__classes_id_roster::missing_object_check,education,GET /classes/{id}/roster,missing_object_check,object_auth,API1,5,1,1,750.0,42.0,9,1
object_policy_tests,education::GET__classes_id_roster::overbroad_role,education,GET /classes/{id}/roster,overbroad_role,function_auth,API5,4,1,1,1200.0,59.0,9,1
object_policy_tests,education::GET__classes_id_roster::purpose_bypass,education,GET /classes/{id}/roster,purpose_bypass,purpose_scope,API5,4,1,0,400.0,0.0,9,0
object_policy_tests,education::GET__discipline_id::aggregation_leak,education,GET /discipline/{id},aggregation_leak,property_auth,API3,4,1,0,560.0,0.0,9,0
object_policy_tests,education::GET__discipline_id::correct,education,GET /discipline/{id},correct,clean,,0,0,0,0.0,0.0,9,0
object_policy_tests,education::GET__discipline_id::deprecated_exposed,education,GET /discipline/{id},deprecated_exposed,inventory,API9,3,1,0,900.0,0.0,9,0
object_policy_tests,education::GET__discipline_id::jurisdiction_bypass,education,GET /discipline/{id},jurisdiction_bypass,object_auth,API1,5,1,1,750.0,45.0,9,1
object_policy_tests,education::GET__discipline_id::missing_audit_log,education,GET /discipline/{id},missing_audit_log,auditability,API10,3,1,0,300.0,0.0,9,0
object_policy_tests,education::GET__discipline_id::missing_auth,education,GET /discipline/{id},missing_auth,function_auth,API2,5,1,1,2000.0,60.0,9,1
object_policy_tests,education::GET__discipline_id::missing_field_filter,education,GET /discipline/{id},missing_field_filter,property_auth,API3,5,1,0,700.0,0.0,9,0
object_policy_tests,education::GET__discipline_id::missing_object_check,education,GET /discipline/{id},missing_object_check,object_auth,API1,5,1,1,750.0,45.0,9,1
object_policy_tests,education::GET__discipline_id::overbroad_role,education,GET /discipline/{id},overbroad_role,function_auth,API5,4,1,1,1200.0,60.0,9,1
object_policy_tests,education::GET__discipline_id::purpose_bypass,education,GET /discipline/{id},purpose_bypass,purpose_scope,API5,4,1,0,400.0,0.0,9,0
object_policy_tests,education::GET__students_id_record::aggregation_leak,education,GET /students/{id}/record,aggregation_leak,property_auth,API3,4,1,0,640.0,0.0,9,0
object_policy_tests,education::GET__students_id_record::correct,education,GET /students/{id}/record,correct,clean,,0,0,0,0.0,0.0,9,0
object_policy_tests,education::GET__students_id_record::deprecated_exposed,education,GET /students/{id}/record,deprecated_exposed,inventory,API9,3,1,0,900.0,0.0,9,0
object_policy_tests,education::GET__students_id_record::jurisdiction_bypass,education,GET /students/{id}/record,jurisdiction_bypass,object_auth,API1,5,1,1,750.0,42.0,9,1
object_policy_tests,education::GET__students_id_record::missing_audit_log,education,GET /students/{id}/record,missing_audit_log,auditability,API10,3,1,0,300.0,0.0,9,0
object_policy_tests,education::GET__students_id_record::missing_auth,education,GET /students/{id}/record,missing_auth,function_auth,API2,5,1,1,2000.0,59.0,9,1
object_policy_tests,education::GET__students_id_record::missing_field_filter,education,GET /students/{id}/record,missing_field_filter,property_auth,API3,5,1,0,800.0,0.0,9,0
object_policy_tests,education::GET__students_id_record::missing_object_check,education,GET /students/{id}/record,missing_object_check,object_auth,API1,5,1,1,750.0,42.0,9,1
object_policy_tests,education::GET__students_id_record::overbroad_role,education,GET /students/{id}/record,overbroad_role,function_auth,API5,4,1,1,1200.0,59.0,9,1
object_policy_tests,education::GET__students_id_record::purpose_bypass,education,GET /students/{id}/record,purpose_bypass,purpose_scope,API5,4,1,0,400.0,0.0,9,0
object_policy_tests,health::GET__encounters_id::aggregation_leak,health,GET /encounters/{id},aggregation_leak,property_auth,API3,4,1,0,560.0,0.0,9,0
object_policy_tests,health::GET__encounters_id::correct,health,GET /encounters/{id},correct,clean,,0,0,0,0.0,0.0,9,0
object_policy_tests,health::GET__encounters_id::deprecated_exposed,health,GET /encounters/{id},deprecated_exposed,inventory,API9,3,1,0,900.0,0.0,9,0
object_policy_tests,health::GET__encounters_id::jurisdiction_bypass,health,GET /encounters/{id},jurisdiction_bypass,object_auth,API1,5,1,1,750.0,53.0,9,1
object_policy_tests,health::GET__encounters_id::missing_audit_log,health,GET /encounters/{id},missing_audit_log,auditability,API10,3,1,0,300.0,0.0,9,0
object_policy_tests,health::GET__encounters_id::missing_auth,health,GET /encounters/{id},missing_auth,function_auth,API2,5,1,1,2000.0,61.0,9,1
object_policy_tests,health::GET__encounters_id::missing_field_filter,health,GET /encounters/{id},missing_field_filter,property_auth,API3,5,1,0,700.0,0.0,9,0
object_policy_tests,health::GET__encounters_id::missing_object_check,health,GET /encounters/{id},missing_object_check,object_auth,API1,5,1,1,750.0,53.0,9,1
object_policy_tests,health::GET__encounters_id::overbroad_role,health,GET /encounters/{id},overbroad_role,function_auth,API5,4,1,1,1200.0,61.0,9,1
object_policy_tests,health::GET__encounters_id::purpose_bypass,health,GET /encounters/{id},purpose_bypass,purpose_scope,API5,4,1,0,400.0,0.0,9,0
object_policy_tests,health::GET__patients_id::aggregation_leak,health,GET /patients/{id},aggregation_leak,property_auth,API3,4,1,0,640.0,0.0,9,0
object_policy_tests,health::GET__patients_id::correct,health,GET /patients/{id},correct,clean,,0,0,0,0.0,0.0,9,0
object_policy_tests,health::GET__patients_id::deprecated_exposed,health,GET /patients/{id},deprecated_exposed,inventory,API9,3,1,0,900.0,0.0,9,0
object_policy_tests,health::GET__patients_id::jurisdiction_bypass,health,GET /patients/{id},jurisdiction_bypass,object_auth,API1,5,1,1,750.0,57.0,9,1
object_policy_tests,health::GET__patients_id::missing_audit_log,health,GET /patients/{id},missing_audit_log,auditability,API10,3,1,0,300.0,0.0,9,0
object_policy_tests,health::GET__patients_id::missing_auth,health,GET /patients/{id},missing_auth,function_auth,API2,5,1,1,2000.0,61.0,9,1
object_policy_tests,health::GET__patients_id::missing_field_filter,health,GET /patients/{id},missing_field_filter,property_auth,API3,5,1,0,800.0,0.0,9,0
object_policy_tests,health::GET__patients_id::missing_object_check,health,GET /patients/{id},missing_object_check,object_auth,API1,5,1,1,750.0,57.0,9,1
object_policy_tests,health::GET__patients_id::overbroad_role,health,GET /patients/{id},overbroad_role,function_auth,API5,4,1,1,1200.0,61.0,9,1
object_policy_tests,health::GET__patients_id::purpose_bypass,health,GET /patients/{id},purpose_bypass,purpose_scope,API5,4,1,0,400.0,0.0,9,0
object_policy_tests,health::GET__patients_search::aggregation_leak,health,GET /patients/search,aggregation_leak,property_auth,API3,4,1,0,640.0,0.0,9,0
object_policy_tests,health::GET__patients_search::correct,health,GET /patients/search,correct,clean,,0,0,0,0.0,0.0,9,0
object_policy_tests,health::GET__patients_search::deprecated_exposed,health,GET /patients/search,deprecated_exposed,inventory,API9,3,1,0,900.0,0.0,9,0
object_policy_tests,health::GET__patients_search::jurisdiction_bypass,health,GET /patients/search,jurisdiction_bypass,object_auth,API1,5,1,1,750.0,56.0,9,1
object_policy_tests,health::GET__patients_search::missing_audit_log,health,GET /patients/search,missing_audit_log,auditability,API10,3,1,0,300.0,0.0,9,0
object_policy_tests,health::GET__patients_search::missing_auth,health,GET /patients/search,missing_auth,function_auth,API2,5,1,1,2000.0,60.0,9,1
object_policy_tests,health::GET__patients_search::missing_field_filter,health,GET /patients/search,missing_field_filter,property_auth,API3,5,1,0,800.0,0.0,9,0
object_policy_tests,health::GET__patients_search::missing_object_check,health,GET /patients/search,missing_object_check,object_auth,API1,5,1,1,750.0,56.0,9,1
object_policy_tests,health::GET__patients_search::overbroad_role,health,GET /patients/search,overbroad_role,function_auth,API5,4,1,1,1200.0,60.0,9,1
object_policy_tests,health::GET__patients_search::purpose_bypass,health,GET /patients/search,purpose_bypass,purpose_scope,API5,4,1,0,400.0,0.0,9,0
policy_aware_full,business_licensing::GET__inspections_id::aggregation_leak,business_licensing,GET /inspections/{id},aggregation_leak,property_auth,API3,4,1,1,192.0,6.0,9,1
policy_aware_full,business_licensing::GET__inspections_id::correct,business_licensing,GET /inspections/{id},correct,clean,,0,0,0,0.0,0.0,9,0
policy_aware_full,business_licensing::GET__inspections_id::deprecated_exposed,business_licensing,GET /inspections/{id},deprecated_exposed,inventory,API9,3,1,1,720.0,10.0,9,1
policy_aware_full,business_licensing::GET__inspections_id::jurisdiction_bypass,business_licensing,GET /inspections/{id},jurisdiction_bypass,object_auth,API1,5,1,1,600.0,37.0,9,1
policy_aware_full,business_licensing::GET__inspections_id::missing_audit_log,business_licensing,GET /inspections/{id},missing_audit_log,auditability,API10,3,1,1,240.0,27.0,9,9
policy_aware_full,business_licensing::GET__inspections_id::missing_auth,business_licensing,GET /inspections/{id},missing_auth,function_auth,API2,5,1,1,1600.0,43.0,9,1
policy_aware_full,business_licensing::GET__inspections_id::missing_field_filter,business_licensing,GET /inspections/{id},missing_field_filter,property_auth,API3,5,1,1,240.0,34.0,9,5
policy_aware_full,business_licensing::GET__inspections_id::missing_object_check,business_licensing,GET /inspections/{id},missing_object_check,object_auth,API1,5,1,1,600.0,37.0,9,1
policy_aware_full,business_licensing::GET__inspections_id::overbroad_role,business_licensing,GET /inspections/{id},overbroad_role,function_auth,API5,4,1,1,960.0,43.0,9,1
policy_aware_full,business_licensing::GET__inspections_id::purpose_bypass,business_licensing,GET /inspections/{id},purpose_bypass,purpose_scope,API5,4,1,1,320.0,37.0,9,1
policy_aware_full,business_licensing::GET__licenses_export::aggregation_leak,business_licensing,GET /licenses/export,aggregation_leak,property_auth,API3,4,1,1,256.0,4.0,9,1
policy_aware_full,business_licensing::GET__licenses_export::correct,business_licensing,GET /licenses/export,correct,clean,,0,0,0,0.0,0.0,9,0
policy_aware_full,business_licensing::GET__licenses_export::deprecated_exposed,business_licensing,GET /licenses/export,deprecated_exposed,inventory,API9,3,1,1,720.0,8.0,9,1
policy_aware_full,business_licensing::GET__licenses_export::jurisdiction_bypass,business_licensing,GET /licenses/export,jurisdiction_bypass,object_auth,API1,5,1,1,600.0,40.0,9,1
policy_aware_full,business_licensing::GET__licenses_export::missing_audit_log,business_licensing,GET /licenses/export,missing_audit_log,auditability,API10,3,1,1,240.0,27.0,9,9
policy_aware_full,business_licensing::GET__licenses_export::missing_auth,business_licensing,GET /licenses/export,missing_auth,function_auth,API2,5,1,1,1600.0,44.0,9,1
policy_aware_full,business_licensing::GET__licenses_export::missing_field_filter,business_licensing,GET /licenses/export,missing_field_filter,property_auth,API3,5,1,1,320.0,22.0,9,5
policy_aware_full,business_licensing::GET__licenses_export::missing_object_check,business_licensing,GET /licenses/export,missing_object_check,object_auth,API1,5,1,1,600.0,40.0,9,1
policy_aware_full,business_licensing::GET__licenses_export::overbroad_role,business_licensing,GET /licenses/export,overbroad_role,function_auth,API5,4,1,1,960.0,44.0,9,1
policy_aware_full,business_licensing::GET__licenses_export::purpose_bypass,business_licensing,GET /licenses/export,purpose_bypass,purpose_scope,API5,4,1,1,320.0,40.0,9,1
policy_aware_full,business_licensing::GET__licenses_id::aggregation_leak,business_licensing,GET /licenses/{id},aggregation_leak,property_auth,API3,4,1,1,192.0,4.0,9,1
policy_aware_full,business_licensing::GET__licenses_id::correct,business_licensing,GET /licenses/{id},correct,clean,,0,0,0,0.0,0.0,9,0
policy_aware_full,business_licensing::GET__licenses_id::deprecated_exposed,business_licensing,GET /licenses/{id},deprecated_exposed,inventory,API9,3,1,1,720.0,8.0,9,1
policy_aware_full,business_licensing::GET__licenses_id::jurisdiction_bypass,business_licensing,GET /licenses/{id},jurisdiction_bypass,object_auth,API1,5,1,1,600.0,38.0,9,1
policy_aware_full,business_licensing::GET__licenses_id::missing_audit_log,business_licensing,GET /licenses/{id},missing_audit_log,auditability,API10,3,1,1,240.0,27.0,9,9
policy_aware_full,business_licensing::GET__licenses_id::missing_auth,business_licensing,GET /licenses/{id},missing_auth,function_auth,API2,5,1,1,1600.0,42.0,9,1
policy_aware_full,business_licensing::GET__licenses_id::missing_field_filter,business_licensing,GET /licenses/{id},missing_field_filter,property_auth,API3,5,1,1,240.0,22.0,9,5
policy_aware_full,business_licensing::GET__licenses_id::missing_object_check,business_licensing,GET /licenses/{id},missing_object_check,object_auth,API1,5,1,1,600.0,38.0,9,1
policy_aware_full,business_licensing::GET__licenses_id::overbroad_role,business_licensing,GET /licenses/{id},overbroad_role,function_auth,API5,4,1,1,960.0,42.0,9,1
policy_aware_full,business_licensing::GET__licenses_id::purpose_bypass,business_licensing,GET /licenses/{id},purpose_bypass,purpose_scope,API5,4,1,1,320.0,38.0,9,1
policy_aware_full,citizen_services::GET__benefits_id::aggregation_leak,citizen_services,GET /benefits/{id},aggregation_leak,property_auth,API3,4,1,1,480.0,9.0,9,1
policy_aware_full,citizen_services::GET__benefits_id::correct,citizen_services,GET /benefits/{id},correct,clean,,0,0,0,0.0,0.0,9,0
policy_aware_full,citizen_services::GET__benefits_id::deprecated_exposed,citizen_services,GET /benefits/{id},deprecated_exposed,inventory,API9,3,1,1,900.0,13.0,9,1
policy_aware_full,citizen_services::GET__benefits_id::jurisdiction_bypass,citizen_services,GET /benefits/{id},jurisdiction_bypass,object_auth,API1,5,1,1,750.0,48.0,9,1
policy_aware_full,citizen_services::GET__benefits_id::missing_audit_log,citizen_services,GET /benefits/{id},missing_audit_log,auditability,API10,3,1,1,300.0,27.0,9,9
policy_aware_full,citizen_services::GET__benefits_id::missing_auth,citizen_services,GET /benefits/{id},missing_auth,function_auth,API2,5,1,1,2000.0,57.0,9,1
policy_aware_full,citizen_services::GET__benefits_id::missing_field_filter,citizen_services,GET /benefits/{id},missing_field_filter,property_auth,API3,5,1,1,600.0,43.0,9,5
policy_aware_full,citizen_services::GET__benefits_id::missing_object_check,citizen_services,GET /benefits/{id},missing_object_check,object_auth,API1,5,1,1,750.0,48.0,9,1
policy_aware_full,citizen_services::GET__benefits_id::overbroad_role,citizen_services,GET /benefits/{id},overbroad_role,function_auth,API5,4,1,1,1200.0,57.0,9,1
policy_aware_full,citizen_services::GET__benefits_id::purpose_bypass,citizen_services,GET /benefits/{id},purpose_bypass,purpose_scope,API5,4,1,1,400.0,48.0,9,1
policy_aware_full,citizen_services::GET__citizens_export::aggregation_leak,citizen_services,GET /citizens/export,aggregation_leak,property_auth,API3,4,1,1,560.0,11.0,9,1
policy_aware_full,citizen_services::GET__citizens_export::correct,citizen_services,GET /citizens/export,correct,clean,,0,0,0,0.0,0.0,9,0
policy_aware_full,citizen_services::GET__citizens_export::deprecated_exposed,citizen_services,GET /citizens/export,deprecated_exposed,inventory,API9,3,1,1,900.0,15.0,9,1
policy_aware_full,citizen_services::GET__citizens_export::jurisdiction_bypass,citizen_services,GET /citizens/export,jurisdiction_bypass,object_auth,API1,5,1,1,750.0,48.0,9,1
policy_aware_full,citizen_services::GET__citizens_export::missing_audit_log,citizen_services,GET /citizens/export,missing_audit_log,auditability,API10,3,1,1,300.0,27.0,9,9
policy_aware_full,citizen_services::GET__citizens_export::missing_auth,citizen_services,GET /citizens/export,missing_auth,function_auth,API2,5,1,1,2000.0,59.0,9,1
policy_aware_full,citizen_services::GET__citizens_export::missing_field_filter,citizen_services,GET /citizens/export,missing_field_filter,property_auth,API3,5,1,1,700.0,55.0,9,5
policy_aware_full,citizen_services::GET__citizens_export::missing_object_check,citizen_services,GET /citizens/export,missing_object_check,object_auth,API1,5,1,1,750.0,48.0,9,1
policy_aware_full,citizen_services::GET__citizens_export::overbroad_role,citizen_services,GET /citizens/export,overbroad_role,function_auth,API5,4,1,1,1200.0,59.0,9,1
policy_aware_full,citizen_services::GET__citizens_export::purpose_bypass,citizen_services,GET /citizens/export,purpose_bypass,purpose_scope,API5,4,1,1,400.0,48.0,9,1
policy_aware_full,citizen_services::GET__citizens_id::aggregation_leak,citizen_services,GET /citizens/{id},aggregation_leak,property_auth,API3,4,1,1,560.0,11.0,9,1
policy_aware_full,citizen_services::GET__citizens_id::correct,citizen_services,GET /citizens/{id},correct,clean,,0,0,0,0.0,0.0,9,0
policy_aware_full,citizen_services::GET__citizens_id::deprecated_exposed,citizen_services,GET /citizens/{id},deprecated_exposed,inventory,API9,3,1,1,900.0,15.0,9,1
policy_aware_full,citizen_services::GET__citizens_id::jurisdiction_bypass,citizen_services,GET /citizens/{id},jurisdiction_bypass,object_auth,API1,5,1,1,750.0,47.0,9,1
policy_aware_full,citizen_services::GET__citizens_id::missing_audit_log,citizen_services,GET /citizens/{id},missing_audit_log,auditability,API10,3,1,1,300.0,27.0,9,9
policy_aware_full,citizen_services::GET__citizens_id::missing_auth,citizen_services,GET /citizens/{id},missing_auth,function_auth,API2,5,1,1,2000.0,58.0,9,1
policy_aware_full,citizen_services::GET__citizens_id::missing_field_filter,citizen_services,GET /citizens/{id},missing_field_filter,property_auth,API3,5,1,1,700.0,55.0,9,5
policy_aware_full,citizen_services::GET__citizens_id::missing_object_check,citizen_services,GET /citizens/{id},missing_object_check,object_auth,API1,5,1,1,750.0,47.0,9,1
policy_aware_full,citizen_services::GET__citizens_id::overbroad_role,citizen_services,GET /citizens/{id},overbroad_role,function_auth,API5,4,1,1,1200.0,58.0,9,1
policy_aware_full,citizen_services::GET__citizens_id::purpose_bypass,citizen_services,GET /citizens/{id},purpose_bypass,purpose_scope,API5,4,1,1,400.0,47.0,9,1
policy_aware_full,education::GET__classes_id_roster::aggregation_leak,education,GET /classes/{id}/roster,aggregation_leak,property_auth,API3,4,1,1,640.0,17.0,9,1
policy_aware_full,education::GET__classes_id_roster::correct,education,GET /classes/{id}/roster,correct,clean,,0,0,0,0.0,0.0,9,0
policy_aware_full,education::GET__classes_id_roster::deprecated_exposed,education,GET /classes/{id}/roster,deprecated_exposed,inventory,API9,3,1,1,900.0,21.0,9,1
policy_aware_full,education::GET__classes_id_roster::jurisdiction_bypass,education,GET /classes/{id}/roster,jurisdiction_bypass,object_auth,API1,5,1,1,750.0,42.0,9,1
policy_aware_full,education::GET__classes_id_roster::missing_audit_log,education,GET /classes/{id}/roster,missing_audit_log,auditability,API10,3,1,1,300.0,27.0,9,9
policy_aware_full,education::GET__classes_id_roster::missing_auth,education,GET /classes/{id}/roster,missing_auth,function_auth,API2,5,1,1,2000.0,59.0,9,1
policy_aware_full,education::GET__classes_id_roster::missing_field_filter,education,GET /classes/{id}/roster,missing_field_filter,property_auth,API3,5,1,1,800.0,85.0,9,5
policy_aware_full,education::GET__classes_id_roster::missing_object_check,education,GET /classes/{id}/roster,missing_object_check,object_auth,API1,5,1,1,750.0,42.0,9,1
policy_aware_full,education::GET__classes_id_roster::overbroad_role,education,GET /classes/{id}/roster,overbroad_role,function_auth,API5,4,1,1,1200.0,59.0,9,1
policy_aware_full,education::GET__classes_id_roster::purpose_bypass,education,GET /classes/{id}/roster,purpose_bypass,purpose_scope,API5,4,1,1,400.0,42.0,9,1
policy_aware_full,education::GET__discipline_id::aggregation_leak,education,GET /discipline/{id},aggregation_leak,property_auth,API3,4,1,1,560.0,15.0,9,1
policy_aware_full,education::GET__discipline_id::correct,education,GET /discipline/{id},correct,clean,,0,0,0,0.0,0.0,9,0
policy_aware_full,education::GET__discipline_id::deprecated_exposed,education,GET /discipline/{id},deprecated_exposed,inventory,API9,3,1,1,900.0,19.0,9,1
policy_aware_full,education::GET__discipline_id::jurisdiction_bypass,education,GET /discipline/{id},jurisdiction_bypass,object_auth,API1,5,1,1,750.0,45.0,9,1
policy_aware_full,education::GET__discipline_id::missing_audit_log,education,GET /discipline/{id},missing_audit_log,auditability,API10,3,1,1,300.0,27.0,9,9
policy_aware_full,education::GET__discipline_id::missing_auth,education,GET /discipline/{id},missing_auth,function_auth,API2,5,1,1,2000.0,60.0,9,1
policy_aware_full,education::GET__discipline_id::missing_field_filter,education,GET /discipline/{id},missing_field_filter,property_auth,API3,5,1,1,700.0,70.0,9,5
policy_aware_full,education::GET__discipline_id::missing_object_check,education,GET /discipline/{id},missing_object_check,object_auth,API1,5,1,1,750.0,45.0,9,1
policy_aware_full,education::GET__discipline_id::overbroad_role,education,GET /discipline/{id},overbroad_role,function_auth,API5,4,1,1,1200.0,60.0,9,1
policy_aware_full,education::GET__discipline_id::purpose_bypass,education,GET /discipline/{id},purpose_bypass,purpose_scope,API5,4,1,1,400.0,45.0,9,1
policy_aware_full,education::GET__students_id_record::aggregation_leak,education,GET /students/{id}/record,aggregation_leak,property_auth,API3,4,1,1,640.0,17.0,9,1
policy_aware_full,education::GET__students_id_record::correct,education,GET /students/{id}/record,correct,clean,,0,0,0,0.0,0.0,9,0
policy_aware_full,education::GET__students_id_record::deprecated_exposed,education,GET /students/{id}/record,deprecated_exposed,inventory,API9,3,1,1,900.0,21.0,9,1
policy_aware_full,education::GET__students_id_record::jurisdiction_bypass,education,GET /students/{id}/record,jurisdiction_bypass,object_auth,API1,5,1,1,750.0,42.0,9,1
policy_aware_full,education::GET__students_id_record::missing_audit_log,education,GET /students/{id}/record,missing_audit_log,auditability,API10,3,1,1,300.0,27.0,9,9
policy_aware_full,education::GET__students_id_record::missing_auth,education,GET /students/{id}/record,missing_auth,function_auth,API2,5,1,1,2000.0,59.0,9,1
policy_aware_full,education::GET__students_id_record::missing_field_filter,education,GET /students/{id}/record,missing_field_filter,property_auth,API3,5,1,1,800.0,85.0,9,5
policy_aware_full,education::GET__students_id_record::missing_object_check,education,GET /students/{id}/record,missing_object_check,object_auth,API1,5,1,1,750.0,42.0,9,1
policy_aware_full,education::GET__students_id_record::overbroad_role,education,GET /students/{id}/record,overbroad_role,function_auth,API5,4,1,1,1200.0,59.0,9,1
policy_aware_full,education::GET__students_id_record::purpose_bypass,education,GET /students/{id}/record,purpose_bypass,purpose_scope,API5,4,1,1,400.0,42.0,9,1
policy_aware_full,health::GET__encounters_id::aggregation_leak,health,GET /encounters/{id},aggregation_leak,property_auth,API3,4,1,1,560.0,8.0,9,1
policy_aware_full,health::GET__encounters_id::correct,health,GET /encounters/{id},correct,clean,,0,0,0,0.0,0.0,9,0
policy_aware_full,health::GET__encounters_id::deprecated_exposed,health,GET /encounters/{id},deprecated_exposed,inventory,API9,3,1,1,900.0,12.0,9,1
policy_aware_full,health::GET__encounters_id::jurisdiction_bypass,health,GET /encounters/{id},jurisdiction_bypass,object_auth,API1,5,1,1,750.0,53.0,9,1
policy_aware_full,health::GET__encounters_id::missing_audit_log,health,GET /encounters/{id},missing_audit_log,auditability,API10,3,1,1,300.0,27.0,9,9
policy_aware_full,health::GET__encounters_id::missing_auth,health,GET /encounters/{id},missing_auth,function_auth,API2,5,1,1,2000.0,61.0,9,1
policy_aware_full,health::GET__encounters_id::missing_field_filter,health,GET /encounters/{id},missing_field_filter,property_auth,API3,5,1,1,700.0,34.0,9,5
policy_aware_full,health::GET__encounters_id::missing_object_check,health,GET /encounters/{id},missing_object_check,object_auth,API1,5,1,1,750.0,53.0,9,1
policy_aware_full,health::GET__encounters_id::overbroad_role,health,GET /encounters/{id},overbroad_role,function_auth,API5,4,1,1,1200.0,61.0,9,1
policy_aware_full,health::GET__encounters_id::purpose_bypass,health,GET /encounters/{id},purpose_bypass,purpose_scope,API5,4,1,1,400.0,53.0,9,1
policy_aware_full,health::GET__patients_id::aggregation_leak,health,GET /patients/{id},aggregation_leak,property_auth,API3,4,1,1,640.0,4.0,9,1
policy_aware_full,health::GET__patients_id::correct,health,GET /patients/{id},correct,clean,,0,0,0,0.0,0.0,9,0
policy_aware_full,health::GET__patients_id::deprecated_exposed,health,GET /patients/{id},deprecated_exposed,inventory,API9,3,1,1,900.0,8.0,9,1
policy_aware_full,health::GET__patients_id::jurisdiction_bypass,health,GET /patients/{id},jurisdiction_bypass,object_auth,API1,5,1,1,750.0,57.0,9,1
policy_aware_full,health::GET__patients_id::missing_audit_log,health,GET /patients/{id},missing_audit_log,auditability,API10,3,1,1,300.0,27.0,9,9
policy_aware_full,health::GET__patients_id::missing_auth,health,GET /patients/{id},missing_auth,function_auth,API2,5,1,1,2000.0,61.0,9,1
policy_aware_full,health::GET__patients_id::missing_field_filter,health,GET /patients/{id},missing_field_filter,property_auth,API3,5,1,1,800.0,16.0,9,4
policy_aware_full,health::GET__patients_id::missing_object_check,health,GET /patients/{id},missing_object_check,object_auth,API1,5,1,1,750.0,57.0,9,1
policy_aware_full,health::GET__patients_id::overbroad_role,health,GET /patients/{id},overbroad_role,function_auth,API5,4,1,1,1200.0,61.0,9,1
policy_aware_full,health::GET__patients_id::purpose_bypass,health,GET /patients/{id},purpose_bypass,purpose_scope,API5,4,1,1,400.0,57.0,9,1
policy_aware_full,health::GET__patients_search::aggregation_leak,health,GET /patients/search,aggregation_leak,property_auth,API3,4,1,1,640.0,4.0,9,1
policy_aware_full,health::GET__patients_search::correct,health,GET /patients/search,correct,clean,,0,0,0,0.0,0.0,9,0
policy_aware_full,health::GET__patients_search::deprecated_exposed,health,GET /patients/search,deprecated_exposed,inventory,API9,3,1,1,900.0,8.0,9,1
policy_aware_full,health::GET__patients_search::jurisdiction_bypass,health,GET /patients/search,jurisdiction_bypass,object_auth,API1,5,1,1,750.0,56.0,9,1
policy_aware_full,health::GET__patients_search::missing_audit_log,health,GET /patients/search,missing_audit_log,auditability,API10,3,1,1,300.0,27.0,9,9
policy_aware_full,health::GET__patients_search::missing_auth,health,GET /patients/search,missing_auth,function_auth,API2,5,1,1,2000.0,60.0,9,1
policy_aware_full,health::GET__patients_search::missing_field_filter,health,GET /patients/search,missing_field_filter,property_auth,API3,5,1,1,800.0,16.0,9,4
policy_aware_full,health::GET__patients_search::missing_object_check,health,GET /patients/search,missing_object_check,object_auth,API1,5,1,1,750.0,56.0,9,1
policy_aware_full,health::GET__patients_search::overbroad_role,health,GET /patients/search,overbroad_role,function_auth,API5,4,1,1,1200.0,60.0,9,1
policy_aware_full,health::GET__patients_search::purpose_bypass,health,GET /patients/search,purpose_bypass,purpose_scope,API5,4,1,1,400.0,56.0,9,1
role_matrix,business_licensing::GET__inspections_id::aggregation_leak,business_licensing,GET /inspections/{id},aggregation_leak,property_auth,API3,4,1,0,192.0,0.0,9,0
role_matrix,business_licensing::GET__inspections_id::correct,business_licensing,GET /inspections/{id},correct,clean,,0,0,0,0.0,0.0,9,0
role_matrix,business_licensing::GET__inspections_id::deprecated_exposed,business_licensing,GET /inspections/{id},deprecated_exposed,inventory,API9,3,1,0,720.0,0.0,9,0
role_matrix,business_licensing::GET__inspections_id::jurisdiction_bypass,business_licensing,GET /inspections/{id},jurisdiction_bypass,object_auth,API1,5,1,0,600.0,0.0,9,0
role_matrix,business_licensing::GET__inspections_id::missing_audit_log,business_licensing,GET /inspections/{id},missing_audit_log,auditability,API10,3,1,0,240.0,0.0,9,0
role_matrix,business_licensing::GET__inspections_id::missing_auth,business_licensing,GET /inspections/{id},missing_auth,function_auth,API2,5,1,1,1600.0,43.0,9,1
role_matrix,business_licensing::GET__inspections_id::missing_field_filter,business_licensing,GET /inspections/{id},missing_field_filter,property_auth,API3,5,1,0,240.0,0.0,9,0
role_matrix,business_licensing::GET__inspections_id::missing_object_check,business_licensing,GET /inspections/{id},missing_object_check,object_auth,API1,5,1,0,600.0,0.0,9,0
role_matrix,business_licensing::GET__inspections_id::overbroad_role,business_licensing,GET /inspections/{id},overbroad_role,function_auth,API5,4,1,1,960.0,43.0,9,1
role_matrix,business_licensing::GET__inspections_id::purpose_bypass,business_licensing,GET /inspections/{id},purpose_bypass,purpose_scope,API5,4,1,0,320.0,0.0,9,0
role_matrix,business_licensing::GET__licenses_export::aggregation_leak,business_licensing,GET /licenses/export,aggregation_leak,property_auth,API3,4,1,0,256.0,0.0,9,0
role_matrix,business_licensing::GET__licenses_export::correct,business_licensing,GET /licenses/export,correct,clean,,0,0,0,0.0,0.0,9,0
role_matrix,business_licensing::GET__licenses_export::deprecated_exposed,business_licensing,GET /licenses/export,deprecated_exposed,inventory,API9,3,1,0,720.0,0.0,9,0
role_matrix,business_licensing::GET__licenses_export::jurisdiction_bypass,business_licensing,GET /licenses/export,jurisdiction_bypass,object_auth,API1,5,1,0,600.0,0.0,9,0
role_matrix,business_licensing::GET__licenses_export::missing_audit_log,business_licensing,GET /licenses/export,missing_audit_log,auditability,API10,3,1,0,240.0,0.0,9,0
role_matrix,business_licensing::GET__licenses_export::missing_auth,business_licensing,GET /licenses/export,missing_auth,function_auth,API2,5,1,1,1600.0,44.0,9,1
role_matrix,business_licensing::GET__licenses_export::missing_field_filter,business_licensing,GET /licenses/export,missing_field_filter,property_auth,API3,5,1,0,320.0,0.0,9,0
role_matrix,business_licensing::GET__licenses_export::missing_object_check,business_licensing,GET /licenses/export,missing_object_check,object_auth,API1,5,1,0,600.0,0.0,9,0
role_matrix,business_licensing::GET__licenses_export::overbroad_role,business_licensing,GET /licenses/export,overbroad_role,function_auth,API5,4,1,1,960.0,44.0,9,1
role_matrix,business_licensing::GET__licenses_export::purpose_bypass,business_licensing,GET /licenses/export,purpose_bypass,purpose_scope,API5,4,1,0,320.0,0.0,9,0
role_matrix,business_licensing::GET__licenses_id::aggregation_leak,business_licensing,GET /licenses/{id},aggregation_leak,property_auth,API3,4,1,0,192.0,0.0,9,0
role_matrix,business_licensing::GET__licenses_id::correct,business_licensing,GET /licenses/{id},correct,clean,,0,0,0,0.0,0.0,9,0
role_matrix,business_licensing::GET__licenses_id::deprecated_exposed,business_licensing,GET /licenses/{id},deprecated_exposed,inventory,API9,3,1,0,720.0,0.0,9,0
role_matrix,business_licensing::GET__licenses_id::jurisdiction_bypass,business_licensing,GET /licenses/{id},jurisdiction_bypass,object_auth,API1,5,1,0,600.0,0.0,9,0
role_matrix,business_licensing::GET__licenses_id::missing_audit_log,business_licensing,GET /licenses/{id},missing_audit_log,auditability,API10,3,1,0,240.0,0.0,9,0
role_matrix,business_licensing::GET__licenses_id::missing_auth,business_licensing,GET /licenses/{id},missing_auth,function_auth,API2,5,1,1,1600.0,42.0,9,1
role_matrix,business_licensing::GET__licenses_id::missing_field_filter,business_licensing,GET /licenses/{id},missing_field_filter,property_auth,API3,5,1,0,240.0,0.0,9,0
role_matrix,business_licensing::GET__licenses_id::missing_object_check,business_licensing,GET /licenses/{id},missing_object_check,object_auth,API1,5,1,0,600.0,0.0,9,0
role_matrix,business_licensing::GET__licenses_id::overbroad_role,business_licensing,GET /licenses/{id},overbroad_role,function_auth,API5,4,1,1,960.0,42.0,9,1
role_matrix,business_licensing::GET__licenses_id::purpose_bypass,business_licensing,GET /licenses/{id},purpose_bypass,purpose_scope,API5,4,1,0,320.0,0.0,9,0
role_matrix,citizen_services::GET__benefits_id::aggregation_leak,citizen_services,GET /benefits/{id},aggregation_leak,property_auth,API3,4,1,0,480.0,0.0,9,0
role_matrix,citizen_services::GET__benefits_id::correct,citizen_services,GET /benefits/{id},correct,clean,,0,0,0,0.0,0.0,9,0
role_matrix,citizen_services::GET__benefits_id::deprecated_exposed,citizen_services,GET /benefits/{id},deprecated_exposed,inventory,API9,3,1,0,900.0,0.0,9,0
role_matrix,citizen_services::GET__benefits_id::jurisdiction_bypass,citizen_services,GET /benefits/{id},jurisdiction_bypass,object_auth,API1,5,1,0,750.0,0.0,9,0
role_matrix,citizen_services::GET__benefits_id::missing_audit_log,citizen_services,GET /benefits/{id},missing_audit_log,auditability,API10,3,1,0,300.0,0.0,9,0
role_matrix,citizen_services::GET__benefits_id::missing_auth,citizen_services,GET /benefits/{id},missing_auth,function_auth,API2,5,1,1,2000.0,57.0,9,1
role_matrix,citizen_services::GET__benefits_id::missing_field_filter,citizen_services,GET /benefits/{id},missing_field_filter,property_auth,API3,5,1,0,600.0,0.0,9,0
role_matrix,citizen_services::GET__benefits_id::missing_object_check,citizen_services,GET /benefits/{id},missing_object_check,object_auth,API1,5,1,0,750.0,0.0,9,0
role_matrix,citizen_services::GET__benefits_id::overbroad_role,citizen_services,GET /benefits/{id},overbroad_role,function_auth,API5,4,1,1,1200.0,57.0,9,1
role_matrix,citizen_services::GET__benefits_id::purpose_bypass,citizen_services,GET /benefits/{id},purpose_bypass,purpose_scope,API5,4,1,0,400.0,0.0,9,0
role_matrix,citizen_services::GET__citizens_export::aggregation_leak,citizen_services,GET /citizens/export,aggregation_leak,property_auth,API3,4,1,0,560.0,0.0,9,0
role_matrix,citizen_services::GET__citizens_export::correct,citizen_services,GET /citizens/export,correct,clean,,0,0,0,0.0,0.0,9,0
role_matrix,citizen_services::GET__citizens_export::deprecated_exposed,citizen_services,GET /citizens/export,deprecated_exposed,inventory,API9,3,1,0,900.0,0.0,9,0
role_matrix,citizen_services::GET__citizens_export::jurisdiction_bypass,citizen_services,GET /citizens/export,jurisdiction_bypass,object_auth,API1,5,1,0,750.0,0.0,9,0
role_matrix,citizen_services::GET__citizens_export::missing_audit_log,citizen_services,GET /citizens/export,missing_audit_log,auditability,API10,3,1,0,300.0,0.0,9,0
role_matrix,citizen_services::GET__citizens_export::missing_auth,citizen_services,GET /citizens/export,missing_auth,function_auth,API2,5,1,1,2000.0,59.0,9,1
role_matrix,citizen_services::GET__citizens_export::missing_field_filter,citizen_services,GET /citizens/export,missing_field_filter,property_auth,API3,5,1,0,700.0,0.0,9,0
role_matrix,citizen_services::GET__citizens_export::missing_object_check,citizen_services,GET /citizens/export,missing_object_check,object_auth,API1,5,1,0,750.0,0.0,9,0
role_matrix,citizen_services::GET__citizens_export::overbroad_role,citizen_services,GET /citizens/export,overbroad_role,function_auth,API5,4,1,1,1200.0,59.0,9,1
role_matrix,citizen_services::GET__citizens_export::purpose_bypass,citizen_services,GET /citizens/export,purpose_bypass,purpose_scope,API5,4,1,0,400.0,0.0,9,0
role_matrix,citizen_services::GET__citizens_id::aggregation_leak,citizen_services,GET /citizens/{id},aggregation_leak,property_auth,API3,4,1,0,560.0,0.0,9,0
role_matrix,citizen_services::GET__citizens_id::correct,citizen_services,GET /citizens/{id},correct,clean,,0,0,0,0.0,0.0,9,0
role_matrix,citizen_services::GET__citizens_id::deprecated_exposed,citizen_services,GET /citizens/{id},deprecated_exposed,inventory,API9,3,1,0,900.0,0.0,9,0
role_matrix,citizen_services::GET__citizens_id::jurisdiction_bypass,citizen_services,GET /citizens/{id},jurisdiction_bypass,object_auth,API1,5,1,0,750.0,0.0,9,0
role_matrix,citizen_services::GET__citizens_id::missing_audit_log,citizen_services,GET /citizens/{id},missing_audit_log,auditability,API10,3,1,0,300.0,0.0,9,0
role_matrix,citizen_services::GET__citizens_id::missing_auth,citizen_services,GET /citizens/{id},missing_auth,function_auth,API2,5,1,1,2000.0,58.0,9,1
role_matrix,citizen_services::GET__citizens_id::missing_field_filter,citizen_services,GET /citizens/{id},missing_field_filter,property_auth,API3,5,1,0,700.0,0.0,9,0
role_matrix,citizen_services::GET__citizens_id::missing_object_check,citizen_services,GET /citizens/{id},missing_object_check,object_auth,API1,5,1,0,750.0,0.0,9,0
role_matrix,citizen_services::GET__citizens_id::overbroad_role,citizen_services,GET /citizens/{id},overbroad_role,function_auth,API5,4,1,1,1200.0,58.0,9,1
role_matrix,citizen_services::GET__citizens_id::purpose_bypass,citizen_services,GET /citizens/{id},purpose_bypass,purpose_scope,API5,4,1,0,400.0,0.0,9,0
role_matrix,education::GET__classes_id_roster::aggregation_leak,education,GET /classes/{id}/roster,aggregation_leak,property_auth,API3,4,1,0,640.0,0.0,9,0
role_matrix,education::GET__classes_id_roster::correct,education,GET /classes/{id}/roster,correct,clean,,0,0,0,0.0,0.0,9,0
role_matrix,education::GET__classes_id_roster::deprecated_exposed,education,GET /classes/{id}/roster,deprecated_exposed,inventory,API9,3,1,0,900.0,0.0,9,0
role_matrix,education::GET__classes_id_roster::jurisdiction_bypass,education,GET /classes/{id}/roster,jurisdiction_bypass,object_auth,API1,5,1,0,750.0,0.0,9,0
role_matrix,education::GET__classes_id_roster::missing_audit_log,education,GET /classes/{id}/roster,missing_audit_log,auditability,API10,3,1,0,300.0,0.0,9,0
role_matrix,education::GET__classes_id_roster::missing_auth,education,GET /classes/{id}/roster,missing_auth,function_auth,API2,5,1,1,2000.0,59.0,9,1
role_matrix,education::GET__classes_id_roster::missing_field_filter,education,GET /classes/{id}/roster,missing_field_filter,property_auth,API3,5,1,0,800.0,0.0,9,0
role_matrix,education::GET__classes_id_roster::missing_object_check,education,GET /classes/{id}/roster,missing_object_check,object_auth,API1,5,1,0,750.0,0.0,9,0
role_matrix,education::GET__classes_id_roster::overbroad_role,education,GET /classes/{id}/roster,overbroad_role,function_auth,API5,4,1,1,1200.0,59.0,9,1
role_matrix,education::GET__classes_id_roster::purpose_bypass,education,GET /classes/{id}/roster,purpose_bypass,purpose_scope,API5,4,1,0,400.0,0.0,9,0
role_matrix,education::GET__discipline_id::aggregation_leak,education,GET /discipline/{id},aggregation_leak,property_auth,API3,4,1,0,560.0,0.0,9,0
role_matrix,education::GET__discipline_id::correct,education,GET /discipline/{id},correct,clean,,0,0,0,0.0,0.0,9,0
role_matrix,education::GET__discipline_id::deprecated_exposed,education,GET /discipline/{id},deprecated_exposed,inventory,API9,3,1,0,900.0,0.0,9,0
role_matrix,education::GET__discipline_id::jurisdiction_bypass,education,GET /discipline/{id},jurisdiction_bypass,object_auth,API1,5,1,0,750.0,0.0,9,0
role_matrix,education::GET__discipline_id::missing_audit_log,education,GET /discipline/{id},missing_audit_log,auditability,API10,3,1,0,300.0,0.0,9,0
role_matrix,education::GET__discipline_id::missing_auth,education,GET /discipline/{id},missing_auth,function_auth,API2,5,1,1,2000.0,60.0,9,1
role_matrix,education::GET__discipline_id::missing_field_filter,education,GET /discipline/{id},missing_field_filter,property_auth,API3,5,1,0,700.0,0.0,9,0
role_matrix,education::GET__discipline_id::missing_object_check,education,GET /discipline/{id},missing_object_check,object_auth,API1,5,1,0,750.0,0.0,9,0
role_matrix,education::GET__discipline_id::overbroad_role,education,GET /discipline/{id},overbroad_role,function_auth,API5,4,1,1,1200.0,60.0,9,1
role_matrix,education::GET__discipline_id::purpose_bypass,education,GET /discipline/{id},purpose_bypass,purpose_scope,API5,4,1,0,400.0,0.0,9,0
role_matrix,education::GET__students_id_record::aggregation_leak,education,GET /students/{id}/record,aggregation_leak,property_auth,API3,4,1,0,640.0,0.0,9,0
role_matrix,education::GET__students_id_record::correct,education,GET /students/{id}/record,correct,clean,,0,0,0,0.0,0.0,9,0
role_matrix,education::GET__students_id_record::deprecated_exposed,education,GET /students/{id}/record,deprecated_exposed,inventory,API9,3,1,0,900.0,0.0,9,0
role_matrix,education::GET__students_id_record::jurisdiction_bypass,education,GET /students/{id}/record,jurisdiction_bypass,object_auth,API1,5,1,0,750.0,0.0,9,0
role_matrix,education::GET__students_id_record::missing_audit_log,education,GET /students/{id}/record,missing_audit_log,auditability,API10,3,1,0,300.0,0.0,9,0
role_matrix,education::GET__students_id_record::missing_auth,education,GET /students/{id}/record,missing_auth,function_auth,API2,5,1,1,2000.0,59.0,9,1
role_matrix,education::GET__students_id_record::missing_field_filter,education,GET /students/{id}/record,missing_field_filter,property_auth,API3,5,1,0,800.0,0.0,9,0
role_matrix,education::GET__students_id_record::missing_object_check,education,GET /students/{id}/record,missing_object_check,object_auth,API1,5,1,0,750.0,0.0,9,0
role_matrix,education::GET__students_id_record::overbroad_role,education,GET /students/{id}/record,overbroad_role,function_auth,API5,4,1,1,1200.0,59.0,9,1
role_matrix,education::GET__students_id_record::purpose_bypass,education,GET /students/{id}/record,purpose_bypass,purpose_scope,API5,4,1,0,400.0,0.0,9,0
role_matrix,health::GET__encounters_id::aggregation_leak,health,GET /encounters/{id},aggregation_leak,property_auth,API3,4,1,0,560.0,0.0,9,0
role_matrix,health::GET__encounters_id::correct,health,GET /encounters/{id},correct,clean,,0,0,0,0.0,0.0,9,0
role_matrix,health::GET__encounters_id::deprecated_exposed,health,GET /encounters/{id},deprecated_exposed,inventory,API9,3,1,0,900.0,0.0,9,0
role_matrix,health::GET__encounters_id::jurisdiction_bypass,health,GET /encounters/{id},jurisdiction_bypass,object_auth,API1,5,1,0,750.0,0.0,9,0
role_matrix,health::GET__encounters_id::missing_audit_log,health,GET /encounters/{id},missing_audit_log,auditability,API10,3,1,0,300.0,0.0,9,0
role_matrix,health::GET__encounters_id::missing_auth,health,GET /encounters/{id},missing_auth,function_auth,API2,5,1,1,2000.0,61.0,9,1
role_matrix,health::GET__encounters_id::missing_field_filter,health,GET /encounters/{id},missing_field_filter,property_auth,API3,5,1,0,700.0,0.0,9,0
role_matrix,health::GET__encounters_id::missing_object_check,health,GET /encounters/{id},missing_object_check,object_auth,API1,5,1,0,750.0,0.0,9,0
role_matrix,health::GET__encounters_id::overbroad_role,health,GET /encounters/{id},overbroad_role,function_auth,API5,4,1,1,1200.0,61.0,9,1
role_matrix,health::GET__encounters_id::purpose_bypass,health,GET /encounters/{id},purpose_bypass,purpose_scope,API5,4,1,0,400.0,0.0,9,0
role_matrix,health::GET__patients_id::aggregation_leak,health,GET /patients/{id},aggregation_leak,property_auth,API3,4,1,0,640.0,0.0,9,0
role_matrix,health::GET__patients_id::correct,health,GET /patients/{id},correct,clean,,0,0,0,0.0,0.0,9,0
role_matrix,health::GET__patients_id::deprecated_exposed,health,GET /patients/{id},deprecated_exposed,inventory,API9,3,1,0,900.0,0.0,9,0
role_matrix,health::GET__patients_id::jurisdiction_bypass,health,GET /patients/{id},jurisdiction_bypass,object_auth,API1,5,1,0,750.0,0.0,9,0
role_matrix,health::GET__patients_id::missing_audit_log,health,GET /patients/{id},missing_audit_log,auditability,API10,3,1,0,300.0,0.0,9,0
role_matrix,health::GET__patients_id::missing_auth,health,GET /patients/{id},missing_auth,function_auth,API2,5,1,1,2000.0,61.0,9,1
role_matrix,health::GET__patients_id::missing_field_filter,health,GET /patients/{id},missing_field_filter,property_auth,API3,5,1,0,800.0,0.0,9,0
role_matrix,health::GET__patients_id::missing_object_check,health,GET /patients/{id},missing_object_check,object_auth,API1,5,1,0,750.0,0.0,9,0
role_matrix,health::GET__patients_id::overbroad_role,health,GET /patients/{id},overbroad_role,function_auth,API5,4,1,1,1200.0,61.0,9,1
role_matrix,health::GET__patients_id::purpose_bypass,health,GET /patients/{id},purpose_bypass,purpose_scope,API5,4,1,0,400.0,0.0,9,0
role_matrix,health::GET__patients_search::aggregation_leak,health,GET /patients/search,aggregation_leak,property_auth,API3,4,1,0,640.0,0.0,9,0
role_matrix,health::GET__patients_search::correct,health,GET /patients/search,correct,clean,,0,0,0,0.0,0.0,9,0
role_matrix,health::GET__patients_search::deprecated_exposed,health,GET /patients/search,deprecated_exposed,inventory,API9,3,1,0,900.0,0.0,9,0
role_matrix,health::GET__patients_search::jurisdiction_bypass,health,GET /patients/search,jurisdiction_bypass,object_auth,API1,5,1,0,750.0,0.0,9,0
role_matrix,health::GET__patients_search::missing_audit_log,health,GET /patients/search,missing_audit_log,auditability,API10,3,1,0,300.0,0.0,9,0
role_matrix,health::GET__patients_search::missing_auth,health,GET /patients/search,missing_auth,function_auth,API2,5,1,1,2000.0,60.0,9,1
role_matrix,health::GET__patients_search::missing_field_filter,health,GET /patients/search,missing_field_filter,property_auth,API3,5,1,0,800.0,0.0,9,0
role_matrix,health::GET__patients_search::missing_object_check,health,GET /patients/search,missing_object_check,object_auth,API1,5,1,0,750.0,0.0,9,0
role_matrix,health::GET__patients_search::overbroad_role,health,GET /patients/search,overbroad_role,function_auth,API5,4,1,1,1200.0,60.0,9,1
role_matrix,health::GET__patients_search::purpose_bypass,health,GET /patients/search,purpose_bypass,purpose_scope,API5,4,1,0,400.0,0.0,9,0
schema_validation,business_licensing::GET__inspections_id::aggregation_leak,business_licensing,GET /inspections/{id},aggregation_leak,property_auth,API3,4,1,0,192.0,0.0,9,0
schema_validation,business_licensing::GET__inspections_id::correct,business_licensing,GET /inspections/{id},correct,clean,,0,0,0,0.0,0.0,9,0
schema_validation,business_licensing::GET__inspections_id::deprecated_exposed,business_licensing,GET /inspections/{id},deprecated_exposed,inventory,API9,3,1,0,720.0,0.0,9,0
schema_validation,business_licensing::GET__inspections_id::jurisdiction_bypass,business_licensing,GET /inspections/{id},jurisdiction_bypass,object_auth,API1,5,1,0,600.0,0.0,9,0
schema_validation,business_licensing::GET__inspections_id::missing_audit_log,business_licensing,GET /inspections/{id},missing_audit_log,auditability,API10,3,1,0,240.0,0.0,9,0
schema_validation,business_licensing::GET__inspections_id::missing_auth,business_licensing,GET /inspections/{id},missing_auth,function_auth,API2,5,1,0,1600.0,0.0,9,0
schema_validation,business_licensing::GET__inspections_id::missing_field_filter,business_licensing,GET /inspections/{id},missing_field_filter,property_auth,API3,5,1,0,240.0,0.0,9,0
schema_validation,business_licensing::GET__inspections_id::missing_object_check,business_licensing,GET /inspections/{id},missing_object_check,object_auth,API1,5,1,0,600.0,0.0,9,0
schema_validation,business_licensing::GET__inspections_id::overbroad_role,business_licensing,GET /inspections/{id},overbroad_role,function_auth,API5,4,1,0,960.0,0.0,9,0
schema_validation,business_licensing::GET__inspections_id::purpose_bypass,business_licensing,GET /inspections/{id},purpose_bypass,purpose_scope,API5,4,1,0,320.0,0.0,9,0
schema_validation,business_licensing::GET__licenses_export::aggregation_leak,business_licensing,GET /licenses/export,aggregation_leak,property_auth,API3,4,1,0,256.0,0.0,9,0
schema_validation,business_licensing::GET__licenses_export::correct,business_licensing,GET /licenses/export,correct,clean,,0,0,0,0.0,0.0,9,0
schema_validation,business_licensing::GET__licenses_export::deprecated_exposed,business_licensing,GET /licenses/export,deprecated_exposed,inventory,API9,3,1,0,720.0,0.0,9,0
schema_validation,business_licensing::GET__licenses_export::jurisdiction_bypass,business_licensing,GET /licenses/export,jurisdiction_bypass,object_auth,API1,5,1,0,600.0,0.0,9,0
schema_validation,business_licensing::GET__licenses_export::missing_audit_log,business_licensing,GET /licenses/export,missing_audit_log,auditability,API10,3,1,0,240.0,0.0,9,0
schema_validation,business_licensing::GET__licenses_export::missing_auth,business_licensing,GET /licenses/export,missing_auth,function_auth,API2,5,1,0,1600.0,0.0,9,0
schema_validation,business_licensing::GET__licenses_export::missing_field_filter,business_licensing,GET /licenses/export,missing_field_filter,property_auth,API3,5,1,0,320.0,0.0,9,0
schema_validation,business_licensing::GET__licenses_export::missing_object_check,business_licensing,GET /licenses/export,missing_object_check,object_auth,API1,5,1,0,600.0,0.0,9,0
schema_validation,business_licensing::GET__licenses_export::overbroad_role,business_licensing,GET /licenses/export,overbroad_role,function_auth,API5,4,1,0,960.0,0.0,9,0
schema_validation,business_licensing::GET__licenses_export::purpose_bypass,business_licensing,GET /licenses/export,purpose_bypass,purpose_scope,API5,4,1,0,320.0,0.0,9,0
schema_validation,business_licensing::GET__licenses_id::aggregation_leak,business_licensing,GET /licenses/{id},aggregation_leak,property_auth,API3,4,1,0,192.0,0.0,9,0
schema_validation,business_licensing::GET__licenses_id::correct,business_licensing,GET /licenses/{id},correct,clean,,0,0,0,0.0,0.0,9,0
schema_validation,business_licensing::GET__licenses_id::deprecated_exposed,business_licensing,GET /licenses/{id},deprecated_exposed,inventory,API9,3,1,0,720.0,0.0,9,0
schema_validation,business_licensing::GET__licenses_id::jurisdiction_bypass,business_licensing,GET /licenses/{id},jurisdiction_bypass,object_auth,API1,5,1,0,600.0,0.0,9,0
schema_validation,business_licensing::GET__licenses_id::missing_audit_log,business_licensing,GET /licenses/{id},missing_audit_log,auditability,API10,3,1,0,240.0,0.0,9,0
schema_validation,business_licensing::GET__licenses_id::missing_auth,business_licensing,GET /licenses/{id},missing_auth,function_auth,API2,5,1,0,1600.0,0.0,9,0
schema_validation,business_licensing::GET__licenses_id::missing_field_filter,business_licensing,GET /licenses/{id},missing_field_filter,property_auth,API3,5,1,0,240.0,0.0,9,0
schema_validation,business_licensing::GET__licenses_id::missing_object_check,business_licensing,GET /licenses/{id},missing_object_check,object_auth,API1,5,1,0,600.0,0.0,9,0
schema_validation,business_licensing::GET__licenses_id::overbroad_role,business_licensing,GET /licenses/{id},overbroad_role,function_auth,API5,4,1,0,960.0,0.0,9,0
schema_validation,business_licensing::GET__licenses_id::purpose_bypass,business_licensing,GET /licenses/{id},purpose_bypass,purpose_scope,API5,4,1,0,320.0,0.0,9,0
schema_validation,citizen_services::GET__benefits_id::aggregation_leak,citizen_services,GET /benefits/{id},aggregation_leak,property_auth,API3,4,1,0,480.0,0.0,9,0
schema_validation,citizen_services::GET__benefits_id::correct,citizen_services,GET /benefits/{id},correct,clean,,0,0,0,0.0,0.0,9,0
schema_validation,citizen_services::GET__benefits_id::deprecated_exposed,citizen_services,GET /benefits/{id},deprecated_exposed,inventory,API9,3,1,0,900.0,0.0,9,0
schema_validation,citizen_services::GET__benefits_id::jurisdiction_bypass,citizen_services,GET /benefits/{id},jurisdiction_bypass,object_auth,API1,5,1,0,750.0,0.0,9,0
schema_validation,citizen_services::GET__benefits_id::missing_audit_log,citizen_services,GET /benefits/{id},missing_audit_log,auditability,API10,3,1,0,300.0,0.0,9,0
schema_validation,citizen_services::GET__benefits_id::missing_auth,citizen_services,GET /benefits/{id},missing_auth,function_auth,API2,5,1,0,2000.0,0.0,9,0
schema_validation,citizen_services::GET__benefits_id::missing_field_filter,citizen_services,GET /benefits/{id},missing_field_filter,property_auth,API3,5,1,0,600.0,0.0,9,0
schema_validation,citizen_services::GET__benefits_id::missing_object_check,citizen_services,GET /benefits/{id},missing_object_check,object_auth,API1,5,1,0,750.0,0.0,9,0
schema_validation,citizen_services::GET__benefits_id::overbroad_role,citizen_services,GET /benefits/{id},overbroad_role,function_auth,API5,4,1,0,1200.0,0.0,9,0
schema_validation,citizen_services::GET__benefits_id::purpose_bypass,citizen_services,GET /benefits/{id},purpose_bypass,purpose_scope,API5,4,1,0,400.0,0.0,9,0
schema_validation,citizen_services::GET__citizens_export::aggregation_leak,citizen_services,GET /citizens/export,aggregation_leak,property_auth,API3,4,1,0,560.0,0.0,9,0
schema_validation,citizen_services::GET__citizens_export::correct,citizen_services,GET /citizens/export,correct,clean,,0,0,0,0.0,0.0,9,0
schema_validation,citizen_services::GET__citizens_export::deprecated_exposed,citizen_services,GET /citizens/export,deprecated_exposed,inventory,API9,3,1,0,900.0,0.0,9,0
schema_validation,citizen_services::GET__citizens_export::jurisdiction_bypass,citizen_services,GET /citizens/export,jurisdiction_bypass,object_auth,API1,5,1,0,750.0,0.0,9,0
schema_validation,citizen_services::GET__citizens_export::missing_audit_log,citizen_services,GET /citizens/export,missing_audit_log,auditability,API10,3,1,0,300.0,0.0,9,0
schema_validation,citizen_services::GET__citizens_export::missing_auth,citizen_services,GET /citizens/export,missing_auth,function_auth,API2,5,1,0,2000.0,0.0,9,0
schema_validation,citizen_services::GET__citizens_export::missing_field_filter,citizen_services,GET /citizens/export,missing_field_filter,property_auth,API3,5,1,0,700.0,0.0,9,0
schema_validation,citizen_services::GET__citizens_export::missing_object_check,citizen_services,GET /citizens/export,missing_object_check,object_auth,API1,5,1,0,750.0,0.0,9,0
schema_validation,citizen_services::GET__citizens_export::overbroad_role,citizen_services,GET /citizens/export,overbroad_role,function_auth,API5,4,1,0,1200.0,0.0,9,0
schema_validation,citizen_services::GET__citizens_export::purpose_bypass,citizen_services,GET /citizens/export,purpose_bypass,purpose_scope,API5,4,1,0,400.0,0.0,9,0
schema_validation,citizen_services::GET__citizens_id::aggregation_leak,citizen_services,GET /citizens/{id},aggregation_leak,property_auth,API3,4,1,0,560.0,0.0,9,0
schema_validation,citizen_services::GET__citizens_id::correct,citizen_services,GET /citizens/{id},correct,clean,,0,0,0,0.0,0.0,9,0
schema_validation,citizen_services::GET__citizens_id::deprecated_exposed,citizen_services,GET /citizens/{id},deprecated_exposed,inventory,API9,3,1,0,900.0,0.0,9,0
schema_validation,citizen_services::GET__citizens_id::jurisdiction_bypass,citizen_services,GET /citizens/{id},jurisdiction_bypass,object_auth,API1,5,1,0,750.0,0.0,9,0
schema_validation,citizen_services::GET__citizens_id::missing_audit_log,citizen_services,GET /citizens/{id},missing_audit_log,auditability,API10,3,1,0,300.0,0.0,9,0
schema_validation,citizen_services::GET__citizens_id::missing_auth,citizen_services,GET /citizens/{id},missing_auth,function_auth,API2,5,1,0,2000.0,0.0,9,0
schema_validation,citizen_services::GET__citizens_id::missing_field_filter,citizen_services,GET /citizens/{id},missing_field_filter,property_auth,API3,5,1,0,700.0,0.0,9,0
schema_validation,citizen_services::GET__citizens_id::missing_object_check,citizen_services,GET /citizens/{id},missing_object_check,object_auth,API1,5,1,0,750.0,0.0,9,0
schema_validation,citizen_services::GET__citizens_id::overbroad_role,citizen_services,GET /citizens/{id},overbroad_role,function_auth,API5,4,1,0,1200.0,0.0,9,0
schema_validation,citizen_services::GET__citizens_id::purpose_bypass,citizen_services,GET /citizens/{id},purpose_bypass,purpose_scope,API5,4,1,0,400.0,0.0,9,0
schema_validation,education::GET__classes_id_roster::aggregation_leak,education,GET /classes/{id}/roster,aggregation_leak,property_auth,API3,4,1,0,640.0,0.0,9,0
schema_validation,education::GET__classes_id_roster::correct,education,GET /classes/{id}/roster,correct,clean,,0,0,0,0.0,0.0,9,0
schema_validation,education::GET__classes_id_roster::deprecated_exposed,education,GET /classes/{id}/roster,deprecated_exposed,inventory,API9,3,1,0,900.0,0.0,9,0
schema_validation,education::GET__classes_id_roster::jurisdiction_bypass,education,GET /classes/{id}/roster,jurisdiction_bypass,object_auth,API1,5,1,0,750.0,0.0,9,0
schema_validation,education::GET__classes_id_roster::missing_audit_log,education,GET /classes/{id}/roster,missing_audit_log,auditability,API10,3,1,0,300.0,0.0,9,0
schema_validation,education::GET__classes_id_roster::missing_auth,education,GET /classes/{id}/roster,missing_auth,function_auth,API2,5,1,0,2000.0,0.0,9,0
schema_validation,education::GET__classes_id_roster::missing_field_filter,education,GET /classes/{id}/roster,missing_field_filter,property_auth,API3,5,1,0,800.0,0.0,9,0
schema_validation,education::GET__classes_id_roster::missing_object_check,education,GET /classes/{id}/roster,missing_object_check,object_auth,API1,5,1,0,750.0,0.0,9,0
schema_validation,education::GET__classes_id_roster::overbroad_role,education,GET /classes/{id}/roster,overbroad_role,function_auth,API5,4,1,0,1200.0,0.0,9,0
schema_validation,education::GET__classes_id_roster::purpose_bypass,education,GET /classes/{id}/roster,purpose_bypass,purpose_scope,API5,4,1,0,400.0,0.0,9,0
schema_validation,education::GET__discipline_id::aggregation_leak,education,GET /discipline/{id},aggregation_leak,property_auth,API3,4,1,0,560.0,0.0,9,0
schema_validation,education::GET__discipline_id::correct,education,GET /discipline/{id},correct,clean,,0,0,0,0.0,0.0,9,0
schema_validation,education::GET__discipline_id::deprecated_exposed,education,GET /discipline/{id},deprecated_exposed,inventory,API9,3,1,0,900.0,0.0,9,0
schema_validation,education::GET__discipline_id::jurisdiction_bypass,education,GET /discipline/{id},jurisdiction_bypass,object_auth,API1,5,1,0,750.0,0.0,9,0
schema_validation,education::GET__discipline_id::missing_audit_log,education,GET /discipline/{id},missing_audit_log,auditability,API10,3,1,0,300.0,0.0,9,0
schema_validation,education::GET__discipline_id::missing_auth,education,GET /discipline/{id},missing_auth,function_auth,API2,5,1,0,2000.0,0.0,9,0
schema_validation,education::GET__discipline_id::missing_field_filter,education,GET /discipline/{id},missing_field_filter,property_auth,API3,5,1,0,700.0,0.0,9,0
schema_validation,education::GET__discipline_id::missing_object_check,education,GET /discipline/{id},missing_object_check,object_auth,API1,5,1,0,750.0,0.0,9,0
schema_validation,education::GET__discipline_id::overbroad_role,education,GET /discipline/{id},overbroad_role,function_auth,API5,4,1,0,1200.0,0.0,9,0
schema_validation,education::GET__discipline_id::purpose_bypass,education,GET /discipline/{id},purpose_bypass,purpose_scope,API5,4,1,0,400.0,0.0,9,0
schema_validation,education::GET__students_id_record::aggregation_leak,education,GET /students/{id}/record,aggregation_leak,property_auth,API3,4,1,0,640.0,0.0,9,0
schema_validation,education::GET__students_id_record::correct,education,GET /students/{id}/record,correct,clean,,0,0,0,0.0,0.0,9,0
schema_validation,education::GET__students_id_record::deprecated_exposed,education,GET /students/{id}/record,deprecated_exposed,inventory,API9,3,1,0,900.0,0.0,9,0
schema_validation,education::GET__students_id_record::jurisdiction_bypass,education,GET /students/{id}/record,jurisdiction_bypass,object_auth,API1,5,1,0,750.0,0.0,9,0
schema_validation,education::GET__students_id_record::missing_audit_log,education,GET /students/{id}/record,missing_audit_log,auditability,API10,3,1,0,300.0,0.0,9,0
schema_validation,education::GET__students_id_record::missing_auth,education,GET /students/{id}/record,missing_auth,function_auth,API2,5,1,0,2000.0,0.0,9,0
schema_validation,education::GET__students_id_record::missing_field_filter,education,GET /students/{id}/record,missing_field_filter,property_auth,API3,5,1,0,800.0,0.0,9,0
schema_validation,education::GET__students_id_record::missing_object_check,education,GET /students/{id}/record,missing_object_check,object_auth,API1,5,1,0,750.0,0.0,9,0
schema_validation,education::GET__students_id_record::overbroad_role,education,GET /students/{id}/record,overbroad_role,function_auth,API5,4,1,0,1200.0,0.0,9,0
schema_validation,education::GET__students_id_record::purpose_bypass,education,GET /students/{id}/record,purpose_bypass,purpose_scope,API5,4,1,0,400.0,0.0,9,0
schema_validation,health::GET__encounters_id::aggregation_leak,health,GET /encounters/{id},aggregation_leak,property_auth,API3,4,1,0,560.0,0.0,9,0
schema_validation,health::GET__encounters_id::correct,health,GET /encounters/{id},correct,clean,,0,0,0,0.0,0.0,9,0
schema_validation,health::GET__encounters_id::deprecated_exposed,health,GET /encounters/{id},deprecated_exposed,inventory,API9,3,1,0,900.0,0.0,9,0
schema_validation,health::GET__encounters_id::jurisdiction_bypass,health,GET /encounters/{id},jurisdiction_bypass,object_auth,API1,5,1,0,750.0,0.0,9,0
schema_validation,health::GET__encounters_id::missing_audit_log,health,GET /encounters/{id},missing_audit_log,auditability,API10,3,1,0,300.0,0.0,9,0
schema_validation,health::GET__encounters_id::missing_auth,health,GET /encounters/{id},missing_auth,function_auth,API2,5,1,0,2000.0,0.0,9,0
schema_validation,health::GET__encounters_id::missing_field_filter,health,GET /encounters/{id},missing_field_filter,property_auth,API3,5,1,0,700.0,0.0,9,0
schema_validation,health::GET__encounters_id::missing_object_check,health,GET /encounters/{id},missing_object_check,object_auth,API1,5,1,0,750.0,0.0,9,0
schema_validation,health::GET__encounters_id::overbroad_role,health,GET /encounters/{id},overbroad_role,function_auth,API5,4,1,0,1200.0,0.0,9,0
schema_validation,health::GET__encounters_id::purpose_bypass,health,GET /encounters/{id},purpose_bypass,purpose_scope,API5,4,1,0,400.0,0.0,9,0
schema_validation,health::GET__patients_id::aggregation_leak,health,GET /patients/{id},aggregation_leak,property_auth,API3,4,1,0,640.0,0.0,9,0
schema_validation,health::GET__patients_id::correct,health,GET /patients/{id},correct,clean,,0,0,0,0.0,0.0,9,0
schema_validation,health::GET__patients_id::deprecated_exposed,health,GET /patients/{id},deprecated_exposed,inventory,API9,3,1,0,900.0,0.0,9,0
schema_validation,health::GET__patients_id::jurisdiction_bypass,health,GET /patients/{id},jurisdiction_bypass,object_auth,API1,5,1,0,750.0,0.0,9,0
schema_validation,health::GET__patients_id::missing_audit_log,health,GET /patients/{id},missing_audit_log,auditability,API10,3,1,0,300.0,0.0,9,0
schema_validation,health::GET__patients_id::missing_auth,health,GET /patients/{id},missing_auth,function_auth,API2,5,1,0,2000.0,0.0,9,0
schema_validation,health::GET__patients_id::missing_field_filter,health,GET /patients/{id},missing_field_filter,property_auth,API3,5,1,0,800.0,0.0,9,0
schema_validation,health::GET__patients_id::missing_object_check,health,GET /patients/{id},missing_object_check,object_auth,API1,5,1,0,750.0,0.0,9,0
schema_validation,health::GET__patients_id::overbroad_role,health,GET /patients/{id},overbroad_role,function_auth,API5,4,1,0,1200.0,0.0,9,0
schema_validation,health::GET__patients_id::purpose_bypass,health,GET /patients/{id},purpose_bypass,purpose_scope,API5,4,1,0,400.0,0.0,9,0
schema_validation,health::GET__patients_search::aggregation_leak,health,GET /patients/search,aggregation_leak,property_auth,API3,4,1,0,640.0,0.0,9,0
schema_validation,health::GET__patients_search::correct,health,GET /patients/search,correct,clean,,0,0,0,0.0,0.0,9,0
schema_validation,health::GET__patients_search::deprecated_exposed,health,GET /patients/search,deprecated_exposed,inventory,API9,3,1,0,900.0,0.0,9,0
schema_validation,health::GET__patients_search::jurisdiction_bypass,health,GET /patients/search,jurisdiction_bypass,object_auth,API1,5,1,0,750.0,0.0,9,0
schema_validation,health::GET__patients_search::missing_audit_log,health,GET /patients/search,missing_audit_log,auditability,API10,3,1,0,300.0,0.0,9,0
schema_validation,health::GET__patients_search::missing_auth,health,GET /patients/search,missing_auth,function_auth,API2,5,1,0,2000.0,0.0,9,0
schema_validation,health::GET__patients_search::missing_field_filter,health,GET /patients/search,missing_field_filter,property_auth,API3,5,1,0,800.0,0.0,9,0
schema_validation,health::GET__patients_search::missing_object_check,health,GET /patients/search,missing_object_check,object_auth,API1,5,1,0,750.0,0.0,9,0
schema_validation,health::GET__patients_search::overbroad_role,health,GET /patients/search,overbroad_role,function_auth,API5,4,1,0,1200.0,0.0,9,0
schema_validation,health::GET__patients_search::purpose_bypass,health,GET /patients/search,purpose_bypass,purpose_scope,API5,4,1,0,400.0,0.0,9,0
