model,case_id,domain,endpoint,bug_type,family,test_kind,oracle_violation,predicted_violation,oracle_primary_dimension,predicted_primary_dimension,parse_ok,decision_correct,dimension_correct,strict_correct,elapsed_sec,oracle_risk
gemma3:4b|checklist,business_licensing::GET__inspections_id::aggregation_leak::test_08_aggregation_boundary,business_licensing,GET /inspections/{id},aggregation_leak,property_auth,aggregation_boundary,1,1,aggregation_boundary,audit_obligation,1,1,0,0,1.941,6.0
gemma3:4b|checklist,business_licensing::GET__inspections_id::deprecated_exposed::test_09_deprecated_inventory,business_licensing,GET /inspections/{id},deprecated_exposed,inventory,deprecated_inventory,1,1,endpoint_inventory,audit_obligation,1,1,0,0,1.27,10.0
gemma3:4b|checklist,business_licensing::GET__inspections_id::jurisdiction_bypass::test_03_wrong_jurisdiction,business_licensing,GET /inspections/{id},jurisdiction_bypass,object_auth,wrong_jurisdiction,1,1,jurisdiction_scope,audit_obligation,1,1,0,0,1.885,37.0
gemma3:4b|checklist,business_licensing::GET__inspections_id::missing_auth::test_06_unauthenticated,business_licensing,GET /inspections/{id},missing_auth,function_auth,unauthenticated,1,1,authentication,authentication,1,1,1,1,1.484,43.0
gemma3:4b|checklist,business_licensing::GET__inspections_id::missing_object_check::test_03_wrong_jurisdiction,business_licensing,GET /inspections/{id},missing_object_check,object_auth,wrong_jurisdiction,1,1,object_scope,audit_obligation,1,1,0,0,1.178,37.0
gemma3:4b|checklist,business_licensing::GET__inspections_id::overbroad_role::test_02_wrong_role,business_licensing,GET /inspections/{id},overbroad_role,function_auth,wrong_role,1,1,function_authorization,function_authorization,1,1,1,1,1.967,43.0
gemma3:4b|checklist,business_licensing::GET__inspections_id::purpose_bypass::test_04_wrong_purpose,business_licensing,GET /inspections/{id},purpose_bypass,purpose_scope,wrong_purpose,1,1,purpose_scope,audit_obligation,1,1,0,0,1.813,37.0
gemma3:4b|checklist,business_licensing::GET__licenses_export::aggregation_leak::test_08_aggregation_boundary,business_licensing,GET /licenses/export,aggregation_leak,property_auth,aggregation_boundary,1,1,aggregation_boundary,field_minimization,1,1,0,0,2.169,4.0
gemma3:4b|checklist,business_licensing::GET__licenses_export::deprecated_exposed::test_09_deprecated_inventory,business_licensing,GET /licenses/export,deprecated_exposed,inventory,deprecated_inventory,1,1,endpoint_inventory,audit_obligation,1,1,0,0,1.771,8.0
gemma3:4b|checklist,business_licensing::GET__licenses_export::jurisdiction_bypass::test_03_wrong_jurisdiction,business_licensing,GET /licenses/export,jurisdiction_bypass,object_auth,wrong_jurisdiction,1,1,jurisdiction_scope,field_minimization,1,1,0,0,1.819,40.0
gemma3:4b|checklist,business_licensing::GET__licenses_export::missing_audit_log::test_08_aggregation_boundary,business_licensing,GET /licenses/export,missing_audit_log,auditability,aggregation_boundary,1,1,audit_obligation,audit_obligation,1,1,1,1,1.516,3.0
gemma3:4b|checklist,business_licensing::GET__licenses_export::missing_auth::test_06_unauthenticated,business_licensing,GET /licenses/export,missing_auth,function_auth,unauthenticated,1,1,authentication,authentication,1,1,1,1,1.818,44.0
gemma3:4b|checklist,business_licensing::GET__licenses_export::missing_auth::test_07_sensitive_field_probe,business_licensing,GET /licenses/export,missing_auth,function_auth,sensitive_field_probe,0,1,none,audit_obligation,1,0,0,0,1.761,0.0
gemma3:4b|checklist,business_licensing::GET__licenses_export::missing_field_filter::test_05_self_access,business_licensing,GET /licenses/export,missing_field_filter,property_auth,self_access,1,1,field_minimization,function_authorization,1,1,0,0,1.512,6.0
gemma3:4b|checklist,business_licensing::GET__licenses_export::missing_object_check::test_03_wrong_jurisdiction,business_licensing,GET /licenses/export,missing_object_check,object_auth,wrong_jurisdiction,1,1,object_scope,audit_obligation,1,1,0,0,1.884,40.0
gemma3:4b|checklist,business_licensing::GET__licenses_export::overbroad_role::test_02_wrong_role,business_licensing,GET /licenses/export,overbroad_role,function_auth,wrong_role,1,1,function_authorization,function_authorization,1,1,1,1,1.653,44.0
gemma3:4b|checklist,business_licensing::GET__licenses_export::purpose_bypass::test_04_wrong_purpose,business_licensing,GET /licenses/export,purpose_bypass,purpose_scope,wrong_purpose,1,1,purpose_scope,field_minimization,1,1,0,0,1.709,40.0
gemma3:4b|checklist,business_licensing::GET__licenses_id::aggregation_leak::test_08_aggregation_boundary,business_licensing,GET /licenses/{id},aggregation_leak,property_auth,aggregation_boundary,1,1,aggregation_boundary,audit_obligation,1,1,0,0,1.815,4.0
gemma3:4b|checklist,business_licensing::GET__licenses_id::correct::test_06_unauthenticated,business_licensing,GET /licenses/{id},correct,clean,unauthenticated,0,1,none,field_minimization,1,0,0,0,1.529,0.0
gemma3:4b|checklist,business_licensing::GET__licenses_id::deprecated_exposed::test_09_deprecated_inventory,business_licensing,GET /licenses/{id},deprecated_exposed,inventory,deprecated_inventory,1,1,endpoint_inventory,audit_obligation,1,1,0,0,1.297,8.0
gemma3:4b|checklist,business_licensing::GET__licenses_id::jurisdiction_bypass::test_03_wrong_jurisdiction,business_licensing,GET /licenses/{id},jurisdiction_bypass,object_auth,wrong_jurisdiction,1,1,jurisdiction_scope,audit_obligation,1,1,0,0,1.773,38.0
gemma3:4b|checklist,business_licensing::GET__licenses_id::missing_audit_log::test_06_unauthenticated,business_licensing,GET /licenses/{id},missing_audit_log,auditability,unauthenticated,1,1,audit_obligation,audit_obligation,1,1,1,1,1.666,3.0
gemma3:4b|checklist,business_licensing::GET__licenses_id::missing_auth::test_06_unauthenticated,business_licensing,GET /licenses/{id},missing_auth,function_auth,unauthenticated,1,1,authentication,audit_obligation,1,1,0,0,1.378,42.0
gemma3:4b|checklist,business_licensing::GET__licenses_id::missing_object_check::test_03_wrong_jurisdiction,business_licensing,GET /licenses/{id},missing_object_check,object_auth,wrong_jurisdiction,1,1,object_scope,audit_obligation,1,1,0,0,1.114,38.0
gemma3:4b|checklist,business_licensing::GET__licenses_id::overbroad_role::test_02_wrong_role,business_licensing,GET /licenses/{id},overbroad_role,function_auth,wrong_role,1,1,function_authorization,function_authorization,1,1,1,1,1.704,42.0
gemma3:4b|checklist,business_licensing::GET__licenses_id::purpose_bypass::test_04_wrong_purpose,business_licensing,GET /licenses/{id},purpose_bypass,purpose_scope,wrong_purpose,1,1,purpose_scope,audit_obligation,1,1,0,0,1.779,38.0
gemma3:4b|checklist,citizen_services::GET__benefits_id::aggregation_leak::test_02_wrong_role,citizen_services,GET /benefits/{id},aggregation_leak,property_auth,wrong_role,0,1,none,authentication,1,0,0,0,1.481,0.0
gemma3:4b|checklist,citizen_services::GET__benefits_id::aggregation_leak::test_08_aggregation_boundary,citizen_services,GET /benefits/{id},aggregation_leak,property_auth,aggregation_boundary,1,1,aggregation_boundary,audit_obligation,1,1,0,0,1.72,9.0
gemma3:4b|checklist,citizen_services::GET__benefits_id::correct::test_09_deprecated_inventory,citizen_services,GET /benefits/{id},correct,clean,deprecated_inventory,0,1,none,field_minimization,1,0,0,0,1.809,0.0
gemma3:4b|checklist,citizen_services::GET__benefits_id::deprecated_exposed::test_09_deprecated_inventory,citizen_services,GET /benefits/{id},deprecated_exposed,inventory,deprecated_inventory,1,1,endpoint_inventory,audit_obligation,1,1,0,0,1.712,13.0
gemma3:4b|checklist,citizen_services::GET__benefits_id::jurisdiction_bypass::test_03_wrong_jurisdiction,citizen_services,GET /benefits/{id},jurisdiction_bypass,object_auth,wrong_jurisdiction,1,1,jurisdiction_scope,field_minimization,1,1,0,0,2.053,48.0
gemma3:4b|checklist,citizen_services::GET__benefits_id::missing_audit_log::test_09_deprecated_inventory,citizen_services,GET /benefits/{id},missing_audit_log,auditability,deprecated_inventory,1,1,audit_obligation,audit_obligation,1,1,1,1,1.392,3.0
gemma3:4b|checklist,citizen_services::GET__benefits_id::missing_auth::test_06_unauthenticated,citizen_services,GET /benefits/{id},missing_auth,function_auth,unauthenticated,1,1,authentication,authentication,1,1,1,1,1.786,57.0
gemma3:4b|checklist,citizen_services::GET__benefits_id::missing_field_filter::test_07_sensitive_field_probe,citizen_services,GET /benefits/{id},missing_field_filter,property_auth,sensitive_field_probe,1,1,field_minimization,audit_obligation,1,1,0,0,1.722,9.0
gemma3:4b|checklist,citizen_services::GET__benefits_id::missing_field_filter::test_09_deprecated_inventory,citizen_services,GET /benefits/{id},missing_field_filter,property_auth,deprecated_inventory,1,1,field_minimization,audit_obligation,1,1,0,0,1.032,9.0
gemma3:4b|checklist,citizen_services::GET__benefits_id::missing_object_check::test_03_wrong_jurisdiction,citizen_services,GET /benefits/{id},missing_object_check,object_auth,wrong_jurisdiction,1,1,object_scope,audit_obligation,1,1,0,0,1.677,48.0
gemma3:4b|checklist,citizen_services::GET__benefits_id::overbroad_role::test_02_wrong_role,citizen_services,GET /benefits/{id},overbroad_role,function_auth,wrong_role,1,1,function_authorization,function_authorization,1,1,1,1,1.852,57.0
gemma3:4b|checklist,citizen_services::GET__benefits_id::purpose_bypass::test_04_wrong_purpose,citizen_services,GET /benefits/{id},purpose_bypass,purpose_scope,wrong_purpose,1,1,purpose_scope,field_minimization,1,1,0,0,2.004,48.0
gemma3:4b|checklist,citizen_services::GET__citizens_export::aggregation_leak::test_08_aggregation_boundary,citizen_services,GET /citizens/export,aggregation_leak,property_auth,aggregation_boundary,1,1,aggregation_boundary,audit_obligation,1,1,0,0,1.727,11.0
gemma3:4b|checklist,citizen_services::GET__citizens_export::deprecated_exposed::test_09_deprecated_inventory,citizen_services,GET /citizens/export,deprecated_exposed,inventory,deprecated_inventory,1,1,endpoint_inventory,audit_obligation,1,1,0,0,1.258,15.0
gemma3:4b|checklist,citizen_services::GET__citizens_export::jurisdiction_bypass::test_03_wrong_jurisdiction,citizen_services,GET /citizens/export,jurisdiction_bypass,object_auth,wrong_jurisdiction,1,1,jurisdiction_scope,audit_obligation,1,1,0,0,1.707,48.0
gemma3:4b|checklist,citizen_services::GET__citizens_export::missing_audit_log::test_09_deprecated_inventory,citizen_services,GET /citizens/export,missing_audit_log,auditability,deprecated_inventory,1,1,audit_obligation,audit_obligation,1,1,1,1,1.684,3.0
gemma3:4b|checklist,citizen_services::GET__citizens_export::missing_auth::test_06_unauthenticated,citizen_services,GET /citizens/export,missing_auth,function_auth,unauthenticated,1,1,authentication,function_authorization,1,1,0,0,1.989,59.0
gemma3:4b|checklist,citizen_services::GET__citizens_export::missing_field_filter::test_05_self_access,citizen_services,GET /citizens/export,missing_field_filter,property_auth,self_access,1,1,field_minimization,audit_obligation,1,1,0,0,1.361,11.0
gemma3:4b|checklist,citizen_services::GET__citizens_export::missing_field_filter::test_08_aggregation_boundary,citizen_services,GET /citizens/export,missing_field_filter,property_auth,aggregation_boundary,1,1,field_minimization,audit_obligation,1,1,0,0,1.366,11.0
gemma3:4b|checklist,citizen_services::GET__citizens_export::missing_object_check::test_03_wrong_jurisdiction,citizen_services,GET /citizens/export,missing_object_check,object_auth,wrong_jurisdiction,1,1,object_scope,audit_obligation,1,1,0,0,1.695,48.0
gemma3:4b|checklist,citizen_services::GET__citizens_export::missing_object_check::test_05_self_access,citizen_services,GET /citizens/export,missing_object_check,object_auth,self_access,0,1,none,audit_obligation,1,0,0,0,1.704,0.0
gemma3:4b|checklist,citizen_services::GET__citizens_export::overbroad_role::test_02_wrong_role,citizen_services,GET /citizens/export,overbroad_role,function_auth,wrong_role,1,1,function_authorization,function_authorization,1,1,1,1,1.9,59.0
gemma3:4b|checklist,citizen_services::GET__citizens_export::purpose_bypass::test_04_wrong_purpose,citizen_services,GET /citizens/export,purpose_bypass,purpose_scope,wrong_purpose,1,1,purpose_scope,audit_obligation,1,1,0,0,1.708,48.0
gemma3:4b|checklist,citizen_services::GET__citizens_id::aggregation_leak::test_08_aggregation_boundary,citizen_services,GET /citizens/{id},aggregation_leak,property_auth,aggregation_boundary,1,1,aggregation_boundary,field_minimization,1,1,0,0,2.019,11.0
gemma3:4b|checklist,citizen_services::GET__citizens_id::deprecated_exposed::test_09_deprecated_inventory,citizen_services,GET /citizens/{id},deprecated_exposed,inventory,deprecated_inventory,1,1,endpoint_inventory,field_minimization,1,1,0,0,2.534,15.0
gemma3:4b|checklist,citizen_services::GET__citizens_id::jurisdiction_bypass::test_03_wrong_jurisdiction,citizen_services,GET /citizens/{id},jurisdiction_bypass,object_auth,wrong_jurisdiction,1,1,jurisdiction_scope,field_minimization,1,1,0,0,2.556,47.0
gemma3:4b|checklist,citizen_services::GET__citizens_id::missing_auth::test_06_unauthenticated,citizen_services,GET /citizens/{id},missing_auth,function_auth,unauthenticated,1,1,authentication,authentication,1,1,1,1,1.78,58.0
gemma3:4b|checklist,citizen_services::GET__citizens_id::missing_field_filter::test_07_sensitive_field_probe,citizen_services,GET /citizens/{id},missing_field_filter,property_auth,sensitive_field_probe,1,1,field_minimization,field_minimization,1,1,1,1,2.209,11.0
gemma3:4b|checklist,citizen_services::GET__citizens_id::missing_field_filter::test_09_deprecated_inventory,citizen_services,GET /citizens/{id},missing_field_filter,property_auth,deprecated_inventory,1,1,field_minimization,field_minimization,1,1,1,1,1.958,11.0
gemma3:4b|checklist,citizen_services::GET__citizens_id::missing_object_check::test_03_wrong_jurisdiction,citizen_services,GET /citizens/{id},missing_object_check,object_auth,wrong_jurisdiction,1,1,object_scope,field_minimization,1,1,0,0,2.477,47.0
gemma3:4b|checklist,citizen_services::GET__citizens_id::overbroad_role::test_02_wrong_role,citizen_services,GET /citizens/{id},overbroad_role,function_auth,wrong_role,1,1,function_authorization,function_authorization,1,1,1,1,1.716,58.0
gemma3:4b|checklist,citizen_services::GET__citizens_id::purpose_bypass::test_04_wrong_purpose,citizen_services,GET /citizens/{id},purpose_bypass,purpose_scope,wrong_purpose,1,1,purpose_scope,field_minimization,1,1,0,0,2.61,47.0
gemma3:4b|checklist,citizen_services::GET__citizens_id::purpose_bypass::test_06_unauthenticated,citizen_services,GET /citizens/{id},purpose_bypass,purpose_scope,unauthenticated,0,1,none,authentication,1,0,0,0,1.29,0.0
gemma3:4b|checklist,education::GET__classes_id_roster::aggregation_leak::test_03_wrong_jurisdiction,education,GET /classes/{id}/roster,aggregation_leak,property_auth,wrong_jurisdiction,0,1,none,object_scope,1,0,0,0,2.397,0.0
gemma3:4b|checklist,education::GET__classes_id_roster::aggregation_leak::test_08_aggregation_boundary,education,GET /classes/{id}/roster,aggregation_leak,property_auth,aggregation_boundary,1,1,aggregation_boundary,audit_obligation,1,1,0,0,1.48,17.0
gemma3:4b|checklist,education::GET__classes_id_roster::deprecated_exposed::test_09_deprecated_inventory,education,GET /classes/{id}/roster,deprecated_exposed,inventory,deprecated_inventory,1,1,endpoint_inventory,audit_obligation,1,1,0,0,1.677,21.0
gemma3:4b|checklist,education::GET__classes_id_roster::jurisdiction_bypass::test_03_wrong_jurisdiction,education,GET /classes/{id}/roster,jurisdiction_bypass,object_auth,wrong_jurisdiction,1,1,jurisdiction_scope,field_minimization,1,1,0,0,2.221,42.0
gemma3:4b|checklist,education::GET__classes_id_roster::jurisdiction_bypass::test_04_wrong_purpose,education,GET /classes/{id}/roster,jurisdiction_bypass,object_auth,wrong_purpose,0,1,none,field_minimization,1,0,0,0,1.822,0.0
gemma3:4b|checklist,education::GET__classes_id_roster::missing_audit_log::test_03_wrong_jurisdiction,education,GET /classes/{id}/roster,missing_audit_log,auditability,wrong_jurisdiction,1,1,audit_obligation,audit_obligation,1,1,1,1,1.706,3.0
gemma3:4b|checklist,education::GET__classes_id_roster::missing_audit_log::test_04_wrong_purpose,education,GET /classes/{id}/roster,missing_audit_log,auditability,wrong_purpose,1,1,audit_obligation,audit_obligation,1,1,1,1,1.655,3.0
gemma3:4b|checklist,education::GET__classes_id_roster::missing_auth::test_06_unauthenticated,education,GET /classes/{id}/roster,missing_auth,function_auth,unauthenticated,1,1,authentication,authentication,1,1,1,1,1.806,59.0
gemma3:4b|checklist,education::GET__classes_id_roster::missing_field_filter::test_05_self_access,education,GET /classes/{id}/roster,missing_field_filter,property_auth,self_access,1,1,field_minimization,field_minimization,1,1,1,1,2.188,17.0
gemma3:4b|checklist,education::GET__classes_id_roster::missing_object_check::test_03_wrong_jurisdiction,education,GET /classes/{id}/roster,missing_object_check,object_auth,wrong_jurisdiction,1,1,object_scope,field_minimization,1,1,0,0,2.22,42.0
gemma3:4b|checklist,education::GET__classes_id_roster::overbroad_role::test_02_wrong_role,education,GET /classes/{id}/roster,overbroad_role,function_auth,wrong_role,1,1,function_authorization,function_authorization,1,1,1,1,1.877,59.0
gemma3:4b|checklist,education::GET__classes_id_roster::purpose_bypass::test_04_wrong_purpose,education,GET /classes/{id}/roster,purpose_bypass,purpose_scope,wrong_purpose,1,1,purpose_scope,field_minimization,1,1,0,0,2.009,42.0
gemma3:4b|checklist,education::GET__discipline_id::aggregation_leak::test_08_aggregation_boundary,education,GET /discipline/{id},aggregation_leak,property_auth,aggregation_boundary,1,1,aggregation_boundary,field_minimization,1,1,0,0,2.101,15.0
gemma3:4b|checklist,education::GET__discipline_id::deprecated_exposed::test_09_deprecated_inventory,education,GET /discipline/{id},deprecated_exposed,inventory,deprecated_inventory,1,1,endpoint_inventory,field_minimization,1,1,0,0,1.71,19.0
gemma3:4b|checklist,education::GET__discipline_id::jurisdiction_bypass::test_03_wrong_jurisdiction,education,GET /discipline/{id},jurisdiction_bypass,object_auth,wrong_jurisdiction,1,1,jurisdiction_scope,field_minimization,1,1,0,0,2.262,45.0
gemma3:4b|checklist,education::GET__discipline_id::missing_audit_log::test_07_sensitive_field_probe,education,GET /discipline/{id},missing_audit_log,auditability,sensitive_field_probe,1,1,audit_obligation,audit_obligation,1,1,1,1,1.721,3.0
gemma3:4b|checklist,education::GET__discipline_id::missing_auth::test_06_unauthenticated,education,GET /discipline/{id},missing_auth,function_auth,unauthenticated,1,1,authentication,field_minimization,1,1,0,0,1.643,60.0
gemma3:4b|checklist,education::GET__discipline_id::missing_object_check::test_03_wrong_jurisdiction,education,GET /discipline/{id},missing_object_check,object_auth,wrong_jurisdiction,1,1,object_scope,field_minimization,1,1,0,0,1.592,45.0
gemma3:4b|checklist,education::GET__discipline_id::overbroad_role::test_02_wrong_role,education,GET /discipline/{id},overbroad_role,function_auth,wrong_role,1,1,function_authorization,function_authorization,1,1,1,1,1.847,60.0
gemma3:4b|checklist,education::GET__discipline_id::purpose_bypass::test_04_wrong_purpose,education,GET /discipline/{id},purpose_bypass,purpose_scope,wrong_purpose,1,1,purpose_scope,field_minimization,1,1,0,0,1.968,45.0
gemma3:4b|checklist,education::GET__students_id_record::aggregation_leak::test_08_aggregation_boundary,education,GET /students/{id}/record,aggregation_leak,property_auth,aggregation_boundary,1,1,aggregation_boundary,field_minimization,1,1,0,0,2.269,17.0
gemma3:4b|checklist,education::GET__students_id_record::deprecated_exposed::test_09_deprecated_inventory,education,GET /students/{id}/record,deprecated_exposed,inventory,deprecated_inventory,1,1,endpoint_inventory,field_minimization,1,1,0,0,2.161,21.0
gemma3:4b|checklist,education::GET__students_id_record::jurisdiction_bypass::test_03_wrong_jurisdiction,education,GET /students/{id}/record,jurisdiction_bypass,object_auth,wrong_jurisdiction,1,1,jurisdiction_scope,field_minimization,1,1,0,0,2.397,42.0
gemma3:4b|checklist,education::GET__students_id_record::missing_audit_log::test_01_valid,education,GET /students/{id}/record,missing_audit_log,auditability,valid,1,1,audit_obligation,audit_obligation,1,1,1,1,1.782,3.0
gemma3:4b|checklist,education::GET__students_id_record::missing_audit_log::test_03_wrong_jurisdiction,education,GET /students/{id}/record,missing_audit_log,auditability,wrong_jurisdiction,1,1,audit_obligation,audit_obligation,1,1,1,1,1.339,3.0
gemma3:4b|checklist,education::GET__students_id_record::missing_audit_log::test_05_self_access,education,GET /students/{id}/record,missing_audit_log,auditability,self_access,1,1,audit_obligation,audit_obligation,1,1,1,1,1.724,3.0
gemma3:4b|checklist,education::GET__students_id_record::missing_auth::test_06_unauthenticated,education,GET /students/{id}/record,missing_auth,function_auth,unauthenticated,1,1,authentication,field_minimization,1,1,0,0,2.16,59.0
gemma3:4b|checklist,education::GET__students_id_record::missing_field_filter::test_01_valid,education,GET /students/{id}/record,missing_field_filter,property_auth,valid,1,1,field_minimization,field_minimization,1,1,1,1,1.837,17.0
gemma3:4b|checklist,education::GET__students_id_record::missing_object_check::test_03_wrong_jurisdiction,education,GET /students/{id}/record,missing_object_check,object_auth,wrong_jurisdiction,1,1,object_scope,field_minimization,1,1,0,0,2.39,42.0
gemma3:4b|checklist,education::GET__students_id_record::overbroad_role::test_02_wrong_role,education,GET /students/{id}/record,overbroad_role,function_auth,wrong_role,1,1,function_authorization,function_authorization,1,1,1,1,1.726,59.0
gemma3:4b|checklist,education::GET__students_id_record::purpose_bypass::test_04_wrong_purpose,education,GET /students/{id}/record,purpose_bypass,purpose_scope,wrong_purpose,1,1,purpose_scope,field_minimization,1,1,0,0,2.422,42.0
gemma3:4b|checklist,health::GET__encounters_id::aggregation_leak::test_08_aggregation_boundary,health,GET /encounters/{id},aggregation_leak,property_auth,aggregation_boundary,1,1,aggregation_boundary,field_minimization,1,1,0,0,2.392,8.0
gemma3:4b|checklist,health::GET__encounters_id::deprecated_exposed::test_09_deprecated_inventory,health,GET /encounters/{id},deprecated_exposed,inventory,deprecated_inventory,1,1,endpoint_inventory,field_minimization,1,1,0,0,2.599,12.0
gemma3:4b|checklist,health::GET__encounters_id::jurisdiction_bypass::test_03_wrong_jurisdiction,health,GET /encounters/{id},jurisdiction_bypass,object_auth,wrong_jurisdiction,1,1,jurisdiction_scope,field_minimization,1,1,0,0,2.058,53.0
gemma3:4b|checklist,health::GET__encounters_id::missing_auth::test_06_unauthenticated,health,GET /encounters/{id},missing_auth,function_auth,unauthenticated,1,1,authentication,authentication,1,1,1,1,2.077,61.0
gemma3:4b|checklist,health::GET__encounters_id::missing_auth::test_09_deprecated_inventory,health,GET /encounters/{id},missing_auth,function_auth,deprecated_inventory,0,1,none,field_minimization,1,0,0,0,1.952,0.0
gemma3:4b|checklist,health::GET__encounters_id::missing_field_filter::test_09_deprecated_inventory,health,GET /encounters/{id},missing_field_filter,property_auth,deprecated_inventory,1,1,field_minimization,field_minimization,1,1,1,1,2.627,8.0
gemma3:4b|checklist,health::GET__encounters_id::missing_object_check::test_03_wrong_jurisdiction,health,GET /encounters/{id},missing_object_check,object_auth,wrong_jurisdiction,1,1,object_scope,field_minimization,1,1,0,0,2.592,53.0
gemma3:4b|checklist,health::GET__encounters_id::overbroad_role::test_02_wrong_role,health,GET /encounters/{id},overbroad_role,function_auth,wrong_role,1,1,function_authorization,function_authorization,1,1,1,1,1.692,61.0
gemma3:4b|checklist,health::GET__encounters_id::purpose_bypass::test_04_wrong_purpose,health,GET /encounters/{id},purpose_bypass,purpose_scope,wrong_purpose,1,1,purpose_scope,field_minimization,1,1,0,0,2.058,53.0
gemma3:4b|checklist,health::GET__patients_id::aggregation_leak::test_08_aggregation_boundary,health,GET /patients/{id},aggregation_leak,property_auth,aggregation_boundary,1,1,aggregation_boundary,object_scope,1,1,0,0,2.198,4.0
gemma3:4b|checklist,health::GET__patients_id::deprecated_exposed::test_09_deprecated_inventory,health,GET /patients/{id},deprecated_exposed,inventory,deprecated_inventory,1,1,endpoint_inventory,object_scope,1,1,0,0,1.619,8.0
gemma3:4b|checklist,health::GET__patients_id::jurisdiction_bypass::test_03_wrong_jurisdiction,health,GET /patients/{id},jurisdiction_bypass,object_auth,wrong_jurisdiction,1,1,jurisdiction_scope,object_scope,1,1,0,0,2.471,57.0
gemma3:4b|checklist,health::GET__patients_id::missing_audit_log::test_01_valid,health,GET /patients/{id},missing_audit_log,auditability,valid,1,1,audit_obligation,audit_obligation,1,1,1,1,1.728,3.0
gemma3:4b|checklist,health::GET__patients_id::missing_audit_log::test_07_sensitive_field_probe,health,GET /patients/{id},missing_audit_log,auditability,sensitive_field_probe,1,1,audit_obligation,audit_obligation,1,1,1,1,1.078,3.0
gemma3:4b|checklist,health::GET__patients_id::missing_auth::test_05_self_access,health,GET /patients/{id},missing_auth,function_auth,self_access,0,1,none,object_scope,1,0,0,0,1.737,0.0
gemma3:4b|checklist,health::GET__patients_id::missing_auth::test_06_unauthenticated,health,GET /patients/{id},missing_auth,function_auth,unauthenticated,1,1,authentication,authentication,1,1,1,1,1.647,61.0
gemma3:4b|checklist,health::GET__patients_id::missing_field_filter::test_01_valid,health,GET /patients/{id},missing_field_filter,property_auth,valid,1,1,field_minimization,object_scope,1,1,0,0,1.515,4.0
gemma3:4b|checklist,health::GET__patients_id::missing_object_check::test_03_wrong_jurisdiction,health,GET /patients/{id},missing_object_check,object_auth,wrong_jurisdiction,1,1,object_scope,object_scope,1,1,1,1,1.805,57.0
gemma3:4b|checklist,health::GET__patients_id::overbroad_role::test_02_wrong_role,health,GET /patients/{id},overbroad_role,function_auth,wrong_role,1,1,function_authorization,function_authorization,1,1,1,1,1.683,61.0
gemma3:4b|checklist,health::GET__patients_id::purpose_bypass::test_04_wrong_purpose,health,GET /patients/{id},purpose_bypass,purpose_scope,wrong_purpose,1,1,purpose_scope,object_scope,1,1,0,0,2.156,57.0
gemma3:4b|checklist,health::GET__patients_search::aggregation_leak::test_08_aggregation_boundary,health,GET /patients/search,aggregation_leak,property_auth,aggregation_boundary,1,1,aggregation_boundary,field_minimization,1,1,0,0,1.845,4.0
gemma3:4b|checklist,health::GET__patients_search::deprecated_exposed::test_09_deprecated_inventory,health,GET /patients/search,deprecated_exposed,inventory,deprecated_inventory,1,1,endpoint_inventory,audit_obligation,1,1,0,0,1.698,8.0
gemma3:4b|checklist,health::GET__patients_search::jurisdiction_bypass::test_03_wrong_jurisdiction,health,GET /patients/search,jurisdiction_bypass,object_auth,wrong_jurisdiction,1,1,jurisdiction_scope,field_minimization,1,1,0,0,1.776,56.0
gemma3:4b|checklist,health::GET__patients_search::jurisdiction_bypass::test_05_self_access,health,GET /patients/search,jurisdiction_bypass,object_auth,self_access,0,1,none,audit_obligation,1,0,0,0,1.736,0.0
gemma3:4b|checklist,health::GET__patients_search::missing_auth::test_06_unauthenticated,health,GET /patients/search,missing_auth,function_auth,unauthenticated,1,1,authentication,function_authorization,1,1,0,0,1.795,60.0
gemma3:4b|checklist,health::GET__patients_search::missing_field_filter::test_08_aggregation_boundary,health,GET /patients/search,missing_field_filter,property_auth,aggregation_boundary,1,1,field_minimization,field_minimization,1,1,1,1,1.288,4.0
gemma3:4b|checklist,health::GET__patients_search::missing_object_check::test_01_valid,health,GET /patients/search,missing_object_check,object_auth,valid,0,1,none,field_minimization,1,0,0,0,1.888,0.0
gemma3:4b|checklist,health::GET__patients_search::missing_object_check::test_03_wrong_jurisdiction,health,GET /patients/search,missing_object_check,object_auth,wrong_jurisdiction,1,1,object_scope,field_minimization,1,1,0,0,1.875,56.0
gemma3:4b|checklist,health::GET__patients_search::overbroad_role::test_02_wrong_role,health,GET /patients/search,overbroad_role,function_auth,wrong_role,1,1,function_authorization,function_authorization,1,1,1,1,1.468,60.0
gemma3:4b|checklist,health::GET__patients_search::purpose_bypass::test_04_wrong_purpose,health,GET /patients/search,purpose_bypass,purpose_scope,wrong_purpose,1,1,purpose_scope,field_minimization,1,1,0,0,1.694,56.0
gemma3:4b|conservative,business_licensing::GET__inspections_id::aggregation_leak::test_08_aggregation_boundary,business_licensing,GET /inspections/{id},aggregation_leak,property_auth,aggregation_boundary,1,1,aggregation_boundary,function_authorization,1,1,0,0,1.982,6.0
gemma3:4b|conservative,business_licensing::GET__inspections_id::deprecated_exposed::test_09_deprecated_inventory,business_licensing,GET /inspections/{id},deprecated_exposed,inventory,deprecated_inventory,1,1,endpoint_inventory,function_authorization,1,1,0,0,1.478,10.0
gemma3:4b|conservative,business_licensing::GET__inspections_id::jurisdiction_bypass::test_03_wrong_jurisdiction,business_licensing,GET /inspections/{id},jurisdiction_bypass,object_auth,wrong_jurisdiction,1,1,jurisdiction_scope,field_minimization,1,1,0,0,2.25,37.0
gemma3:4b|conservative,business_licensing::GET__inspections_id::missing_auth::test_06_unauthenticated,business_licensing,GET /inspections/{id},missing_auth,function_auth,unauthenticated,1,1,authentication,function_authorization,1,1,0,0,1.796,43.0
gemma3:4b|conservative,business_licensing::GET__inspections_id::missing_object_check::test_03_wrong_jurisdiction,business_licensing,GET /inspections/{id},missing_object_check,object_auth,wrong_jurisdiction,1,1,object_scope,field_minimization,1,1,0,0,1.478,37.0
gemma3:4b|conservative,business_licensing::GET__inspections_id::overbroad_role::test_02_wrong_role,business_licensing,GET /inspections/{id},overbroad_role,function_auth,wrong_role,1,1,function_authorization,function_authorization,1,1,1,1,1.658,43.0
gemma3:4b|conservative,business_licensing::GET__inspections_id::purpose_bypass::test_04_wrong_purpose,business_licensing,GET /inspections/{id},purpose_bypass,purpose_scope,wrong_purpose,1,1,purpose_scope,field_minimization,1,1,0,0,2.17,37.0
gemma3:4b|conservative,business_licensing::GET__licenses_export::aggregation_leak::test_08_aggregation_boundary,business_licensing,GET /licenses/export,aggregation_leak,property_auth,aggregation_boundary,1,1,aggregation_boundary,function_authorization,1,1,0,0,2.229,4.0
gemma3:4b|conservative,business_licensing::GET__licenses_export::deprecated_exposed::test_09_deprecated_inventory,business_licensing,GET /licenses/export,deprecated_exposed,inventory,deprecated_inventory,1,1,endpoint_inventory,field_minimization,1,1,0,0,2.413,8.0
gemma3:4b|conservative,business_licensing::GET__licenses_export::jurisdiction_bypass::test_03_wrong_jurisdiction,business_licensing,GET /licenses/export,jurisdiction_bypass,object_auth,wrong_jurisdiction,1,1,jurisdiction_scope,function_authorization,1,1,0,0,1.751,40.0
gemma3:4b|conservative,business_licensing::GET__licenses_export::missing_audit_log::test_08_aggregation_boundary,business_licensing,GET /licenses/export,missing_audit_log,auditability,aggregation_boundary,1,1,audit_obligation,field_minimization,1,1,0,0,1.581,3.0
gemma3:4b|conservative,business_licensing::GET__licenses_export::missing_auth::test_06_unauthenticated,business_licensing,GET /licenses/export,missing_auth,function_auth,unauthenticated,1,1,authentication,function_authorization,1,1,0,0,2.183,44.0
gemma3:4b|conservative,business_licensing::GET__licenses_export::missing_auth::test_07_sensitive_field_probe,business_licensing,GET /licenses/export,missing_auth,function_auth,sensitive_field_probe,0,1,none,field_minimization,1,0,0,0,1.895,0.0
gemma3:4b|conservative,business_licensing::GET__licenses_export::missing_field_filter::test_05_self_access,business_licensing,GET /licenses/export,missing_field_filter,property_auth,self_access,1,1,field_minimization,function_authorization,1,1,0,0,1.502,6.0
gemma3:4b|conservative,business_licensing::GET__licenses_export::missing_object_check::test_03_wrong_jurisdiction,business_licensing,GET /licenses/export,missing_object_check,object_auth,wrong_jurisdiction,1,1,object_scope,field_minimization,1,1,0,0,1.887,40.0
gemma3:4b|conservative,business_licensing::GET__licenses_export::overbroad_role::test_02_wrong_role,business_licensing,GET /licenses/export,overbroad_role,function_auth,wrong_role,1,1,function_authorization,function_authorization,1,1,1,1,1.524,44.0
gemma3:4b|conservative,business_licensing::GET__licenses_export::purpose_bypass::test_04_wrong_purpose,business_licensing,GET /licenses/export,purpose_bypass,purpose_scope,wrong_purpose,1,1,purpose_scope,function_authorization,1,1,0,0,1.696,40.0
gemma3:4b|conservative,business_licensing::GET__licenses_id::aggregation_leak::test_08_aggregation_boundary,business_licensing,GET /licenses/{id},aggregation_leak,property_auth,aggregation_boundary,1,1,aggregation_boundary,field_minimization,1,1,0,0,2.097,4.0
gemma3:4b|conservative,business_licensing::GET__licenses_id::correct::test_06_unauthenticated,business_licensing,GET /licenses/{id},correct,clean,unauthenticated,0,1,none,function_authorization,1,0,0,0,1.583,0.0
gemma3:4b|conservative,business_licensing::GET__licenses_id::deprecated_exposed::test_09_deprecated_inventory,business_licensing,GET /licenses/{id},deprecated_exposed,inventory,deprecated_inventory,1,1,endpoint_inventory,field_minimization,1,1,0,0,1.512,8.0
gemma3:4b|conservative,business_licensing::GET__licenses_id::jurisdiction_bypass::test_03_wrong_jurisdiction,business_licensing,GET /licenses/{id},jurisdiction_bypass,object_auth,wrong_jurisdiction,1,1,jurisdiction_scope,field_minimization,1,1,0,0,2.074,38.0
gemma3:4b|conservative,business_licensing::GET__licenses_id::missing_audit_log::test_06_unauthenticated,business_licensing,GET /licenses/{id},missing_audit_log,auditability,unauthenticated,1,1,audit_obligation,function_authorization,1,1,0,0,2.032,3.0
gemma3:4b|conservative,business_licensing::GET__licenses_id::missing_auth::test_06_unauthenticated,business_licensing,GET /licenses/{id},missing_auth,function_auth,unauthenticated,1,1,authentication,function_authorization,1,1,0,0,1.579,42.0
gemma3:4b|conservative,business_licensing::GET__licenses_id::missing_object_check::test_03_wrong_jurisdiction,business_licensing,GET /licenses/{id},missing_object_check,object_auth,wrong_jurisdiction,1,1,object_scope,field_minimization,1,1,0,0,1.299,38.0
gemma3:4b|conservative,business_licensing::GET__licenses_id::overbroad_role::test_02_wrong_role,business_licensing,GET /licenses/{id},overbroad_role,function_auth,wrong_role,1,1,function_authorization,function_authorization,1,1,1,1,1.656,42.0
gemma3:4b|conservative,business_licensing::GET__licenses_id::purpose_bypass::test_04_wrong_purpose,business_licensing,GET /licenses/{id},purpose_bypass,purpose_scope,wrong_purpose,1,1,purpose_scope,field_minimization,1,1,0,0,2.059,38.0
gemma3:4b|conservative,citizen_services::GET__benefits_id::aggregation_leak::test_02_wrong_role,citizen_services,GET /benefits/{id},aggregation_leak,property_auth,wrong_role,0,1,none,authentication,1,0,0,0,1.924,0.0
gemma3:4b|conservative,citizen_services::GET__benefits_id::aggregation_leak::test_08_aggregation_boundary,citizen_services,GET /benefits/{id},aggregation_leak,property_auth,aggregation_boundary,1,1,aggregation_boundary,field_minimization,1,1,0,0,2.391,9.0
gemma3:4b|conservative,citizen_services::GET__benefits_id::correct::test_09_deprecated_inventory,citizen_services,GET /benefits/{id},correct,clean,deprecated_inventory,0,1,none,field_minimization,1,0,0,0,1.878,0.0
gemma3:4b|conservative,citizen_services::GET__benefits_id::deprecated_exposed::test_09_deprecated_inventory,citizen_services,GET /benefits/{id},deprecated_exposed,inventory,deprecated_inventory,1,1,endpoint_inventory,field_minimization,1,1,0,0,2.446,13.0
gemma3:4b|conservative,citizen_services::GET__benefits_id::jurisdiction_bypass::test_03_wrong_jurisdiction,citizen_services,GET /benefits/{id},jurisdiction_bypass,object_auth,wrong_jurisdiction,1,1,jurisdiction_scope,field_minimization,1,1,0,0,1.961,48.0
gemma3:4b|conservative,citizen_services::GET__benefits_id::missing_audit_log::test_09_deprecated_inventory,citizen_services,GET /benefits/{id},missing_audit_log,auditability,deprecated_inventory,1,1,audit_obligation,field_minimization,1,1,0,0,1.948,3.0
gemma3:4b|conservative,citizen_services::GET__benefits_id::missing_auth::test_06_unauthenticated,citizen_services,GET /benefits/{id},missing_auth,function_auth,unauthenticated,1,1,authentication,function_authorization,1,1,0,0,2.112,57.0
gemma3:4b|conservative,citizen_services::GET__benefits_id::missing_field_filter::test_07_sensitive_field_probe,citizen_services,GET /benefits/{id},missing_field_filter,property_auth,sensitive_field_probe,1,1,field_minimization,field_minimization,1,1,1,1,2.413,9.0
gemma3:4b|conservative,citizen_services::GET__benefits_id::missing_field_filter::test_09_deprecated_inventory,citizen_services,GET /benefits/{id},missing_field_filter,property_auth,deprecated_inventory,1,1,field_minimization,field_minimization,1,1,1,1,1.61,9.0
gemma3:4b|conservative,citizen_services::GET__benefits_id::missing_object_check::test_03_wrong_jurisdiction,citizen_services,GET /benefits/{id},missing_object_check,object_auth,wrong_jurisdiction,1,1,object_scope,field_minimization,1,1,0,0,2.425,48.0
gemma3:4b|conservative,citizen_services::GET__benefits_id::overbroad_role::test_02_wrong_role,citizen_services,GET /benefits/{id},overbroad_role,function_auth,wrong_role,1,1,function_authorization,function_authorization,1,1,1,1,2.397,57.0
gemma3:4b|conservative,citizen_services::GET__benefits_id::purpose_bypass::test_04_wrong_purpose,citizen_services,GET /benefits/{id},purpose_bypass,purpose_scope,wrong_purpose,1,1,purpose_scope,field_minimization,1,1,0,0,2.164,48.0
gemma3:4b|conservative,citizen_services::GET__citizens_export::aggregation_leak::test_08_aggregation_boundary,citizen_services,GET /citizens/export,aggregation_leak,property_auth,aggregation_boundary,1,1,aggregation_boundary,field_minimization,1,1,0,0,2.007,11.0
gemma3:4b|conservative,citizen_services::GET__citizens_export::deprecated_exposed::test_09_deprecated_inventory,citizen_services,GET /citizens/export,deprecated_exposed,inventory,deprecated_inventory,1,1,endpoint_inventory,field_minimization,1,1,0,0,1.929,15.0
gemma3:4b|conservative,citizen_services::GET__citizens_export::jurisdiction_bypass::test_03_wrong_jurisdiction,citizen_services,GET /citizens/export,jurisdiction_bypass,object_auth,wrong_jurisdiction,1,1,jurisdiction_scope,field_minimization,1,1,0,0,2.047,48.0
gemma3:4b|conservative,citizen_services::GET__citizens_export::missing_audit_log::test_09_deprecated_inventory,citizen_services,GET /citizens/export,missing_audit_log,auditability,deprecated_inventory,1,1,audit_obligation,field_minimization,1,1,0,0,1.988,3.0
gemma3:4b|conservative,citizen_services::GET__citizens_export::missing_auth::test_06_unauthenticated,citizen_services,GET /citizens/export,missing_auth,function_auth,unauthenticated,1,1,authentication,function_authorization,1,1,0,0,1.7,59.0
gemma3:4b|conservative,citizen_services::GET__citizens_export::missing_field_filter::test_05_self_access,citizen_services,GET /citizens/export,missing_field_filter,property_auth,self_access,1,1,field_minimization,function_authorization,1,1,0,0,1.712,11.0
gemma3:4b|conservative,citizen_services::GET__citizens_export::missing_field_filter::test_08_aggregation_boundary,citizen_services,GET /citizens/export,missing_field_filter,property_auth,aggregation_boundary,1,1,field_minimization,field_minimization,1,1,1,1,1.658,11.0
gemma3:4b|conservative,citizen_services::GET__citizens_export::missing_object_check::test_03_wrong_jurisdiction,citizen_services,GET /citizens/export,missing_object_check,object_auth,wrong_jurisdiction,1,1,object_scope,field_minimization,1,1,0,0,2.021,48.0
gemma3:4b|conservative,citizen_services::GET__citizens_export::missing_object_check::test_05_self_access,citizen_services,GET /citizens/export,missing_object_check,object_auth,self_access,0,1,none,field_minimization,1,0,0,0,2.038,0.0
gemma3:4b|conservative,citizen_services::GET__citizens_export::overbroad_role::test_02_wrong_role,citizen_services,GET /citizens/export,overbroad_role,function_auth,wrong_role,1,1,function_authorization,function_authorization,1,1,1,1,1.701,59.0
gemma3:4b|conservative,citizen_services::GET__citizens_export::purpose_bypass::test_04_wrong_purpose,citizen_services,GET /citizens/export,purpose_bypass,purpose_scope,wrong_purpose,1,1,purpose_scope,field_minimization,1,1,0,0,2.113,48.0
gemma3:4b|conservative,citizen_services::GET__citizens_id::aggregation_leak::test_08_aggregation_boundary,citizen_services,GET /citizens/{id},aggregation_leak,property_auth,aggregation_boundary,1,1,aggregation_boundary,function_authorization,1,1,0,0,2.211,11.0
gemma3:4b|conservative,citizen_services::GET__citizens_id::deprecated_exposed::test_09_deprecated_inventory,citizen_services,GET /citizens/{id},deprecated_exposed,inventory,deprecated_inventory,1,1,endpoint_inventory,field_minimization,1,1,0,0,2.313,15.0
gemma3:4b|conservative,citizen_services::GET__citizens_id::jurisdiction_bypass::test_03_wrong_jurisdiction,citizen_services,GET /citizens/{id},jurisdiction_bypass,object_auth,wrong_jurisdiction,1,1,jurisdiction_scope,field_minimization,1,1,0,0,2.12,47.0
gemma3:4b|conservative,citizen_services::GET__citizens_id::missing_auth::test_06_unauthenticated,citizen_services,GET /citizens/{id},missing_auth,function_auth,unauthenticated,1,1,authentication,function_authorization,1,1,0,0,2.033,58.0
gemma3:4b|conservative,citizen_services::GET__citizens_id::missing_field_filter::test_07_sensitive_field_probe,citizen_services,GET /citizens/{id},missing_field_filter,property_auth,sensitive_field_probe,1,1,field_minimization,field_minimization,1,1,1,1,1.685,11.0
gemma3:4b|conservative,citizen_services::GET__citizens_id::missing_field_filter::test_09_deprecated_inventory,citizen_services,GET /citizens/{id},missing_field_filter,property_auth,deprecated_inventory,1,1,field_minimization,field_minimization,1,1,1,1,1.42,11.0
gemma3:4b|conservative,citizen_services::GET__citizens_id::missing_object_check::test_03_wrong_jurisdiction,citizen_services,GET /citizens/{id},missing_object_check,object_auth,wrong_jurisdiction,1,1,object_scope,field_minimization,1,1,0,0,2.229,47.0
gemma3:4b|conservative,citizen_services::GET__citizens_id::overbroad_role::test_02_wrong_role,citizen_services,GET /citizens/{id},overbroad_role,function_auth,wrong_role,1,1,function_authorization,function_authorization,1,1,1,1,2.145,58.0
gemma3:4b|conservative,citizen_services::GET__citizens_id::purpose_bypass::test_04_wrong_purpose,citizen_services,GET /citizens/{id},purpose_bypass,purpose_scope,wrong_purpose,1,1,purpose_scope,field_minimization,1,1,0,0,2.192,47.0
gemma3:4b|conservative,citizen_services::GET__citizens_id::purpose_bypass::test_06_unauthenticated,citizen_services,GET /citizens/{id},purpose_bypass,purpose_scope,unauthenticated,0,1,none,function_authorization,1,0,0,0,2.161,0.0
gemma3:4b|conservative,education::GET__classes_id_roster::aggregation_leak::test_03_wrong_jurisdiction,education,GET /classes/{id}/roster,aggregation_leak,property_auth,wrong_jurisdiction,0,1,none,function_authorization,1,0,0,0,2.014,0.0
gemma3:4b|conservative,education::GET__classes_id_roster::aggregation_leak::test_08_aggregation_boundary,education,GET /classes/{id}/roster,aggregation_leak,property_auth,aggregation_boundary,1,1,aggregation_boundary,field_minimization,1,1,0,0,2.168,17.0
gemma3:4b|conservative,education::GET__classes_id_roster::deprecated_exposed::test_09_deprecated_inventory,education,GET /classes/{id}/roster,deprecated_exposed,inventory,deprecated_inventory,1,1,endpoint_inventory,field_minimization,1,1,0,0,2.011,21.0
gemma3:4b|conservative,education::GET__classes_id_roster::jurisdiction_bypass::test_03_wrong_jurisdiction,education,GET /classes/{id}/roster,jurisdiction_bypass,object_auth,wrong_jurisdiction,1,1,jurisdiction_scope,field_minimization,1,1,0,0,1.991,42.0
gemma3:4b|conservative,education::GET__classes_id_roster::jurisdiction_bypass::test_04_wrong_purpose,education,GET /classes/{id}/roster,jurisdiction_bypass,object_auth,wrong_purpose,0,1,none,function_authorization,1,0,0,0,2.083,0.0
gemma3:4b|conservative,education::GET__classes_id_roster::missing_audit_log::test_03_wrong_jurisdiction,education,GET /classes/{id}/roster,missing_audit_log,auditability,wrong_jurisdiction,1,1,audit_obligation,function_authorization,1,1,0,0,1.991,3.0
gemma3:4b|conservative,education::GET__classes_id_roster::missing_audit_log::test_04_wrong_purpose,education,GET /classes/{id}/roster,missing_audit_log,auditability,wrong_purpose,1,1,audit_obligation,function_authorization,1,1,0,0,1.797,3.0
gemma3:4b|conservative,education::GET__classes_id_roster::missing_auth::test_06_unauthenticated,education,GET /classes/{id}/roster,missing_auth,function_auth,unauthenticated,1,1,authentication,function_authorization,1,1,0,0,2.062,59.0
gemma3:4b|conservative,education::GET__classes_id_roster::missing_field_filter::test_05_self_access,education,GET /classes/{id}/roster,missing_field_filter,property_auth,self_access,1,1,field_minimization,field_minimization,1,1,1,1,2.309,17.0
gemma3:4b|conservative,education::GET__classes_id_roster::missing_object_check::test_03_wrong_jurisdiction,education,GET /classes/{id}/roster,missing_object_check,object_auth,wrong_jurisdiction,1,1,object_scope,field_minimization,1,1,0,0,2.017,42.0
gemma3:4b|conservative,education::GET__classes_id_roster::overbroad_role::test_02_wrong_role,education,GET /classes/{id}/roster,overbroad_role,function_auth,wrong_role,1,1,function_authorization,function_authorization,1,1,1,1,2.246,59.0
gemma3:4b|conservative,education::GET__classes_id_roster::purpose_bypass::test_04_wrong_purpose,education,GET /classes/{id}/roster,purpose_bypass,purpose_scope,wrong_purpose,1,1,purpose_scope,field_minimization,1,1,0,0,1.82,42.0
gemma3:4b|conservative,education::GET__discipline_id::aggregation_leak::test_08_aggregation_boundary,education,GET /discipline/{id},aggregation_leak,property_auth,aggregation_boundary,1,1,aggregation_boundary,field_minimization,1,1,0,0,2.223,15.0
gemma3:4b|conservative,education::GET__discipline_id::deprecated_exposed::test_09_deprecated_inventory,education,GET /discipline/{id},deprecated_exposed,inventory,deprecated_inventory,1,1,endpoint_inventory,field_minimization,1,1,0,0,1.592,19.0
gemma3:4b|conservative,education::GET__discipline_id::jurisdiction_bypass::test_03_wrong_jurisdiction,education,GET /discipline/{id},jurisdiction_bypass,object_auth,wrong_jurisdiction,1,1,jurisdiction_scope,field_minimization,1,1,0,0,2.086,45.0
gemma3:4b|conservative,education::GET__discipline_id::missing_audit_log::test_07_sensitive_field_probe,education,GET /discipline/{id},missing_audit_log,auditability,sensitive_field_probe,1,1,audit_obligation,field_minimization,1,1,0,0,2.013,3.0
gemma3:4b|conservative,education::GET__discipline_id::missing_auth::test_06_unauthenticated,education,GET /discipline/{id},missing_auth,function_auth,unauthenticated,1,1,authentication,function_authorization,1,1,0,0,1.808,60.0
gemma3:4b|conservative,education::GET__discipline_id::missing_object_check::test_03_wrong_jurisdiction,education,GET /discipline/{id},missing_object_check,object_auth,wrong_jurisdiction,1,1,object_scope,field_minimization,1,1,0,0,1.308,45.0
gemma3:4b|conservative,education::GET__discipline_id::overbroad_role::test_02_wrong_role,education,GET /discipline/{id},overbroad_role,function_auth,wrong_role,1,1,function_authorization,function_authorization,1,1,1,1,1.86,60.0
gemma3:4b|conservative,education::GET__discipline_id::purpose_bypass::test_04_wrong_purpose,education,GET /discipline/{id},purpose_bypass,purpose_scope,wrong_purpose,1,1,purpose_scope,field_minimization,1,1,0,0,1.977,45.0
gemma3:4b|conservative,education::GET__students_id_record::aggregation_leak::test_08_aggregation_boundary,education,GET /students/{id}/record,aggregation_leak,property_auth,aggregation_boundary,1,1,aggregation_boundary,field_minimization,1,1,0,0,2.576,17.0
gemma3:4b|conservative,education::GET__students_id_record::deprecated_exposed::test_09_deprecated_inventory,education,GET /students/{id}/record,deprecated_exposed,inventory,deprecated_inventory,1,1,endpoint_inventory,field_minimization,1,1,0,0,1.735,21.0
gemma3:4b|conservative,education::GET__students_id_record::jurisdiction_bypass::test_03_wrong_jurisdiction,education,GET /students/{id}/record,jurisdiction_bypass,object_auth,wrong_jurisdiction,1,1,jurisdiction_scope,field_minimization,1,1,0,0,2.499,42.0
gemma3:4b|conservative,education::GET__students_id_record::missing_audit_log::test_01_valid,education,GET /students/{id}/record,missing_audit_log,auditability,valid,1,1,audit_obligation,field_minimization,1,1,0,0,2.472,3.0
gemma3:4b|conservative,education::GET__students_id_record::missing_audit_log::test_03_wrong_jurisdiction,education,GET /students/{id}/record,missing_audit_log,auditability,wrong_jurisdiction,1,1,audit_obligation,function_authorization,1,1,0,0,1.607,3.0
gemma3:4b|conservative,education::GET__students_id_record::missing_audit_log::test_05_self_access,education,GET /students/{id}/record,missing_audit_log,auditability,self_access,1,1,audit_obligation,field_minimization,1,1,0,0,2.625,3.0
gemma3:4b|conservative,education::GET__students_id_record::missing_auth::test_06_unauthenticated,education,GET /students/{id}/record,missing_auth,function_auth,unauthenticated,1,1,authentication,function_authorization,1,1,0,0,1.615,59.0
gemma3:4b|conservative,education::GET__students_id_record::missing_field_filter::test_01_valid,education,GET /students/{id}/record,missing_field_filter,property_auth,valid,1,1,field_minimization,field_minimization,1,1,1,1,1.777,17.0
gemma3:4b|conservative,education::GET__students_id_record::missing_object_check::test_03_wrong_jurisdiction,education,GET /students/{id}/record,missing_object_check,object_auth,wrong_jurisdiction,1,1,object_scope,field_minimization,1,1,0,0,2.494,42.0
gemma3:4b|conservative,education::GET__students_id_record::overbroad_role::test_02_wrong_role,education,GET /students/{id}/record,overbroad_role,function_auth,wrong_role,1,1,function_authorization,function_authorization,1,1,1,1,1.776,59.0
gemma3:4b|conservative,education::GET__students_id_record::purpose_bypass::test_04_wrong_purpose,education,GET /students/{id}/record,purpose_bypass,purpose_scope,wrong_purpose,1,1,purpose_scope,field_minimization,1,1,0,0,2.432,42.0
gemma3:4b|conservative,health::GET__encounters_id::aggregation_leak::test_08_aggregation_boundary,health,GET /encounters/{id},aggregation_leak,property_auth,aggregation_boundary,1,1,aggregation_boundary,function_authorization,1,1,0,0,2.229,8.0
gemma3:4b|conservative,health::GET__encounters_id::deprecated_exposed::test_09_deprecated_inventory,health,GET /encounters/{id},deprecated_exposed,inventory,deprecated_inventory,1,1,endpoint_inventory,field_minimization,1,1,0,0,2.143,12.0
gemma3:4b|conservative,health::GET__encounters_id::jurisdiction_bypass::test_03_wrong_jurisdiction,health,GET /encounters/{id},jurisdiction_bypass,object_auth,wrong_jurisdiction,1,1,jurisdiction_scope,field_minimization,1,1,0,0,2.033,53.0
gemma3:4b|conservative,health::GET__encounters_id::missing_auth::test_06_unauthenticated,health,GET /encounters/{id},missing_auth,function_auth,unauthenticated,1,1,authentication,function_authorization,1,1,0,0,1.952,61.0
gemma3:4b|conservative,health::GET__encounters_id::missing_auth::test_09_deprecated_inventory,health,GET /encounters/{id},missing_auth,function_auth,deprecated_inventory,0,1,none,field_minimization,1,0,0,0,2.018,0.0
gemma3:4b|conservative,health::GET__encounters_id::missing_field_filter::test_09_deprecated_inventory,health,GET /encounters/{id},missing_field_filter,property_auth,deprecated_inventory,1,1,field_minimization,field_minimization,1,1,1,1,2.162,8.0
gemma3:4b|conservative,health::GET__encounters_id::missing_object_check::test_03_wrong_jurisdiction,health,GET /encounters/{id},missing_object_check,object_auth,wrong_jurisdiction,1,1,object_scope,field_minimization,1,1,0,0,2.463,53.0
gemma3:4b|conservative,health::GET__encounters_id::overbroad_role::test_02_wrong_role,health,GET /encounters/{id},overbroad_role,function_auth,wrong_role,1,1,function_authorization,function_authorization,1,1,1,1,1.846,61.0
gemma3:4b|conservative,health::GET__encounters_id::purpose_bypass::test_04_wrong_purpose,health,GET /encounters/{id},purpose_bypass,purpose_scope,wrong_purpose,1,1,purpose_scope,field_minimization,1,1,0,0,1.83,53.0
gemma3:4b|conservative,health::GET__patients_id::aggregation_leak::test_08_aggregation_boundary,health,GET /patients/{id},aggregation_leak,property_auth,aggregation_boundary,1,1,aggregation_boundary,field_minimization,1,1,0,0,1.992,4.0
gemma3:4b|conservative,health::GET__patients_id::deprecated_exposed::test_09_deprecated_inventory,health,GET /patients/{id},deprecated_exposed,inventory,deprecated_inventory,1,1,endpoint_inventory,field_minimization,1,1,0,0,1.507,8.0
gemma3:4b|conservative,health::GET__patients_id::jurisdiction_bypass::test_03_wrong_jurisdiction,health,GET /patients/{id},jurisdiction_bypass,object_auth,wrong_jurisdiction,1,1,jurisdiction_scope,field_minimization,1,1,0,0,2.138,57.0
gemma3:4b|conservative,health::GET__patients_id::missing_audit_log::test_01_valid,health,GET /patients/{id},missing_audit_log,auditability,valid,1,1,audit_obligation,field_minimization,1,1,0,0,2.087,3.0
gemma3:4b|conservative,health::GET__patients_id::missing_audit_log::test_07_sensitive_field_probe,health,GET /patients/{id},missing_audit_log,auditability,sensitive_field_probe,1,1,audit_obligation,field_minimization,1,1,0,0,1.333,3.0
gemma3:4b|conservative,health::GET__patients_id::missing_auth::test_05_self_access,health,GET /patients/{id},missing_auth,function_auth,self_access,0,1,none,function_authorization,1,0,0,0,1.859,0.0
gemma3:4b|conservative,health::GET__patients_id::missing_auth::test_06_unauthenticated,health,GET /patients/{id},missing_auth,function_auth,unauthenticated,1,1,authentication,function_authorization,1,1,0,0,2.085,61.0
gemma3:4b|conservative,health::GET__patients_id::missing_field_filter::test_01_valid,health,GET /patients/{id},missing_field_filter,property_auth,valid,1,1,field_minimization,field_minimization,1,1,1,1,1.56,4.0
gemma3:4b|conservative,health::GET__patients_id::missing_object_check::test_03_wrong_jurisdiction,health,GET /patients/{id},missing_object_check,object_auth,wrong_jurisdiction,1,1,object_scope,field_minimization,1,1,0,0,1.376,57.0
gemma3:4b|conservative,health::GET__patients_id::overbroad_role::test_02_wrong_role,health,GET /patients/{id},overbroad_role,function_auth,wrong_role,1,1,function_authorization,function_authorization,1,1,1,1,1.696,61.0
gemma3:4b|conservative,health::GET__patients_id::purpose_bypass::test_04_wrong_purpose,health,GET /patients/{id},purpose_bypass,purpose_scope,wrong_purpose,1,1,purpose_scope,field_minimization,1,1,0,0,1.957,57.0
gemma3:4b|conservative,health::GET__patients_search::aggregation_leak::test_08_aggregation_boundary,health,GET /patients/search,aggregation_leak,property_auth,aggregation_boundary,1,1,aggregation_boundary,function_authorization,1,1,0,0,2.099,4.0
gemma3:4b|conservative,health::GET__patients_search::deprecated_exposed::test_09_deprecated_inventory,health,GET /patients/search,deprecated_exposed,inventory,deprecated_inventory,1,1,endpoint_inventory,field_minimization,1,1,0,0,1.826,8.0
gemma3:4b|conservative,health::GET__patients_search::jurisdiction_bypass::test_03_wrong_jurisdiction,health,GET /patients/search,jurisdiction_bypass,object_auth,wrong_jurisdiction,1,1,jurisdiction_scope,field_minimization,1,1,0,0,1.752,56.0
gemma3:4b|conservative,health::GET__patients_search::jurisdiction_bypass::test_05_self_access,health,GET /patients/search,jurisdiction_bypass,object_auth,self_access,0,1,none,field_minimization,1,0,0,0,1.93,0.0
gemma3:4b|conservative,health::GET__patients_search::missing_auth::test_06_unauthenticated,health,GET /patients/search,missing_auth,function_auth,unauthenticated,1,1,authentication,function_authorization,1,1,0,0,1.825,60.0
gemma3:4b|conservative,health::GET__patients_search::missing_field_filter::test_08_aggregation_boundary,health,GET /patients/search,missing_field_filter,property_auth,aggregation_boundary,1,1,field_minimization,field_minimization,1,1,1,1,1.427,4.0
gemma3:4b|conservative,health::GET__patients_search::missing_object_check::test_01_valid,health,GET /patients/search,missing_object_check,object_auth,valid,0,1,none,field_minimization,1,0,0,0,2.02,0.0
gemma3:4b|conservative,health::GET__patients_search::missing_object_check::test_03_wrong_jurisdiction,health,GET /patients/search,missing_object_check,object_auth,wrong_jurisdiction,1,1,object_scope,field_minimization,1,1,0,0,1.998,56.0
gemma3:4b|conservative,health::GET__patients_search::overbroad_role::test_02_wrong_role,health,GET /patients/search,overbroad_role,function_auth,wrong_role,1,1,function_authorization,function_authorization,1,1,1,1,1.987,60.0
gemma3:4b|conservative,health::GET__patients_search::purpose_bypass::test_04_wrong_purpose,health,GET /patients/search,purpose_bypass,purpose_scope,wrong_purpose,1,1,purpose_scope,field_minimization,1,1,0,0,1.745,56.0
gemma3:4b|minimal,business_licensing::GET__inspections_id::aggregation_leak::test_08_aggregation_boundary,business_licensing,GET /inspections/{id},aggregation_leak,property_auth,aggregation_boundary,1,0,aggregation_boundary,object_scope,1,0,0,0,3.987,6.0
gemma3:4b|minimal,business_licensing::GET__inspections_id::deprecated_exposed::test_09_deprecated_inventory,business_licensing,GET /inspections/{id},deprecated_exposed,inventory,deprecated_inventory,1,0,endpoint_inventory,object_scope,1,0,0,0,1.06,10.0
gemma3:4b|minimal,business_licensing::GET__inspections_id::jurisdiction_bypass::test_03_wrong_jurisdiction,business_licensing,GET /inspections/{id},jurisdiction_bypass,object_auth,wrong_jurisdiction,1,0,jurisdiction_scope,object_scope,1,0,0,0,1.318,37.0
gemma3:4b|minimal,business_licensing::GET__inspections_id::missing_auth::test_06_unauthenticated,business_licensing,GET /inspections/{id},missing_auth,function_auth,unauthenticated,1,0,authentication,object_scope,1,0,0,0,1.197,43.0
gemma3:4b|minimal,business_licensing::GET__inspections_id::missing_object_check::test_03_wrong_jurisdiction,business_licensing,GET /inspections/{id},missing_object_check,object_auth,wrong_jurisdiction,1,0,object_scope,object_scope,1,0,1,0,1.309,37.0
gemma3:4b|minimal,business_licensing::GET__inspections_id::overbroad_role::test_02_wrong_role,business_licensing,GET /inspections/{id},overbroad_role,function_auth,wrong_role,1,0,function_authorization,object_scope,1,0,0,0,1.331,43.0
gemma3:4b|minimal,business_licensing::GET__inspections_id::purpose_bypass::test_04_wrong_purpose,business_licensing,GET /inspections/{id},purpose_bypass,purpose_scope,wrong_purpose,1,0,purpose_scope,object_scope,1,0,0,0,1.417,37.0
gemma3:4b|minimal,business_licensing::GET__licenses_export::aggregation_leak::test_08_aggregation_boundary,business_licensing,GET /licenses/export,aggregation_leak,property_auth,aggregation_boundary,1,0,aggregation_boundary,object_scope,1,0,0,0,1.581,4.0
gemma3:4b|minimal,business_licensing::GET__licenses_export::deprecated_exposed::test_09_deprecated_inventory,business_licensing,GET /licenses/export,deprecated_exposed,inventory,deprecated_inventory,1,0,endpoint_inventory,object_scope,1,0,0,0,1.175,8.0
gemma3:4b|minimal,business_licensing::GET__licenses_export::jurisdiction_bypass::test_03_wrong_jurisdiction,business_licensing,GET /licenses/export,jurisdiction_bypass,object_auth,wrong_jurisdiction,1,0,jurisdiction_scope,object_scope,1,0,0,0,1.373,40.0
gemma3:4b|minimal,business_licensing::GET__licenses_export::missing_audit_log::test_08_aggregation_boundary,business_licensing,GET /licenses/export,missing_audit_log,auditability,aggregation_boundary,1,1,audit_obligation,field_minimization,1,1,0,0,1.456,3.0
gemma3:4b|minimal,business_licensing::GET__licenses_export::missing_auth::test_06_unauthenticated,business_licensing,GET /licenses/export,missing_auth,function_auth,unauthenticated,1,0,authentication,object_scope,1,0,0,0,1.403,44.0
gemma3:4b|minimal,business_licensing::GET__licenses_export::missing_auth::test_07_sensitive_field_probe,business_licensing,GET /licenses/export,missing_auth,function_auth,sensitive_field_probe,0,0,none,object_scope,1,1,0,1,1.421,0.0
gemma3:4b|minimal,business_licensing::GET__licenses_export::missing_field_filter::test_05_self_access,business_licensing,GET /licenses/export,missing_field_filter,property_auth,self_access,1,0,field_minimization,object_scope,1,0,0,0,1.36,6.0
gemma3:4b|minimal,business_licensing::GET__licenses_export::missing_object_check::test_03_wrong_jurisdiction,business_licensing,GET /licenses/export,missing_object_check,object_auth,wrong_jurisdiction,1,0,object_scope,object_scope,1,0,1,0,1.426,40.0
gemma3:4b|minimal,business_licensing::GET__licenses_export::overbroad_role::test_02_wrong_role,business_licensing,GET /licenses/export,overbroad_role,function_auth,wrong_role,1,0,function_authorization,object_scope,1,0,0,0,1.453,44.0
gemma3:4b|minimal,business_licensing::GET__licenses_export::purpose_bypass::test_04_wrong_purpose,business_licensing,GET /licenses/export,purpose_bypass,purpose_scope,wrong_purpose,1,0,purpose_scope,object_scope,1,0,0,0,1.47,40.0
gemma3:4b|minimal,business_licensing::GET__licenses_id::aggregation_leak::test_08_aggregation_boundary,business_licensing,GET /licenses/{id},aggregation_leak,property_auth,aggregation_boundary,1,0,aggregation_boundary,object_scope,1,0,0,0,1.584,4.0
gemma3:4b|minimal,business_licensing::GET__licenses_id::correct::test_06_unauthenticated,business_licensing,GET /licenses/{id},correct,clean,unauthenticated,0,1,none,object_scope,1,0,0,0,1.564,0.0
gemma3:4b|minimal,business_licensing::GET__licenses_id::deprecated_exposed::test_09_deprecated_inventory,business_licensing,GET /licenses/{id},deprecated_exposed,inventory,deprecated_inventory,1,0,endpoint_inventory,object_scope,1,0,0,0,1.338,8.0
gemma3:4b|minimal,business_licensing::GET__licenses_id::jurisdiction_bypass::test_03_wrong_jurisdiction,business_licensing,GET /licenses/{id},jurisdiction_bypass,object_auth,wrong_jurisdiction,1,0,jurisdiction_scope,object_scope,1,0,0,0,1.337,38.0
gemma3:4b|minimal,business_licensing::GET__licenses_id::missing_audit_log::test_06_unauthenticated,business_licensing,GET /licenses/{id},missing_audit_log,auditability,unauthenticated,1,1,audit_obligation,object_scope,1,1,0,0,1.475,3.0
gemma3:4b|minimal,business_licensing::GET__licenses_id::missing_auth::test_06_unauthenticated,business_licensing,GET /licenses/{id},missing_auth,function_auth,unauthenticated,1,0,authentication,object_scope,1,0,0,0,1.338,42.0
gemma3:4b|minimal,business_licensing::GET__licenses_id::missing_object_check::test_03_wrong_jurisdiction,business_licensing,GET /licenses/{id},missing_object_check,object_auth,wrong_jurisdiction,1,0,object_scope,object_scope,1,0,1,0,1.341,38.0
gemma3:4b|minimal,business_licensing::GET__licenses_id::overbroad_role::test_02_wrong_role,business_licensing,GET /licenses/{id},overbroad_role,function_auth,wrong_role,1,1,function_authorization,object_scope,1,1,0,0,1.515,42.0
gemma3:4b|minimal,business_licensing::GET__licenses_id::purpose_bypass::test_04_wrong_purpose,business_licensing,GET /licenses/{id},purpose_bypass,purpose_scope,wrong_purpose,1,0,purpose_scope,object_scope,1,0,0,0,1.448,38.0
gemma3:4b|minimal,citizen_services::GET__benefits_id::aggregation_leak::test_02_wrong_role,citizen_services,GET /benefits/{id},aggregation_leak,property_auth,wrong_role,0,1,none,object_scope,1,0,0,0,1.721,0.0
gemma3:4b|minimal,citizen_services::GET__benefits_id::aggregation_leak::test_08_aggregation_boundary,citizen_services,GET /benefits/{id},aggregation_leak,property_auth,aggregation_boundary,1,0,aggregation_boundary,object_scope,1,0,0,0,1.425,9.0
gemma3:4b|minimal,citizen_services::GET__benefits_id::correct::test_09_deprecated_inventory,citizen_services,GET /benefits/{id},correct,clean,deprecated_inventory,0,0,none,object_scope,1,1,0,1,1.365,0.0
gemma3:4b|minimal,citizen_services::GET__benefits_id::deprecated_exposed::test_09_deprecated_inventory,citizen_services,GET /benefits/{id},deprecated_exposed,inventory,deprecated_inventory,1,0,endpoint_inventory,object_scope,1,0,0,0,1.247,13.0
gemma3:4b|minimal,citizen_services::GET__benefits_id::jurisdiction_bypass::test_03_wrong_jurisdiction,citizen_services,GET /benefits/{id},jurisdiction_bypass,object_auth,wrong_jurisdiction,1,0,jurisdiction_scope,object_scope,1,0,0,0,1.452,48.0
gemma3:4b|minimal,citizen_services::GET__benefits_id::missing_audit_log::test_09_deprecated_inventory,citizen_services,GET /benefits/{id},missing_audit_log,auditability,deprecated_inventory,1,1,audit_obligation,field_minimization,1,1,0,0,1.4,3.0
gemma3:4b|minimal,citizen_services::GET__benefits_id::missing_auth::test_06_unauthenticated,citizen_services,GET /benefits/{id},missing_auth,function_auth,unauthenticated,1,0,authentication,object_scope,1,0,0,0,1.484,57.0
gemma3:4b|minimal,citizen_services::GET__benefits_id::missing_field_filter::test_07_sensitive_field_probe,citizen_services,GET /benefits/{id},missing_field_filter,property_auth,sensitive_field_probe,1,0,field_minimization,object_scope,1,0,0,0,1.411,9.0
gemma3:4b|minimal,citizen_services::GET__benefits_id::missing_field_filter::test_09_deprecated_inventory,citizen_services,GET /benefits/{id},missing_field_filter,property_auth,deprecated_inventory,1,0,field_minimization,object_scope,1,0,0,0,1.131,9.0
gemma3:4b|minimal,citizen_services::GET__benefits_id::missing_object_check::test_03_wrong_jurisdiction,citizen_services,GET /benefits/{id},missing_object_check,object_auth,wrong_jurisdiction,1,0,object_scope,object_scope,1,0,1,0,1.433,48.0
gemma3:4b|minimal,citizen_services::GET__benefits_id::overbroad_role::test_02_wrong_role,citizen_services,GET /benefits/{id},overbroad_role,function_auth,wrong_role,1,0,function_authorization,object_scope,1,0,0,0,1.4,57.0
gemma3:4b|minimal,citizen_services::GET__benefits_id::purpose_bypass::test_04_wrong_purpose,citizen_services,GET /benefits/{id},purpose_bypass,purpose_scope,wrong_purpose,1,0,purpose_scope,object_scope,1,0,0,0,1.544,48.0
gemma3:4b|minimal,citizen_services::GET__citizens_export::aggregation_leak::test_08_aggregation_boundary,citizen_services,GET /citizens/export,aggregation_leak,property_auth,aggregation_boundary,1,0,aggregation_boundary,object_scope,1,0,0,0,1.516,11.0
gemma3:4b|minimal,citizen_services::GET__citizens_export::deprecated_exposed::test_09_deprecated_inventory,citizen_services,GET /citizens/export,deprecated_exposed,inventory,deprecated_inventory,1,0,endpoint_inventory,object_scope,1,0,0,0,1.067,15.0
gemma3:4b|minimal,citizen_services::GET__citizens_export::jurisdiction_bypass::test_03_wrong_jurisdiction,citizen_services,GET /citizens/export,jurisdiction_bypass,object_auth,wrong_jurisdiction,1,0,jurisdiction_scope,object_scope,1,0,0,0,1.628,48.0
gemma3:4b|minimal,citizen_services::GET__citizens_export::missing_audit_log::test_09_deprecated_inventory,citizen_services,GET /citizens/export,missing_audit_log,auditability,deprecated_inventory,1,1,audit_obligation,field_minimization,1,1,0,0,1.611,3.0
gemma3:4b|minimal,citizen_services::GET__citizens_export::missing_auth::test_06_unauthenticated,citizen_services,GET /citizens/export,missing_auth,function_auth,unauthenticated,1,0,authentication,object_scope,1,0,0,0,1.408,59.0
gemma3:4b|minimal,citizen_services::GET__citizens_export::missing_field_filter::test_05_self_access,citizen_services,GET /citizens/export,missing_field_filter,property_auth,self_access,1,0,field_minimization,object_scope,1,0,0,0,1.402,11.0
gemma3:4b|minimal,citizen_services::GET__citizens_export::missing_field_filter::test_08_aggregation_boundary,citizen_services,GET /citizens/export,missing_field_filter,property_auth,aggregation_boundary,1,0,field_minimization,object_scope,1,0,0,0,1.274,11.0
gemma3:4b|minimal,citizen_services::GET__citizens_export::missing_object_check::test_03_wrong_jurisdiction,citizen_services,GET /citizens/export,missing_object_check,object_auth,wrong_jurisdiction,1,0,object_scope,object_scope,1,0,1,0,1.594,48.0
gemma3:4b|minimal,citizen_services::GET__citizens_export::missing_object_check::test_05_self_access,citizen_services,GET /citizens/export,missing_object_check,object_auth,self_access,0,0,none,object_scope,1,1,0,1,1.397,0.0
gemma3:4b|minimal,citizen_services::GET__citizens_export::overbroad_role::test_02_wrong_role,citizen_services,GET /citizens/export,overbroad_role,function_auth,wrong_role,1,0,function_authorization,object_scope,1,0,0,0,1.406,59.0
gemma3:4b|minimal,citizen_services::GET__citizens_export::purpose_bypass::test_04_wrong_purpose,citizen_services,GET /citizens/export,purpose_bypass,purpose_scope,wrong_purpose,1,0,purpose_scope,object_scope,1,0,0,0,1.664,48.0
gemma3:4b|minimal,citizen_services::GET__citizens_id::aggregation_leak::test_08_aggregation_boundary,citizen_services,GET /citizens/{id},aggregation_leak,property_auth,aggregation_boundary,1,0,aggregation_boundary,object_scope,1,0,0,0,1.689,11.0
gemma3:4b|minimal,citizen_services::GET__citizens_id::deprecated_exposed::test_09_deprecated_inventory,citizen_services,GET /citizens/{id},deprecated_exposed,inventory,deprecated_inventory,1,0,endpoint_inventory,object_scope,1,0,0,0,1.254,15.0
gemma3:4b|minimal,citizen_services::GET__citizens_id::jurisdiction_bypass::test_03_wrong_jurisdiction,citizen_services,GET /citizens/{id},jurisdiction_bypass,object_auth,wrong_jurisdiction,1,0,jurisdiction_scope,object_scope,1,0,0,0,1.515,47.0
gemma3:4b|minimal,citizen_services::GET__citizens_id::missing_auth::test_06_unauthenticated,citizen_services,GET /citizens/{id},missing_auth,function_auth,unauthenticated,1,0,authentication,object_scope,1,0,0,0,1.339,58.0
gemma3:4b|minimal,citizen_services::GET__citizens_id::missing_field_filter::test_07_sensitive_field_probe,citizen_services,GET /citizens/{id},missing_field_filter,property_auth,sensitive_field_probe,1,0,field_minimization,object_scope,1,0,0,0,1.492,11.0
gemma3:4b|minimal,citizen_services::GET__citizens_id::missing_field_filter::test_09_deprecated_inventory,citizen_services,GET /citizens/{id},missing_field_filter,property_auth,deprecated_inventory,1,0,field_minimization,object_scope,1,0,0,0,1.228,11.0
gemma3:4b|minimal,citizen_services::GET__citizens_id::missing_object_check::test_03_wrong_jurisdiction,citizen_services,GET /citizens/{id},missing_object_check,object_auth,wrong_jurisdiction,1,0,object_scope,object_scope,1,0,1,0,1.528,47.0
gemma3:4b|minimal,citizen_services::GET__citizens_id::overbroad_role::test_02_wrong_role,citizen_services,GET /citizens/{id},overbroad_role,function_auth,wrong_role,1,0,function_authorization,object_scope,1,0,0,0,1.435,58.0
gemma3:4b|minimal,citizen_services::GET__citizens_id::purpose_bypass::test_04_wrong_purpose,citizen_services,GET /citizens/{id},purpose_bypass,purpose_scope,wrong_purpose,1,1,purpose_scope,object_scope,1,1,0,0,1.671,47.0
gemma3:4b|minimal,citizen_services::GET__citizens_id::purpose_bypass::test_06_unauthenticated,citizen_services,GET /citizens/{id},purpose_bypass,purpose_scope,unauthenticated,0,1,none,object_scope,1,0,0,0,1.599,0.0
gemma3:4b|minimal,education::GET__classes_id_roster::aggregation_leak::test_03_wrong_jurisdiction,education,GET /classes/{id}/roster,aggregation_leak,property_auth,wrong_jurisdiction,0,1,none,object_scope,1,0,0,0,2.072,0.0
gemma3:4b|minimal,education::GET__classes_id_roster::aggregation_leak::test_08_aggregation_boundary,education,GET /classes/{id}/roster,aggregation_leak,property_auth,aggregation_boundary,1,0,aggregation_boundary,object_scope,1,0,0,0,1.407,17.0
gemma3:4b|minimal,education::GET__classes_id_roster::deprecated_exposed::test_09_deprecated_inventory,education,GET /classes/{id}/roster,deprecated_exposed,inventory,deprecated_inventory,1,0,endpoint_inventory,object_scope,1,0,0,0,1.211,21.0
gemma3:4b|minimal,education::GET__classes_id_roster::jurisdiction_bypass::test_03_wrong_jurisdiction,education,GET /classes/{id}/roster,jurisdiction_bypass,object_auth,wrong_jurisdiction,1,0,jurisdiction_scope,field_minimization,1,0,0,0,1.567,42.0
gemma3:4b|minimal,education::GET__classes_id_roster::jurisdiction_bypass::test_04_wrong_purpose,education,GET /classes/{id}/roster,jurisdiction_bypass,object_auth,wrong_purpose,0,1,none,object_scope,1,0,0,0,1.503,0.0
gemma3:4b|minimal,education::GET__classes_id_roster::missing_audit_log::test_03_wrong_jurisdiction,education,GET /classes/{id}/roster,missing_audit_log,auditability,wrong_jurisdiction,1,1,audit_obligation,object_scope,1,1,0,0,1.407,3.0
gemma3:4b|minimal,education::GET__classes_id_roster::missing_audit_log::test_04_wrong_purpose,education,GET /classes/{id}/roster,missing_audit_log,auditability,wrong_purpose,1,1,audit_obligation,object_scope,1,1,0,0,1.398,3.0
gemma3:4b|minimal,education::GET__classes_id_roster::missing_auth::test_06_unauthenticated,education,GET /classes/{id}/roster,missing_auth,function_auth,unauthenticated,1,1,authentication,object_scope,1,1,0,0,1.5,59.0
gemma3:4b|minimal,education::GET__classes_id_roster::missing_field_filter::test_05_self_access,education,GET /classes/{id}/roster,missing_field_filter,property_auth,self_access,1,0,field_minimization,object_scope,1,0,0,0,1.544,17.0
gemma3:4b|minimal,education::GET__classes_id_roster::missing_object_check::test_03_wrong_jurisdiction,education,GET /classes/{id}/roster,missing_object_check,object_auth,wrong_jurisdiction,1,0,object_scope,field_minimization,1,0,0,0,1.582,42.0
gemma3:4b|minimal,education::GET__classes_id_roster::overbroad_role::test_02_wrong_role,education,GET /classes/{id}/roster,overbroad_role,function_auth,wrong_role,1,0,function_authorization,object_scope,1,0,0,0,1.504,59.0
gemma3:4b|minimal,education::GET__classes_id_roster::purpose_bypass::test_04_wrong_purpose,education,GET /classes/{id}/roster,purpose_bypass,purpose_scope,wrong_purpose,1,0,purpose_scope,object_scope,1,0,0,0,1.598,42.0
gemma3:4b|minimal,education::GET__discipline_id::aggregation_leak::test_08_aggregation_boundary,education,GET /discipline/{id},aggregation_leak,property_auth,aggregation_boundary,1,1,aggregation_boundary,object_scope,1,1,0,0,1.96,15.0
gemma3:4b|minimal,education::GET__discipline_id::deprecated_exposed::test_09_deprecated_inventory,education,GET /discipline/{id},deprecated_exposed,inventory,deprecated_inventory,1,0,endpoint_inventory,object_scope,1,0,0,0,1.336,19.0
gemma3:4b|minimal,education::GET__discipline_id::jurisdiction_bypass::test_03_wrong_jurisdiction,education,GET /discipline/{id},jurisdiction_bypass,object_auth,wrong_jurisdiction,1,1,jurisdiction_scope,object_scope,1,1,0,0,1.593,45.0
gemma3:4b|minimal,education::GET__discipline_id::missing_audit_log::test_07_sensitive_field_probe,education,GET /discipline/{id},missing_audit_log,auditability,sensitive_field_probe,1,1,audit_obligation,object_scope,1,1,0,0,1.612,3.0
gemma3:4b|minimal,education::GET__discipline_id::missing_auth::test_06_unauthenticated,education,GET /discipline/{id},missing_auth,function_auth,unauthenticated,1,1,authentication,object_scope,1,1,0,0,1.583,60.0
gemma3:4b|minimal,education::GET__discipline_id::missing_object_check::test_03_wrong_jurisdiction,education,GET /discipline/{id},missing_object_check,object_auth,wrong_jurisdiction,1,1,object_scope,object_scope,1,1,1,1,1.627,45.0
gemma3:4b|minimal,education::GET__discipline_id::overbroad_role::test_02_wrong_role,education,GET /discipline/{id},overbroad_role,function_auth,wrong_role,1,0,function_authorization,object_scope,1,0,0,0,1.387,60.0
gemma3:4b|minimal,education::GET__discipline_id::purpose_bypass::test_04_wrong_purpose,education,GET /discipline/{id},purpose_bypass,purpose_scope,wrong_purpose,1,1,purpose_scope,object_scope,1,1,0,0,1.887,45.0
gemma3:4b|minimal,education::GET__students_id_record::aggregation_leak::test_08_aggregation_boundary,education,GET /students/{id}/record,aggregation_leak,property_auth,aggregation_boundary,1,0,aggregation_boundary,object_scope,1,0,0,0,1.765,17.0
gemma3:4b|minimal,education::GET__students_id_record::deprecated_exposed::test_09_deprecated_inventory,education,GET /students/{id}/record,deprecated_exposed,inventory,deprecated_inventory,1,0,endpoint_inventory,object_scope,1,0,0,0,1.301,21.0
gemma3:4b|minimal,education::GET__students_id_record::jurisdiction_bypass::test_03_wrong_jurisdiction,education,GET /students/{id}/record,jurisdiction_bypass,object_auth,wrong_jurisdiction,1,1,jurisdiction_scope,object_scope,1,1,0,0,1.515,42.0
gemma3:4b|minimal,education::GET__students_id_record::missing_audit_log::test_01_valid,education,GET /students/{id}/record,missing_audit_log,auditability,valid,1,1,audit_obligation,object_scope,1,1,0,0,1.456,3.0
gemma3:4b|minimal,education::GET__students_id_record::missing_audit_log::test_03_wrong_jurisdiction,education,GET /students/{id}/record,missing_audit_log,auditability,wrong_jurisdiction,1,1,audit_obligation,object_scope,1,1,0,0,1.392,3.0
gemma3:4b|minimal,education::GET__students_id_record::missing_audit_log::test_05_self_access,education,GET /students/{id}/record,missing_audit_log,auditability,self_access,1,1,audit_obligation,object_scope,1,1,0,0,1.383,3.0
gemma3:4b|minimal,education::GET__students_id_record::missing_auth::test_06_unauthenticated,education,GET /students/{id}/record,missing_auth,function_auth,unauthenticated,1,1,authentication,object_scope,1,1,0,0,1.86,59.0
gemma3:4b|minimal,education::GET__students_id_record::missing_field_filter::test_01_valid,education,GET /students/{id}/record,missing_field_filter,property_auth,valid,1,0,field_minimization,object_scope,1,0,0,0,1.611,17.0
gemma3:4b|minimal,education::GET__students_id_record::missing_object_check::test_03_wrong_jurisdiction,education,GET /students/{id}/record,missing_object_check,object_auth,wrong_jurisdiction,1,1,object_scope,object_scope,1,1,1,1,1.518,42.0
gemma3:4b|minimal,education::GET__students_id_record::overbroad_role::test_02_wrong_role,education,GET /students/{id}/record,overbroad_role,function_auth,wrong_role,1,0,function_authorization,object_scope,1,0,0,0,1.482,59.0
gemma3:4b|minimal,education::GET__students_id_record::purpose_bypass::test_04_wrong_purpose,education,GET /students/{id}/record,purpose_bypass,purpose_scope,wrong_purpose,1,1,purpose_scope,object_scope,1,1,0,0,1.75,42.0
gemma3:4b|minimal,health::GET__encounters_id::aggregation_leak::test_08_aggregation_boundary,health,GET /encounters/{id},aggregation_leak,property_auth,aggregation_boundary,1,1,aggregation_boundary,field_minimization,1,1,0,0,1.808,8.0
gemma3:4b|minimal,health::GET__encounters_id::deprecated_exposed::test_09_deprecated_inventory,health,GET /encounters/{id},deprecated_exposed,inventory,deprecated_inventory,1,0,endpoint_inventory,object_scope,1,0,0,0,1.232,12.0
gemma3:4b|minimal,health::GET__encounters_id::jurisdiction_bypass::test_03_wrong_jurisdiction,health,GET /encounters/{id},jurisdiction_bypass,object_auth,wrong_jurisdiction,1,0,jurisdiction_scope,object_scope,1,0,0,0,1.51,53.0
gemma3:4b|minimal,health::GET__encounters_id::missing_auth::test_06_unauthenticated,health,GET /encounters/{id},missing_auth,function_auth,unauthenticated,1,1,authentication,field_minimization,1,1,0,0,1.753,61.0
gemma3:4b|minimal,health::GET__encounters_id::missing_auth::test_09_deprecated_inventory,health,GET /encounters/{id},missing_auth,function_auth,deprecated_inventory,0,0,none,object_scope,1,1,0,1,1.571,0.0
gemma3:4b|minimal,health::GET__encounters_id::missing_field_filter::test_09_deprecated_inventory,health,GET /encounters/{id},missing_field_filter,property_auth,deprecated_inventory,1,1,field_minimization,field_minimization,1,1,1,1,1.402,8.0
gemma3:4b|minimal,health::GET__encounters_id::missing_object_check::test_03_wrong_jurisdiction,health,GET /encounters/{id},missing_object_check,object_auth,wrong_jurisdiction,1,0,object_scope,object_scope,1,0,1,0,1.514,53.0
gemma3:4b|minimal,health::GET__encounters_id::overbroad_role::test_02_wrong_role,health,GET /encounters/{id},overbroad_role,function_auth,wrong_role,1,0,function_authorization,object_scope,1,0,0,0,1.721,61.0
gemma3:4b|minimal,health::GET__encounters_id::purpose_bypass::test_04_wrong_purpose,health,GET /encounters/{id},purpose_bypass,purpose_scope,wrong_purpose,1,1,purpose_scope,field_minimization,1,1,0,0,1.737,53.0
gemma3:4b|minimal,health::GET__patients_id::aggregation_leak::test_08_aggregation_boundary,health,GET /patients/{id},aggregation_leak,property_auth,aggregation_boundary,1,1,aggregation_boundary,object_scope,1,1,0,0,1.8,4.0
gemma3:4b|minimal,health::GET__patients_id::deprecated_exposed::test_09_deprecated_inventory,health,GET /patients/{id},deprecated_exposed,inventory,deprecated_inventory,1,0,endpoint_inventory,object_scope,1,0,0,0,1.161,8.0
gemma3:4b|minimal,health::GET__patients_id::jurisdiction_bypass::test_03_wrong_jurisdiction,health,GET /patients/{id},jurisdiction_bypass,object_auth,wrong_jurisdiction,1,1,jurisdiction_scope,object_scope,1,1,0,0,1.471,57.0
gemma3:4b|minimal,health::GET__patients_id::missing_audit_log::test_01_valid,health,GET /patients/{id},missing_audit_log,auditability,valid,1,1,audit_obligation,field_minimization,1,1,0,0,1.403,3.0
gemma3:4b|minimal,health::GET__patients_id::missing_audit_log::test_07_sensitive_field_probe,health,GET /patients/{id},missing_audit_log,auditability,sensitive_field_probe,1,1,audit_obligation,field_minimization,1,1,0,0,1.206,3.0
gemma3:4b|minimal,health::GET__patients_id::missing_auth::test_05_self_access,health,GET /patients/{id},missing_auth,function_auth,self_access,0,0,none,object_scope,1,1,0,1,1.375,0.0
gemma3:4b|minimal,health::GET__patients_id::missing_auth::test_06_unauthenticated,health,GET /patients/{id},missing_auth,function_auth,unauthenticated,1,0,authentication,object_scope,1,0,0,0,1.333,61.0
gemma3:4b|minimal,health::GET__patients_id::missing_field_filter::test_01_valid,health,GET /patients/{id},missing_field_filter,property_auth,valid,1,1,field_minimization,object_scope,1,1,0,0,1.508,4.0
gemma3:4b|minimal,health::GET__patients_id::missing_object_check::test_03_wrong_jurisdiction,health,GET /patients/{id},missing_object_check,object_auth,wrong_jurisdiction,1,1,object_scope,object_scope,1,1,1,1,1.473,57.0
gemma3:4b|minimal,health::GET__patients_id::overbroad_role::test_02_wrong_role,health,GET /patients/{id},overbroad_role,function_auth,wrong_role,1,1,function_authorization,object_scope,1,1,0,0,1.431,61.0
gemma3:4b|minimal,health::GET__patients_id::purpose_bypass::test_04_wrong_purpose,health,GET /patients/{id},purpose_bypass,purpose_scope,wrong_purpose,1,1,purpose_scope,object_scope,1,1,0,0,1.523,57.0
gemma3:4b|minimal,health::GET__patients_search::aggregation_leak::test_08_aggregation_boundary,health,GET /patients/search,aggregation_leak,property_auth,aggregation_boundary,1,0,aggregation_boundary,object_scope,1,0,0,0,1.576,4.0
gemma3:4b|minimal,health::GET__patients_search::deprecated_exposed::test_09_deprecated_inventory,health,GET /patients/search,deprecated_exposed,inventory,deprecated_inventory,1,0,endpoint_inventory,object_scope,1,0,0,0,1.145,8.0
gemma3:4b|minimal,health::GET__patients_search::jurisdiction_bypass::test_03_wrong_jurisdiction,health,GET /patients/search,jurisdiction_bypass,object_auth,wrong_jurisdiction,1,0,jurisdiction_scope,object_scope,1,0,0,0,1.327,56.0
gemma3:4b|minimal,health::GET__patients_search::jurisdiction_bypass::test_05_self_access,health,GET /patients/search,jurisdiction_bypass,object_auth,self_access,0,0,none,object_scope,1,1,0,1,1.358,0.0
gemma3:4b|minimal,health::GET__patients_search::missing_auth::test_06_unauthenticated,health,GET /patients/search,missing_auth,function_auth,unauthenticated,1,1,authentication,field_minimization,1,1,0,0,1.671,60.0
gemma3:4b|minimal,health::GET__patients_search::missing_field_filter::test_08_aggregation_boundary,health,GET /patients/search,missing_field_filter,property_auth,aggregation_boundary,1,0,field_minimization,object_scope,1,0,0,0,1.389,4.0
gemma3:4b|minimal,health::GET__patients_search::missing_object_check::test_01_valid,health,GET /patients/search,missing_object_check,object_auth,valid,0,0,none,object_scope,1,1,0,1,1.217,0.0
gemma3:4b|minimal,health::GET__patients_search::missing_object_check::test_03_wrong_jurisdiction,health,GET /patients/search,missing_object_check,object_auth,wrong_jurisdiction,1,0,object_scope,object_scope,1,0,1,0,1.333,56.0
gemma3:4b|minimal,health::GET__patients_search::overbroad_role::test_02_wrong_role,health,GET /patients/search,overbroad_role,function_auth,wrong_role,1,0,function_authorization,object_scope,1,0,0,0,1.359,60.0
gemma3:4b|minimal,health::GET__patients_search::purpose_bypass::test_04_wrong_purpose,health,GET /patients/search,purpose_bypass,purpose_scope,wrong_purpose,1,0,purpose_scope,object_scope,1,0,0,0,1.466,56.0
phi3:mini|checklist,business_licensing::GET__inspections_id::aggregation_leak::test_08_aggregation_boundary,business_licensing,GET /inspections/{id},aggregation_leak,property_auth,aggregation_boundary,1,1,aggregation_boundary,function_authorization,1,1,0,0,1.677,6.0
phi3:mini|checklist,business_licensing::GET__inspections_id::deprecated_exposed::test_09_deprecated_inventory,business_licensing,GET /inspections/{id},deprecated_exposed,inventory,deprecated_inventory,1,1,endpoint_inventory,function_authorization,1,1,0,0,0.915,10.0
phi3:mini|checklist,business_licensing::GET__inspections_id::jurisdiction_bypass::test_03_wrong_jurisdiction,business_licensing,GET /inspections/{id},jurisdiction_bypass,object_auth,wrong_jurisdiction,1,1,jurisdiction_scope,function_authorization,1,1,0,0,1.188,37.0
phi3:mini|checklist,business_licensing::GET__inspections_id::missing_auth::test_06_unauthenticated,business_licensing,GET /inspections/{id},missing_auth,function_auth,unauthenticated,1,1,authentication,authentication,1,1,1,1,1.165,43.0
phi3:mini|checklist,business_licensing::GET__inspections_id::missing_object_check::test_03_wrong_jurisdiction,business_licensing,GET /inspections/{id},missing_object_check,object_auth,wrong_jurisdiction,1,1,object_scope,function_authorization,1,1,0,0,0.703,37.0
phi3:mini|checklist,business_licensing::GET__inspections_id::overbroad_role::test_02_wrong_role,business_licensing,GET /inspections/{id},overbroad_role,function_auth,wrong_role,1,1,function_authorization,function_authorization,1,1,1,1,1.44,43.0
phi3:mini|checklist,business_licensing::GET__inspections_id::purpose_bypass::test_04_wrong_purpose,business_licensing,GET /inspections/{id},purpose_bypass,purpose_scope,wrong_purpose,1,1,purpose_scope,function_authorization,1,1,0,0,1.502,37.0
phi3:mini|checklist,business_licensing::GET__licenses_export::aggregation_leak::test_08_aggregation_boundary,business_licensing,GET /licenses/export,aggregation_leak,property_auth,aggregation_boundary,1,1,aggregation_boundary,function_authorization,1,1,0,0,1.684,4.0
phi3:mini|checklist,business_licensing::GET__licenses_export::deprecated_exposed::test_09_deprecated_inventory,business_licensing,GET /licenses/export,deprecated_exposed,inventory,deprecated_inventory,1,1,endpoint_inventory,function_authorization,1,1,0,0,1.04,8.0
phi3:mini|checklist,business_licensing::GET__licenses_export::jurisdiction_bypass::test_03_wrong_jurisdiction,business_licensing,GET /licenses/export,jurisdiction_bypass,object_auth,wrong_jurisdiction,1,1,jurisdiction_scope,function_authorization,1,1,0,0,1.331,40.0
phi3:mini|checklist,business_licensing::GET__licenses_export::missing_audit_log::test_08_aggregation_boundary,business_licensing,GET /licenses/export,missing_audit_log,auditability,aggregation_boundary,1,1,audit_obligation,function_authorization,1,1,0,0,1.196,3.0
phi3:mini|checklist,business_licensing::GET__licenses_export::missing_auth::test_06_unauthenticated,business_licensing,GET /licenses/export,missing_auth,function_auth,unauthenticated,1,1,authentication,authentication,1,1,1,1,1.334,44.0
phi3:mini|checklist,business_licensing::GET__licenses_export::missing_auth::test_07_sensitive_field_probe,business_licensing,GET /licenses/export,missing_auth,function_auth,sensitive_field_probe,0,1,none,function_authorization,1,0,0,0,1.08,0.0
phi3:mini|checklist,business_licensing::GET__licenses_export::missing_field_filter::test_05_self_access,business_licensing,GET /licenses/export,missing_field_filter,property_auth,self_access,1,1,field_minimization,function_authorization,1,1,0,0,1.279,6.0
phi3:mini|checklist,business_licensing::GET__licenses_export::missing_object_check::test_03_wrong_jurisdiction,business_licensing,GET /licenses/export,missing_object_check,object_auth,wrong_jurisdiction,1,1,object_scope,function_authorization,1,1,0,0,0.815,40.0
phi3:mini|checklist,business_licensing::GET__licenses_export::overbroad_role::test_02_wrong_role,business_licensing,GET /licenses/export,overbroad_role,function_auth,wrong_role,1,1,function_authorization,function_authorization,1,1,1,1,1.644,44.0
phi3:mini|checklist,business_licensing::GET__licenses_export::purpose_bypass::test_04_wrong_purpose,business_licensing,GET /licenses/export,purpose_bypass,purpose_scope,wrong_purpose,1,1,purpose_scope,function_authorization,1,1,0,0,1.481,40.0
phi3:mini|checklist,business_licensing::GET__licenses_id::aggregation_leak::test_08_aggregation_boundary,business_licensing,GET /licenses/{id},aggregation_leak,property_auth,aggregation_boundary,1,1,aggregation_boundary,function_authorization,1,1,0,0,1.761,4.0
phi3:mini|checklist,business_licensing::GET__licenses_id::correct::test_06_unauthenticated,business_licensing,GET /licenses/{id},correct,clean,unauthenticated,0,1,none,authentication,1,0,0,0,1.208,0.0
phi3:mini|checklist,business_licensing::GET__licenses_id::deprecated_exposed::test_09_deprecated_inventory,business_licensing,GET /licenses/{id},deprecated_exposed,inventory,deprecated_inventory,1,1,endpoint_inventory,function_authorization,1,1,0,0,1.151,8.0
phi3:mini|checklist,business_licensing::GET__licenses_id::jurisdiction_bypass::test_03_wrong_jurisdiction,business_licensing,GET /licenses/{id},jurisdiction_bypass,object_auth,wrong_jurisdiction,1,1,jurisdiction_scope,function_authorization,1,1,0,0,1.208,38.0
phi3:mini|checklist,business_licensing::GET__licenses_id::missing_audit_log::test_06_unauthenticated,business_licensing,GET /licenses/{id},missing_audit_log,auditability,unauthenticated,1,1,audit_obligation,authentication,1,1,0,0,1.053,3.0
phi3:mini|checklist,business_licensing::GET__licenses_id::missing_auth::test_06_unauthenticated,business_licensing,GET /licenses/{id},missing_auth,function_auth,unauthenticated,1,1,authentication,authentication,1,1,1,1,1.202,42.0
phi3:mini|checklist,business_licensing::GET__licenses_id::missing_object_check::test_03_wrong_jurisdiction,business_licensing,GET /licenses/{id},missing_object_check,object_auth,wrong_jurisdiction,1,1,object_scope,function_authorization,1,1,0,0,0.673,38.0
phi3:mini|checklist,business_licensing::GET__licenses_id::overbroad_role::test_02_wrong_role,business_licensing,GET /licenses/{id},overbroad_role,function_auth,wrong_role,1,1,function_authorization,function_authorization,1,1,1,1,1.235,42.0
phi3:mini|checklist,business_licensing::GET__licenses_id::purpose_bypass::test_04_wrong_purpose,business_licensing,GET /licenses/{id},purpose_bypass,purpose_scope,wrong_purpose,1,1,purpose_scope,function_authorization,1,1,0,0,1.49,38.0
phi3:mini|checklist,citizen_services::GET__benefits_id::aggregation_leak::test_02_wrong_role,citizen_services,GET /benefits/{id},aggregation_leak,property_auth,wrong_role,0,1,none,authentication,1,0,0,0,1.534,0.0
phi3:mini|checklist,citizen_services::GET__benefits_id::aggregation_leak::test_08_aggregation_boundary,citizen_services,GET /benefits/{id},aggregation_leak,property_auth,aggregation_boundary,1,1,aggregation_boundary,authentication,1,1,0,0,1.248,9.0
phi3:mini|checklist,citizen_services::GET__benefits_id::correct::test_09_deprecated_inventory,citizen_services,GET /benefits/{id},correct,clean,deprecated_inventory,0,1,none,authentication,1,0,0,0,1.001,0.0
phi3:mini|checklist,citizen_services::GET__benefits_id::deprecated_exposed::test_09_deprecated_inventory,citizen_services,GET /benefits/{id},deprecated_exposed,inventory,deprecated_inventory,1,1,endpoint_inventory,authentication,1,1,0,0,1.052,13.0
phi3:mini|checklist,citizen_services::GET__benefits_id::jurisdiction_bypass::test_03_wrong_jurisdiction,citizen_services,GET /benefits/{id},jurisdiction_bypass,object_auth,wrong_jurisdiction,1,1,jurisdiction_scope,authentication,1,1,0,0,1.183,48.0
phi3:mini|checklist,citizen_services::GET__benefits_id::missing_audit_log::test_09_deprecated_inventory,citizen_services,GET /benefits/{id},missing_audit_log,auditability,deprecated_inventory,1,1,audit_obligation,unknown,1,1,0,0,1.346,3.0
phi3:mini|checklist,citizen_services::GET__benefits_id::missing_auth::test_06_unauthenticated,citizen_services,GET /benefits/{id},missing_auth,function_auth,unauthenticated,1,1,authentication,authentication,1,1,1,1,1.443,57.0
phi3:mini|checklist,citizen_services::GET__benefits_id::missing_field_filter::test_07_sensitive_field_probe,citizen_services,GET /benefits/{id},missing_field_filter,property_auth,sensitive_field_probe,1,1,field_minimization,authentication,1,1,0,0,2.396,9.0
phi3:mini|checklist,citizen_services::GET__benefits_id::missing_field_filter::test_09_deprecated_inventory,citizen_services,GET /benefits/{id},missing_field_filter,property_auth,deprecated_inventory,1,1,field_minimization,authentication,1,1,0,0,0.65,9.0
phi3:mini|checklist,citizen_services::GET__benefits_id::missing_object_check::test_03_wrong_jurisdiction,citizen_services,GET /benefits/{id},missing_object_check,object_auth,wrong_jurisdiction,1,1,object_scope,authentication,1,1,0,0,0.876,48.0
phi3:mini|checklist,citizen_services::GET__benefits_id::overbroad_role::test_02_wrong_role,citizen_services,GET /benefits/{id},overbroad_role,function_auth,wrong_role,1,1,function_authorization,authentication,1,1,0,0,1.166,57.0
phi3:mini|checklist,citizen_services::GET__benefits_id::purpose_bypass::test_04_wrong_purpose,citizen_services,GET /benefits/{id},purpose_bypass,purpose_scope,wrong_purpose,1,1,purpose_scope,authentication,1,1,0,0,1.442,48.0
phi3:mini|checklist,citizen_services::GET__citizens_export::aggregation_leak::test_08_aggregation_boundary,citizen_services,GET /citizens/export,aggregation_leak,property_auth,aggregation_boundary,1,1,aggregation_boundary,authentication,1,1,0,0,1.464,11.0
phi3:mini|checklist,citizen_services::GET__citizens_export::deprecated_exposed::test_09_deprecated_inventory,citizen_services,GET /citizens/export,deprecated_exposed,inventory,deprecated_inventory,1,1,endpoint_inventory,authentication,1,1,0,0,0.859,15.0
phi3:mini|checklist,citizen_services::GET__citizens_export::jurisdiction_bypass::test_03_wrong_jurisdiction,citizen_services,GET /citizens/export,jurisdiction_bypass,object_auth,wrong_jurisdiction,1,1,jurisdiction_scope,function_authorization,1,1,0,0,1.293,48.0
phi3:mini|checklist,citizen_services::GET__citizens_export::missing_audit_log::test_09_deprecated_inventory,citizen_services,GET /citizens/export,missing_audit_log,auditability,deprecated_inventory,1,1,audit_obligation,audit_obligation,1,1,1,1,1.201,3.0
phi3:mini|checklist,citizen_services::GET__citizens_export::missing_auth::test_06_unauthenticated,citizen_services,GET /citizens/export,missing_auth,function_auth,unauthenticated,1,1,authentication,authentication,1,1,1,1,1.394,59.0
phi3:mini|checklist,citizen_services::GET__citizens_export::missing_field_filter::test_05_self_access,citizen_services,GET /citizens/export,missing_field_filter,property_auth,self_access,1,1,field_minimization,authentication,1,1,0,0,1.331,11.0
phi3:mini|checklist,citizen_services::GET__citizens_export::missing_field_filter::test_08_aggregation_boundary,citizen_services,GET /citizens/export,missing_field_filter,property_auth,aggregation_boundary,1,1,field_minimization,authentication,1,1,0,0,1.007,11.0
phi3:mini|checklist,citizen_services::GET__citizens_export::missing_object_check::test_03_wrong_jurisdiction,citizen_services,GET /citizens/export,missing_object_check,object_auth,wrong_jurisdiction,1,1,object_scope,function_authorization,1,1,0,0,1.304,48.0
phi3:mini|checklist,citizen_services::GET__citizens_export::missing_object_check::test_05_self_access,citizen_services,GET /citizens/export,missing_object_check,object_auth,self_access,0,1,none,function_authorization,1,0,0,0,1.118,0.0
phi3:mini|checklist,citizen_services::GET__citizens_export::overbroad_role::test_02_wrong_role,citizen_services,GET /citizens/export,overbroad_role,function_auth,wrong_role,1,1,function_authorization,authentication,1,1,0,0,1.361,59.0
phi3:mini|checklist,citizen_services::GET__citizens_export::purpose_bypass::test_04_wrong_purpose,citizen_services,GET /citizens/export,purpose_bypass,purpose_scope,wrong_purpose,1,1,purpose_scope,function_authorization,1,1,0,0,1.339,48.0
phi3:mini|checklist,citizen_services::GET__citizens_id::aggregation_leak::test_08_aggregation_boundary,citizen_services,GET /citizens/{id},aggregation_leak,property_auth,aggregation_boundary,1,1,aggregation_boundary,function_authorization,1,1,0,0,1.597,11.0
phi3:mini|checklist,citizen_services::GET__citizens_id::deprecated_exposed::test_09_deprecated_inventory,citizen_services,GET /citizens/{id},deprecated_exposed,inventory,deprecated_inventory,1,1,endpoint_inventory,function_authorization,1,1,0,0,0.958,15.0
phi3:mini|checklist,citizen_services::GET__citizens_id::jurisdiction_bypass::test_03_wrong_jurisdiction,citizen_services,GET /citizens/{id},jurisdiction_bypass,object_auth,wrong_jurisdiction,1,1,jurisdiction_scope,authentication,1,1,0,0,1.189,47.0
phi3:mini|checklist,citizen_services::GET__citizens_id::missing_auth::test_06_unauthenticated,citizen_services,GET /citizens/{id},missing_auth,function_auth,unauthenticated,1,1,authentication,authentication,1,1,1,1,1.381,58.0
phi3:mini|checklist,citizen_services::GET__citizens_id::missing_field_filter::test_07_sensitive_field_probe,citizen_services,GET /citizens/{id},missing_field_filter,property_auth,sensitive_field_probe,1,1,field_minimization,function_authorization,1,1,0,0,1.116,11.0
phi3:mini|checklist,citizen_services::GET__citizens_id::missing_field_filter::test_09_deprecated_inventory,citizen_services,GET /citizens/{id},missing_field_filter,property_auth,deprecated_inventory,1,1,field_minimization,function_authorization,1,1,0,0,0.785,11.0
phi3:mini|checklist,citizen_services::GET__citizens_id::missing_object_check::test_03_wrong_jurisdiction,citizen_services,GET /citizens/{id},missing_object_check,object_auth,wrong_jurisdiction,1,1,object_scope,authentication,1,1,0,0,0.717,47.0
phi3:mini|checklist,citizen_services::GET__citizens_id::overbroad_role::test_02_wrong_role,citizen_services,GET /citizens/{id},overbroad_role,function_auth,wrong_role,1,1,function_authorization,authentication,1,1,0,0,1.297,58.0
phi3:mini|checklist,citizen_services::GET__citizens_id::purpose_bypass::test_04_wrong_purpose,citizen_services,GET /citizens/{id},purpose_bypass,purpose_scope,wrong_purpose,1,1,purpose_scope,function_authorization,1,1,0,0,1.39,47.0
phi3:mini|checklist,citizen_services::GET__citizens_id::purpose_bypass::test_06_unauthenticated,citizen_services,GET /citizens/{id},purpose_bypass,purpose_scope,unauthenticated,0,1,none,authentication,1,0,0,0,1.106,0.0
phi3:mini|checklist,education::GET__classes_id_roster::aggregation_leak::test_03_wrong_jurisdiction,education,GET /classes/{id}/roster,aggregation_leak,property_auth,wrong_jurisdiction,0,1,none,function_authorization,1,0,0,0,1.605,0.0
phi3:mini|checklist,education::GET__classes_id_roster::aggregation_leak::test_08_aggregation_boundary,education,GET /classes/{id}/roster,aggregation_leak,property_auth,aggregation_boundary,1,1,aggregation_boundary,function_authorization,1,1,0,0,1.212,17.0
phi3:mini|checklist,education::GET__classes_id_roster::deprecated_exposed::test_09_deprecated_inventory,education,GET /classes/{id}/roster,deprecated_exposed,inventory,deprecated_inventory,1,1,endpoint_inventory,function_authorization,1,1,0,0,0.872,21.0
phi3:mini|checklist,education::GET__classes_id_roster::jurisdiction_bypass::test_03_wrong_jurisdiction,education,GET /classes/{id}/roster,jurisdiction_bypass,object_auth,wrong_jurisdiction,1,1,jurisdiction_scope,function_authorization,1,1,0,0,1.238,42.0
phi3:mini|checklist,education::GET__classes_id_roster::jurisdiction_bypass::test_04_wrong_purpose,education,GET /classes/{id}/roster,jurisdiction_bypass,object_auth,wrong_purpose,0,1,none,function_authorization,1,0,0,0,1.335,0.0
phi3:mini|checklist,education::GET__classes_id_roster::missing_audit_log::test_03_wrong_jurisdiction,education,GET /classes/{id}/roster,missing_audit_log,auditability,wrong_jurisdiction,1,1,audit_obligation,function_authorization,1,1,0,0,1.21,3.0
phi3:mini|checklist,education::GET__classes_id_roster::missing_audit_log::test_04_wrong_purpose,education,GET /classes/{id}/roster,missing_audit_log,auditability,wrong_purpose,1,1,audit_obligation,function_authorization,1,1,0,0,1.171,3.0
phi3:mini|checklist,education::GET__classes_id_roster::missing_auth::test_06_unauthenticated,education,GET /classes/{id}/roster,missing_auth,function_auth,unauthenticated,1,1,authentication,authentication,1,1,1,1,1.386,59.0
phi3:mini|checklist,education::GET__classes_id_roster::missing_field_filter::test_05_self_access,education,GET /classes/{id}/roster,missing_field_filter,property_auth,self_access,1,1,field_minimization,purpose_scope,1,1,0,0,1.223,17.0
phi3:mini|checklist,education::GET__classes_id_roster::missing_object_check::test_03_wrong_jurisdiction,education,GET /classes/{id}/roster,missing_object_check,object_auth,wrong_jurisdiction,1,1,object_scope,function_authorization,1,1,0,0,1.233,42.0
phi3:mini|checklist,education::GET__classes_id_roster::overbroad_role::test_02_wrong_role,education,GET /classes/{id}/roster,overbroad_role,function_auth,wrong_role,1,1,function_authorization,function_authorization,1,1,1,1,1.242,59.0
phi3:mini|checklist,education::GET__classes_id_roster::purpose_bypass::test_04_wrong_purpose,education,GET /classes/{id}/roster,purpose_bypass,purpose_scope,wrong_purpose,1,1,purpose_scope,purpose_scope,1,1,1,1,1.006,42.0
phi3:mini|checklist,education::GET__discipline_id::aggregation_leak::test_08_aggregation_boundary,education,GET /discipline/{id},aggregation_leak,property_auth,aggregation_boundary,1,1,aggregation_boundary,authentication,1,1,0,0,1.537,15.0
phi3:mini|checklist,education::GET__discipline_id::deprecated_exposed::test_09_deprecated_inventory,education,GET /discipline/{id},deprecated_exposed,inventory,deprecated_inventory,1,1,endpoint_inventory,authentication,1,1,0,0,0.921,19.0
phi3:mini|checklist,education::GET__discipline_id::jurisdiction_bypass::test_03_wrong_jurisdiction,education,GET /discipline/{id},jurisdiction_bypass,object_auth,wrong_jurisdiction,1,1,jurisdiction_scope,authentication,1,1,0,0,1.091,45.0
phi3:mini|checklist,education::GET__discipline_id::missing_audit_log::test_07_sensitive_field_probe,education,GET /discipline/{id},missing_audit_log,auditability,sensitive_field_probe,1,1,audit_obligation,authentication,1,1,0,0,0.979,3.0
phi3:mini|checklist,education::GET__discipline_id::missing_auth::test_06_unauthenticated,education,GET /discipline/{id},missing_auth,function_auth,unauthenticated,1,1,authentication,authentication,1,1,1,1,1.139,60.0
phi3:mini|checklist,education::GET__discipline_id::missing_object_check::test_03_wrong_jurisdiction,education,GET /discipline/{id},missing_object_check,object_auth,wrong_jurisdiction,1,1,object_scope,authentication,1,1,0,0,0.638,45.0
phi3:mini|checklist,education::GET__discipline_id::overbroad_role::test_02_wrong_role,education,GET /discipline/{id},overbroad_role,function_auth,wrong_role,1,1,function_authorization,function_authorization,1,1,1,1,1.201,60.0
phi3:mini|checklist,education::GET__discipline_id::purpose_bypass::test_04_wrong_purpose,education,GET /discipline/{id},purpose_bypass,purpose_scope,wrong_purpose,1,1,purpose_scope,function_authorization,1,1,0,0,1.401,45.0
phi3:mini|checklist,education::GET__students_id_record::aggregation_leak::test_08_aggregation_boundary,education,GET /students/{id}/record,aggregation_leak,property_auth,aggregation_boundary,1,1,aggregation_boundary,function_authorization,1,1,0,0,1.564,17.0
phi3:mini|checklist,education::GET__students_id_record::deprecated_exposed::test_09_deprecated_inventory,education,GET /students/{id}/record,deprecated_exposed,inventory,deprecated_inventory,1,1,endpoint_inventory,function_authorization,1,1,0,0,1.041,21.0
phi3:mini|checklist,education::GET__students_id_record::jurisdiction_bypass::test_03_wrong_jurisdiction,education,GET /students/{id}/record,jurisdiction_bypass,object_auth,wrong_jurisdiction,1,1,jurisdiction_scope,function_authorization,1,1,0,0,1.092,42.0
phi3:mini|checklist,education::GET__students_id_record::missing_audit_log::test_01_valid,education,GET /students/{id}/record,missing_audit_log,auditability,valid,1,1,audit_obligation,authentication,1,1,0,0,1.152,3.0
phi3:mini|checklist,education::GET__students_id_record::missing_audit_log::test_03_wrong_jurisdiction,education,GET /students/{id}/record,missing_audit_log,auditability,wrong_jurisdiction,1,1,audit_obligation,function_authorization,1,1,0,0,1.145,3.0
phi3:mini|checklist,education::GET__students_id_record::missing_audit_log::test_05_self_access,education,GET /students/{id}/record,missing_audit_log,auditability,self_access,1,1,audit_obligation,audit_obligation,1,1,1,1,1.235,3.0
phi3:mini|checklist,education::GET__students_id_record::missing_auth::test_06_unauthenticated,education,GET /students/{id}/record,missing_auth,function_auth,unauthenticated,1,1,authentication,authentication,1,1,1,1,1.379,59.0
phi3:mini|checklist,education::GET__students_id_record::missing_field_filter::test_01_valid,education,GET /students/{id}/record,missing_field_filter,property_auth,valid,1,1,field_minimization,function_authorization,1,1,0,0,1.135,17.0
phi3:mini|checklist,education::GET__students_id_record::missing_object_check::test_03_wrong_jurisdiction,education,GET /students/{id}/record,missing_object_check,object_auth,wrong_jurisdiction,1,1,object_scope,function_authorization,1,1,0,0,0.981,42.0
phi3:mini|checklist,education::GET__students_id_record::overbroad_role::test_02_wrong_role,education,GET /students/{id}/record,overbroad_role,function_auth,wrong_role,1,1,function_authorization,function_authorization,1,1,1,1,1.419,59.0
phi3:mini|checklist,education::GET__students_id_record::purpose_bypass::test_04_wrong_purpose,education,GET /students/{id}/record,purpose_bypass,purpose_scope,wrong_purpose,1,1,purpose_scope,function_authorization,1,1,0,0,1.101,42.0
phi3:mini|checklist,health::GET__encounters_id::aggregation_leak::test_08_aggregation_boundary,health,GET /encounters/{id},aggregation_leak,property_auth,aggregation_boundary,1,1,aggregation_boundary,function_authorization,1,1,0,0,1.454,8.0
phi3:mini|checklist,health::GET__encounters_id::deprecated_exposed::test_09_deprecated_inventory,health,GET /encounters/{id},deprecated_exposed,inventory,deprecated_inventory,1,1,endpoint_inventory,function_authorization,1,1,0,0,0.833,12.0
phi3:mini|checklist,health::GET__encounters_id::jurisdiction_bypass::test_03_wrong_jurisdiction,health,GET /encounters/{id},jurisdiction_bypass,object_auth,wrong_jurisdiction,1,1,jurisdiction_scope,function_authorization,1,1,0,0,1.329,53.0
phi3:mini|checklist,health::GET__encounters_id::missing_auth::test_06_unauthenticated,health,GET /encounters/{id},missing_auth,function_auth,unauthenticated,1,1,authentication,authentication,1,1,1,1,1.364,61.0
phi3:mini|checklist,health::GET__encounters_id::missing_auth::test_09_deprecated_inventory,health,GET /encounters/{id},missing_auth,function_auth,deprecated_inventory,0,1,none,function_authorization,1,0,0,0,1.311,0.0
phi3:mini|checklist,health::GET__encounters_id::missing_field_filter::test_09_deprecated_inventory,health,GET /encounters/{id},missing_field_filter,property_auth,deprecated_inventory,1,1,field_minimization,function_authorization,1,1,0,0,0.965,8.0
phi3:mini|checklist,health::GET__encounters_id::missing_object_check::test_03_wrong_jurisdiction,health,GET /encounters/{id},missing_object_check,object_auth,wrong_jurisdiction,1,1,object_scope,function_authorization,1,1,0,0,0.855,53.0
phi3:mini|checklist,health::GET__encounters_id::overbroad_role::test_02_wrong_role,health,GET /encounters/{id},overbroad_role,function_auth,wrong_role,1,1,function_authorization,authentication,1,1,0,0,1.368,61.0
phi3:mini|checklist,health::GET__encounters_id::purpose_bypass::test_04_wrong_purpose,health,GET /encounters/{id},purpose_bypass,purpose_scope,wrong_purpose,1,1,purpose_scope,purpose_scope,1,1,1,1,1.208,53.0
phi3:mini|checklist,health::GET__patients_id::aggregation_leak::test_08_aggregation_boundary,health,GET /patients/{id},aggregation_leak,property_auth,aggregation_boundary,1,1,aggregation_boundary,function_authorization,1,1,0,0,1.583,4.0
phi3:mini|checklist,health::GET__patients_id::deprecated_exposed::test_09_deprecated_inventory,health,GET /patients/{id},deprecated_exposed,inventory,deprecated_inventory,1,1,endpoint_inventory,function_authorization,1,1,0,0,1.134,8.0
phi3:mini|checklist,health::GET__patients_id::jurisdiction_bypass::test_03_wrong_jurisdiction,health,GET /patients/{id},jurisdiction_bypass,object_auth,wrong_jurisdiction,1,1,jurisdiction_scope,function_authorization,1,1,0,0,1.168,57.0
phi3:mini|checklist,health::GET__patients_id::missing_audit_log::test_01_valid,health,GET /patients/{id},missing_audit_log,auditability,valid,1,1,audit_obligation,authentication,1,1,0,0,0.969,3.0
phi3:mini|checklist,health::GET__patients_id::missing_audit_log::test_07_sensitive_field_probe,health,GET /patients/{id},missing_audit_log,auditability,sensitive_field_probe,1,1,audit_obligation,authentication,1,1,0,0,0.606,3.0
phi3:mini|checklist,health::GET__patients_id::missing_auth::test_05_self_access,health,GET /patients/{id},missing_auth,function_auth,self_access,0,1,none,authentication,1,0,0,0,1.34,0.0
phi3:mini|checklist,health::GET__patients_id::missing_auth::test_06_unauthenticated,health,GET /patients/{id},missing_auth,function_auth,unauthenticated,1,1,authentication,authentication,1,1,1,1,1.226,61.0
phi3:mini|checklist,health::GET__patients_id::missing_field_filter::test_01_valid,health,GET /patients/{id},missing_field_filter,property_auth,valid,1,1,field_minimization,function_authorization,1,1,0,0,1.206,4.0
phi3:mini|checklist,health::GET__patients_id::missing_object_check::test_03_wrong_jurisdiction,health,GET /patients/{id},missing_object_check,object_auth,wrong_jurisdiction,1,1,object_scope,function_authorization,1,1,0,0,0.698,57.0
phi3:mini|checklist,health::GET__patients_id::overbroad_role::test_02_wrong_role,health,GET /patients/{id},overbroad_role,function_auth,wrong_role,1,1,function_authorization,authentication,1,1,0,0,1.368,61.0
phi3:mini|checklist,health::GET__patients_id::purpose_bypass::test_04_wrong_purpose,health,GET /patients/{id},purpose_bypass,purpose_scope,wrong_purpose,1,1,purpose_scope,function_authorization,1,1,0,0,1.382,57.0
phi3:mini|checklist,health::GET__patients_search::aggregation_leak::test_08_aggregation_boundary,health,GET /patients/search,aggregation_leak,property_auth,aggregation_boundary,1,1,aggregation_boundary,function_authorization,1,1,0,0,1.429,4.0
phi3:mini|checklist,health::GET__patients_search::deprecated_exposed::test_09_deprecated_inventory,health,GET /patients/search,deprecated_exposed,inventory,deprecated_inventory,1,1,endpoint_inventory,function_authorization,1,1,0,0,0.857,8.0
phi3:mini|checklist,health::GET__patients_search::jurisdiction_bypass::test_03_wrong_jurisdiction,health,GET /patients/search,jurisdiction_bypass,object_auth,wrong_jurisdiction,1,1,jurisdiction_scope,function_authorization,1,1,0,0,1.315,56.0
phi3:mini|checklist,health::GET__patients_search::jurisdiction_bypass::test_05_self_access,health,GET /patients/search,jurisdiction_bypass,object_auth,self_access,0,1,none,function_authorization,1,0,0,0,1.178,0.0
phi3:mini|checklist,health::GET__patients_search::missing_auth::test_06_unauthenticated,health,GET /patients/search,missing_auth,function_auth,unauthenticated,1,1,authentication,authentication,1,1,1,1,1.317,60.0
phi3:mini|checklist,health::GET__patients_search::missing_field_filter::test_08_aggregation_boundary,health,GET /patients/search,missing_field_filter,property_auth,aggregation_boundary,1,1,field_minimization,function_authorization,1,1,0,0,0.85,4.0
phi3:mini|checklist,health::GET__patients_search::missing_object_check::test_01_valid,health,GET /patients/search,missing_object_check,object_auth,valid,0,1,none,function_authorization,1,0,0,0,1.154,0.0
phi3:mini|checklist,health::GET__patients_search::missing_object_check::test_03_wrong_jurisdiction,health,GET /patients/search,missing_object_check,object_auth,wrong_jurisdiction,1,1,object_scope,function_authorization,1,1,0,0,0.824,56.0
phi3:mini|checklist,health::GET__patients_search::overbroad_role::test_02_wrong_role,health,GET /patients/search,overbroad_role,function_auth,wrong_role,1,1,function_authorization,function_authorization,1,1,1,1,1.456,60.0
phi3:mini|checklist,health::GET__patients_search::purpose_bypass::test_04_wrong_purpose,health,GET /patients/search,purpose_bypass,purpose_scope,wrong_purpose,1,1,purpose_scope,function_authorization,1,1,0,0,1.311,56.0
phi3:mini|conservative,business_licensing::GET__inspections_id::aggregation_leak::test_08_aggregation_boundary,business_licensing,GET /inspections/{id},aggregation_leak,property_auth,aggregation_boundary,1,1,aggregation_boundary,function_authorization,1,1,0,0,1.604,6.0
phi3:mini|conservative,business_licensing::GET__inspections_id::deprecated_exposed::test_09_deprecated_inventory,business_licensing,GET /inspections/{id},deprecated_exposed,inventory,deprecated_inventory,1,1,endpoint_inventory,function_authorization,1,1,0,0,0.988,10.0
phi3:mini|conservative,business_licensing::GET__inspections_id::jurisdiction_bypass::test_03_wrong_jurisdiction,business_licensing,GET /inspections/{id},jurisdiction_bypass,object_auth,wrong_jurisdiction,1,1,jurisdiction_scope,function_authorization,1,1,0,0,2.908,37.0
phi3:mini|conservative,business_licensing::GET__inspections_id::missing_auth::test_06_unauthenticated,business_licensing,GET /inspections/{id},missing_auth,function_auth,unauthenticated,1,1,authentication,authentication,1,1,1,1,1.316,43.0
phi3:mini|conservative,business_licensing::GET__inspections_id::missing_object_check::test_03_wrong_jurisdiction,business_licensing,GET /inspections/{id},missing_object_check,object_auth,wrong_jurisdiction,1,1,object_scope,function_authorization,1,1,0,0,2.37,37.0
phi3:mini|conservative,business_licensing::GET__inspections_id::overbroad_role::test_02_wrong_role,business_licensing,GET /inspections/{id},overbroad_role,function_auth,wrong_role,1,1,function_authorization,function_authorization,1,1,1,1,1.689,43.0
phi3:mini|conservative,business_licensing::GET__inspections_id::purpose_bypass::test_04_wrong_purpose,business_licensing,GET /inspections/{id},purpose_bypass,purpose_scope,wrong_purpose,1,1,purpose_scope,function_authorization,1,1,0,0,2.954,37.0
phi3:mini|conservative,business_licensing::GET__licenses_export::aggregation_leak::test_08_aggregation_boundary,business_licensing,GET /licenses/export,aggregation_leak,property_auth,aggregation_boundary,1,1,aggregation_boundary,function_authorization,1,1,0,0,1.861,4.0
phi3:mini|conservative,business_licensing::GET__licenses_export::deprecated_exposed::test_09_deprecated_inventory,business_licensing,GET /licenses/export,deprecated_exposed,inventory,deprecated_inventory,1,1,endpoint_inventory,function_authorization,1,1,0,0,1.161,8.0
phi3:mini|conservative,business_licensing::GET__licenses_export::jurisdiction_bypass::test_03_wrong_jurisdiction,business_licensing,GET /licenses/export,jurisdiction_bypass,object_auth,wrong_jurisdiction,1,1,jurisdiction_scope,function_authorization,1,1,0,0,2.994,40.0
phi3:mini|conservative,business_licensing::GET__licenses_export::missing_audit_log::test_08_aggregation_boundary,business_licensing,GET /licenses/export,missing_audit_log,auditability,aggregation_boundary,1,1,audit_obligation,function_authorization,1,1,0,0,2.389,3.0
phi3:mini|conservative,business_licensing::GET__licenses_export::missing_auth::test_06_unauthenticated,business_licensing,GET /licenses/export,missing_auth,function_auth,unauthenticated,1,1,authentication,authentication,1,1,1,1,1.485,44.0
phi3:mini|conservative,business_licensing::GET__licenses_export::missing_auth::test_07_sensitive_field_probe,business_licensing,GET /licenses/export,missing_auth,function_auth,sensitive_field_probe,0,1,none,function_authorization,1,0,0,0,1.286,0.0
phi3:mini|conservative,business_licensing::GET__licenses_export::missing_field_filter::test_05_self_access,business_licensing,GET /licenses/export,missing_field_filter,property_auth,self_access,1,1,field_minimization,function_authorization,1,1,0,0,1.528,6.0
phi3:mini|conservative,business_licensing::GET__licenses_export::missing_object_check::test_03_wrong_jurisdiction,business_licensing,GET /licenses/export,missing_object_check,object_auth,wrong_jurisdiction,1,1,object_scope,function_authorization,1,1,0,0,2.415,40.0
phi3:mini|conservative,business_licensing::GET__licenses_export::overbroad_role::test_02_wrong_role,business_licensing,GET /licenses/export,overbroad_role,function_auth,wrong_role,1,1,function_authorization,function_authorization,1,1,1,1,1.681,44.0
phi3:mini|conservative,business_licensing::GET__licenses_export::purpose_bypass::test_04_wrong_purpose,business_licensing,GET /licenses/export,purpose_bypass,purpose_scope,wrong_purpose,1,1,purpose_scope,unknown,1,1,0,0,1.614,40.0
phi3:mini|conservative,business_licensing::GET__licenses_id::aggregation_leak::test_08_aggregation_boundary,business_licensing,GET /licenses/{id},aggregation_leak,property_auth,aggregation_boundary,1,1,aggregation_boundary,unknown,1,1,0,0,1.849,4.0
phi3:mini|conservative,business_licensing::GET__licenses_id::correct::test_06_unauthenticated,business_licensing,GET /licenses/{id},correct,clean,unauthenticated,0,1,none,authentication,1,0,0,0,1.235,0.0
phi3:mini|conservative,business_licensing::GET__licenses_id::deprecated_exposed::test_09_deprecated_inventory,business_licensing,GET /licenses/{id},deprecated_exposed,inventory,deprecated_inventory,1,1,endpoint_inventory,unknown,1,1,0,0,1.363,8.0
phi3:mini|conservative,business_licensing::GET__licenses_id::jurisdiction_bypass::test_03_wrong_jurisdiction,business_licensing,GET /licenses/{id},jurisdiction_bypass,object_auth,wrong_jurisdiction,1,1,jurisdiction_scope,function_authorization,1,1,0,0,1.491,38.0
phi3:mini|conservative,business_licensing::GET__licenses_id::missing_audit_log::test_06_unauthenticated,business_licensing,GET /licenses/{id},missing_audit_log,auditability,unauthenticated,1,1,audit_obligation,authentication,1,1,0,0,1.09,3.0
phi3:mini|conservative,business_licensing::GET__licenses_id::missing_auth::test_06_unauthenticated,business_licensing,GET /licenses/{id},missing_auth,function_auth,unauthenticated,1,1,authentication,authentication,1,1,1,1,1.24,42.0
phi3:mini|conservative,business_licensing::GET__licenses_id::missing_object_check::test_03_wrong_jurisdiction,business_licensing,GET /licenses/{id},missing_object_check,object_auth,wrong_jurisdiction,1,1,object_scope,function_authorization,1,1,0,0,0.915,38.0
phi3:mini|conservative,business_licensing::GET__licenses_id::overbroad_role::test_02_wrong_role,business_licensing,GET /licenses/{id},overbroad_role,function_auth,wrong_role,1,1,function_authorization,function_authorization,1,1,1,1,3.054,42.0
phi3:mini|conservative,business_licensing::GET__licenses_id::purpose_bypass::test_04_wrong_purpose,business_licensing,GET /licenses/{id},purpose_bypass,purpose_scope,wrong_purpose,1,1,purpose_scope,purpose_scope,1,1,1,1,1.561,38.0
phi3:mini|conservative,citizen_services::GET__benefits_id::aggregation_leak::test_02_wrong_role,citizen_services,GET /benefits/{id},aggregation_leak,property_auth,wrong_role,0,1,none,authentication,1,0,0,0,1.605,0.0
phi3:mini|conservative,citizen_services::GET__benefits_id::aggregation_leak::test_08_aggregation_boundary,citizen_services,GET /benefits/{id},aggregation_leak,property_auth,aggregation_boundary,1,1,aggregation_boundary,authentication,1,1,0,0,1.444,9.0
phi3:mini|conservative,citizen_services::GET__benefits_id::correct::test_09_deprecated_inventory,citizen_services,GET /benefits/{id},correct,clean,deprecated_inventory,0,1,none,authentication,1,0,0,0,1.196,0.0
phi3:mini|conservative,citizen_services::GET__benefits_id::deprecated_exposed::test_09_deprecated_inventory,citizen_services,GET /benefits/{id},deprecated_exposed,inventory,deprecated_inventory,1,1,endpoint_inventory,authentication,1,1,0,0,1.243,13.0
phi3:mini|conservative,citizen_services::GET__benefits_id::jurisdiction_bypass::test_03_wrong_jurisdiction,citizen_services,GET /benefits/{id},jurisdiction_bypass,object_auth,wrong_jurisdiction,1,1,jurisdiction_scope,authentication,1,1,0,0,1.419,48.0
phi3:mini|conservative,citizen_services::GET__benefits_id::missing_audit_log::test_09_deprecated_inventory,citizen_services,GET /benefits/{id},missing_audit_log,auditability,deprecated_inventory,1,1,audit_obligation,authentication,1,1,0,0,1.221,3.0
phi3:mini|conservative,citizen_services::GET__benefits_id::missing_auth::test_06_unauthenticated,citizen_services,GET /benefits/{id},missing_auth,function_auth,unauthenticated,1,1,authentication,authentication,1,1,1,1,1.419,57.0
phi3:mini|conservative,citizen_services::GET__benefits_id::missing_field_filter::test_07_sensitive_field_probe,citizen_services,GET /benefits/{id},missing_field_filter,property_auth,sensitive_field_probe,1,1,field_minimization,authentication,1,1,0,0,1.277,9.0
phi3:mini|conservative,citizen_services::GET__benefits_id::missing_field_filter::test_09_deprecated_inventory,citizen_services,GET /benefits/{id},missing_field_filter,property_auth,deprecated_inventory,1,1,field_minimization,authentication,1,1,0,0,0.764,9.0
phi3:mini|conservative,citizen_services::GET__benefits_id::missing_object_check::test_03_wrong_jurisdiction,citizen_services,GET /benefits/{id},missing_object_check,object_auth,wrong_jurisdiction,1,1,object_scope,authentication,1,1,0,0,0.795,48.0
phi3:mini|conservative,citizen_services::GET__benefits_id::overbroad_role::test_02_wrong_role,citizen_services,GET /benefits/{id},overbroad_role,function_auth,wrong_role,1,1,function_authorization,authentication,1,1,0,0,1.357,57.0
phi3:mini|conservative,citizen_services::GET__benefits_id::purpose_bypass::test_04_wrong_purpose,citizen_services,GET /benefits/{id},purpose_bypass,purpose_scope,wrong_purpose,1,1,purpose_scope,authentication,1,1,0,0,1.476,48.0
phi3:mini|conservative,citizen_services::GET__citizens_export::aggregation_leak::test_08_aggregation_boundary,citizen_services,GET /citizens/export,aggregation_leak,property_auth,aggregation_boundary,1,1,aggregation_boundary,function_authorization,1,1,0,0,1.748,11.0
phi3:mini|conservative,citizen_services::GET__citizens_export::deprecated_exposed::test_09_deprecated_inventory,citizen_services,GET /citizens/export,deprecated_exposed,inventory,deprecated_inventory,1,1,endpoint_inventory,function_authorization,1,1,0,0,1.174,15.0
phi3:mini|conservative,citizen_services::GET__citizens_export::jurisdiction_bypass::test_03_wrong_jurisdiction,citizen_services,GET /citizens/export,jurisdiction_bypass,object_auth,wrong_jurisdiction,1,1,jurisdiction_scope,function_authorization,1,1,0,0,1.967,48.0
phi3:mini|conservative,citizen_services::GET__citizens_export::missing_audit_log::test_09_deprecated_inventory,citizen_services,GET /citizens/export,missing_audit_log,auditability,deprecated_inventory,1,1,audit_obligation,audit_obligation,1,1,1,1,1.112,3.0
phi3:mini|conservative,citizen_services::GET__citizens_export::missing_auth::test_06_unauthenticated,citizen_services,GET /citizens/export,missing_auth,function_auth,unauthenticated,1,1,authentication,authentication,1,1,1,1,1.478,59.0
phi3:mini|conservative,citizen_services::GET__citizens_export::missing_field_filter::test_05_self_access,citizen_services,GET /citizens/export,missing_field_filter,property_auth,self_access,1,1,field_minimization,function_authorization,1,1,0,0,1.421,11.0
phi3:mini|conservative,citizen_services::GET__citizens_export::missing_field_filter::test_08_aggregation_boundary,citizen_services,GET /citizens/export,missing_field_filter,property_auth,aggregation_boundary,1,1,field_minimization,function_authorization,1,1,0,0,1.289,11.0
phi3:mini|conservative,citizen_services::GET__citizens_export::missing_object_check::test_03_wrong_jurisdiction,citizen_services,GET /citizens/export,missing_object_check,object_auth,wrong_jurisdiction,1,1,object_scope,function_authorization,1,1,0,0,1.95,48.0
phi3:mini|conservative,citizen_services::GET__citizens_export::missing_object_check::test_05_self_access,citizen_services,GET /citizens/export,missing_object_check,object_auth,self_access,0,1,none,function_authorization,1,0,0,0,1.961,0.0
phi3:mini|conservative,citizen_services::GET__citizens_export::overbroad_role::test_02_wrong_role,citizen_services,GET /citizens/export,overbroad_role,function_auth,wrong_role,1,1,function_authorization,function_authorization,1,1,1,1,1.616,59.0
phi3:mini|conservative,citizen_services::GET__citizens_export::purpose_bypass::test_04_wrong_purpose,citizen_services,GET /citizens/export,purpose_bypass,purpose_scope,wrong_purpose,1,1,purpose_scope,function_authorization,1,1,0,0,1.393,48.0
phi3:mini|conservative,citizen_services::GET__citizens_id::aggregation_leak::test_08_aggregation_boundary,citizen_services,GET /citizens/{id},aggregation_leak,property_auth,aggregation_boundary,1,1,aggregation_boundary,function_authorization,1,1,0,0,1.893,11.0
phi3:mini|conservative,citizen_services::GET__citizens_id::deprecated_exposed::test_09_deprecated_inventory,citizen_services,GET /citizens/{id},deprecated_exposed,inventory,deprecated_inventory,1,1,endpoint_inventory,function_authorization,1,1,0,0,1.388,15.0
phi3:mini|conservative,citizen_services::GET__citizens_id::jurisdiction_bypass::test_03_wrong_jurisdiction,citizen_services,GET /citizens/{id},jurisdiction_bypass,object_auth,wrong_jurisdiction,1,1,jurisdiction_scope,function_authorization,1,1,0,0,2.822,47.0
phi3:mini|conservative,citizen_services::GET__citizens_id::missing_auth::test_06_unauthenticated,citizen_services,GET /citizens/{id},missing_auth,function_auth,unauthenticated,1,1,authentication,authentication,1,1,1,1,1.478,58.0
phi3:mini|conservative,citizen_services::GET__citizens_id::missing_field_filter::test_07_sensitive_field_probe,citizen_services,GET /citizens/{id},missing_field_filter,property_auth,sensitive_field_probe,1,1,field_minimization,function_authorization,1,1,0,0,1.406,11.0
phi3:mini|conservative,citizen_services::GET__citizens_id::missing_field_filter::test_09_deprecated_inventory,citizen_services,GET /citizens/{id},missing_field_filter,property_auth,deprecated_inventory,1,1,field_minimization,function_authorization,1,1,0,0,1.019,11.0
phi3:mini|conservative,citizen_services::GET__citizens_id::missing_object_check::test_03_wrong_jurisdiction,citizen_services,GET /citizens/{id},missing_object_check,object_auth,wrong_jurisdiction,1,1,object_scope,function_authorization,1,1,0,0,2.241,47.0
phi3:mini|conservative,citizen_services::GET__citizens_id::overbroad_role::test_02_wrong_role,citizen_services,GET /citizens/{id},overbroad_role,function_auth,wrong_role,1,1,function_authorization,function_authorization,1,1,1,1,1.66,58.0
phi3:mini|conservative,citizen_services::GET__citizens_id::purpose_bypass::test_04_wrong_purpose,citizen_services,GET /citizens/{id},purpose_bypass,purpose_scope,wrong_purpose,1,1,purpose_scope,function_authorization,1,1,0,0,2.406,47.0
phi3:mini|conservative,citizen_services::GET__citizens_id::purpose_bypass::test_06_unauthenticated,citizen_services,GET /citizens/{id},purpose_bypass,purpose_scope,unauthenticated,0,1,none,authentication,1,0,0,0,1.401,0.0
phi3:mini|conservative,education::GET__classes_id_roster::aggregation_leak::test_03_wrong_jurisdiction,education,GET /classes/{id}/roster,aggregation_leak,property_auth,wrong_jurisdiction,0,1,none,function_authorization,1,0,0,0,1.73,0.0
phi3:mini|conservative,education::GET__classes_id_roster::aggregation_leak::test_08_aggregation_boundary,education,GET /classes/{id}/roster,aggregation_leak,property_auth,aggregation_boundary,1,1,aggregation_boundary,function_authorization,1,1,0,0,1.476,17.0
phi3:mini|conservative,education::GET__classes_id_roster::deprecated_exposed::test_09_deprecated_inventory,education,GET /classes/{id}/roster,deprecated_exposed,inventory,deprecated_inventory,1,1,endpoint_inventory,function_authorization,1,1,0,0,1.231,21.0
phi3:mini|conservative,education::GET__classes_id_roster::jurisdiction_bypass::test_03_wrong_jurisdiction,education,GET /classes/{id}/roster,jurisdiction_bypass,object_auth,wrong_jurisdiction,1,1,jurisdiction_scope,function_authorization,1,1,0,0,1.319,42.0
phi3:mini|conservative,education::GET__classes_id_roster::jurisdiction_bypass::test_04_wrong_purpose,education,GET /classes/{id}/roster,jurisdiction_bypass,object_auth,wrong_purpose,0,1,none,function_authorization,1,0,0,0,1.409,0.0
phi3:mini|conservative,education::GET__classes_id_roster::missing_audit_log::test_03_wrong_jurisdiction,education,GET /classes/{id}/roster,missing_audit_log,auditability,wrong_jurisdiction,1,1,audit_obligation,function_authorization,1,1,0,0,1.293,3.0
phi3:mini|conservative,education::GET__classes_id_roster::missing_audit_log::test_04_wrong_purpose,education,GET /classes/{id}/roster,missing_audit_log,auditability,wrong_purpose,1,1,audit_obligation,function_authorization,1,1,0,0,1.225,3.0
phi3:mini|conservative,education::GET__classes_id_roster::missing_auth::test_06_unauthenticated,education,GET /classes/{id}/roster,missing_auth,function_auth,unauthenticated,1,1,authentication,authentication,1,1,1,1,1.363,59.0
phi3:mini|conservative,education::GET__classes_id_roster::missing_field_filter::test_05_self_access,education,GET /classes/{id}/roster,missing_field_filter,property_auth,self_access,1,1,field_minimization,function_authorization,1,1,0,0,1.385,17.0
phi3:mini|conservative,education::GET__classes_id_roster::missing_object_check::test_03_wrong_jurisdiction,education,GET /classes/{id}/roster,missing_object_check,object_auth,wrong_jurisdiction,1,1,object_scope,function_authorization,1,1,0,0,1.304,42.0
phi3:mini|conservative,education::GET__classes_id_roster::overbroad_role::test_02_wrong_role,education,GET /classes/{id}/roster,overbroad_role,function_auth,wrong_role,1,1,function_authorization,function_authorization,1,1,1,1,1.551,59.0
phi3:mini|conservative,education::GET__classes_id_roster::purpose_bypass::test_04_wrong_purpose,education,GET /classes/{id}/roster,purpose_bypass,purpose_scope,wrong_purpose,1,1,purpose_scope,function_authorization,1,1,0,0,1.314,42.0
phi3:mini|conservative,education::GET__discipline_id::aggregation_leak::test_08_aggregation_boundary,education,GET /discipline/{id},aggregation_leak,property_auth,aggregation_boundary,1,1,aggregation_boundary,function_authorization,1,1,0,0,1.67,15.0
phi3:mini|conservative,education::GET__discipline_id::deprecated_exposed::test_09_deprecated_inventory,education,GET /discipline/{id},deprecated_exposed,inventory,deprecated_inventory,1,1,endpoint_inventory,function_authorization,1,1,0,0,1.127,19.0
phi3:mini|conservative,education::GET__discipline_id::jurisdiction_bypass::test_03_wrong_jurisdiction,education,GET /discipline/{id},jurisdiction_bypass,object_auth,wrong_jurisdiction,1,1,jurisdiction_scope,function_authorization,1,1,0,0,1.368,45.0
phi3:mini|conservative,education::GET__discipline_id::missing_audit_log::test_07_sensitive_field_probe,education,GET /discipline/{id},missing_audit_log,auditability,sensitive_field_probe,1,1,audit_obligation,authentication,1,1,0,0,1.183,3.0
phi3:mini|conservative,education::GET__discipline_id::missing_auth::test_06_unauthenticated,education,GET /discipline/{id},missing_auth,function_auth,unauthenticated,1,1,authentication,authentication,1,1,1,1,1.359,60.0
phi3:mini|conservative,education::GET__discipline_id::missing_object_check::test_03_wrong_jurisdiction,education,GET /discipline/{id},missing_object_check,object_auth,wrong_jurisdiction,1,1,object_scope,function_authorization,1,1,0,0,0.829,45.0
phi3:mini|conservative,education::GET__discipline_id::overbroad_role::test_02_wrong_role,education,GET /discipline/{id},overbroad_role,function_auth,wrong_role,1,1,function_authorization,function_authorization,1,1,1,1,2.962,60.0
phi3:mini|conservative,education::GET__discipline_id::purpose_bypass::test_04_wrong_purpose,education,GET /discipline/{id},purpose_bypass,purpose_scope,wrong_purpose,1,1,purpose_scope,function_authorization,1,1,0,0,1.456,45.0
phi3:mini|conservative,education::GET__students_id_record::aggregation_leak::test_08_aggregation_boundary,education,GET /students/{id}/record,aggregation_leak,property_auth,aggregation_boundary,1,1,aggregation_boundary,function_authorization,1,1,0,0,1.701,17.0
phi3:mini|conservative,education::GET__students_id_record::deprecated_exposed::test_09_deprecated_inventory,education,GET /students/{id}/record,deprecated_exposed,inventory,deprecated_inventory,1,1,endpoint_inventory,function_authorization,1,1,0,0,1.125,21.0
phi3:mini|conservative,education::GET__students_id_record::jurisdiction_bypass::test_03_wrong_jurisdiction,education,GET /students/{id}/record,jurisdiction_bypass,object_auth,wrong_jurisdiction,1,1,jurisdiction_scope,function_authorization,1,1,0,0,1.39,42.0
phi3:mini|conservative,education::GET__students_id_record::missing_audit_log::test_01_valid,education,GET /students/{id}/record,missing_audit_log,auditability,valid,1,1,audit_obligation,function_authorization,1,1,0,0,1.236,3.0
phi3:mini|conservative,education::GET__students_id_record::missing_audit_log::test_03_wrong_jurisdiction,education,GET /students/{id}/record,missing_audit_log,auditability,wrong_jurisdiction,1,1,audit_obligation,function_authorization,1,1,0,0,1.236,3.0
phi3:mini|conservative,education::GET__students_id_record::missing_audit_log::test_05_self_access,education,GET /students/{id}/record,missing_audit_log,auditability,self_access,1,1,audit_obligation,function_authorization,1,1,0,0,1.374,3.0
phi3:mini|conservative,education::GET__students_id_record::missing_auth::test_06_unauthenticated,education,GET /students/{id}/record,missing_auth,function_auth,unauthenticated,1,1,authentication,authentication,1,1,1,1,1.398,59.0
phi3:mini|conservative,education::GET__students_id_record::missing_field_filter::test_01_valid,education,GET /students/{id}/record,missing_field_filter,property_auth,valid,1,1,field_minimization,function_authorization,1,1,0,0,1.248,17.0
phi3:mini|conservative,education::GET__students_id_record::missing_object_check::test_03_wrong_jurisdiction,education,GET /students/{id}/record,missing_object_check,object_auth,wrong_jurisdiction,1,1,object_scope,function_authorization,1,1,0,0,1.262,42.0
phi3:mini|conservative,education::GET__students_id_record::overbroad_role::test_02_wrong_role,education,GET /students/{id}/record,overbroad_role,function_auth,wrong_role,1,1,function_authorization,function_authorization,1,1,1,1,1.323,59.0
phi3:mini|conservative,education::GET__students_id_record::purpose_bypass::test_04_wrong_purpose,education,GET /students/{id}/record,purpose_bypass,purpose_scope,wrong_purpose,1,1,purpose_scope,function_authorization,1,1,0,0,1.357,42.0
phi3:mini|conservative,health::GET__encounters_id::aggregation_leak::test_08_aggregation_boundary,health,GET /encounters/{id},aggregation_leak,property_auth,aggregation_boundary,1,1,aggregation_boundary,function_authorization,1,1,0,0,1.695,8.0
phi3:mini|conservative,health::GET__encounters_id::deprecated_exposed::test_09_deprecated_inventory,health,GET /encounters/{id},deprecated_exposed,inventory,deprecated_inventory,1,1,endpoint_inventory,function_authorization,1,1,0,0,1.14,12.0
phi3:mini|conservative,health::GET__encounters_id::jurisdiction_bypass::test_03_wrong_jurisdiction,health,GET /encounters/{id},jurisdiction_bypass,object_auth,wrong_jurisdiction,1,1,jurisdiction_scope,function_authorization,1,1,0,0,1.811,53.0
phi3:mini|conservative,health::GET__encounters_id::missing_auth::test_06_unauthenticated,health,GET /encounters/{id},missing_auth,function_auth,unauthenticated,1,1,authentication,authentication,1,1,1,1,1.373,61.0
phi3:mini|conservative,health::GET__encounters_id::missing_auth::test_09_deprecated_inventory,health,GET /encounters/{id},missing_auth,function_auth,deprecated_inventory,0,1,none,function_authorization,1,0,0,0,1.254,0.0
phi3:mini|conservative,health::GET__encounters_id::missing_field_filter::test_09_deprecated_inventory,health,GET /encounters/{id},missing_field_filter,property_auth,deprecated_inventory,1,1,field_minimization,function_authorization,1,1,0,0,1.234,8.0
phi3:mini|conservative,health::GET__encounters_id::missing_object_check::test_03_wrong_jurisdiction,health,GET /encounters/{id},missing_object_check,object_auth,wrong_jurisdiction,1,1,object_scope,function_authorization,1,1,0,0,1.261,53.0
phi3:mini|conservative,health::GET__encounters_id::overbroad_role::test_02_wrong_role,health,GET /encounters/{id},overbroad_role,function_auth,wrong_role,1,1,function_authorization,function_authorization,1,1,1,1,3.139,61.0
phi3:mini|conservative,health::GET__encounters_id::purpose_bypass::test_04_wrong_purpose,health,GET /encounters/{id},purpose_bypass,purpose_scope,wrong_purpose,1,1,purpose_scope,purpose_scope,1,1,1,1,1.55,53.0
phi3:mini|conservative,health::GET__patients_id::aggregation_leak::test_08_aggregation_boundary,health,GET /patients/{id},aggregation_leak,property_auth,aggregation_boundary,1,1,aggregation_boundary,function_authorization,1,1,0,0,1.657,4.0
phi3:mini|conservative,health::GET__patients_id::deprecated_exposed::test_09_deprecated_inventory,health,GET /patients/{id},deprecated_exposed,inventory,deprecated_inventory,1,1,endpoint_inventory,function_authorization,1,1,0,0,1.123,8.0
phi3:mini|conservative,health::GET__patients_id::jurisdiction_bypass::test_03_wrong_jurisdiction,health,GET /patients/{id},jurisdiction_bypass,object_auth,wrong_jurisdiction,1,1,jurisdiction_scope,function_authorization,1,1,0,0,1.21,57.0
phi3:mini|conservative,health::GET__patients_id::missing_audit_log::test_01_valid,health,GET /patients/{id},missing_audit_log,auditability,valid,1,1,audit_obligation,function_authorization,1,1,0,0,1.372,3.0
phi3:mini|conservative,health::GET__patients_id::missing_audit_log::test_07_sensitive_field_probe,health,GET /patients/{id},missing_audit_log,auditability,sensitive_field_probe,1,1,audit_obligation,function_authorization,1,1,0,0,0.933,3.0
phi3:mini|conservative,health::GET__patients_id::missing_auth::test_05_self_access,health,GET /patients/{id},missing_auth,function_auth,self_access,0,1,none,function_authorization,1,0,0,0,2.926,0.0
phi3:mini|conservative,health::GET__patients_id::missing_auth::test_06_unauthenticated,health,GET /patients/{id},missing_auth,function_auth,unauthenticated,1,1,authentication,authentication,1,1,1,1,1.345,61.0
phi3:mini|conservative,health::GET__patients_id::missing_field_filter::test_01_valid,health,GET /patients/{id},missing_field_filter,property_auth,valid,1,1,field_minimization,function_authorization,1,1,0,0,1.258,4.0
phi3:mini|conservative,health::GET__patients_id::missing_object_check::test_03_wrong_jurisdiction,health,GET /patients/{id},missing_object_check,object_auth,wrong_jurisdiction,1,1,object_scope,function_authorization,1,1,0,0,0.683,57.0
phi3:mini|conservative,health::GET__patients_id::overbroad_role::test_02_wrong_role,health,GET /patients/{id},overbroad_role,function_auth,wrong_role,1,1,function_authorization,function_authorization,1,1,1,1,2.867,61.0
phi3:mini|conservative,health::GET__patients_id::purpose_bypass::test_04_wrong_purpose,health,GET /patients/{id},purpose_bypass,purpose_scope,wrong_purpose,1,1,purpose_scope,function_authorization,1,1,0,0,1.411,57.0
phi3:mini|conservative,health::GET__patients_search::aggregation_leak::test_08_aggregation_boundary,health,GET /patients/search,aggregation_leak,property_auth,aggregation_boundary,1,1,aggregation_boundary,function_authorization,1,1,0,0,1.757,4.0
phi3:mini|conservative,health::GET__patients_search::deprecated_exposed::test_09_deprecated_inventory,health,GET /patients/search,deprecated_exposed,inventory,deprecated_inventory,1,1,endpoint_inventory,function_authorization,1,1,0,0,1.138,8.0
phi3:mini|conservative,health::GET__patients_search::jurisdiction_bypass::test_03_wrong_jurisdiction,health,GET /patients/search,jurisdiction_bypass,object_auth,wrong_jurisdiction,1,1,jurisdiction_scope,function_authorization,1,1,0,0,1.392,56.0
phi3:mini|conservative,health::GET__patients_search::jurisdiction_bypass::test_05_self_access,health,GET /patients/search,jurisdiction_bypass,object_auth,self_access,0,1,none,function_authorization,1,0,0,0,1.702,0.0
phi3:mini|conservative,health::GET__patients_search::missing_auth::test_06_unauthenticated,health,GET /patients/search,missing_auth,function_auth,unauthenticated,1,1,authentication,authentication,1,1,1,1,1.388,60.0
phi3:mini|conservative,health::GET__patients_search::missing_field_filter::test_08_aggregation_boundary,health,GET /patients/search,missing_field_filter,property_auth,aggregation_boundary,1,1,field_minimization,function_authorization,1,1,0,0,1.188,4.0
phi3:mini|conservative,health::GET__patients_search::missing_object_check::test_01_valid,health,GET /patients/search,missing_object_check,object_auth,valid,0,1,none,function_authorization,1,0,0,0,1.246,0.0
phi3:mini|conservative,health::GET__patients_search::missing_object_check::test_03_wrong_jurisdiction,health,GET /patients/search,missing_object_check,object_auth,wrong_jurisdiction,1,1,object_scope,function_authorization,1,1,0,0,0.828,56.0
phi3:mini|conservative,health::GET__patients_search::overbroad_role::test_02_wrong_role,health,GET /patients/search,overbroad_role,function_auth,wrong_role,1,1,function_authorization,function_authorization,1,1,1,1,1.512,60.0
phi3:mini|conservative,health::GET__patients_search::purpose_bypass::test_04_wrong_purpose,health,GET /patients/search,purpose_bypass,purpose_scope,wrong_purpose,1,1,purpose_scope,purpose_scope,1,1,1,1,1.444,56.0
phi3:mini|minimal,business_licensing::GET__inspections_id::aggregation_leak::test_08_aggregation_boundary,business_licensing,GET /inspections/{id},aggregation_leak,property_auth,aggregation_boundary,1,0,aggregation_boundary,object_scope,1,0,0,0,2.239,6.0
phi3:mini|minimal,business_licensing::GET__inspections_id::deprecated_exposed::test_09_deprecated_inventory,business_licensing,GET /inspections/{id},deprecated_exposed,inventory,deprecated_inventory,1,0,endpoint_inventory,object_scope,1,0,0,0,0.378,10.0
phi3:mini|minimal,business_licensing::GET__inspections_id::jurisdiction_bypass::test_03_wrong_jurisdiction,business_licensing,GET /inspections/{id},jurisdiction_bypass,object_auth,wrong_jurisdiction,1,0,jurisdiction_scope,function_authorization,1,0,0,0,0.569,37.0
phi3:mini|minimal,business_licensing::GET__inspections_id::missing_auth::test_06_unauthenticated,business_licensing,GET /inspections/{id},missing_auth,function_auth,unauthenticated,1,1,authentication,authentication,1,1,1,1,0.676,43.0
phi3:mini|minimal,business_licensing::GET__inspections_id::missing_object_check::test_03_wrong_jurisdiction,business_licensing,GET /inspections/{id},missing_object_check,object_auth,wrong_jurisdiction,1,0,object_scope,function_authorization,1,0,0,0,0.581,37.0
phi3:mini|minimal,business_licensing::GET__inspections_id::overbroad_role::test_02_wrong_role,business_licensing,GET /inspections/{id},overbroad_role,function_auth,wrong_role,1,0,function_authorization,function_authorization,1,0,1,0,0.636,43.0
phi3:mini|minimal,business_licensing::GET__inspections_id::purpose_bypass::test_04_wrong_purpose,business_licensing,GET /inspections/{id},purpose_bypass,purpose_scope,wrong_purpose,1,1,purpose_scope,purpose_scope,1,1,1,1,1.032,37.0
phi3:mini|minimal,business_licensing::GET__licenses_export::aggregation_leak::test_08_aggregation_boundary,business_licensing,GET /licenses/export,aggregation_leak,property_auth,aggregation_boundary,1,0,aggregation_boundary,unknown,1,0,0,0,1.031,4.0
phi3:mini|minimal,business_licensing::GET__licenses_export::deprecated_exposed::test_09_deprecated_inventory,business_licensing,GET /licenses/export,deprecated_exposed,inventory,deprecated_inventory,1,0,endpoint_inventory,unknown,1,0,0,0,0.443,8.0
phi3:mini|minimal,business_licensing::GET__licenses_export::jurisdiction_bypass::test_03_wrong_jurisdiction,business_licensing,GET /licenses/export,jurisdiction_bypass,object_auth,wrong_jurisdiction,1,0,jurisdiction_scope,function_authorization,1,0,0,0,0.608,40.0
phi3:mini|minimal,business_licensing::GET__licenses_export::missing_audit_log::test_08_aggregation_boundary,business_licensing,GET /licenses/export,missing_audit_log,auditability,aggregation_boundary,1,1,audit_obligation,purpose_scope,1,1,0,0,0.796,3.0
phi3:mini|minimal,business_licensing::GET__licenses_export::missing_auth::test_06_unauthenticated,business_licensing,GET /licenses/export,missing_auth,function_auth,unauthenticated,1,1,authentication,authentication,1,1,1,1,0.754,44.0
phi3:mini|minimal,business_licensing::GET__licenses_export::missing_auth::test_07_sensitive_field_probe,business_licensing,GET /licenses/export,missing_auth,function_auth,sensitive_field_probe,0,0,none,function_authorization,1,1,0,1,0.703,0.0
phi3:mini|minimal,business_licensing::GET__licenses_export::missing_field_filter::test_05_self_access,business_licensing,GET /licenses/export,missing_field_filter,property_auth,self_access,1,0,field_minimization,unknown,1,0,0,0,0.648,6.0
phi3:mini|minimal,business_licensing::GET__licenses_export::missing_object_check::test_03_wrong_jurisdiction,business_licensing,GET /licenses/export,missing_object_check,object_auth,wrong_jurisdiction,1,0,object_scope,function_authorization,1,0,0,0,0.674,40.0
phi3:mini|minimal,business_licensing::GET__licenses_export::overbroad_role::test_02_wrong_role,business_licensing,GET /licenses/export,overbroad_role,function_auth,wrong_role,1,1,function_authorization,purpose_scope,1,1,0,0,0.939,44.0
phi3:mini|minimal,business_licensing::GET__licenses_export::purpose_bypass::test_04_wrong_purpose,business_licensing,GET /licenses/export,purpose_bypass,purpose_scope,wrong_purpose,1,1,purpose_scope,purpose_scope,1,1,1,1,0.996,40.0
phi3:mini|minimal,business_licensing::GET__licenses_id::aggregation_leak::test_08_aggregation_boundary,business_licensing,GET /licenses/{id},aggregation_leak,property_auth,aggregation_boundary,1,0,aggregation_boundary,function_authorization,1,0,0,0,0.94,4.0
phi3:mini|minimal,business_licensing::GET__licenses_id::correct::test_06_unauthenticated,business_licensing,GET /licenses/{id},correct,clean,unauthenticated,0,1,none,authentication,1,0,0,0,0.666,0.0
phi3:mini|minimal,business_licensing::GET__licenses_id::deprecated_exposed::test_09_deprecated_inventory,business_licensing,GET /licenses/{id},deprecated_exposed,inventory,deprecated_inventory,1,0,endpoint_inventory,function_authorization,1,0,0,0,0.613,8.0
phi3:mini|minimal,business_licensing::GET__licenses_id::jurisdiction_bypass::test_03_wrong_jurisdiction,business_licensing,GET /licenses/{id},jurisdiction_bypass,object_auth,wrong_jurisdiction,1,0,jurisdiction_scope,object_scope,1,0,0,0,0.614,38.0
phi3:mini|minimal,business_licensing::GET__licenses_id::missing_audit_log::test_06_unauthenticated,business_licensing,GET /licenses/{id},missing_audit_log,auditability,unauthenticated,1,1,audit_obligation,authentication,1,1,0,0,0.657,3.0
phi3:mini|minimal,business_licensing::GET__licenses_id::missing_auth::test_06_unauthenticated,business_licensing,GET /licenses/{id},missing_auth,function_auth,unauthenticated,1,1,authentication,authentication,1,1,1,1,0.594,42.0
phi3:mini|minimal,business_licensing::GET__licenses_id::missing_object_check::test_03_wrong_jurisdiction,business_licensing,GET /licenses/{id},missing_object_check,object_auth,wrong_jurisdiction,1,0,object_scope,object_scope,1,0,1,0,0.607,38.0
phi3:mini|minimal,business_licensing::GET__licenses_id::overbroad_role::test_02_wrong_role,business_licensing,GET /licenses/{id},overbroad_role,function_auth,wrong_role,1,1,function_authorization,purpose_scope,1,1,0,0,1.107,42.0
phi3:mini|minimal,business_licensing::GET__licenses_id::purpose_bypass::test_04_wrong_purpose,business_licensing,GET /licenses/{id},purpose_bypass,purpose_scope,wrong_purpose,1,1,purpose_scope,purpose_scope,1,1,1,1,0.992,38.0
phi3:mini|minimal,citizen_services::GET__benefits_id::aggregation_leak::test_02_wrong_role,citizen_services,GET /benefits/{id},aggregation_leak,property_auth,wrong_role,0,1,none,authentication,1,0,0,0,1.261,0.0
phi3:mini|minimal,citizen_services::GET__benefits_id::aggregation_leak::test_08_aggregation_boundary,citizen_services,GET /benefits/{id},aggregation_leak,property_auth,aggregation_boundary,1,0,aggregation_boundary,object_scope,1,0,0,0,0.717,9.0
phi3:mini|minimal,citizen_services::GET__benefits_id::correct::test_09_deprecated_inventory,citizen_services,GET /benefits/{id},correct,clean,deprecated_inventory,0,1,none,purpose_scope,1,0,0,0,0.809,0.0
phi3:mini|minimal,citizen_services::GET__benefits_id::deprecated_exposed::test_09_deprecated_inventory,citizen_services,GET /benefits/{id},deprecated_exposed,inventory,deprecated_inventory,1,0,endpoint_inventory,object_scope,1,0,0,0,0.476,13.0
phi3:mini|minimal,citizen_services::GET__benefits_id::jurisdiction_bypass::test_03_wrong_jurisdiction,citizen_services,GET /benefits/{id},jurisdiction_bypass,object_auth,wrong_jurisdiction,1,1,jurisdiction_scope,purpose_scope,1,1,0,0,0.968,48.0
phi3:mini|minimal,citizen_services::GET__benefits_id::missing_audit_log::test_09_deprecated_inventory,citizen_services,GET /benefits/{id},missing_audit_log,auditability,deprecated_inventory,1,1,audit_obligation,purpose_scope,1,1,0,0,0.978,3.0
phi3:mini|minimal,citizen_services::GET__benefits_id::missing_auth::test_06_unauthenticated,citizen_services,GET /benefits/{id},missing_auth,function_auth,unauthenticated,1,1,authentication,authentication,1,1,1,1,0.787,57.0
phi3:mini|minimal,citizen_services::GET__benefits_id::missing_field_filter::test_07_sensitive_field_probe,citizen_services,GET /benefits/{id},missing_field_filter,property_auth,sensitive_field_probe,1,0,field_minimization,object_scope,1,0,0,0,0.696,9.0
phi3:mini|minimal,citizen_services::GET__benefits_id::missing_field_filter::test_09_deprecated_inventory,citizen_services,GET /benefits/{id},missing_field_filter,property_auth,deprecated_inventory,1,0,field_minimization,object_scope,1,0,0,0,0.36,9.0
phi3:mini|minimal,citizen_services::GET__benefits_id::missing_object_check::test_03_wrong_jurisdiction,citizen_services,GET /benefits/{id},missing_object_check,object_auth,wrong_jurisdiction,1,1,object_scope,purpose_scope,1,1,0,0,0.954,48.0
phi3:mini|minimal,citizen_services::GET__benefits_id::overbroad_role::test_02_wrong_role,citizen_services,GET /benefits/{id},overbroad_role,function_auth,wrong_role,1,1,function_authorization,purpose_scope,1,1,0,0,0.934,57.0
phi3:mini|minimal,citizen_services::GET__benefits_id::purpose_bypass::test_04_wrong_purpose,citizen_services,GET /benefits/{id},purpose_bypass,purpose_scope,wrong_purpose,1,1,purpose_scope,purpose_scope,1,1,1,1,1.009,48.0
phi3:mini|minimal,citizen_services::GET__citizens_export::aggregation_leak::test_08_aggregation_boundary,citizen_services,GET /citizens/export,aggregation_leak,property_auth,aggregation_boundary,1,0,aggregation_boundary,object_scope,1,0,0,0,0.943,11.0
phi3:mini|minimal,citizen_services::GET__citizens_export::deprecated_exposed::test_09_deprecated_inventory,citizen_services,GET /citizens/export,deprecated_exposed,inventory,deprecated_inventory,1,0,endpoint_inventory,object_scope,1,0,0,0,0.396,15.0
phi3:mini|minimal,citizen_services::GET__citizens_export::jurisdiction_bypass::test_03_wrong_jurisdiction,citizen_services,GET /citizens/export,jurisdiction_bypass,object_auth,wrong_jurisdiction,1,0,jurisdiction_scope,function_authorization,1,0,0,0,0.622,48.0
phi3:mini|minimal,citizen_services::GET__citizens_export::missing_audit_log::test_09_deprecated_inventory,citizen_services,GET /citizens/export,missing_audit_log,auditability,deprecated_inventory,1,1,audit_obligation,purpose_scope,1,1,0,0,0.788,3.0
phi3:mini|minimal,citizen_services::GET__citizens_export::missing_auth::test_06_unauthenticated,citizen_services,GET /citizens/export,missing_auth,function_auth,unauthenticated,1,1,authentication,authentication,1,1,1,1,0.905,59.0
phi3:mini|minimal,citizen_services::GET__citizens_export::missing_field_filter::test_05_self_access,citizen_services,GET /citizens/export,missing_field_filter,property_auth,self_access,1,1,field_minimization,purpose_scope,1,1,0,0,0.906,11.0
phi3:mini|minimal,citizen_services::GET__citizens_export::missing_field_filter::test_08_aggregation_boundary,citizen_services,GET /citizens/export,missing_field_filter,property_auth,aggregation_boundary,1,0,field_minimization,object_scope,1,0,0,0,0.639,11.0
phi3:mini|minimal,citizen_services::GET__citizens_export::missing_object_check::test_03_wrong_jurisdiction,citizen_services,GET /citizens/export,missing_object_check,object_auth,wrong_jurisdiction,1,0,object_scope,function_authorization,1,0,0,0,0.601,48.0
phi3:mini|minimal,citizen_services::GET__citizens_export::missing_object_check::test_05_self_access,citizen_services,GET /citizens/export,missing_object_check,object_auth,self_access,0,1,none,purpose_scope,1,0,0,0,0.813,0.0
phi3:mini|minimal,citizen_services::GET__citizens_export::overbroad_role::test_02_wrong_role,citizen_services,GET /citizens/export,overbroad_role,function_auth,wrong_role,1,1,function_authorization,purpose_scope,1,1,0,0,0.818,59.0
phi3:mini|minimal,citizen_services::GET__citizens_export::purpose_bypass::test_04_wrong_purpose,citizen_services,GET /citizens/export,purpose_bypass,purpose_scope,wrong_purpose,1,1,purpose_scope,purpose_scope,1,1,1,1,0.961,48.0
phi3:mini|minimal,citizen_services::GET__citizens_id::aggregation_leak::test_08_aggregation_boundary,citizen_services,GET /citizens/{id},aggregation_leak,property_auth,aggregation_boundary,1,0,aggregation_boundary,object_scope,1,0,0,0,0.909,11.0
phi3:mini|minimal,citizen_services::GET__citizens_id::deprecated_exposed::test_09_deprecated_inventory,citizen_services,GET /citizens/{id},deprecated_exposed,inventory,deprecated_inventory,1,0,endpoint_inventory,object_scope,1,0,0,0,0.389,15.0
phi3:mini|minimal,citizen_services::GET__citizens_id::jurisdiction_bypass::test_03_wrong_jurisdiction,citizen_services,GET /citizens/{id},jurisdiction_bypass,object_auth,wrong_jurisdiction,1,1,jurisdiction_scope,object_scope,1,1,0,0,0.925,47.0
phi3:mini|minimal,citizen_services::GET__citizens_id::missing_auth::test_06_unauthenticated,citizen_services,GET /citizens/{id},missing_auth,function_auth,unauthenticated,1,1,authentication,authentication,1,1,1,1,0.749,58.0
phi3:mini|minimal,citizen_services::GET__citizens_id::missing_field_filter::test_07_sensitive_field_probe,citizen_services,GET /citizens/{id},missing_field_filter,property_auth,sensitive_field_probe,1,0,field_minimization,object_scope,1,0,0,0,0.7,11.0
phi3:mini|minimal,citizen_services::GET__citizens_id::missing_field_filter::test_09_deprecated_inventory,citizen_services,GET /citizens/{id},missing_field_filter,property_auth,deprecated_inventory,1,0,field_minimization,object_scope,1,0,0,0,0.361,11.0
phi3:mini|minimal,citizen_services::GET__citizens_id::missing_object_check::test_03_wrong_jurisdiction,citizen_services,GET /citizens/{id},missing_object_check,object_auth,wrong_jurisdiction,1,1,object_scope,object_scope,1,1,1,1,0.938,47.0
phi3:mini|minimal,citizen_services::GET__citizens_id::overbroad_role::test_02_wrong_role,citizen_services,GET /citizens/{id},overbroad_role,function_auth,wrong_role,1,1,function_authorization,object_scope,1,1,0,0,1.021,58.0
phi3:mini|minimal,citizen_services::GET__citizens_id::purpose_bypass::test_04_wrong_purpose,citizen_services,GET /citizens/{id},purpose_bypass,purpose_scope,wrong_purpose,1,1,purpose_scope,purpose_scope,1,1,1,1,1.017,47.0
phi3:mini|minimal,citizen_services::GET__citizens_id::purpose_bypass::test_06_unauthenticated,citizen_services,GET /citizens/{id},purpose_bypass,purpose_scope,unauthenticated,0,1,none,authentication,1,0,0,0,0.719,0.0
phi3:mini|minimal,education::GET__classes_id_roster::aggregation_leak::test_03_wrong_jurisdiction,education,GET /classes/{id}/roster,aggregation_leak,property_auth,wrong_jurisdiction,0,1,none,function_authorization,1,0,0,0,1.113,0.0
phi3:mini|minimal,education::GET__classes_id_roster::aggregation_leak::test_08_aggregation_boundary,education,GET /classes/{id}/roster,aggregation_leak,property_auth,aggregation_boundary,1,0,aggregation_boundary,field_minimization,1,0,0,0,0.62,17.0
phi3:mini|minimal,education::GET__classes_id_roster::deprecated_exposed::test_09_deprecated_inventory,education,GET /classes/{id}/roster,deprecated_exposed,inventory,deprecated_inventory,1,0,endpoint_inventory,field_minimization,1,0,0,0,0.409,21.0
phi3:mini|minimal,education::GET__classes_id_roster::jurisdiction_bypass::test_03_wrong_jurisdiction,education,GET /classes/{id}/roster,jurisdiction_bypass,object_auth,wrong_jurisdiction,1,1,jurisdiction_scope,purpose_scope,1,1,0,0,0.911,42.0
phi3:mini|minimal,education::GET__classes_id_roster::jurisdiction_bypass::test_04_wrong_purpose,education,GET /classes/{id}/roster,jurisdiction_bypass,object_auth,wrong_purpose,0,1,none,purpose_scope,1,0,0,0,0.647,0.0
phi3:mini|minimal,education::GET__classes_id_roster::missing_audit_log::test_03_wrong_jurisdiction,education,GET /classes/{id}/roster,missing_audit_log,auditability,wrong_jurisdiction,1,1,audit_obligation,function_authorization,1,1,0,0,0.782,3.0
phi3:mini|minimal,education::GET__classes_id_roster::missing_audit_log::test_04_wrong_purpose,education,GET /classes/{id}/roster,missing_audit_log,auditability,wrong_purpose,1,1,audit_obligation,purpose_scope,1,1,0,0,0.667,3.0
phi3:mini|minimal,education::GET__classes_id_roster::missing_auth::test_06_unauthenticated,education,GET /classes/{id}/roster,missing_auth,function_auth,unauthenticated,1,1,authentication,function_authorization,1,1,0,0,0.952,59.0
phi3:mini|minimal,education::GET__classes_id_roster::missing_field_filter::test_05_self_access,education,GET /classes/{id}/roster,missing_field_filter,property_auth,self_access,1,1,field_minimization,purpose_scope,1,1,0,0,1.012,17.0
phi3:mini|minimal,education::GET__classes_id_roster::missing_object_check::test_03_wrong_jurisdiction,education,GET /classes/{id}/roster,missing_object_check,object_auth,wrong_jurisdiction,1,1,object_scope,purpose_scope,1,1,0,0,0.953,42.0
phi3:mini|minimal,education::GET__classes_id_roster::overbroad_role::test_02_wrong_role,education,GET /classes/{id}/roster,overbroad_role,function_auth,wrong_role,1,1,function_authorization,purpose_scope,1,1,0,0,0.995,59.0
phi3:mini|minimal,education::GET__classes_id_roster::purpose_bypass::test_04_wrong_purpose,education,GET /classes/{id}/roster,purpose_bypass,purpose_scope,wrong_purpose,1,1,purpose_scope,purpose_scope,1,1,1,1,0.98,42.0
phi3:mini|minimal,education::GET__discipline_id::aggregation_leak::test_08_aggregation_boundary,education,GET /discipline/{id},aggregation_leak,property_auth,aggregation_boundary,1,0,aggregation_boundary,function_authorization,1,0,0,0,0.953,15.0
phi3:mini|minimal,education::GET__discipline_id::deprecated_exposed::test_09_deprecated_inventory,education,GET /discipline/{id},deprecated_exposed,inventory,deprecated_inventory,1,0,endpoint_inventory,function_authorization,1,0,0,0,0.399,19.0
phi3:mini|minimal,education::GET__discipline_id::jurisdiction_bypass::test_03_wrong_jurisdiction,education,GET /discipline/{id},jurisdiction_bypass,object_auth,wrong_jurisdiction,1,1,jurisdiction_scope,purpose_scope,1,1,0,0,0.884,45.0
phi3:mini|minimal,education::GET__discipline_id::missing_audit_log::test_07_sensitive_field_probe,education,GET /discipline/{id},missing_audit_log,auditability,sensitive_field_probe,1,1,audit_obligation,authentication,1,1,0,0,0.67,3.0
phi3:mini|minimal,education::GET__discipline_id::missing_auth::test_06_unauthenticated,education,GET /discipline/{id},missing_auth,function_auth,unauthenticated,1,1,authentication,authentication,1,1,1,1,0.75,60.0
phi3:mini|minimal,education::GET__discipline_id::missing_object_check::test_03_wrong_jurisdiction,education,GET /discipline/{id},missing_object_check,object_auth,wrong_jurisdiction,1,1,object_scope,purpose_scope,1,1,0,0,0.954,45.0
phi3:mini|minimal,education::GET__discipline_id::overbroad_role::test_02_wrong_role,education,GET /discipline/{id},overbroad_role,function_auth,wrong_role,1,1,function_authorization,authentication,1,1,0,0,0.756,60.0
phi3:mini|minimal,education::GET__discipline_id::purpose_bypass::test_04_wrong_purpose,education,GET /discipline/{id},purpose_bypass,purpose_scope,wrong_purpose,1,1,purpose_scope,purpose_scope,1,1,1,1,0.93,45.0
phi3:mini|minimal,education::GET__students_id_record::aggregation_leak::test_08_aggregation_boundary,education,GET /students/{id}/record,aggregation_leak,property_auth,aggregation_boundary,1,1,aggregation_boundary,function_authorization,1,1,0,0,1.25,17.0
phi3:mini|minimal,education::GET__students_id_record::deprecated_exposed::test_09_deprecated_inventory,education,GET /students/{id}/record,deprecated_exposed,inventory,deprecated_inventory,1,0,endpoint_inventory,function_authorization,1,0,0,0,0.392,21.0
phi3:mini|minimal,education::GET__students_id_record::jurisdiction_bypass::test_03_wrong_jurisdiction,education,GET /students/{id}/record,jurisdiction_bypass,object_auth,wrong_jurisdiction,1,1,jurisdiction_scope,function_authorization,1,1,0,0,1.02,42.0
phi3:mini|minimal,education::GET__students_id_record::missing_audit_log::test_01_valid,education,GET /students/{id}/record,missing_audit_log,auditability,valid,1,1,audit_obligation,function_authorization,1,1,0,0,1.101,3.0
phi3:mini|minimal,education::GET__students_id_record::missing_audit_log::test_03_wrong_jurisdiction,education,GET /students/{id}/record,missing_audit_log,auditability,wrong_jurisdiction,1,1,audit_obligation,function_authorization,1,1,0,0,0.744,3.0
phi3:mini|minimal,education::GET__students_id_record::missing_audit_log::test_05_self_access,education,GET /students/{id}/record,missing_audit_log,auditability,self_access,1,1,audit_obligation,purpose_scope,1,1,0,0,0.996,3.0
phi3:mini|minimal,education::GET__students_id_record::missing_auth::test_06_unauthenticated,education,GET /students/{id}/record,missing_auth,function_auth,unauthenticated,1,1,authentication,authentication,1,1,1,1,0.923,59.0
phi3:mini|minimal,education::GET__students_id_record::missing_field_filter::test_01_valid,education,GET /students/{id}/record,missing_field_filter,property_auth,valid,1,1,field_minimization,function_authorization,1,1,0,0,1.009,17.0
phi3:mini|minimal,education::GET__students_id_record::missing_object_check::test_03_wrong_jurisdiction,education,GET /students/{id}/record,missing_object_check,object_auth,wrong_jurisdiction,1,1,object_scope,function_authorization,1,1,0,0,1.041,42.0
phi3:mini|minimal,education::GET__students_id_record::overbroad_role::test_02_wrong_role,education,GET /students/{id}/record,overbroad_role,function_auth,wrong_role,1,1,function_authorization,function_authorization,1,1,1,1,0.956,59.0
phi3:mini|minimal,education::GET__students_id_record::purpose_bypass::test_04_wrong_purpose,education,GET /students/{id}/record,purpose_bypass,purpose_scope,wrong_purpose,1,1,purpose_scope,purpose_scope,1,1,1,1,0.96,42.0
phi3:mini|minimal,health::GET__encounters_id::aggregation_leak::test_08_aggregation_boundary,health,GET /encounters/{id},aggregation_leak,property_auth,aggregation_boundary,1,1,aggregation_boundary,purpose_scope,1,1,0,0,1.116,8.0
phi3:mini|minimal,health::GET__encounters_id::deprecated_exposed::test_09_deprecated_inventory,health,GET /encounters/{id},deprecated_exposed,inventory,deprecated_inventory,1,0,endpoint_inventory,unknown,1,0,0,0,0.368,12.0
phi3:mini|minimal,health::GET__encounters_id::jurisdiction_bypass::test_03_wrong_jurisdiction,health,GET /encounters/{id},jurisdiction_bypass,object_auth,wrong_jurisdiction,1,1,jurisdiction_scope,purpose_scope,1,1,0,0,0.955,53.0
phi3:mini|minimal,health::GET__encounters_id::missing_auth::test_06_unauthenticated,health,GET /encounters/{id},missing_auth,function_auth,unauthenticated,1,1,authentication,authentication,1,1,1,1,0.906,61.0
phi3:mini|minimal,health::GET__encounters_id::missing_auth::test_09_deprecated_inventory,health,GET /encounters/{id},missing_auth,function_auth,deprecated_inventory,0,0,none,unknown,1,1,0,1,0.657,0.0
phi3:mini|minimal,health::GET__encounters_id::missing_field_filter::test_09_deprecated_inventory,health,GET /encounters/{id},missing_field_filter,property_auth,deprecated_inventory,1,1,field_minimization,purpose_scope,1,1,0,0,0.617,8.0
phi3:mini|minimal,health::GET__encounters_id::missing_object_check::test_03_wrong_jurisdiction,health,GET /encounters/{id},missing_object_check,object_auth,wrong_jurisdiction,1,1,object_scope,purpose_scope,1,1,0,0,0.963,53.0
phi3:mini|minimal,health::GET__encounters_id::overbroad_role::test_02_wrong_role,health,GET /encounters/{id},overbroad_role,function_auth,wrong_role,1,1,function_authorization,purpose_scope,1,1,0,0,1.056,61.0
phi3:mini|minimal,health::GET__encounters_id::purpose_bypass::test_04_wrong_purpose,health,GET /encounters/{id},purpose_bypass,purpose_scope,wrong_purpose,1,1,purpose_scope,purpose_scope,1,1,1,1,0.999,53.0
phi3:mini|minimal,health::GET__patients_id::aggregation_leak::test_08_aggregation_boundary,health,GET /patients/{id},aggregation_leak,property_auth,aggregation_boundary,1,0,aggregation_boundary,function_authorization,1,0,0,0,0.918,4.0
phi3:mini|minimal,health::GET__patients_id::deprecated_exposed::test_09_deprecated_inventory,health,GET /patients/{id},deprecated_exposed,inventory,deprecated_inventory,1,0,endpoint_inventory,function_authorization,1,0,0,0,0.396,8.0
phi3:mini|minimal,health::GET__patients_id::jurisdiction_bypass::test_03_wrong_jurisdiction,health,GET /patients/{id},jurisdiction_bypass,object_auth,wrong_jurisdiction,1,1,jurisdiction_scope,function_authorization,1,1,0,0,1.137,57.0
phi3:mini|minimal,health::GET__patients_id::missing_audit_log::test_01_valid,health,GET /patients/{id},missing_audit_log,auditability,valid,1,1,audit_obligation,function_authorization,1,1,0,0,2.155,3.0
phi3:mini|minimal,health::GET__patients_id::missing_audit_log::test_07_sensitive_field_probe,health,GET /patients/{id},missing_audit_log,auditability,sensitive_field_probe,1,1,audit_obligation,function_authorization,1,1,0,0,2.016,3.0
phi3:mini|minimal,health::GET__patients_id::missing_auth::test_05_self_access,health,GET /patients/{id},missing_auth,function_auth,self_access,0,1,none,function_authorization,1,0,0,0,1.115,0.0
phi3:mini|minimal,health::GET__patients_id::missing_auth::test_06_unauthenticated,health,GET /patients/{id},missing_auth,function_auth,unauthenticated,1,1,authentication,authentication,1,1,1,1,0.694,61.0
phi3:mini|minimal,health::GET__patients_id::missing_field_filter::test_01_valid,health,GET /patients/{id},missing_field_filter,property_auth,valid,1,0,field_minimization,function_authorization,1,0,0,0,0.655,4.0
phi3:mini|minimal,health::GET__patients_id::missing_object_check::test_03_wrong_jurisdiction,health,GET /patients/{id},missing_object_check,object_auth,wrong_jurisdiction,1,1,object_scope,function_authorization,1,1,0,0,1.151,57.0
phi3:mini|minimal,health::GET__patients_id::overbroad_role::test_02_wrong_role,health,GET /patients/{id},overbroad_role,function_auth,wrong_role,1,1,function_authorization,purpose_scope,1,1,0,0,0.817,61.0
phi3:mini|minimal,health::GET__patients_id::purpose_bypass::test_04_wrong_purpose,health,GET /patients/{id},purpose_bypass,purpose_scope,wrong_purpose,1,1,purpose_scope,purpose_scope,1,1,1,1,0.789,57.0
phi3:mini|minimal,health::GET__patients_search::aggregation_leak::test_08_aggregation_boundary,health,GET /patients/search,aggregation_leak,property_auth,aggregation_boundary,1,0,aggregation_boundary,unknown,1,0,0,0,0.938,4.0
phi3:mini|minimal,health::GET__patients_search::deprecated_exposed::test_09_deprecated_inventory,health,GET /patients/search,deprecated_exposed,inventory,deprecated_inventory,1,0,endpoint_inventory,unknown,1,0,0,0,0.368,8.0
phi3:mini|minimal,health::GET__patients_search::jurisdiction_bypass::test_03_wrong_jurisdiction,health,GET /patients/search,jurisdiction_bypass,object_auth,wrong_jurisdiction,1,0,jurisdiction_scope,function_authorization,1,0,0,0,0.609,56.0
phi3:mini|minimal,health::GET__patients_search::jurisdiction_bypass::test_05_self_access,health,GET /patients/search,jurisdiction_bypass,object_auth,self_access,0,1,none,purpose_scope,1,0,0,0,0.953,0.0
phi3:mini|minimal,health::GET__patients_search::missing_auth::test_06_unauthenticated,health,GET /patients/search,missing_auth,function_auth,unauthenticated,1,1,authentication,function_authorization,1,1,0,0,0.82,60.0
phi3:mini|minimal,health::GET__patients_search::missing_field_filter::test_08_aggregation_boundary,health,GET /patients/search,missing_field_filter,property_auth,aggregation_boundary,1,0,field_minimization,unknown,1,0,0,0,0.675,4.0
phi3:mini|minimal,health::GET__patients_search::missing_object_check::test_01_valid,health,GET /patients/search,missing_object_check,object_auth,valid,0,0,none,function_authorization,1,1,0,1,0.49,0.0
phi3:mini|minimal,health::GET__patients_search::missing_object_check::test_03_wrong_jurisdiction,health,GET /patients/search,missing_object_check,object_auth,wrong_jurisdiction,1,0,object_scope,function_authorization,1,0,0,0,0.608,56.0
phi3:mini|minimal,health::GET__patients_search::overbroad_role::test_02_wrong_role,health,GET /patients/search,overbroad_role,function_auth,wrong_role,1,1,function_authorization,function_authorization,1,1,1,1,0.999,60.0
phi3:mini|minimal,health::GET__patients_search::purpose_bypass::test_04_wrong_purpose,health,GET /patients/search,purpose_bypass,purpose_scope,wrong_purpose,1,1,purpose_scope,purpose_scope,1,1,1,1,1.053,56.0
qwen2.5-coder:14b|checklist,business_licensing::GET__inspections_id::aggregation_leak::test_08_aggregation_boundary,business_licensing,GET /inspections/{id},aggregation_leak,property_auth,aggregation_boundary,1,1,aggregation_boundary,field_minimization,1,1,0,0,5.286,6.0
qwen2.5-coder:14b|checklist,business_licensing::GET__inspections_id::deprecated_exposed::test_09_deprecated_inventory,business_licensing,GET /inspections/{id},deprecated_exposed,inventory,deprecated_inventory,1,1,endpoint_inventory,field_minimization,1,1,0,0,3.64,10.0
qwen2.5-coder:14b|checklist,business_licensing::GET__inspections_id::jurisdiction_bypass::test_03_wrong_jurisdiction,business_licensing,GET /inspections/{id},jurisdiction_bypass,object_auth,wrong_jurisdiction,1,0,jurisdiction_scope,none,1,0,0,0,3.058,37.0
qwen2.5-coder:14b|checklist,business_licensing::GET__inspections_id::missing_auth::test_06_unauthenticated,business_licensing,GET /inspections/{id},missing_auth,function_auth,unauthenticated,1,1,authentication,authentication,1,1,1,1,3.246,43.0
qwen2.5-coder:14b|checklist,business_licensing::GET__inspections_id::missing_object_check::test_03_wrong_jurisdiction,business_licensing,GET /inspections/{id},missing_object_check,object_auth,wrong_jurisdiction,1,0,object_scope,none,1,0,0,0,1.582,37.0
qwen2.5-coder:14b|checklist,business_licensing::GET__inspections_id::overbroad_role::test_02_wrong_role,business_licensing,GET /inspections/{id},overbroad_role,function_auth,wrong_role,1,1,function_authorization,function_authorization,1,1,1,1,4.128,43.0
qwen2.5-coder:14b|checklist,business_licensing::GET__inspections_id::purpose_bypass::test_04_wrong_purpose,business_licensing,GET /inspections/{id},purpose_bypass,purpose_scope,wrong_purpose,1,1,purpose_scope,purpose_scope,1,1,1,1,4.08,37.0
qwen2.5-coder:14b|checklist,business_licensing::GET__licenses_export::aggregation_leak::test_08_aggregation_boundary,business_licensing,GET /licenses/export,aggregation_leak,property_auth,aggregation_boundary,1,1,aggregation_boundary,field_minimization,1,1,0,0,4.604,4.0
qwen2.5-coder:14b|checklist,business_licensing::GET__licenses_export::deprecated_exposed::test_09_deprecated_inventory,business_licensing,GET /licenses/export,deprecated_exposed,inventory,deprecated_inventory,1,1,endpoint_inventory,field_minimization,1,1,0,0,3.313,8.0
qwen2.5-coder:14b|checklist,business_licensing::GET__licenses_export::jurisdiction_bypass::test_03_wrong_jurisdiction,business_licensing,GET /licenses/export,jurisdiction_bypass,object_auth,wrong_jurisdiction,1,1,jurisdiction_scope,field_minimization,1,1,0,0,3.741,40.0
qwen2.5-coder:14b|checklist,business_licensing::GET__licenses_export::missing_audit_log::test_08_aggregation_boundary,business_licensing,GET /licenses/export,missing_audit_log,auditability,aggregation_boundary,1,1,audit_obligation,field_minimization,1,1,0,0,3.561,3.0
qwen2.5-coder:14b|checklist,business_licensing::GET__licenses_export::missing_auth::test_06_unauthenticated,business_licensing,GET /licenses/export,missing_auth,function_auth,unauthenticated,1,1,authentication,authentication,1,1,1,1,3.482,44.0
qwen2.5-coder:14b|checklist,business_licensing::GET__licenses_export::missing_auth::test_07_sensitive_field_probe,business_licensing,GET /licenses/export,missing_auth,function_auth,sensitive_field_probe,0,1,none,field_minimization,1,0,0,0,3.144,0.0
qwen2.5-coder:14b|checklist,business_licensing::GET__licenses_export::missing_field_filter::test_05_self_access,business_licensing,GET /licenses/export,missing_field_filter,property_auth,self_access,1,1,field_minimization,field_minimization,1,1,1,1,3.722,6.0
qwen2.5-coder:14b|checklist,business_licensing::GET__licenses_export::missing_object_check::test_03_wrong_jurisdiction,business_licensing,GET /licenses/export,missing_object_check,object_auth,wrong_jurisdiction,1,1,object_scope,field_minimization,1,1,0,0,2.434,40.0
qwen2.5-coder:14b|checklist,business_licensing::GET__licenses_export::overbroad_role::test_02_wrong_role,business_licensing,GET /licenses/export,overbroad_role,function_auth,wrong_role,1,1,function_authorization,function_authorization,1,1,1,1,3.948,44.0
qwen2.5-coder:14b|checklist,business_licensing::GET__licenses_export::purpose_bypass::test_04_wrong_purpose,business_licensing,GET /licenses/export,purpose_bypass,purpose_scope,wrong_purpose,1,1,purpose_scope,purpose_scope,1,1,1,1,3.941,40.0
qwen2.5-coder:14b|checklist,business_licensing::GET__licenses_id::aggregation_leak::test_08_aggregation_boundary,business_licensing,GET /licenses/{id},aggregation_leak,property_auth,aggregation_boundary,1,1,aggregation_boundary,field_minimization,1,1,0,0,4.763,4.0
qwen2.5-coder:14b|checklist,business_licensing::GET__licenses_id::correct::test_06_unauthenticated,business_licensing,GET /licenses/{id},correct,clean,unauthenticated,0,1,none,authentication,1,0,0,0,4.584,0.0
qwen2.5-coder:14b|checklist,business_licensing::GET__licenses_id::deprecated_exposed::test_09_deprecated_inventory,business_licensing,GET /licenses/{id},deprecated_exposed,inventory,deprecated_inventory,1,1,endpoint_inventory,field_minimization,1,1,0,0,3.316,8.0
qwen2.5-coder:14b|checklist,business_licensing::GET__licenses_id::jurisdiction_bypass::test_03_wrong_jurisdiction,business_licensing,GET /licenses/{id},jurisdiction_bypass,object_auth,wrong_jurisdiction,1,1,jurisdiction_scope,field_minimization,1,1,0,0,3.926,38.0
qwen2.5-coder:14b|checklist,business_licensing::GET__licenses_id::missing_audit_log::test_06_unauthenticated,business_licensing,GET /licenses/{id},missing_audit_log,auditability,unauthenticated,1,1,audit_obligation,authentication,1,1,0,0,3.929,3.0
qwen2.5-coder:14b|checklist,business_licensing::GET__licenses_id::missing_auth::test_06_unauthenticated,business_licensing,GET /licenses/{id},missing_auth,function_auth,unauthenticated,1,1,authentication,authentication,1,1,1,1,3.021,42.0
qwen2.5-coder:14b|checklist,business_licensing::GET__licenses_id::missing_object_check::test_03_wrong_jurisdiction,business_licensing,GET /licenses/{id},missing_object_check,object_auth,wrong_jurisdiction,1,1,object_scope,field_minimization,1,1,0,0,2.573,38.0
qwen2.5-coder:14b|checklist,business_licensing::GET__licenses_id::overbroad_role::test_02_wrong_role,business_licensing,GET /licenses/{id},overbroad_role,function_auth,wrong_role,1,1,function_authorization,function_authorization,1,1,1,1,3.907,42.0
qwen2.5-coder:14b|checklist,business_licensing::GET__licenses_id::purpose_bypass::test_04_wrong_purpose,business_licensing,GET /licenses/{id},purpose_bypass,purpose_scope,wrong_purpose,1,1,purpose_scope,purpose_scope,1,1,1,1,4.063,38.0
qwen2.5-coder:14b|checklist,citizen_services::GET__benefits_id::aggregation_leak::test_02_wrong_role,citizen_services,GET /benefits/{id},aggregation_leak,property_auth,wrong_role,0,1,none,function_authorization,1,0,0,0,4.68,0.0
qwen2.5-coder:14b|checklist,citizen_services::GET__benefits_id::aggregation_leak::test_08_aggregation_boundary,citizen_services,GET /benefits/{id},aggregation_leak,property_auth,aggregation_boundary,1,1,aggregation_boundary,field_minimization,1,1,0,0,3.919,9.0
qwen2.5-coder:14b|checklist,citizen_services::GET__benefits_id::correct::test_09_deprecated_inventory,citizen_services,GET /benefits/{id},correct,clean,deprecated_inventory,0,1,none,field_minimization,1,0,0,0,3.634,0.0
qwen2.5-coder:14b|checklist,citizen_services::GET__benefits_id::deprecated_exposed::test_09_deprecated_inventory,citizen_services,GET /benefits/{id},deprecated_exposed,inventory,deprecated_inventory,1,1,endpoint_inventory,field_minimization,1,1,0,0,3.343,13.0
qwen2.5-coder:14b|checklist,citizen_services::GET__benefits_id::jurisdiction_bypass::test_03_wrong_jurisdiction,citizen_services,GET /benefits/{id},jurisdiction_bypass,object_auth,wrong_jurisdiction,1,1,jurisdiction_scope,object_scope,1,1,0,0,3.492,48.0
qwen2.5-coder:14b|checklist,citizen_services::GET__benefits_id::missing_audit_log::test_09_deprecated_inventory,citizen_services,GET /benefits/{id},missing_audit_log,auditability,deprecated_inventory,1,1,audit_obligation,audit_obligation,1,1,1,1,3.37,3.0
qwen2.5-coder:14b|checklist,citizen_services::GET__benefits_id::missing_auth::test_06_unauthenticated,citizen_services,GET /benefits/{id},missing_auth,function_auth,unauthenticated,1,1,authentication,authentication,1,1,1,1,3.588,57.0
qwen2.5-coder:14b|checklist,citizen_services::GET__benefits_id::missing_field_filter::test_07_sensitive_field_probe,citizen_services,GET /benefits/{id},missing_field_filter,property_auth,sensitive_field_probe,1,1,field_minimization,field_minimization,1,1,1,1,3.317,9.0
qwen2.5-coder:14b|checklist,citizen_services::GET__benefits_id::missing_field_filter::test_09_deprecated_inventory,citizen_services,GET /benefits/{id},missing_field_filter,property_auth,deprecated_inventory,1,1,field_minimization,field_minimization,1,1,1,1,2.444,9.0
qwen2.5-coder:14b|checklist,citizen_services::GET__benefits_id::missing_object_check::test_03_wrong_jurisdiction,citizen_services,GET /benefits/{id},missing_object_check,object_auth,wrong_jurisdiction,1,1,object_scope,object_scope,1,1,1,1,2.224,48.0
qwen2.5-coder:14b|checklist,citizen_services::GET__benefits_id::overbroad_role::test_02_wrong_role,citizen_services,GET /benefits/{id},overbroad_role,function_auth,wrong_role,1,1,function_authorization,function_authorization,1,1,1,1,3.054,57.0
qwen2.5-coder:14b|checklist,citizen_services::GET__benefits_id::purpose_bypass::test_04_wrong_purpose,citizen_services,GET /benefits/{id},purpose_bypass,purpose_scope,wrong_purpose,1,1,purpose_scope,purpose_scope,1,1,1,1,3.742,48.0
qwen2.5-coder:14b|checklist,citizen_services::GET__citizens_export::aggregation_leak::test_08_aggregation_boundary,citizen_services,GET /citizens/export,aggregation_leak,property_auth,aggregation_boundary,1,1,aggregation_boundary,field_minimization,1,1,0,0,4.606,11.0
qwen2.5-coder:14b|checklist,citizen_services::GET__citizens_export::deprecated_exposed::test_09_deprecated_inventory,citizen_services,GET /citizens/export,deprecated_exposed,inventory,deprecated_inventory,1,1,endpoint_inventory,field_minimization,1,1,0,0,3.256,15.0
qwen2.5-coder:14b|checklist,citizen_services::GET__citizens_export::jurisdiction_bypass::test_03_wrong_jurisdiction,citizen_services,GET /citizens/export,jurisdiction_bypass,object_auth,wrong_jurisdiction,1,1,jurisdiction_scope,field_minimization,1,1,0,0,5.997,48.0
qwen2.5-coder:14b|checklist,citizen_services::GET__citizens_export::missing_audit_log::test_09_deprecated_inventory,citizen_services,GET /citizens/export,missing_audit_log,auditability,deprecated_inventory,1,1,audit_obligation,audit_obligation,1,1,1,1,3.328,3.0
qwen2.5-coder:14b|checklist,citizen_services::GET__citizens_export::missing_auth::test_06_unauthenticated,citizen_services,GET /citizens/export,missing_auth,function_auth,unauthenticated,1,1,authentication,authentication,1,1,1,1,3.624,59.0
qwen2.5-coder:14b|checklist,citizen_services::GET__citizens_export::missing_field_filter::test_05_self_access,citizen_services,GET /citizens/export,missing_field_filter,property_auth,self_access,1,1,field_minimization,field_minimization,1,1,1,1,3.904,11.0
qwen2.5-coder:14b|checklist,citizen_services::GET__citizens_export::missing_field_filter::test_08_aggregation_boundary,citizen_services,GET /citizens/export,missing_field_filter,property_auth,aggregation_boundary,1,1,field_minimization,field_minimization,1,1,1,1,3.551,11.0
qwen2.5-coder:14b|checklist,citizen_services::GET__citizens_export::missing_object_check::test_03_wrong_jurisdiction,citizen_services,GET /citizens/export,missing_object_check,object_auth,wrong_jurisdiction,1,1,object_scope,field_minimization,1,1,0,0,6.03,48.0
qwen2.5-coder:14b|checklist,citizen_services::GET__citizens_export::missing_object_check::test_05_self_access,citizen_services,GET /citizens/export,missing_object_check,object_auth,self_access,0,1,none,field_minimization,1,0,0,0,3.259,0.0
qwen2.5-coder:14b|checklist,citizen_services::GET__citizens_export::overbroad_role::test_02_wrong_role,citizen_services,GET /citizens/export,overbroad_role,function_auth,wrong_role,1,1,function_authorization,function_authorization,1,1,1,1,4.17,59.0
qwen2.5-coder:14b|checklist,citizen_services::GET__citizens_export::purpose_bypass::test_04_wrong_purpose,citizen_services,GET /citizens/export,purpose_bypass,purpose_scope,wrong_purpose,1,1,purpose_scope,purpose_scope,1,1,1,1,3.827,48.0
qwen2.5-coder:14b|checklist,citizen_services::GET__citizens_id::aggregation_leak::test_08_aggregation_boundary,citizen_services,GET /citizens/{id},aggregation_leak,property_auth,aggregation_boundary,1,1,aggregation_boundary,field_minimization,1,1,0,0,4.522,11.0
qwen2.5-coder:14b|checklist,citizen_services::GET__citizens_id::deprecated_exposed::test_09_deprecated_inventory,citizen_services,GET /citizens/{id},deprecated_exposed,inventory,deprecated_inventory,1,1,endpoint_inventory,field_minimization,1,1,0,0,3.239,15.0
qwen2.5-coder:14b|checklist,citizen_services::GET__citizens_id::jurisdiction_bypass::test_03_wrong_jurisdiction,citizen_services,GET /citizens/{id},jurisdiction_bypass,object_auth,wrong_jurisdiction,1,0,jurisdiction_scope,none,1,0,0,0,2.879,47.0
qwen2.5-coder:14b|checklist,citizen_services::GET__citizens_id::missing_auth::test_06_unauthenticated,citizen_services,GET /citizens/{id},missing_auth,function_auth,unauthenticated,1,1,authentication,authentication,1,1,1,1,3.398,58.0
qwen2.5-coder:14b|checklist,citizen_services::GET__citizens_id::missing_field_filter::test_07_sensitive_field_probe,citizen_services,GET /citizens/{id},missing_field_filter,property_auth,sensitive_field_probe,1,1,field_minimization,field_minimization,1,1,1,1,3.274,11.0
qwen2.5-coder:14b|checklist,citizen_services::GET__citizens_id::missing_field_filter::test_09_deprecated_inventory,citizen_services,GET /citizens/{id},missing_field_filter,property_auth,deprecated_inventory,1,1,field_minimization,field_minimization,1,1,1,1,2.429,11.0
qwen2.5-coder:14b|checklist,citizen_services::GET__citizens_id::missing_object_check::test_03_wrong_jurisdiction,citizen_services,GET /citizens/{id},missing_object_check,object_auth,wrong_jurisdiction,1,0,object_scope,none,1,0,0,0,1.404,47.0
qwen2.5-coder:14b|checklist,citizen_services::GET__citizens_id::overbroad_role::test_02_wrong_role,citizen_services,GET /citizens/{id},overbroad_role,function_auth,wrong_role,1,1,function_authorization,function_authorization,1,1,1,1,4.081,58.0
qwen2.5-coder:14b|checklist,citizen_services::GET__citizens_id::purpose_bypass::test_04_wrong_purpose,citizen_services,GET /citizens/{id},purpose_bypass,purpose_scope,wrong_purpose,1,1,purpose_scope,purpose_scope,1,1,1,1,3.863,47.0
qwen2.5-coder:14b|checklist,citizen_services::GET__citizens_id::purpose_bypass::test_06_unauthenticated,citizen_services,GET /citizens/{id},purpose_bypass,purpose_scope,unauthenticated,0,1,none,authentication,1,0,0,0,4.163,0.0
qwen2.5-coder:14b|checklist,education::GET__classes_id_roster::aggregation_leak::test_03_wrong_jurisdiction,education,GET /classes/{id}/roster,aggregation_leak,property_auth,wrong_jurisdiction,0,1,none,field_minimization,1,0,0,0,5.539,0.0
qwen2.5-coder:14b|checklist,education::GET__classes_id_roster::aggregation_leak::test_08_aggregation_boundary,education,GET /classes/{id}/roster,aggregation_leak,property_auth,aggregation_boundary,1,1,aggregation_boundary,field_minimization,1,1,0,0,3.853,17.0
qwen2.5-coder:14b|checklist,education::GET__classes_id_roster::deprecated_exposed::test_09_deprecated_inventory,education,GET /classes/{id}/roster,deprecated_exposed,inventory,deprecated_inventory,1,1,endpoint_inventory,field_minimization,1,1,0,0,3.337,21.0
qwen2.5-coder:14b|checklist,education::GET__classes_id_roster::jurisdiction_bypass::test_03_wrong_jurisdiction,education,GET /classes/{id}/roster,jurisdiction_bypass,object_auth,wrong_jurisdiction,1,0,jurisdiction_scope,none,1,0,0,0,2.595,42.0
qwen2.5-coder:14b|checklist,education::GET__classes_id_roster::jurisdiction_bypass::test_04_wrong_purpose,education,GET /classes/{id}/roster,jurisdiction_bypass,object_auth,wrong_purpose,0,1,none,purpose_scope,1,0,0,0,3.771,0.0
qwen2.5-coder:14b|checklist,education::GET__classes_id_roster::missing_audit_log::test_03_wrong_jurisdiction,education,GET /classes/{id}/roster,missing_audit_log,auditability,wrong_jurisdiction,1,1,audit_obligation,field_minimization,1,1,0,0,4.416,3.0
qwen2.5-coder:14b|checklist,education::GET__classes_id_roster::missing_audit_log::test_04_wrong_purpose,education,GET /classes/{id}/roster,missing_audit_log,auditability,wrong_purpose,1,1,audit_obligation,purpose_scope,1,1,0,0,3.324,3.0
qwen2.5-coder:14b|checklist,education::GET__classes_id_roster::missing_auth::test_06_unauthenticated,education,GET /classes/{id}/roster,missing_auth,function_auth,unauthenticated,1,1,authentication,authentication,1,1,1,1,3.617,59.0
qwen2.5-coder:14b|checklist,education::GET__classes_id_roster::missing_field_filter::test_05_self_access,education,GET /classes/{id}/roster,missing_field_filter,property_auth,self_access,1,1,field_minimization,field_minimization,1,1,1,1,3.914,17.0
qwen2.5-coder:14b|checklist,education::GET__classes_id_roster::missing_object_check::test_03_wrong_jurisdiction,education,GET /classes/{id}/roster,missing_object_check,object_auth,wrong_jurisdiction,1,0,object_scope,none,1,0,0,0,2.557,42.0
qwen2.5-coder:14b|checklist,education::GET__classes_id_roster::overbroad_role::test_02_wrong_role,education,GET /classes/{id}/roster,overbroad_role,function_auth,wrong_role,1,1,function_authorization,function_authorization,1,1,1,1,3.941,59.0
qwen2.5-coder:14b|checklist,education::GET__classes_id_roster::purpose_bypass::test_04_wrong_purpose,education,GET /classes/{id}/roster,purpose_bypass,purpose_scope,wrong_purpose,1,1,purpose_scope,purpose_scope,1,1,1,1,3.652,42.0
qwen2.5-coder:14b|checklist,education::GET__discipline_id::aggregation_leak::test_08_aggregation_boundary,education,GET /discipline/{id},aggregation_leak,property_auth,aggregation_boundary,1,1,aggregation_boundary,field_minimization,1,1,0,0,4.44,15.0
qwen2.5-coder:14b|checklist,education::GET__discipline_id::deprecated_exposed::test_09_deprecated_inventory,education,GET /discipline/{id},deprecated_exposed,inventory,deprecated_inventory,1,1,endpoint_inventory,field_minimization,1,1,0,0,3.323,19.0
qwen2.5-coder:14b|checklist,education::GET__discipline_id::jurisdiction_bypass::test_03_wrong_jurisdiction,education,GET /discipline/{id},jurisdiction_bypass,object_auth,wrong_jurisdiction,1,0,jurisdiction_scope,none,1,0,0,0,2.797,45.0
qwen2.5-coder:14b|checklist,education::GET__discipline_id::missing_audit_log::test_07_sensitive_field_probe,education,GET /discipline/{id},missing_audit_log,auditability,sensitive_field_probe,1,1,audit_obligation,audit_obligation,1,1,1,1,3.258,3.0
qwen2.5-coder:14b|checklist,education::GET__discipline_id::missing_auth::test_06_unauthenticated,education,GET /discipline/{id},missing_auth,function_auth,unauthenticated,1,1,authentication,authentication,1,1,1,1,3.608,60.0
qwen2.5-coder:14b|checklist,education::GET__discipline_id::missing_object_check::test_03_wrong_jurisdiction,education,GET /discipline/{id},missing_object_check,object_auth,wrong_jurisdiction,1,0,object_scope,none,1,0,0,0,1.275,45.0
qwen2.5-coder:14b|checklist,education::GET__discipline_id::overbroad_role::test_02_wrong_role,education,GET /discipline/{id},overbroad_role,function_auth,wrong_role,1,1,function_authorization,function_authorization,1,1,1,1,3.987,60.0
qwen2.5-coder:14b|checklist,education::GET__discipline_id::purpose_bypass::test_04_wrong_purpose,education,GET /discipline/{id},purpose_bypass,purpose_scope,wrong_purpose,1,1,purpose_scope,purpose_scope,1,1,1,1,3.793,45.0
qwen2.5-coder:14b|checklist,education::GET__students_id_record::aggregation_leak::test_08_aggregation_boundary,education,GET /students/{id}/record,aggregation_leak,property_auth,aggregation_boundary,1,1,aggregation_boundary,field_minimization,1,1,0,0,4.393,17.0
qwen2.5-coder:14b|checklist,education::GET__students_id_record::deprecated_exposed::test_09_deprecated_inventory,education,GET /students/{id}/record,deprecated_exposed,inventory,deprecated_inventory,1,1,endpoint_inventory,field_minimization,1,1,0,0,3.038,21.0
qwen2.5-coder:14b|checklist,education::GET__students_id_record::jurisdiction_bypass::test_03_wrong_jurisdiction,education,GET /students/{id}/record,jurisdiction_bypass,object_auth,wrong_jurisdiction,1,0,jurisdiction_scope,none,1,0,0,0,2.748,42.0
qwen2.5-coder:14b|checklist,education::GET__students_id_record::missing_audit_log::test_01_valid,education,GET /students/{id}/record,missing_audit_log,auditability,valid,1,1,audit_obligation,audit_obligation,1,1,1,1,3.156,3.0
qwen2.5-coder:14b|checklist,education::GET__students_id_record::missing_audit_log::test_03_wrong_jurisdiction,education,GET /students/{id}/record,missing_audit_log,auditability,wrong_jurisdiction,1,1,audit_obligation,field_minimization,1,1,0,0,3.471,3.0
qwen2.5-coder:14b|checklist,education::GET__students_id_record::missing_audit_log::test_05_self_access,education,GET /students/{id}/record,missing_audit_log,auditability,self_access,1,1,audit_obligation,audit_obligation,1,1,1,1,3.733,3.0
qwen2.5-coder:14b|checklist,education::GET__students_id_record::missing_auth::test_06_unauthenticated,education,GET /students/{id}/record,missing_auth,function_auth,unauthenticated,1,1,authentication,authentication,1,1,1,1,3.504,59.0
qwen2.5-coder:14b|checklist,education::GET__students_id_record::missing_field_filter::test_01_valid,education,GET /students/{id}/record,missing_field_filter,property_auth,valid,1,1,field_minimization,field_minimization,1,1,1,1,3.193,17.0
qwen2.5-coder:14b|checklist,education::GET__students_id_record::missing_object_check::test_03_wrong_jurisdiction,education,GET /students/{id}/record,missing_object_check,object_auth,wrong_jurisdiction,1,0,object_scope,none,1,0,0,0,2.432,42.0
qwen2.5-coder:14b|checklist,education::GET__students_id_record::overbroad_role::test_02_wrong_role,education,GET /students/{id}/record,overbroad_role,function_auth,wrong_role,1,1,function_authorization,function_authorization,1,1,1,1,3.717,59.0
qwen2.5-coder:14b|checklist,education::GET__students_id_record::purpose_bypass::test_04_wrong_purpose,education,GET /students/{id}/record,purpose_bypass,purpose_scope,wrong_purpose,1,1,purpose_scope,purpose_scope,1,1,1,1,3.722,42.0
qwen2.5-coder:14b|checklist,health::GET__encounters_id::aggregation_leak::test_08_aggregation_boundary,health,GET /encounters/{id},aggregation_leak,property_auth,aggregation_boundary,1,1,aggregation_boundary,field_minimization,1,1,0,0,4.322,8.0
qwen2.5-coder:14b|checklist,health::GET__encounters_id::deprecated_exposed::test_09_deprecated_inventory,health,GET /encounters/{id},deprecated_exposed,inventory,deprecated_inventory,1,1,endpoint_inventory,field_minimization,1,1,0,0,2.993,12.0
qwen2.5-coder:14b|checklist,health::GET__encounters_id::jurisdiction_bypass::test_03_wrong_jurisdiction,health,GET /encounters/{id},jurisdiction_bypass,object_auth,wrong_jurisdiction,1,1,jurisdiction_scope,field_minimization,1,1,0,0,3.563,53.0
qwen2.5-coder:14b|checklist,health::GET__encounters_id::missing_auth::test_06_unauthenticated,health,GET /encounters/{id},missing_auth,function_auth,unauthenticated,1,1,authentication,authentication,1,1,1,1,3.447,61.0
qwen2.5-coder:14b|checklist,health::GET__encounters_id::missing_auth::test_09_deprecated_inventory,health,GET /encounters/{id},missing_auth,function_auth,deprecated_inventory,0,1,none,field_minimization,1,0,0,0,3.061,0.0
qwen2.5-coder:14b|checklist,health::GET__encounters_id::missing_field_filter::test_09_deprecated_inventory,health,GET /encounters/{id},missing_field_filter,property_auth,deprecated_inventory,1,1,field_minimization,field_minimization,1,1,1,1,3.093,8.0
qwen2.5-coder:14b|checklist,health::GET__encounters_id::missing_object_check::test_03_wrong_jurisdiction,health,GET /encounters/{id},missing_object_check,object_auth,wrong_jurisdiction,1,1,object_scope,field_minimization,1,1,0,0,2.219,53.0
qwen2.5-coder:14b|checklist,health::GET__encounters_id::overbroad_role::test_02_wrong_role,health,GET /encounters/{id},overbroad_role,function_auth,wrong_role,1,1,function_authorization,function_authorization,1,1,1,1,3.917,61.0
qwen2.5-coder:14b|checklist,health::GET__encounters_id::purpose_bypass::test_04_wrong_purpose,health,GET /encounters/{id},purpose_bypass,purpose_scope,wrong_purpose,1,1,purpose_scope,purpose_scope,1,1,1,1,3.704,53.0
qwen2.5-coder:14b|checklist,health::GET__patients_id::aggregation_leak::test_08_aggregation_boundary,health,GET /patients/{id},aggregation_leak,property_auth,aggregation_boundary,1,1,aggregation_boundary,field_minimization,1,1,0,0,4.393,4.0
qwen2.5-coder:14b|checklist,health::GET__patients_id::deprecated_exposed::test_09_deprecated_inventory,health,GET /patients/{id},deprecated_exposed,inventory,deprecated_inventory,1,1,endpoint_inventory,field_minimization,1,1,0,0,3.051,8.0
qwen2.5-coder:14b|checklist,health::GET__patients_id::jurisdiction_bypass::test_03_wrong_jurisdiction,health,GET /patients/{id},jurisdiction_bypass,object_auth,wrong_jurisdiction,1,1,jurisdiction_scope,field_minimization,1,1,0,0,3.687,57.0
qwen2.5-coder:14b|checklist,health::GET__patients_id::missing_audit_log::test_01_valid,health,GET /patients/{id},missing_audit_log,auditability,valid,1,1,audit_obligation,audit_obligation,1,1,1,1,3.302,3.0
qwen2.5-coder:14b|checklist,health::GET__patients_id::missing_audit_log::test_07_sensitive_field_probe,health,GET /patients/{id},missing_audit_log,auditability,sensitive_field_probe,1,1,audit_obligation,audit_obligation,1,1,1,1,2.397,3.0
qwen2.5-coder:14b|checklist,health::GET__patients_id::missing_auth::test_05_self_access,health,GET /patients/{id},missing_auth,function_auth,self_access,0,0,none,none,1,1,1,1,2.971,0.0
qwen2.5-coder:14b|checklist,health::GET__patients_id::missing_auth::test_06_unauthenticated,health,GET /patients/{id},missing_auth,function_auth,unauthenticated,1,1,authentication,authentication,1,1,1,1,3.106,61.0
qwen2.5-coder:14b|checklist,health::GET__patients_id::missing_field_filter::test_01_valid,health,GET /patients/{id},missing_field_filter,property_auth,valid,1,1,field_minimization,field_minimization,1,1,1,1,3.207,4.0
qwen2.5-coder:14b|checklist,health::GET__patients_id::missing_object_check::test_03_wrong_jurisdiction,health,GET /patients/{id},missing_object_check,object_auth,wrong_jurisdiction,1,1,object_scope,field_minimization,1,1,0,0,2.474,57.0
qwen2.5-coder:14b|checklist,health::GET__patients_id::overbroad_role::test_02_wrong_role,health,GET /patients/{id},overbroad_role,function_auth,wrong_role,1,1,function_authorization,function_authorization,1,1,1,1,3.932,61.0
qwen2.5-coder:14b|checklist,health::GET__patients_id::purpose_bypass::test_04_wrong_purpose,health,GET /patients/{id},purpose_bypass,purpose_scope,wrong_purpose,1,1,purpose_scope,purpose_scope,1,1,1,1,3.67,57.0
qwen2.5-coder:14b|checklist,health::GET__patients_search::aggregation_leak::test_08_aggregation_boundary,health,GET /patients/search,aggregation_leak,property_auth,aggregation_boundary,1,1,aggregation_boundary,field_minimization,1,1,0,0,4.552,4.0
qwen2.5-coder:14b|checklist,health::GET__patients_search::deprecated_exposed::test_09_deprecated_inventory,health,GET /patients/search,deprecated_exposed,inventory,deprecated_inventory,1,1,endpoint_inventory,field_minimization,1,1,0,0,3.287,8.0
qwen2.5-coder:14b|checklist,health::GET__patients_search::jurisdiction_bypass::test_03_wrong_jurisdiction,health,GET /patients/search,jurisdiction_bypass,object_auth,wrong_jurisdiction,1,1,jurisdiction_scope,field_minimization,1,1,0,0,3.752,56.0
qwen2.5-coder:14b|checklist,health::GET__patients_search::jurisdiction_bypass::test_05_self_access,health,GET /patients/search,jurisdiction_bypass,object_auth,self_access,0,0,none,none,1,1,1,1,3.181,0.0
qwen2.5-coder:14b|checklist,health::GET__patients_search::missing_auth::test_06_unauthenticated,health,GET /patients/search,missing_auth,function_auth,unauthenticated,1,1,authentication,authentication,1,1,1,1,3.318,60.0
qwen2.5-coder:14b|checklist,health::GET__patients_search::missing_field_filter::test_08_aggregation_boundary,health,GET /patients/search,missing_field_filter,property_auth,aggregation_boundary,1,1,field_minimization,field_minimization,1,1,1,1,3.189,4.0
qwen2.5-coder:14b|checklist,health::GET__patients_search::missing_object_check::test_01_valid,health,GET /patients/search,missing_object_check,object_auth,valid,0,1,none,field_minimization,1,0,0,0,3.322,0.0
qwen2.5-coder:14b|checklist,health::GET__patients_search::missing_object_check::test_03_wrong_jurisdiction,health,GET /patients/search,missing_object_check,object_auth,wrong_jurisdiction,1,1,object_scope,field_minimization,1,1,0,0,2.475,56.0
qwen2.5-coder:14b|checklist,health::GET__patients_search::overbroad_role::test_02_wrong_role,health,GET /patients/search,overbroad_role,function_auth,wrong_role,1,1,function_authorization,function_authorization,1,1,1,1,3.871,60.0
qwen2.5-coder:14b|checklist,health::GET__patients_search::purpose_bypass::test_04_wrong_purpose,health,GET /patients/search,purpose_bypass,purpose_scope,wrong_purpose,1,1,purpose_scope,purpose_scope,1,1,1,1,3.597,56.0
qwen2.5-coder:14b|conservative,business_licensing::GET__inspections_id::aggregation_leak::test_08_aggregation_boundary,business_licensing,GET /inspections/{id},aggregation_leak,property_auth,aggregation_boundary,1,1,aggregation_boundary,field_minimization,1,1,0,0,4.937,6.0
qwen2.5-coder:14b|conservative,business_licensing::GET__inspections_id::deprecated_exposed::test_09_deprecated_inventory,business_licensing,GET /inspections/{id},deprecated_exposed,inventory,deprecated_inventory,1,1,endpoint_inventory,field_minimization,1,1,0,0,3.568,10.0
qwen2.5-coder:14b|conservative,business_licensing::GET__inspections_id::jurisdiction_bypass::test_03_wrong_jurisdiction,business_licensing,GET /inspections/{id},jurisdiction_bypass,object_auth,wrong_jurisdiction,1,0,jurisdiction_scope,none,1,0,0,0,3.158,37.0
qwen2.5-coder:14b|conservative,business_licensing::GET__inspections_id::missing_auth::test_06_unauthenticated,business_licensing,GET /inspections/{id},missing_auth,function_auth,unauthenticated,1,1,authentication,authentication,1,1,1,1,3.505,43.0
qwen2.5-coder:14b|conservative,business_licensing::GET__inspections_id::missing_object_check::test_03_wrong_jurisdiction,business_licensing,GET /inspections/{id},missing_object_check,object_auth,wrong_jurisdiction,1,0,object_scope,none,1,0,0,0,1.337,37.0
qwen2.5-coder:14b|conservative,business_licensing::GET__inspections_id::overbroad_role::test_02_wrong_role,business_licensing,GET /inspections/{id},overbroad_role,function_auth,wrong_role,1,1,function_authorization,function_authorization,1,1,1,1,4.3,43.0
qwen2.5-coder:14b|conservative,business_licensing::GET__inspections_id::purpose_bypass::test_04_wrong_purpose,business_licensing,GET /inspections/{id},purpose_bypass,purpose_scope,wrong_purpose,1,1,purpose_scope,purpose_scope,1,1,1,1,3.997,37.0
qwen2.5-coder:14b|conservative,business_licensing::GET__licenses_export::aggregation_leak::test_08_aggregation_boundary,business_licensing,GET /licenses/export,aggregation_leak,property_auth,aggregation_boundary,1,1,aggregation_boundary,field_minimization,1,1,0,0,4.807,4.0
qwen2.5-coder:14b|conservative,business_licensing::GET__licenses_export::deprecated_exposed::test_09_deprecated_inventory,business_licensing,GET /licenses/export,deprecated_exposed,inventory,deprecated_inventory,1,1,endpoint_inventory,field_minimization,1,1,0,0,3.455,8.0
qwen2.5-coder:14b|conservative,business_licensing::GET__licenses_export::jurisdiction_bypass::test_03_wrong_jurisdiction,business_licensing,GET /licenses/export,jurisdiction_bypass,object_auth,wrong_jurisdiction,1,1,jurisdiction_scope,field_minimization,1,1,0,0,4.027,40.0
qwen2.5-coder:14b|conservative,business_licensing::GET__licenses_export::missing_audit_log::test_08_aggregation_boundary,business_licensing,GET /licenses/export,missing_audit_log,auditability,aggregation_boundary,1,1,audit_obligation,field_minimization,1,1,0,0,3.642,3.0
qwen2.5-coder:14b|conservative,business_licensing::GET__licenses_export::missing_auth::test_06_unauthenticated,business_licensing,GET /licenses/export,missing_auth,function_auth,unauthenticated,1,1,authentication,authentication,1,1,1,1,3.785,44.0
qwen2.5-coder:14b|conservative,business_licensing::GET__licenses_export::missing_auth::test_07_sensitive_field_probe,business_licensing,GET /licenses/export,missing_auth,function_auth,sensitive_field_probe,0,1,none,field_minimization,1,0,0,0,3.526,0.0
qwen2.5-coder:14b|conservative,business_licensing::GET__licenses_export::missing_field_filter::test_05_self_access,business_licensing,GET /licenses/export,missing_field_filter,property_auth,self_access,1,1,field_minimization,field_minimization,1,1,1,1,4.201,6.0
qwen2.5-coder:14b|conservative,business_licensing::GET__licenses_export::missing_object_check::test_03_wrong_jurisdiction,business_licensing,GET /licenses/export,missing_object_check,object_auth,wrong_jurisdiction,1,1,object_scope,field_minimization,1,1,0,0,2.512,40.0
qwen2.5-coder:14b|conservative,business_licensing::GET__licenses_export::overbroad_role::test_02_wrong_role,business_licensing,GET /licenses/export,overbroad_role,function_auth,wrong_role,1,1,function_authorization,function_authorization,1,1,1,1,4.188,44.0
qwen2.5-coder:14b|conservative,business_licensing::GET__licenses_export::purpose_bypass::test_04_wrong_purpose,business_licensing,GET /licenses/export,purpose_bypass,purpose_scope,wrong_purpose,1,1,purpose_scope,purpose_scope,1,1,1,1,4.05,40.0
qwen2.5-coder:14b|conservative,business_licensing::GET__licenses_id::aggregation_leak::test_08_aggregation_boundary,business_licensing,GET /licenses/{id},aggregation_leak,property_auth,aggregation_boundary,1,1,aggregation_boundary,field_minimization,1,1,0,0,4.803,4.0
qwen2.5-coder:14b|conservative,business_licensing::GET__licenses_id::correct::test_06_unauthenticated,business_licensing,GET /licenses/{id},correct,clean,unauthenticated,0,1,none,authentication,1,0,0,0,3.51,0.0
qwen2.5-coder:14b|conservative,business_licensing::GET__licenses_id::deprecated_exposed::test_09_deprecated_inventory,business_licensing,GET /licenses/{id},deprecated_exposed,inventory,deprecated_inventory,1,1,endpoint_inventory,field_minimization,1,1,0,0,3.405,8.0
qwen2.5-coder:14b|conservative,business_licensing::GET__licenses_id::jurisdiction_bypass::test_03_wrong_jurisdiction,business_licensing,GET /licenses/{id},jurisdiction_bypass,object_auth,wrong_jurisdiction,1,1,jurisdiction_scope,field_minimization,1,1,0,0,4.132,38.0
qwen2.5-coder:14b|conservative,business_licensing::GET__licenses_id::missing_audit_log::test_06_unauthenticated,business_licensing,GET /licenses/{id},missing_audit_log,auditability,unauthenticated,1,1,audit_obligation,authentication,1,1,0,0,3.122,3.0
qwen2.5-coder:14b|conservative,business_licensing::GET__licenses_id::missing_auth::test_06_unauthenticated,business_licensing,GET /licenses/{id},missing_auth,function_auth,unauthenticated,1,1,authentication,authentication,1,1,1,1,3.292,42.0
qwen2.5-coder:14b|conservative,business_licensing::GET__licenses_id::missing_object_check::test_03_wrong_jurisdiction,business_licensing,GET /licenses/{id},missing_object_check,object_auth,wrong_jurisdiction,1,1,object_scope,field_minimization,1,1,0,0,2.534,38.0
qwen2.5-coder:14b|conservative,business_licensing::GET__licenses_id::overbroad_role::test_02_wrong_role,business_licensing,GET /licenses/{id},overbroad_role,function_auth,wrong_role,1,1,function_authorization,function_authorization,1,1,1,1,4.185,42.0
qwen2.5-coder:14b|conservative,business_licensing::GET__licenses_id::purpose_bypass::test_04_wrong_purpose,business_licensing,GET /licenses/{id},purpose_bypass,purpose_scope,wrong_purpose,1,1,purpose_scope,purpose_scope,1,1,1,1,4.078,38.0
qwen2.5-coder:14b|conservative,citizen_services::GET__benefits_id::aggregation_leak::test_02_wrong_role,citizen_services,GET /benefits/{id},aggregation_leak,property_auth,wrong_role,0,1,none,function_authorization,1,0,0,0,4.723,0.0
qwen2.5-coder:14b|conservative,citizen_services::GET__benefits_id::aggregation_leak::test_08_aggregation_boundary,citizen_services,GET /benefits/{id},aggregation_leak,property_auth,aggregation_boundary,1,1,aggregation_boundary,field_minimization,1,1,0,0,4.098,9.0
qwen2.5-coder:14b|conservative,citizen_services::GET__benefits_id::correct::test_09_deprecated_inventory,citizen_services,GET /benefits/{id},correct,clean,deprecated_inventory,0,0,none,none,1,1,1,1,2.674,0.0
qwen2.5-coder:14b|conservative,citizen_services::GET__benefits_id::deprecated_exposed::test_09_deprecated_inventory,citizen_services,GET /benefits/{id},deprecated_exposed,inventory,deprecated_inventory,1,1,endpoint_inventory,field_minimization,1,1,0,0,3.354,13.0
qwen2.5-coder:14b|conservative,citizen_services::GET__benefits_id::jurisdiction_bypass::test_03_wrong_jurisdiction,citizen_services,GET /benefits/{id},jurisdiction_bypass,object_auth,wrong_jurisdiction,1,0,jurisdiction_scope,none,1,0,0,0,3.095,48.0
qwen2.5-coder:14b|conservative,citizen_services::GET__benefits_id::missing_audit_log::test_09_deprecated_inventory,citizen_services,GET /benefits/{id},missing_audit_log,auditability,deprecated_inventory,1,1,audit_obligation,audit_obligation,1,1,1,1,3.423,3.0
qwen2.5-coder:14b|conservative,citizen_services::GET__benefits_id::missing_auth::test_06_unauthenticated,citizen_services,GET /benefits/{id},missing_auth,function_auth,unauthenticated,1,1,authentication,authentication,1,1,1,1,3.643,57.0
qwen2.5-coder:14b|conservative,citizen_services::GET__benefits_id::missing_field_filter::test_07_sensitive_field_probe,citizen_services,GET /benefits/{id},missing_field_filter,property_auth,sensitive_field_probe,1,1,field_minimization,field_minimization,1,1,1,1,3.464,9.0
qwen2.5-coder:14b|conservative,citizen_services::GET__benefits_id::missing_field_filter::test_09_deprecated_inventory,citizen_services,GET /benefits/{id},missing_field_filter,property_auth,deprecated_inventory,1,1,field_minimization,field_minimization,1,1,1,1,2.297,9.0
qwen2.5-coder:14b|conservative,citizen_services::GET__benefits_id::missing_object_check::test_03_wrong_jurisdiction,citizen_services,GET /benefits/{id},missing_object_check,object_auth,wrong_jurisdiction,1,0,object_scope,none,1,0,0,0,1.341,48.0
qwen2.5-coder:14b|conservative,citizen_services::GET__benefits_id::overbroad_role::test_02_wrong_role,citizen_services,GET /benefits/{id},overbroad_role,function_auth,wrong_role,1,1,function_authorization,function_authorization,1,1,1,1,3.741,57.0
qwen2.5-coder:14b|conservative,citizen_services::GET__benefits_id::purpose_bypass::test_04_wrong_purpose,citizen_services,GET /benefits/{id},purpose_bypass,purpose_scope,wrong_purpose,1,1,purpose_scope,purpose_scope,1,1,1,1,3.839,48.0
qwen2.5-coder:14b|conservative,citizen_services::GET__citizens_export::aggregation_leak::test_08_aggregation_boundary,citizen_services,GET /citizens/export,aggregation_leak,property_auth,aggregation_boundary,1,1,aggregation_boundary,field_minimization,1,1,0,0,4.758,11.0
qwen2.5-coder:14b|conservative,citizen_services::GET__citizens_export::deprecated_exposed::test_09_deprecated_inventory,citizen_services,GET /citizens/export,deprecated_exposed,inventory,deprecated_inventory,1,1,endpoint_inventory,field_minimization,1,1,0,0,3.476,15.0
qwen2.5-coder:14b|conservative,citizen_services::GET__citizens_export::jurisdiction_bypass::test_03_wrong_jurisdiction,citizen_services,GET /citizens/export,jurisdiction_bypass,object_auth,wrong_jurisdiction,1,0,jurisdiction_scope,none,1,0,0,0,3.131,48.0
qwen2.5-coder:14b|conservative,citizen_services::GET__citizens_export::missing_audit_log::test_09_deprecated_inventory,citizen_services,GET /citizens/export,missing_audit_log,auditability,deprecated_inventory,1,1,audit_obligation,audit_obligation,1,1,1,1,3.466,3.0
qwen2.5-coder:14b|conservative,citizen_services::GET__citizens_export::missing_auth::test_06_unauthenticated,citizen_services,GET /citizens/export,missing_auth,function_auth,unauthenticated,1,1,authentication,authentication,1,1,1,1,3.703,59.0
qwen2.5-coder:14b|conservative,citizen_services::GET__citizens_export::missing_field_filter::test_05_self_access,citizen_services,GET /citizens/export,missing_field_filter,property_auth,self_access,1,1,field_minimization,field_minimization,1,1,1,1,4.047,11.0
qwen2.5-coder:14b|conservative,citizen_services::GET__citizens_export::missing_field_filter::test_08_aggregation_boundary,citizen_services,GET /citizens/export,missing_field_filter,property_auth,aggregation_boundary,1,1,field_minimization,field_minimization,1,1,1,1,3.718,11.0
qwen2.5-coder:14b|conservative,citizen_services::GET__citizens_export::missing_object_check::test_03_wrong_jurisdiction,citizen_services,GET /citizens/export,missing_object_check,object_auth,wrong_jurisdiction,1,0,object_scope,none,1,0,0,0,3.162,48.0
qwen2.5-coder:14b|conservative,citizen_services::GET__citizens_export::missing_object_check::test_05_self_access,citizen_services,GET /citizens/export,missing_object_check,object_auth,self_access,0,0,none,none,1,1,1,1,2.619,0.0
qwen2.5-coder:14b|conservative,citizen_services::GET__citizens_export::overbroad_role::test_02_wrong_role,citizen_services,GET /citizens/export,overbroad_role,function_auth,wrong_role,1,1,function_authorization,function_authorization,1,1,1,1,4.117,59.0
qwen2.5-coder:14b|conservative,citizen_services::GET__citizens_export::purpose_bypass::test_04_wrong_purpose,citizen_services,GET /citizens/export,purpose_bypass,purpose_scope,wrong_purpose,1,1,purpose_scope,purpose_scope,1,1,1,1,3.984,48.0
qwen2.5-coder:14b|conservative,citizen_services::GET__citizens_id::aggregation_leak::test_08_aggregation_boundary,citizen_services,GET /citizens/{id},aggregation_leak,property_auth,aggregation_boundary,1,1,aggregation_boundary,field_minimization,1,1,0,0,4.773,11.0
qwen2.5-coder:14b|conservative,citizen_services::GET__citizens_id::deprecated_exposed::test_09_deprecated_inventory,citizen_services,GET /citizens/{id},deprecated_exposed,inventory,deprecated_inventory,1,1,endpoint_inventory,field_minimization,1,1,0,0,3.561,15.0
qwen2.5-coder:14b|conservative,citizen_services::GET__citizens_id::jurisdiction_bypass::test_03_wrong_jurisdiction,citizen_services,GET /citizens/{id},jurisdiction_bypass,object_auth,wrong_jurisdiction,1,0,jurisdiction_scope,none,1,0,0,0,3.071,47.0
qwen2.5-coder:14b|conservative,citizen_services::GET__citizens_id::missing_auth::test_06_unauthenticated,citizen_services,GET /citizens/{id},missing_auth,function_auth,unauthenticated,1,1,authentication,authentication,1,1,1,1,3.547,58.0
qwen2.5-coder:14b|conservative,citizen_services::GET__citizens_id::missing_field_filter::test_07_sensitive_field_probe,citizen_services,GET /citizens/{id},missing_field_filter,property_auth,sensitive_field_probe,1,1,field_minimization,field_minimization,1,1,1,1,3.457,11.0
qwen2.5-coder:14b|conservative,citizen_services::GET__citizens_id::missing_field_filter::test_09_deprecated_inventory,citizen_services,GET /citizens/{id},missing_field_filter,property_auth,deprecated_inventory,1,1,field_minimization,field_minimization,1,1,1,1,2.541,11.0
qwen2.5-coder:14b|conservative,citizen_services::GET__citizens_id::missing_object_check::test_03_wrong_jurisdiction,citizen_services,GET /citizens/{id},missing_object_check,object_auth,wrong_jurisdiction,1,0,object_scope,none,1,0,0,0,1.401,47.0
qwen2.5-coder:14b|conservative,citizen_services::GET__citizens_id::overbroad_role::test_02_wrong_role,citizen_services,GET /citizens/{id},overbroad_role,function_auth,wrong_role,1,1,function_authorization,function_authorization,1,1,1,1,4.166,58.0
qwen2.5-coder:14b|conservative,citizen_services::GET__citizens_id::purpose_bypass::test_04_wrong_purpose,citizen_services,GET /citizens/{id},purpose_bypass,purpose_scope,wrong_purpose,1,1,purpose_scope,purpose_scope,1,1,1,1,3.927,47.0
qwen2.5-coder:14b|conservative,citizen_services::GET__citizens_id::purpose_bypass::test_06_unauthenticated,citizen_services,GET /citizens/{id},purpose_bypass,purpose_scope,unauthenticated,0,1,none,authentication,1,0,0,0,3.169,0.0
qwen2.5-coder:14b|conservative,education::GET__classes_id_roster::aggregation_leak::test_03_wrong_jurisdiction,education,GET /classes/{id}/roster,aggregation_leak,property_auth,wrong_jurisdiction,0,1,none,field_minimization,1,0,0,0,5.109,0.0
qwen2.5-coder:14b|conservative,education::GET__classes_id_roster::aggregation_leak::test_08_aggregation_boundary,education,GET /classes/{id}/roster,aggregation_leak,property_auth,aggregation_boundary,1,1,aggregation_boundary,field_minimization,1,1,0,0,4.813,17.0
qwen2.5-coder:14b|conservative,education::GET__classes_id_roster::deprecated_exposed::test_09_deprecated_inventory,education,GET /classes/{id}/roster,deprecated_exposed,inventory,deprecated_inventory,1,1,endpoint_inventory,field_minimization,1,1,0,0,4.114,21.0
qwen2.5-coder:14b|conservative,education::GET__classes_id_roster::jurisdiction_bypass::test_03_wrong_jurisdiction,education,GET /classes/{id}/roster,jurisdiction_bypass,object_auth,wrong_jurisdiction,1,0,jurisdiction_scope,none,1,0,0,0,2.868,42.0
qwen2.5-coder:14b|conservative,education::GET__classes_id_roster::jurisdiction_bypass::test_04_wrong_purpose,education,GET /classes/{id}/roster,jurisdiction_bypass,object_auth,wrong_purpose,0,1,none,purpose_scope,1,0,0,0,3.792,0.0
qwen2.5-coder:14b|conservative,education::GET__classes_id_roster::missing_audit_log::test_03_wrong_jurisdiction,education,GET /classes/{id}/roster,missing_audit_log,auditability,wrong_jurisdiction,1,1,audit_obligation,field_minimization,1,1,0,0,4.199,3.0
qwen2.5-coder:14b|conservative,education::GET__classes_id_roster::missing_audit_log::test_04_wrong_purpose,education,GET /classes/{id}/roster,missing_audit_log,auditability,wrong_purpose,1,1,audit_obligation,purpose_scope,1,1,0,0,3.496,3.0
qwen2.5-coder:14b|conservative,education::GET__classes_id_roster::missing_auth::test_06_unauthenticated,education,GET /classes/{id}/roster,missing_auth,function_auth,unauthenticated,1,1,authentication,authentication,1,1,1,1,3.597,59.0
qwen2.5-coder:14b|conservative,education::GET__classes_id_roster::missing_field_filter::test_05_self_access,education,GET /classes/{id}/roster,missing_field_filter,property_auth,self_access,1,1,field_minimization,field_minimization,1,1,1,1,4.639,17.0
qwen2.5-coder:14b|conservative,education::GET__classes_id_roster::missing_object_check::test_03_wrong_jurisdiction,education,GET /classes/{id}/roster,missing_object_check,object_auth,wrong_jurisdiction,1,0,object_scope,none,1,0,0,0,2.836,42.0
qwen2.5-coder:14b|conservative,education::GET__classes_id_roster::overbroad_role::test_02_wrong_role,education,GET /classes/{id}/roster,overbroad_role,function_auth,wrong_role,1,1,function_authorization,function_authorization,1,1,1,1,4.02,59.0
qwen2.5-coder:14b|conservative,education::GET__classes_id_roster::purpose_bypass::test_04_wrong_purpose,education,GET /classes/{id}/roster,purpose_bypass,purpose_scope,wrong_purpose,1,1,purpose_scope,purpose_scope,1,1,1,1,3.741,42.0
qwen2.5-coder:14b|conservative,education::GET__discipline_id::aggregation_leak::test_08_aggregation_boundary,education,GET /discipline/{id},aggregation_leak,property_auth,aggregation_boundary,1,1,aggregation_boundary,field_minimization,1,1,0,0,5.105,15.0
qwen2.5-coder:14b|conservative,education::GET__discipline_id::deprecated_exposed::test_09_deprecated_inventory,education,GET /discipline/{id},deprecated_exposed,inventory,deprecated_inventory,1,1,endpoint_inventory,field_minimization,1,1,0,0,3.864,19.0
qwen2.5-coder:14b|conservative,education::GET__discipline_id::jurisdiction_bypass::test_03_wrong_jurisdiction,education,GET /discipline/{id},jurisdiction_bypass,object_auth,wrong_jurisdiction,1,0,jurisdiction_scope,none,1,0,0,0,3.157,45.0
qwen2.5-coder:14b|conservative,education::GET__discipline_id::missing_audit_log::test_07_sensitive_field_probe,education,GET /discipline/{id},missing_audit_log,auditability,sensitive_field_probe,1,1,audit_obligation,audit_obligation,1,1,1,1,3.304,3.0
qwen2.5-coder:14b|conservative,education::GET__discipline_id::missing_auth::test_06_unauthenticated,education,GET /discipline/{id},missing_auth,function_auth,unauthenticated,1,1,authentication,authentication,1,1,1,1,3.718,60.0
qwen2.5-coder:14b|conservative,education::GET__discipline_id::missing_object_check::test_03_wrong_jurisdiction,education,GET /discipline/{id},missing_object_check,object_auth,wrong_jurisdiction,1,0,object_scope,none,1,0,0,0,1.353,45.0
qwen2.5-coder:14b|conservative,education::GET__discipline_id::overbroad_role::test_02_wrong_role,education,GET /discipline/{id},overbroad_role,function_auth,wrong_role,1,1,function_authorization,function_authorization,1,1,1,1,4.139,60.0
qwen2.5-coder:14b|conservative,education::GET__discipline_id::purpose_bypass::test_04_wrong_purpose,education,GET /discipline/{id},purpose_bypass,purpose_scope,wrong_purpose,1,1,purpose_scope,purpose_scope,1,1,1,1,3.998,45.0
qwen2.5-coder:14b|conservative,education::GET__students_id_record::aggregation_leak::test_08_aggregation_boundary,education,GET /students/{id}/record,aggregation_leak,property_auth,aggregation_boundary,1,1,aggregation_boundary,field_minimization,1,1,0,0,4.917,17.0
qwen2.5-coder:14b|conservative,education::GET__students_id_record::deprecated_exposed::test_09_deprecated_inventory,education,GET /students/{id}/record,deprecated_exposed,inventory,deprecated_inventory,1,1,endpoint_inventory,field_minimization,1,1,0,0,3.561,21.0
qwen2.5-coder:14b|conservative,education::GET__students_id_record::jurisdiction_bypass::test_03_wrong_jurisdiction,education,GET /students/{id}/record,jurisdiction_bypass,object_auth,wrong_jurisdiction,1,0,jurisdiction_scope,none,1,0,0,0,3.049,42.0
qwen2.5-coder:14b|conservative,education::GET__students_id_record::missing_audit_log::test_01_valid,education,GET /students/{id}/record,missing_audit_log,auditability,valid,1,1,audit_obligation,audit_obligation,1,1,1,1,3.321,3.0
qwen2.5-coder:14b|conservative,education::GET__students_id_record::missing_audit_log::test_03_wrong_jurisdiction,education,GET /students/{id}/record,missing_audit_log,auditability,wrong_jurisdiction,1,1,audit_obligation,field_minimization,1,1,0,0,4.345,3.0
qwen2.5-coder:14b|conservative,education::GET__students_id_record::missing_audit_log::test_05_self_access,education,GET /students/{id}/record,missing_audit_log,auditability,self_access,1,1,audit_obligation,audit_obligation,1,1,1,1,3.942,3.0
qwen2.5-coder:14b|conservative,education::GET__students_id_record::missing_auth::test_06_unauthenticated,education,GET /students/{id}/record,missing_auth,function_auth,unauthenticated,1,1,authentication,authentication,1,1,1,1,3.701,59.0
qwen2.5-coder:14b|conservative,education::GET__students_id_record::missing_field_filter::test_01_valid,education,GET /students/{id}/record,missing_field_filter,property_auth,valid,1,1,field_minimization,field_minimization,1,1,1,1,3.751,17.0
qwen2.5-coder:14b|conservative,education::GET__students_id_record::missing_object_check::test_03_wrong_jurisdiction,education,GET /students/{id}/record,missing_object_check,object_auth,wrong_jurisdiction,1,0,object_scope,none,1,0,0,0,2.797,42.0
qwen2.5-coder:14b|conservative,education::GET__students_id_record::overbroad_role::test_02_wrong_role,education,GET /students/{id}/record,overbroad_role,function_auth,wrong_role,1,1,function_authorization,function_authorization,1,1,1,1,4.053,59.0
qwen2.5-coder:14b|conservative,education::GET__students_id_record::purpose_bypass::test_04_wrong_purpose,education,GET /students/{id}/record,purpose_bypass,purpose_scope,wrong_purpose,1,1,purpose_scope,purpose_scope,1,1,1,1,3.921,42.0
qwen2.5-coder:14b|conservative,health::GET__encounters_id::aggregation_leak::test_08_aggregation_boundary,health,GET /encounters/{id},aggregation_leak,property_auth,aggregation_boundary,1,1,aggregation_boundary,field_minimization,1,1,0,0,4.662,8.0
qwen2.5-coder:14b|conservative,health::GET__encounters_id::deprecated_exposed::test_09_deprecated_inventory,health,GET /encounters/{id},deprecated_exposed,inventory,deprecated_inventory,1,1,endpoint_inventory,field_minimization,1,1,0,0,3.344,12.0
qwen2.5-coder:14b|conservative,health::GET__encounters_id::jurisdiction_bypass::test_03_wrong_jurisdiction,health,GET /encounters/{id},jurisdiction_bypass,object_auth,wrong_jurisdiction,1,1,jurisdiction_scope,field_minimization,1,1,0,0,3.911,53.0
qwen2.5-coder:14b|conservative,health::GET__encounters_id::missing_auth::test_06_unauthenticated,health,GET /encounters/{id},missing_auth,function_auth,unauthenticated,1,1,authentication,authentication,1,1,1,1,3.713,61.0
qwen2.5-coder:14b|conservative,health::GET__encounters_id::missing_auth::test_09_deprecated_inventory,health,GET /encounters/{id},missing_auth,function_auth,deprecated_inventory,0,1,none,field_minimization,1,0,0,0,3.505,0.0
qwen2.5-coder:14b|conservative,health::GET__encounters_id::missing_field_filter::test_09_deprecated_inventory,health,GET /encounters/{id},missing_field_filter,property_auth,deprecated_inventory,1,1,field_minimization,field_minimization,1,1,1,1,3.579,8.0
qwen2.5-coder:14b|conservative,health::GET__encounters_id::missing_object_check::test_03_wrong_jurisdiction,health,GET /encounters/{id},missing_object_check,object_auth,wrong_jurisdiction,1,1,object_scope,field_minimization,1,1,0,0,2.408,53.0
qwen2.5-coder:14b|conservative,health::GET__encounters_id::overbroad_role::test_02_wrong_role,health,GET /encounters/{id},overbroad_role,function_auth,wrong_role,1,1,function_authorization,function_authorization,1,1,1,1,4.189,61.0
qwen2.5-coder:14b|conservative,health::GET__encounters_id::purpose_bypass::test_04_wrong_purpose,health,GET /encounters/{id},purpose_bypass,purpose_scope,wrong_purpose,1,1,purpose_scope,purpose_scope,1,1,1,1,3.847,53.0
qwen2.5-coder:14b|conservative,health::GET__patients_id::aggregation_leak::test_08_aggregation_boundary,health,GET /patients/{id},aggregation_leak,property_auth,aggregation_boundary,1,1,aggregation_boundary,field_minimization,1,1,0,0,4.526,4.0
qwen2.5-coder:14b|conservative,health::GET__patients_id::deprecated_exposed::test_09_deprecated_inventory,health,GET /patients/{id},deprecated_exposed,inventory,deprecated_inventory,1,1,endpoint_inventory,field_minimization,1,1,0,0,3.247,8.0
qwen2.5-coder:14b|conservative,health::GET__patients_id::jurisdiction_bypass::test_03_wrong_jurisdiction,health,GET /patients/{id},jurisdiction_bypass,object_auth,wrong_jurisdiction,1,1,jurisdiction_scope,field_minimization,1,1,0,0,3.808,57.0
qwen2.5-coder:14b|conservative,health::GET__patients_id::missing_audit_log::test_01_valid,health,GET /patients/{id},missing_audit_log,auditability,valid,1,1,audit_obligation,audit_obligation,1,1,1,1,3.491,3.0
qwen2.5-coder:14b|conservative,health::GET__patients_id::missing_audit_log::test_07_sensitive_field_probe,health,GET /patients/{id},missing_audit_log,auditability,sensitive_field_probe,1,1,audit_obligation,audit_obligation,1,1,1,1,2.385,3.0
qwen2.5-coder:14b|conservative,health::GET__patients_id::missing_auth::test_05_self_access,health,GET /patients/{id},missing_auth,function_auth,self_access,0,0,none,none,1,1,1,1,3.29,0.0
qwen2.5-coder:14b|conservative,health::GET__patients_id::missing_auth::test_06_unauthenticated,health,GET /patients/{id},missing_auth,function_auth,unauthenticated,1,1,authentication,authentication,1,1,1,1,3.4,61.0
qwen2.5-coder:14b|conservative,health::GET__patients_id::missing_field_filter::test_01_valid,health,GET /patients/{id},missing_field_filter,property_auth,valid,1,1,field_minimization,field_minimization,1,1,1,1,3.474,4.0
qwen2.5-coder:14b|conservative,health::GET__patients_id::missing_object_check::test_03_wrong_jurisdiction,health,GET /patients/{id},missing_object_check,object_auth,wrong_jurisdiction,1,1,object_scope,field_minimization,1,1,0,0,2.375,57.0
qwen2.5-coder:14b|conservative,health::GET__patients_id::overbroad_role::test_02_wrong_role,health,GET /patients/{id},overbroad_role,function_auth,wrong_role,1,1,function_authorization,function_authorization,1,1,1,1,4.019,61.0
qwen2.5-coder:14b|conservative,health::GET__patients_id::purpose_bypass::test_04_wrong_purpose,health,GET /patients/{id},purpose_bypass,purpose_scope,wrong_purpose,1,1,purpose_scope,purpose_scope,1,1,1,1,3.841,57.0
qwen2.5-coder:14b|conservative,health::GET__patients_search::aggregation_leak::test_08_aggregation_boundary,health,GET /patients/search,aggregation_leak,property_auth,aggregation_boundary,1,1,aggregation_boundary,field_minimization,1,1,0,0,4.62,4.0
qwen2.5-coder:14b|conservative,health::GET__patients_search::deprecated_exposed::test_09_deprecated_inventory,health,GET /patients/search,deprecated_exposed,inventory,deprecated_inventory,1,1,endpoint_inventory,field_minimization,1,1,0,0,3.36,8.0
qwen2.5-coder:14b|conservative,health::GET__patients_search::jurisdiction_bypass::test_03_wrong_jurisdiction,health,GET /patients/search,jurisdiction_bypass,object_auth,wrong_jurisdiction,1,1,jurisdiction_scope,field_minimization,1,1,0,0,3.801,56.0
qwen2.5-coder:14b|conservative,health::GET__patients_search::jurisdiction_bypass::test_05_self_access,health,GET /patients/search,jurisdiction_bypass,object_auth,self_access,0,0,none,none,1,1,1,1,3.375,0.0
qwen2.5-coder:14b|conservative,health::GET__patients_search::missing_auth::test_06_unauthenticated,health,GET /patients/search,missing_auth,function_auth,unauthenticated,1,1,authentication,authentication,1,1,1,1,3.533,60.0
qwen2.5-coder:14b|conservative,health::GET__patients_search::missing_field_filter::test_08_aggregation_boundary,health,GET /patients/search,missing_field_filter,property_auth,aggregation_boundary,1,1,field_minimization,field_minimization,1,1,1,1,3.315,4.0
qwen2.5-coder:14b|conservative,health::GET__patients_search::missing_object_check::test_01_valid,health,GET /patients/search,missing_object_check,object_auth,valid,0,1,none,field_minimization,1,0,0,0,3.683,0.0
qwen2.5-coder:14b|conservative,health::GET__patients_search::missing_object_check::test_03_wrong_jurisdiction,health,GET /patients/search,missing_object_check,object_auth,wrong_jurisdiction,1,1,object_scope,field_minimization,1,1,0,0,2.246,56.0
qwen2.5-coder:14b|conservative,health::GET__patients_search::overbroad_role::test_02_wrong_role,health,GET /patients/search,overbroad_role,function_auth,wrong_role,1,1,function_authorization,function_authorization,1,1,1,1,4.107,60.0
qwen2.5-coder:14b|conservative,health::GET__patients_search::purpose_bypass::test_04_wrong_purpose,health,GET /patients/search,purpose_bypass,purpose_scope,wrong_purpose,1,1,purpose_scope,purpose_scope,1,1,1,1,3.893,56.0
qwen2.5-coder:14b|minimal,business_licensing::GET__inspections_id::aggregation_leak::test_08_aggregation_boundary,business_licensing,GET /inspections/{id},aggregation_leak,property_auth,aggregation_boundary,1,1,aggregation_boundary,field_minimization,1,1,0,0,7.777,6.0
qwen2.5-coder:14b|minimal,business_licensing::GET__inspections_id::deprecated_exposed::test_09_deprecated_inventory,business_licensing,GET /inspections/{id},deprecated_exposed,inventory,deprecated_inventory,1,1,endpoint_inventory,field_minimization,1,1,0,0,2.436,10.0
qwen2.5-coder:14b|minimal,business_licensing::GET__inspections_id::jurisdiction_bypass::test_03_wrong_jurisdiction,business_licensing,GET /inspections/{id},jurisdiction_bypass,object_auth,wrong_jurisdiction,1,1,jurisdiction_scope,field_minimization,1,1,0,0,2.499,37.0
qwen2.5-coder:14b|minimal,business_licensing::GET__inspections_id::missing_auth::test_06_unauthenticated,business_licensing,GET /inspections/{id},missing_auth,function_auth,unauthenticated,1,1,authentication,authentication,1,1,1,1,1.999,43.0
qwen2.5-coder:14b|minimal,business_licensing::GET__inspections_id::missing_object_check::test_03_wrong_jurisdiction,business_licensing,GET /inspections/{id},missing_object_check,object_auth,wrong_jurisdiction,1,1,object_scope,field_minimization,1,1,0,0,2.551,37.0
qwen2.5-coder:14b|minimal,business_licensing::GET__inspections_id::overbroad_role::test_02_wrong_role,business_licensing,GET /inspections/{id},overbroad_role,function_auth,wrong_role,1,1,function_authorization,function_authorization,1,1,1,1,2.372,43.0
qwen2.5-coder:14b|minimal,business_licensing::GET__inspections_id::purpose_bypass::test_04_wrong_purpose,business_licensing,GET /inspections/{id},purpose_bypass,purpose_scope,wrong_purpose,1,1,purpose_scope,purpose_scope,1,1,1,1,2.48,37.0
qwen2.5-coder:14b|minimal,business_licensing::GET__licenses_export::aggregation_leak::test_08_aggregation_boundary,business_licensing,GET /licenses/export,aggregation_leak,property_auth,aggregation_boundary,1,1,aggregation_boundary,field_minimization,1,1,0,0,2.992,4.0
qwen2.5-coder:14b|minimal,business_licensing::GET__licenses_export::deprecated_exposed::test_09_deprecated_inventory,business_licensing,GET /licenses/export,deprecated_exposed,inventory,deprecated_inventory,1,1,endpoint_inventory,field_minimization,1,1,0,0,1.915,8.0
qwen2.5-coder:14b|minimal,business_licensing::GET__licenses_export::jurisdiction_bypass::test_03_wrong_jurisdiction,business_licensing,GET /licenses/export,jurisdiction_bypass,object_auth,wrong_jurisdiction,1,1,jurisdiction_scope,field_minimization,1,1,0,0,2.399,40.0
qwen2.5-coder:14b|minimal,business_licensing::GET__licenses_export::missing_audit_log::test_08_aggregation_boundary,business_licensing,GET /licenses/export,missing_audit_log,auditability,aggregation_boundary,1,1,audit_obligation,field_minimization,1,1,0,0,2.401,3.0
qwen2.5-coder:14b|minimal,business_licensing::GET__licenses_export::missing_auth::test_06_unauthenticated,business_licensing,GET /licenses/export,missing_auth,function_auth,unauthenticated,1,1,authentication,authentication,1,1,1,1,2.168,44.0
qwen2.5-coder:14b|minimal,business_licensing::GET__licenses_export::missing_auth::test_07_sensitive_field_probe,business_licensing,GET /licenses/export,missing_auth,function_auth,sensitive_field_probe,0,1,none,field_minimization,1,0,0,0,2.652,0.0
qwen2.5-coder:14b|minimal,business_licensing::GET__licenses_export::missing_field_filter::test_05_self_access,business_licensing,GET /licenses/export,missing_field_filter,property_auth,self_access,1,1,field_minimization,field_minimization,1,1,1,1,2.663,6.0
qwen2.5-coder:14b|minimal,business_licensing::GET__licenses_export::missing_object_check::test_03_wrong_jurisdiction,business_licensing,GET /licenses/export,missing_object_check,object_auth,wrong_jurisdiction,1,1,object_scope,field_minimization,1,1,0,0,2.642,40.0
qwen2.5-coder:14b|minimal,business_licensing::GET__licenses_export::overbroad_role::test_02_wrong_role,business_licensing,GET /licenses/export,overbroad_role,function_auth,wrong_role,1,1,function_authorization,function_authorization,1,1,1,1,2.5,44.0
qwen2.5-coder:14b|minimal,business_licensing::GET__licenses_export::purpose_bypass::test_04_wrong_purpose,business_licensing,GET /licenses/export,purpose_bypass,purpose_scope,wrong_purpose,1,1,purpose_scope,purpose_scope,1,1,1,1,2.582,40.0
qwen2.5-coder:14b|minimal,business_licensing::GET__licenses_id::aggregation_leak::test_08_aggregation_boundary,business_licensing,GET /licenses/{id},aggregation_leak,property_auth,aggregation_boundary,1,1,aggregation_boundary,field_minimization,1,1,0,0,3.188,4.0
qwen2.5-coder:14b|minimal,business_licensing::GET__licenses_id::correct::test_06_unauthenticated,business_licensing,GET /licenses/{id},correct,clean,unauthenticated,0,1,none,authentication,1,0,0,0,2.054,0.0
qwen2.5-coder:14b|minimal,business_licensing::GET__licenses_id::deprecated_exposed::test_09_deprecated_inventory,business_licensing,GET /licenses/{id},deprecated_exposed,inventory,deprecated_inventory,1,1,endpoint_inventory,field_minimization,1,1,0,0,2.501,8.0
qwen2.5-coder:14b|minimal,business_licensing::GET__licenses_id::jurisdiction_bypass::test_03_wrong_jurisdiction,business_licensing,GET /licenses/{id},jurisdiction_bypass,object_auth,wrong_jurisdiction,1,1,jurisdiction_scope,field_minimization,1,1,0,0,2.513,38.0
qwen2.5-coder:14b|minimal,business_licensing::GET__licenses_id::missing_audit_log::test_06_unauthenticated,business_licensing,GET /licenses/{id},missing_audit_log,auditability,unauthenticated,1,1,audit_obligation,authentication,1,1,0,0,2.05,3.0
qwen2.5-coder:14b|minimal,business_licensing::GET__licenses_id::missing_auth::test_06_unauthenticated,business_licensing,GET /licenses/{id},missing_auth,function_auth,unauthenticated,1,1,authentication,authentication,1,1,1,1,1.8,42.0
qwen2.5-coder:14b|minimal,business_licensing::GET__licenses_id::missing_object_check::test_03_wrong_jurisdiction,business_licensing,GET /licenses/{id},missing_object_check,object_auth,wrong_jurisdiction,1,1,object_scope,field_minimization,1,1,0,0,2.57,38.0
qwen2.5-coder:14b|minimal,business_licensing::GET__licenses_id::overbroad_role::test_02_wrong_role,business_licensing,GET /licenses/{id},overbroad_role,function_auth,wrong_role,1,1,function_authorization,function_authorization,1,1,1,1,2.495,42.0
qwen2.5-coder:14b|minimal,business_licensing::GET__licenses_id::purpose_bypass::test_04_wrong_purpose,business_licensing,GET /licenses/{id},purpose_bypass,purpose_scope,wrong_purpose,1,1,purpose_scope,purpose_scope,1,1,1,1,2.43,38.0
qwen2.5-coder:14b|minimal,citizen_services::GET__benefits_id::aggregation_leak::test_02_wrong_role,citizen_services,GET /benefits/{id},aggregation_leak,property_auth,wrong_role,0,1,none,function_authorization,1,0,0,0,2.983,0.0
qwen2.5-coder:14b|minimal,citizen_services::GET__benefits_id::aggregation_leak::test_08_aggregation_boundary,citizen_services,GET /benefits/{id},aggregation_leak,property_auth,aggregation_boundary,1,1,aggregation_boundary,field_minimization,1,1,0,0,3.457,9.0
qwen2.5-coder:14b|minimal,citizen_services::GET__benefits_id::correct::test_09_deprecated_inventory,citizen_services,GET /benefits/{id},correct,clean,deprecated_inventory,0,0,none,field_minimization,1,1,0,1,1.532,0.0
qwen2.5-coder:14b|minimal,citizen_services::GET__benefits_id::deprecated_exposed::test_09_deprecated_inventory,citizen_services,GET /benefits/{id},deprecated_exposed,inventory,deprecated_inventory,1,1,endpoint_inventory,field_minimization,1,1,0,0,2.956,13.0
qwen2.5-coder:14b|minimal,citizen_services::GET__benefits_id::jurisdiction_bypass::test_03_wrong_jurisdiction,citizen_services,GET /benefits/{id},jurisdiction_bypass,object_auth,wrong_jurisdiction,1,1,jurisdiction_scope,field_minimization,1,1,0,0,3.218,48.0
qwen2.5-coder:14b|minimal,citizen_services::GET__benefits_id::missing_audit_log::test_09_deprecated_inventory,citizen_services,GET /benefits/{id},missing_audit_log,auditability,deprecated_inventory,1,1,audit_obligation,audit_obligation,1,1,1,1,2.107,3.0
qwen2.5-coder:14b|minimal,citizen_services::GET__benefits_id::missing_auth::test_06_unauthenticated,citizen_services,GET /benefits/{id},missing_auth,function_auth,unauthenticated,1,1,authentication,field_minimization,1,1,0,0,3.284,57.0
qwen2.5-coder:14b|minimal,citizen_services::GET__benefits_id::missing_field_filter::test_07_sensitive_field_probe,citizen_services,GET /benefits/{id},missing_field_filter,property_auth,sensitive_field_probe,1,1,field_minimization,field_minimization,1,1,1,1,3.369,9.0
qwen2.5-coder:14b|minimal,citizen_services::GET__benefits_id::missing_field_filter::test_09_deprecated_inventory,citizen_services,GET /benefits/{id},missing_field_filter,property_auth,deprecated_inventory,1,1,field_minimization,field_minimization,1,1,1,1,2.651,9.0
qwen2.5-coder:14b|minimal,citizen_services::GET__benefits_id::missing_object_check::test_03_wrong_jurisdiction,citizen_services,GET /benefits/{id},missing_object_check,object_auth,wrong_jurisdiction,1,1,object_scope,field_minimization,1,1,0,0,3.202,48.0
qwen2.5-coder:14b|minimal,citizen_services::GET__benefits_id::overbroad_role::test_02_wrong_role,citizen_services,GET /benefits/{id},overbroad_role,function_auth,wrong_role,1,1,function_authorization,function_authorization,1,1,1,1,2.536,57.0
qwen2.5-coder:14b|minimal,citizen_services::GET__benefits_id::purpose_bypass::test_04_wrong_purpose,citizen_services,GET /benefits/{id},purpose_bypass,purpose_scope,wrong_purpose,1,1,purpose_scope,purpose_scope,1,1,1,1,2.474,48.0
qwen2.5-coder:14b|minimal,citizen_services::GET__citizens_export::aggregation_leak::test_08_aggregation_boundary,citizen_services,GET /citizens/export,aggregation_leak,property_auth,aggregation_boundary,1,1,aggregation_boundary,field_minimization,1,1,0,0,3.425,11.0
qwen2.5-coder:14b|minimal,citizen_services::GET__citizens_export::deprecated_exposed::test_09_deprecated_inventory,citizen_services,GET /citizens/export,deprecated_exposed,inventory,deprecated_inventory,1,1,endpoint_inventory,field_minimization,1,1,0,0,2.162,15.0
qwen2.5-coder:14b|minimal,citizen_services::GET__citizens_export::jurisdiction_bypass::test_03_wrong_jurisdiction,citizen_services,GET /citizens/export,jurisdiction_bypass,object_auth,wrong_jurisdiction,1,0,jurisdiction_scope,field_minimization,1,0,0,0,1.85,48.0
qwen2.5-coder:14b|minimal,citizen_services::GET__citizens_export::missing_audit_log::test_09_deprecated_inventory,citizen_services,GET /citizens/export,missing_audit_log,auditability,deprecated_inventory,1,1,audit_obligation,audit_obligation,1,1,1,1,2.075,3.0
qwen2.5-coder:14b|minimal,citizen_services::GET__citizens_export::missing_auth::test_06_unauthenticated,citizen_services,GET /citizens/export,missing_auth,function_auth,unauthenticated,1,1,authentication,authentication,1,1,1,1,2.266,59.0
qwen2.5-coder:14b|minimal,citizen_services::GET__citizens_export::missing_field_filter::test_05_self_access,citizen_services,GET /citizens/export,missing_field_filter,property_auth,self_access,1,1,field_minimization,field_minimization,1,1,1,1,2.813,11.0
qwen2.5-coder:14b|minimal,citizen_services::GET__citizens_export::missing_field_filter::test_08_aggregation_boundary,citizen_services,GET /citizens/export,missing_field_filter,property_auth,aggregation_boundary,1,1,field_minimization,field_minimization,1,1,1,1,2.774,11.0
qwen2.5-coder:14b|minimal,citizen_services::GET__citizens_export::missing_object_check::test_03_wrong_jurisdiction,citizen_services,GET /citizens/export,missing_object_check,object_auth,wrong_jurisdiction,1,0,object_scope,field_minimization,1,0,0,0,1.85,48.0
qwen2.5-coder:14b|minimal,citizen_services::GET__citizens_export::missing_object_check::test_05_self_access,citizen_services,GET /citizens/export,missing_object_check,object_auth,self_access,0,1,none,field_minimization,1,0,0,0,2.508,0.0
qwen2.5-coder:14b|minimal,citizen_services::GET__citizens_export::overbroad_role::test_02_wrong_role,citizen_services,GET /citizens/export,overbroad_role,function_auth,wrong_role,1,1,function_authorization,function_authorization,1,1,1,1,2.569,59.0
qwen2.5-coder:14b|minimal,citizen_services::GET__citizens_export::purpose_bypass::test_04_wrong_purpose,citizen_services,GET /citizens/export,purpose_bypass,purpose_scope,wrong_purpose,1,1,purpose_scope,purpose_scope,1,1,1,1,2.53,48.0
qwen2.5-coder:14b|minimal,citizen_services::GET__citizens_id::aggregation_leak::test_08_aggregation_boundary,citizen_services,GET /citizens/{id},aggregation_leak,property_auth,aggregation_boundary,1,1,aggregation_boundary,field_minimization,1,1,0,0,4.422,11.0
qwen2.5-coder:14b|minimal,citizen_services::GET__citizens_id::deprecated_exposed::test_09_deprecated_inventory,citizen_services,GET /citizens/{id},deprecated_exposed,inventory,deprecated_inventory,1,1,endpoint_inventory,field_minimization,1,1,0,0,3.258,15.0
qwen2.5-coder:14b|minimal,citizen_services::GET__citizens_id::jurisdiction_bypass::test_03_wrong_jurisdiction,citizen_services,GET /citizens/{id},jurisdiction_bypass,object_auth,wrong_jurisdiction,1,0,jurisdiction_scope,field_minimization,1,0,0,0,1.875,47.0
qwen2.5-coder:14b|minimal,citizen_services::GET__citizens_id::missing_auth::test_06_unauthenticated,citizen_services,GET /citizens/{id},missing_auth,function_auth,unauthenticated,1,1,authentication,authentication,1,1,1,1,2.288,58.0
qwen2.5-coder:14b|minimal,citizen_services::GET__citizens_id::missing_field_filter::test_07_sensitive_field_probe,citizen_services,GET /citizens/{id},missing_field_filter,property_auth,sensitive_field_probe,1,1,field_minimization,field_minimization,1,1,1,1,3.955,11.0
qwen2.5-coder:14b|minimal,citizen_services::GET__citizens_id::missing_field_filter::test_09_deprecated_inventory,citizen_services,GET /citizens/{id},missing_field_filter,property_auth,deprecated_inventory,1,1,field_minimization,field_minimization,1,1,1,1,3.246,11.0
qwen2.5-coder:14b|minimal,citizen_services::GET__citizens_id::missing_object_check::test_03_wrong_jurisdiction,citizen_services,GET /citizens/{id},missing_object_check,object_auth,wrong_jurisdiction,1,0,object_scope,field_minimization,1,0,0,0,1.936,47.0
qwen2.5-coder:14b|minimal,citizen_services::GET__citizens_id::overbroad_role::test_02_wrong_role,citizen_services,GET /citizens/{id},overbroad_role,function_auth,wrong_role,1,1,function_authorization,function_authorization,1,1,1,1,2.494,58.0
qwen2.5-coder:14b|minimal,citizen_services::GET__citizens_id::purpose_bypass::test_04_wrong_purpose,citizen_services,GET /citizens/{id},purpose_bypass,purpose_scope,wrong_purpose,1,1,purpose_scope,purpose_scope,1,1,1,1,2.531,47.0
qwen2.5-coder:14b|minimal,citizen_services::GET__citizens_id::purpose_bypass::test_06_unauthenticated,citizen_services,GET /citizens/{id},purpose_bypass,purpose_scope,unauthenticated,0,1,none,authentication,1,0,0,0,2.151,0.0
qwen2.5-coder:14b|minimal,education::GET__classes_id_roster::aggregation_leak::test_03_wrong_jurisdiction,education,GET /classes/{id}/roster,aggregation_leak,property_auth,wrong_jurisdiction,0,1,none,field_minimization,1,0,0,0,3.219,0.0
qwen2.5-coder:14b|minimal,education::GET__classes_id_roster::aggregation_leak::test_08_aggregation_boundary,education,GET /classes/{id}/roster,aggregation_leak,property_auth,aggregation_boundary,1,1,aggregation_boundary,field_minimization,1,1,0,0,4.542,17.0
qwen2.5-coder:14b|minimal,education::GET__classes_id_roster::deprecated_exposed::test_09_deprecated_inventory,education,GET /classes/{id}/roster,deprecated_exposed,inventory,deprecated_inventory,1,1,endpoint_inventory,field_minimization,1,1,0,0,4.171,21.0
qwen2.5-coder:14b|minimal,education::GET__classes_id_roster::jurisdiction_bypass::test_03_wrong_jurisdiction,education,GET /classes/{id}/roster,jurisdiction_bypass,object_auth,wrong_jurisdiction,1,0,jurisdiction_scope,field_minimization,1,0,0,0,1.986,42.0
qwen2.5-coder:14b|minimal,education::GET__classes_id_roster::jurisdiction_bypass::test_04_wrong_purpose,education,GET /classes/{id}/roster,jurisdiction_bypass,object_auth,wrong_purpose,0,1,none,purpose_scope,1,0,0,0,2.368,0.0
qwen2.5-coder:14b|minimal,education::GET__classes_id_roster::missing_audit_log::test_03_wrong_jurisdiction,education,GET /classes/{id}/roster,missing_audit_log,auditability,wrong_jurisdiction,1,1,audit_obligation,field_minimization,1,1,0,0,2.827,3.0
qwen2.5-coder:14b|minimal,education::GET__classes_id_roster::missing_audit_log::test_04_wrong_purpose,education,GET /classes/{id}/roster,missing_audit_log,auditability,wrong_purpose,1,1,audit_obligation,purpose_scope,1,1,0,0,2.463,3.0
qwen2.5-coder:14b|minimal,education::GET__classes_id_roster::missing_auth::test_06_unauthenticated,education,GET /classes/{id}/roster,missing_auth,function_auth,unauthenticated,1,1,authentication,field_minimization,1,1,0,0,4.982,59.0
qwen2.5-coder:14b|minimal,education::GET__classes_id_roster::missing_field_filter::test_05_self_access,education,GET /classes/{id}/roster,missing_field_filter,property_auth,self_access,1,1,field_minimization,field_minimization,1,1,1,1,3.434,17.0
qwen2.5-coder:14b|minimal,education::GET__classes_id_roster::missing_object_check::test_03_wrong_jurisdiction,education,GET /classes/{id}/roster,missing_object_check,object_auth,wrong_jurisdiction,1,0,object_scope,field_minimization,1,0,0,0,2.149,42.0
qwen2.5-coder:14b|minimal,education::GET__classes_id_roster::overbroad_role::test_02_wrong_role,education,GET /classes/{id}/roster,overbroad_role,function_auth,wrong_role,1,1,function_authorization,function_authorization,1,1,1,1,2.832,59.0
qwen2.5-coder:14b|minimal,education::GET__classes_id_roster::purpose_bypass::test_04_wrong_purpose,education,GET /classes/{id}/roster,purpose_bypass,purpose_scope,wrong_purpose,1,1,purpose_scope,purpose_scope,1,1,1,1,2.859,42.0
qwen2.5-coder:14b|minimal,education::GET__discipline_id::aggregation_leak::test_08_aggregation_boundary,education,GET /discipline/{id},aggregation_leak,property_auth,aggregation_boundary,1,1,aggregation_boundary,field_minimization,1,1,0,0,5.634,15.0
qwen2.5-coder:14b|minimal,education::GET__discipline_id::deprecated_exposed::test_09_deprecated_inventory,education,GET /discipline/{id},deprecated_exposed,inventory,deprecated_inventory,1,1,endpoint_inventory,field_minimization,1,1,0,0,4.457,19.0
qwen2.5-coder:14b|minimal,education::GET__discipline_id::jurisdiction_bypass::test_03_wrong_jurisdiction,education,GET /discipline/{id},jurisdiction_bypass,object_auth,wrong_jurisdiction,1,0,jurisdiction_scope,field_minimization,1,0,0,0,2.114,45.0
qwen2.5-coder:14b|minimal,education::GET__discipline_id::missing_audit_log::test_07_sensitive_field_probe,education,GET /discipline/{id},missing_audit_log,auditability,sensitive_field_probe,1,1,audit_obligation,field_minimization,1,1,0,0,4.774,3.0
qwen2.5-coder:14b|minimal,education::GET__discipline_id::missing_auth::test_06_unauthenticated,education,GET /discipline/{id},missing_auth,function_auth,unauthenticated,1,1,authentication,field_minimization,1,1,0,0,3.85,60.0
qwen2.5-coder:14b|minimal,education::GET__discipline_id::missing_object_check::test_03_wrong_jurisdiction,education,GET /discipline/{id},missing_object_check,object_auth,wrong_jurisdiction,1,0,object_scope,field_minimization,1,0,0,0,2.472,45.0
qwen2.5-coder:14b|minimal,education::GET__discipline_id::overbroad_role::test_02_wrong_role,education,GET /discipline/{id},overbroad_role,function_auth,wrong_role,1,1,function_authorization,function_authorization,1,1,1,1,2.94,60.0
qwen2.5-coder:14b|minimal,education::GET__discipline_id::purpose_bypass::test_04_wrong_purpose,education,GET /discipline/{id},purpose_bypass,purpose_scope,wrong_purpose,1,1,purpose_scope,purpose_scope,1,1,1,1,2.951,45.0
qwen2.5-coder:14b|minimal,education::GET__students_id_record::aggregation_leak::test_08_aggregation_boundary,education,GET /students/{id}/record,aggregation_leak,property_auth,aggregation_boundary,1,1,aggregation_boundary,field_minimization,1,1,0,0,6.032,17.0
qwen2.5-coder:14b|minimal,education::GET__students_id_record::deprecated_exposed::test_09_deprecated_inventory,education,GET /students/{id}/record,deprecated_exposed,inventory,deprecated_inventory,1,1,endpoint_inventory,field_minimization,1,1,0,0,4.632,21.0
qwen2.5-coder:14b|minimal,education::GET__students_id_record::jurisdiction_bypass::test_03_wrong_jurisdiction,education,GET /students/{id}/record,jurisdiction_bypass,object_auth,wrong_jurisdiction,1,0,jurisdiction_scope,field_minimization,1,0,0,0,2.247,42.0
qwen2.5-coder:14b|minimal,education::GET__students_id_record::missing_audit_log::test_01_valid,education,GET /students/{id}/record,missing_audit_log,auditability,valid,1,1,audit_obligation,field_minimization,1,1,0,0,4.938,3.0
qwen2.5-coder:14b|minimal,education::GET__students_id_record::missing_audit_log::test_03_wrong_jurisdiction,education,GET /students/{id}/record,missing_audit_log,auditability,wrong_jurisdiction,1,1,audit_obligation,field_minimization,1,1,0,0,3.188,3.0
qwen2.5-coder:14b|minimal,education::GET__students_id_record::missing_audit_log::test_05_self_access,education,GET /students/{id}/record,missing_audit_log,auditability,self_access,1,1,audit_obligation,field_minimization,1,1,0,0,4.738,3.0
qwen2.5-coder:14b|minimal,education::GET__students_id_record::missing_auth::test_06_unauthenticated,education,GET /students/{id}/record,missing_auth,function_auth,unauthenticated,1,1,authentication,authentication,1,1,1,1,2.715,59.0
qwen2.5-coder:14b|minimal,education::GET__students_id_record::missing_field_filter::test_01_valid,education,GET /students/{id}/record,missing_field_filter,property_auth,valid,1,1,field_minimization,field_minimization,1,1,1,1,5.543,17.0
qwen2.5-coder:14b|minimal,education::GET__students_id_record::missing_object_check::test_03_wrong_jurisdiction,education,GET /students/{id}/record,missing_object_check,object_auth,wrong_jurisdiction,1,0,object_scope,field_minimization,1,0,0,0,2.218,42.0
qwen2.5-coder:14b|minimal,education::GET__students_id_record::overbroad_role::test_02_wrong_role,education,GET /students/{id}/record,overbroad_role,function_auth,wrong_role,1,1,function_authorization,function_authorization,1,1,1,1,3.064,59.0
qwen2.5-coder:14b|minimal,education::GET__students_id_record::purpose_bypass::test_04_wrong_purpose,education,GET /students/{id}/record,purpose_bypass,purpose_scope,wrong_purpose,1,1,purpose_scope,purpose_scope,1,1,1,1,3.024,42.0
qwen2.5-coder:14b|minimal,health::GET__encounters_id::aggregation_leak::test_08_aggregation_boundary,health,GET /encounters/{id},aggregation_leak,property_auth,aggregation_boundary,1,1,aggregation_boundary,field_minimization,1,1,0,0,4.675,8.0
qwen2.5-coder:14b|minimal,health::GET__encounters_id::deprecated_exposed::test_09_deprecated_inventory,health,GET /encounters/{id},deprecated_exposed,inventory,deprecated_inventory,1,1,endpoint_inventory,field_minimization,1,1,0,0,3.126,12.0
qwen2.5-coder:14b|minimal,health::GET__encounters_id::jurisdiction_bypass::test_03_wrong_jurisdiction,health,GET /encounters/{id},jurisdiction_bypass,object_auth,wrong_jurisdiction,1,1,jurisdiction_scope,field_minimization,1,1,0,0,3.571,53.0
qwen2.5-coder:14b|minimal,health::GET__encounters_id::missing_auth::test_06_unauthenticated,health,GET /encounters/{id},missing_auth,function_auth,unauthenticated,1,1,authentication,authentication,1,1,1,1,2.684,61.0
qwen2.5-coder:14b|minimal,health::GET__encounters_id::missing_auth::test_09_deprecated_inventory,health,GET /encounters/{id},missing_auth,function_auth,deprecated_inventory,0,1,none,field_minimization,1,0,0,0,3.814,0.0
qwen2.5-coder:14b|minimal,health::GET__encounters_id::missing_field_filter::test_09_deprecated_inventory,health,GET /encounters/{id},missing_field_filter,property_auth,deprecated_inventory,1,1,field_minimization,field_minimization,1,1,1,1,3.293,8.0
qwen2.5-coder:14b|minimal,health::GET__encounters_id::missing_object_check::test_03_wrong_jurisdiction,health,GET /encounters/{id},missing_object_check,object_auth,wrong_jurisdiction,1,1,object_scope,field_minimization,1,1,0,0,3.572,53.0
qwen2.5-coder:14b|minimal,health::GET__encounters_id::overbroad_role::test_02_wrong_role,health,GET /encounters/{id},overbroad_role,function_auth,wrong_role,1,1,function_authorization,function_authorization,1,1,1,1,3.1,61.0
qwen2.5-coder:14b|minimal,health::GET__encounters_id::purpose_bypass::test_04_wrong_purpose,health,GET /encounters/{id},purpose_bypass,purpose_scope,wrong_purpose,1,1,purpose_scope,purpose_scope,1,1,1,1,3.039,53.0
qwen2.5-coder:14b|minimal,health::GET__patients_id::aggregation_leak::test_08_aggregation_boundary,health,GET /patients/{id},aggregation_leak,property_auth,aggregation_boundary,1,1,aggregation_boundary,field_minimization,1,1,0,0,3.688,4.0
qwen2.5-coder:14b|minimal,health::GET__patients_id::deprecated_exposed::test_09_deprecated_inventory,health,GET /patients/{id},deprecated_exposed,inventory,deprecated_inventory,1,1,endpoint_inventory,field_minimization,1,1,0,0,2.567,8.0
qwen2.5-coder:14b|minimal,health::GET__patients_id::jurisdiction_bypass::test_03_wrong_jurisdiction,health,GET /patients/{id},jurisdiction_bypass,object_auth,wrong_jurisdiction,1,1,jurisdiction_scope,field_minimization,1,1,0,0,2.905,57.0
qwen2.5-coder:14b|minimal,health::GET__patients_id::missing_audit_log::test_01_valid,health,GET /patients/{id},missing_audit_log,auditability,valid,1,1,audit_obligation,field_minimization,1,1,0,0,2.986,3.0
qwen2.5-coder:14b|minimal,health::GET__patients_id::missing_audit_log::test_07_sensitive_field_probe,health,GET /patients/{id},missing_audit_log,auditability,sensitive_field_probe,1,1,audit_obligation,field_minimization,1,1,0,0,2.459,3.0
qwen2.5-coder:14b|minimal,health::GET__patients_id::missing_auth::test_05_self_access,health,GET /patients/{id},missing_auth,function_auth,self_access,0,0,none,none,1,1,1,1,2.343,0.0
qwen2.5-coder:14b|minimal,health::GET__patients_id::missing_auth::test_06_unauthenticated,health,GET /patients/{id},missing_auth,function_auth,unauthenticated,1,1,authentication,authentication,1,1,1,1,2.421,61.0
qwen2.5-coder:14b|minimal,health::GET__patients_id::missing_field_filter::test_01_valid,health,GET /patients/{id},missing_field_filter,property_auth,valid,1,1,field_minimization,field_minimization,1,1,1,1,3.123,4.0
qwen2.5-coder:14b|minimal,health::GET__patients_id::missing_object_check::test_03_wrong_jurisdiction,health,GET /patients/{id},missing_object_check,object_auth,wrong_jurisdiction,1,1,object_scope,field_minimization,1,1,0,0,2.967,57.0
qwen2.5-coder:14b|minimal,health::GET__patients_id::overbroad_role::test_02_wrong_role,health,GET /patients/{id},overbroad_role,function_auth,wrong_role,1,1,function_authorization,function_authorization,1,1,1,1,3.079,61.0
qwen2.5-coder:14b|minimal,health::GET__patients_id::purpose_bypass::test_04_wrong_purpose,health,GET /patients/{id},purpose_bypass,purpose_scope,wrong_purpose,1,1,purpose_scope,purpose_scope,1,1,1,1,3.102,57.0
qwen2.5-coder:14b|minimal,health::GET__patients_search::aggregation_leak::test_08_aggregation_boundary,health,GET /patients/search,aggregation_leak,property_auth,aggregation_boundary,1,1,aggregation_boundary,field_minimization,1,1,0,0,3.73,4.0
qwen2.5-coder:14b|minimal,health::GET__patients_search::deprecated_exposed::test_09_deprecated_inventory,health,GET /patients/search,deprecated_exposed,inventory,deprecated_inventory,1,1,endpoint_inventory,field_minimization,1,1,0,0,2.522,8.0
qwen2.5-coder:14b|minimal,health::GET__patients_search::jurisdiction_bypass::test_03_wrong_jurisdiction,health,GET /patients/search,jurisdiction_bypass,object_auth,wrong_jurisdiction,1,1,jurisdiction_scope,field_minimization,1,1,0,0,2.79,56.0
qwen2.5-coder:14b|minimal,health::GET__patients_search::jurisdiction_bypass::test_05_self_access,health,GET /patients/search,jurisdiction_bypass,object_auth,self_access,0,0,none,none,1,1,1,1,2.32,0.0
qwen2.5-coder:14b|minimal,health::GET__patients_search::missing_auth::test_06_unauthenticated,health,GET /patients/search,missing_auth,function_auth,unauthenticated,1,1,authentication,authentication,1,1,1,1,2.64,60.0
qwen2.5-coder:14b|minimal,health::GET__patients_search::missing_field_filter::test_08_aggregation_boundary,health,GET /patients/search,missing_field_filter,property_auth,aggregation_boundary,1,1,field_minimization,field_minimization,1,1,1,1,3.159,4.0
qwen2.5-coder:14b|minimal,health::GET__patients_search::missing_object_check::test_01_valid,health,GET /patients/search,missing_object_check,object_auth,valid,0,1,none,field_minimization,1,0,0,0,2.616,0.0
qwen2.5-coder:14b|minimal,health::GET__patients_search::missing_object_check::test_03_wrong_jurisdiction,health,GET /patients/search,missing_object_check,object_auth,wrong_jurisdiction,1,1,object_scope,field_minimization,1,1,0,0,2.747,56.0
qwen2.5-coder:14b|minimal,health::GET__patients_search::overbroad_role::test_02_wrong_role,health,GET /patients/search,overbroad_role,function_auth,wrong_role,1,1,function_authorization,function_authorization,1,1,1,1,3.04,60.0
qwen2.5-coder:14b|minimal,health::GET__patients_search::purpose_bypass::test_04_wrong_purpose,health,GET /patients/search,purpose_bypass,purpose_scope,wrong_purpose,1,1,purpose_scope,purpose_scope,1,1,1,1,2.942,56.0
